{
    "Champ at 1": 723.0,
    "Champ at 10": 1911.0,
    "Champ at 11": 2308.0,
    "Champ at 12": 2308.0,
    "Champ at 13": 2308.0,
    "Champ at 14": 2308.0,
    "Champ at 15": 2935.0,
    "Champ at 16": 2935.0,
    "Champ at 17": 2935.0,
    "Champ at 18": 3532.0,
    "Champ at 19": 3532.0,
    "Champ at 2": 887.0,
    "Champ at 20": 3532.0,
    "Champ at 21": 3532.0,
    "Champ at 22": 3532.0,
    "Champ at 23": 3959.0,
    "Champ at 24": 3959.0,
    "Champ at 25": 3959.0,
    "Champ at 26": 3959.0,
    "Champ at 27": 3959.0,
    "Champ at 28": 4558.0,
    "Champ at 29": 4558.0,
    "Champ at 3": 1280.0,
    "Champ at 30": 4558.0,
    "Champ at 31": 4558.0,
    "Champ at 32": 4983.0,
    "Champ at 33": 4983.0,
    "Champ at 34": 4983.0,
    "Champ at 35": 4983.0,
    "Champ at 36": 5163.0,
    "Champ at 4": 1280.0,
    "Champ at 5": 1280.0,
    "Champ at 6": 1280.0,
    "Champ at 7": 1911.0,
    "Champ at 8": 1911.0,
    "Champ at 9": 1911.0,
    "ChampFitness": 5163.0,
    "ChampInputs": [
        1.7739999294281006,
        1.7739999294281006,
        1.7769999504089355,
        2.4313883781433105,
        1.7799999713897705,
        1.7839999198913574,
        3.2186853885650635,
        1.7869999408721924,
        1.7869999408721924,
        3.0439999103546143,
        1.790000081062317,
        1.7929999828338623,
        1.7970000505447388,
        1.7970000505447388,
        3.2229998111724854,
        1.8000000715255737,
        1.8029999732971191,
        2.8909997940063477,
        1.8070000410079956,
        1.809999942779541,
        1.809999942779541,
        1.812999963760376,
        3.264000177383423,
        1.815999984741211,
        1.8199999332427979,
        1.8199999332427979,
        1.8229999542236328,
        2.867000102996826,
        1.8260000944137573,
        1.8260000944137573,
        3.1540000438690186,
        1.8289999961853027,
        1.8330000638961792,
        1.8359999656677246,
        1.8359999656677246,
        2.732999801635742,
        1.8389999866485596,
        1.8420000076293945,
        3.2699999809265137,
        1.8459999561309814,
        1.8489999771118164,
        1.8489999771118164,
        1.8519999980926514,
        1.8519999980926514,
        1.8559999465942383,
        1.8589999675750732,
        1.8589999675750732,
        1.8619999885559082,
        1.8619999885559082,
        1.8650000095367432,
        1.8690000772476196,
        1.8690000772476196,
        1.871999979019165,
        1.871999979019165,
        1.875,
        1.875,
        1.878000020980835,
        1.878000020980835,
        1.8819999694824219,
        1.8849999904632568,
        1.8849999904632568,
        1.8880000114440918,
        1.8880000114440918,
        1.8910000324249268,
        1.8910000324249268,
        1.8949999809265137,
        1.8980000019073486,
        1.8980000019073486,
        1.9010000228881836,
        1.9010000228881836,
        1.90500009059906,
        1.90500009059906,
        1.9079999923706055,
        1.9079999923706055,
        1.9110000133514404,
        1.9140000343322754,
        1.9140000343322754,
        1.9179999828338623,
        1.9179999828338623,
        1.9210000038146973,
        1.9239999055862427,
        1.9239999055862427,
        1.9270000457763672,
        1.9270000457763672,
        1.930999994277954,
        1.930999994277954,
        1.934000015258789,
        1.934000015258789,
        1.937000036239624,
        1.940000057220459,
        1.940000057220459,
        1.944000005722046,
        1.9499999284744263,
        1.9539999961853027,
        1.9570000171661377,
        1.9570000171661377,
        1.959999918937683,
        1.959999918937683,
        1.9630000591278076,
        1.9670000076293945
    ],
    "Generations needed": 36,
    "Population 1": 196.6750030517578,
    "Population 10": 1907.85498046875,
    "Population 11": 1929.844970703125,
    "Population 12": 2298.0048828125,
    "Population 13": 2308.0,
    "Population 14": 2308.0,
    "Population 15": 2426.159912109375,
    "Population 16": 2935.0,
    "Population 17": 2935.0,
    "Population 18": 2960.554931640625,
    "Population 19": 3526.705078125,
    "Population 2": 665.0599975585938,
    "Population 20": 3530.985107421875,
    "Population 21": 3532.0,
    "Population 22": 3532.0,
    "Population 23": 3614.0400390625,
    "Population 24": 3950.669921875,
    "Population 25": 3957.135009765625,
    "Population 26": 3959.0,
    "Population 27": 3959.0,
    "Population 28": 3976.784912109375,
    "Population 29": 4555.0048828125,
    "Population 3": 870.2750244140625,
    "Population 30": 4558.0,
    "Population 31": 4558.0,
    "Population 32": 4649.634765625,
    "Population 33": 4981.134765625,
    "Population 34": 4983.0,
    "Population 35": 4983.0,
    "Population 36": 4987.89501953125,
    "Population 4": 1271.68505859375,
    "Population 5": 1280.0,
    "Population 6": 1280.0,
    "Population 7": 1388.9649658203125,
    "Population 8": 1900.2850341796875,
    "Population 9": 1907.864990234375,
    "start": "today"
}
