{
    "Champ at 1": 887.0,
    "Champ at 10": 1911.0,
    "Champ at 11": 2864.0,
    "Champ at 12": 2864.0,
    "Champ at 13": 2864.0,
    "Champ at 14": 2864.0,
    "Champ at 15": 3586.0,
    "Champ at 16": 3586.0,
    "Champ at 17": 3586.0,
    "Champ at 18": 3586.0,
    "Champ at 19": 3959.0,
    "Champ at 2": 1538.0,
    "Champ at 20": 3959.0,
    "Champ at 21": 3959.0,
    "Champ at 22": 3959.0,
    "Champ at 23": 4983.0,
    "Champ at 24": 4983.0,
    "Champ at 25": 4983.0,
    "Champ at 26": 4983.0,
    "Champ at 27": 5172.0,
    "Champ at 3": 1538.0,
    "Champ at 4": 1538.0,
    "Champ at 5": 1538.0,
    "Champ at 6": 1538.0,
    "Champ at 7": 1911.0,
    "Champ at 8": 1911.0,
    "Champ at 9": 1911.0,
    "ChampFitness": 5172.0,
    "ChampInputs": [
        1.8849999904632568,
        1.8889999389648438,
        1.8889999389648438,
        1.8889999389648438,
        1.8919999599456787,
        1.8919999599456787,
        1.8949999809265137,
        1.1196231842041016,
        1.8989999294281006,
        1.8989999294281006,
        1.8989999294281006,
        1.9019999504089355,
        0.6470000147819519,
        1.9019999504089355,
        1.90500009059906,
        1.90500009059906,
        3.2330000400543213,
        1.9079999923706055,
        1.9079999923706055,
        1.912000060081482,
        1.912000060081482,
        1.912000060081482,
        1.9149999618530273,
        1.9149999618530273,
        3.4650001525878906,
        1.9179999828338623,
        1.9179999828338623,
        1.9210000038146973,
        1.9210000038146973,
        0.33500000834465027,
        1.9249999523162842,
        1.9670000076293945,
        1.9700000286102295,
        3.1649999618530273,
        1.9739999771118164,
        1.9739999771118164,
        1.9769999980926514,
        1.9769999980926514,
        1.9769999980926514,
        1.9800000190734863,
        1.9800000190734863,
        3.2690000534057617,
        1.9830000400543213,
        1.9869999885559082,
        1.9869999885559082,
        1.9869999885559082,
        1.9900000095367432,
        1.9900000095367432,
        1.9930000305175781,
        1.9930000305175781,
        1.9930000305175781,
        1.996999979019165,
        1.996999979019165,
        1.996999979019165,
        2.0,
        2.0,
        2.003000020980835,
        2.003000020980835,
        2.00600004196167,
        2.00600004196167,
        2.009999990463257,
        2.009999990463257,
        2.013000011444092,
        2.0160000324249268,
        2.0160000324249268,
        2.0190000534057617,
        2.0190000534057617,
        2.0230000019073486,
        2.0260000228881836,
        2.0260000228881836,
        2.0290000438690186,
        2.0290000438690186,
        2.0320000648498535,
        2.0320000648498535,
        2.0320000648498535,
        2.0360000133514404,
        2.0360000133514404,
        2.0390000343322754,
        2.0390000343322754,
        2.0390000343322754,
        2.0420000553131104,
        2.0420000553131104,
        2.0420000553131104,
        2.0450000762939453,
        2.0450000762939453,
        2.0490000247955322,
        2.0490000247955322,
        2.0490000247955322,
        2.052000045776367,
        2.052000045776367,
        2.052000045776367,
        2.055000066757202,
        2.055000066757202,
        2.055000066757202,
        2.059000015258789,
        2.059000015258789,
        2.062000036239624,
        2.062000036239624,
        2.062000036239624,
        2.065000057220459
    ],
    "Generations needed": 27,
    "Population 1": 211.98500061035156,
    "Population 10": 1911.0,
    "Population 11": 1949.655029296875,
    "Population 12": 2846.919921875,
    "Population 13": 2864.0,
    "Population 14": 2864.0,
    "Population 15": 2945.949951171875,
    "Population 16": 3569.375,
    "Population 17": 3586.0,
    "Population 18": 3586.0,
    "Population 19": 3615.304931640625,
    "Population 2": 796.8400268554688,
    "Population 20": 3949.735107421875,
    "Population 21": 3959.0,
    "Population 22": 3959.0,
    "Population 23": 4012.735107421875,
    "Population 24": 4964.2001953125,
    "Population 25": 4983.0,
    "Population 26": 4983.0,
    "Population 27": 4997.14013671875,
    "Population 3": 1498.1300048828125,
    "Population 4": 1532.0250244140625,
    "Population 5": 1538.0,
    "Population 6": 1538.0,
    "Population 7": 1595.60498046875,
    "Population 8": 1908.675048828125,
    "Population 9": 1911.0,
    "start": "today"
}
