{
    "Champ at 1": 827.0,
    "Champ at 10": 1538.0,
    "Champ at 11": 1911.0,
    "Champ at 12": 1911.0,
    "Champ at 13": 1911.0,
    "Champ at 14": 1911.0,
    "Champ at 15": 2562.0,
    "Champ at 16": 2562.0,
    "Champ at 17": 2562.0,
    "Champ at 18": 2562.0,
    "Champ at 19": 2935.0,
    "Champ at 2": 887.0,
    "Champ at 20": 2935.0,
    "Champ at 21": 2935.0,
    "Champ at 22": 2935.0,
    "Champ at 23": 3887.0,
    "Champ at 24": 3887.0,
    "Champ at 25": 3887.0,
    "Champ at 26": 3887.0,
    "Champ at 27": 4919.0,
    "Champ at 28": 4919.0,
    "Champ at 29": 4919.0,
    "Champ at 3": 1277.0,
    "Champ at 30": 4919.0,
    "Champ at 31": 5169.0,
    "Champ at 4": 1278.0,
    "Champ at 5": 1281.0,
    "Champ at 6": 1283.0,
    "Champ at 7": 1538.0,
    "Champ at 8": 1538.0,
    "Champ at 9": 1538.0,
    "ChampFitness": 5169.0,
    "ChampInputs": [
        1.8559999465942383,
        1.8589999675750732,
        1.8589999675750732,
        1.8619999885559082,
        1.8650000095367432,
        1.8650000095367432,
        3.2410809993743896,
        1.8690000772476196,
        1.871999979019165,
        1.875,
        1.875,
        2.5900001525878906,
        1.8790000677108765,
        1.8819999694824219,
        3.171999931335449,
        1.8849999904632568,
        1.8880000114440918,
        1.8919999599456787,
        1.8919999599456787,
        0.5740000009536743,
        1.8949999809265137,
        1.8980000019073486,
        1.9010000228881836,
        3.2839999198913574,
        1.90500009059906,
        1.90500009059906,
        1.9079999923706055,
        1.9110000133514404,
        1.9110000133514404,
        1.9140000343322754,
        1.9140000343322754,
        3.6410000324249268,
        1.9210000038146973,
        1.9210000038146973,
        1.9239999055862427,
        1.9279999732971191,
        1.9279999732971191,
        1.930999994277954,
        1.930999994277954,
        3.517000198364258,
        1.937000036239624,
        1.937000036239624,
        1.9410001039505005,
        1.944000005722046,
        1.944000005722046,
        1.9470000267028809,
        1.9470000267028809,
        1.9499999284744263,
        1.9499999284744263,
        1.9539999961853027,
        1.9570000171661377,
        1.9570000171661377,
        1.959999918937683,
        1.9630000591278076,
        1.9630000591278076,
        1.9670000076293945,
        1.9670000076293945,
        1.9700000286102295,
        2.0190000534057617,
        2.0219998359680176,
        2.0250000953674316,
        2.0250000953674316,
        2.0290000438690186,
        2.0290000438690186,
        2.0320000648498535,
        2.0320000648498535,
        2.0350000858306885,
        2.0390000343322754,
        2.0390000343322754,
        2.0420000553131104,
        2.0420000553131104,
        2.0450000762939453,
        2.047999858856201,
        2.047999858856201,
        2.052000045776367,
        2.052000045776367,
        2.055000066757202,
        2.058000087738037,
        2.058000087738037,
        2.1040000915527344,
        2.1070001125335693,
        2.1070001125335693,
        2.109999895095825,
        2.109999895095825,
        2.114000082015991,
        2.309999942779541,
        2.312999963760376,
        2.315999984741211,
        2.315999984741211,
        2.319000005722046,
        2.319000005722046,
        2.322999954223633,
        2.3259999752044678,
        2.3259999752044678,
        2.3289999961853027,
        2.3320000171661377,
        2.3320000171661377,
        2.3359999656677246,
        2.3389999866485596,
        2.3389999866485596
    ],
    "Generations needed": 31,
    "Population 1": 201.7100067138672,
    "Population 10": 1538.0,
    "Population 11": 1580.6600341796875,
    "Population 12": 1903.6300048828125,
    "Population 13": 1911.0,
    "Population 14": 1911.0,
    "Population 15": 1925.7850341796875,
    "Population 16": 2546.14501953125,
    "Population 17": 2562.0,
    "Population 18": 2562.0,
    "Population 19": 2619.034912109375,
    "Population 2": 750.60498046875,
    "Population 20": 2924.68994140625,
    "Population 21": 2935.0,
    "Population 22": 2935.0,
    "Population 23": 2982.824951171875,
    "Population 24": 3880.735107421875,
    "Population 25": 3887.0,
    "Population 26": 3887.0,
    "Population 27": 3981.875,
    "Population 28": 4914.2001953125,
    "Population 29": 4919.0,
    "Population 3": 874.3250122070313,
    "Population 30": 4919.0,
    "Population 31": 4975.56005859375,
    "Population 4": 1254.9300537109375,
    "Population 5": 1278.030029296875,
    "Population 6": 1280.9749755859375,
    "Population 7": 1284.219970703125,
    "Population 8": 1534.18505859375,
    "Population 9": 1538.0,
    "start": "today"
}
