{
    "Champ at 1": 812.0,
    "Champ at 10": 1285.0,
    "Champ at 11": 1911.0,
    "Champ at 12": 1911.0,
    "Champ at 13": 1911.0,
    "Champ at 14": 1911.0,
    "Champ at 15": 1911.0,
    "Champ at 16": 2562.0,
    "Champ at 17": 2562.0,
    "Champ at 18": 2562.0,
    "Champ at 19": 2562.0,
    "Champ at 2": 887.0,
    "Champ at 20": 2935.0,
    "Champ at 21": 2935.0,
    "Champ at 22": 2935.0,
    "Champ at 23": 2935.0,
    "Champ at 24": 3330.0,
    "Champ at 25": 3330.0,
    "Champ at 26": 3330.0,
    "Champ at 27": 3330.0,
    "Champ at 28": 3959.0,
    "Champ at 29": 3959.0,
    "Champ at 3": 887.0,
    "Champ at 30": 3959.0,
    "Champ at 31": 4610.0,
    "Champ at 32": 4610.0,
    "Champ at 33": 4610.0,
    "Champ at 34": 4610.0,
    "Champ at 35": 4983.0,
    "Champ at 36": 4983.0,
    "Champ at 37": 4983.0,
    "Champ at 38": 4983.0,
    "Champ at 39": 5164.0,
    "Champ at 4": 887.0,
    "Champ at 5": 887.0,
    "Champ at 6": 887.0,
    "Champ at 7": 1285.0,
    "Champ at 8": 1285.0,
    "Champ at 9": 1285.0,
    "ChampFitness": 5164.0,
    "ChampInputs": [
        1.8170000314712524,
        1.8170000314712524,
        1.8170000314712524,
        2.241119861602783,
        1.8199999332427979,
        1.8199999332427979,
        3.1610000133514404,
        1.8240000009536743,
        1.8240000009536743,
        1.0540000200271606,
        1.8269999027252197,
        1.8269999027252197,
        1.8299999237060547,
        1.8299999237060547,
        1.8299999237060547,
        3.1570000648498535,
        1.8340001106262207,
        1.8340001106262207,
        1.8340001106262207,
        1.8369998931884766,
        2.7230000495910645,
        1.8369998931884766,
        1.840000033378601,
        3.116999864578247,
        1.840000033378601,
        1.843000054359436,
        0.9839999675750732,
        1.843000054359436,
        1.843000054359436,
        1.847000002861023,
        1.847000002861023,
        1.847000002861023,
        3.2350001335144043,
        1.850000023841858,
        1.850000023841858,
        1.8529999256134033,
        1.8529999256134033,
        2.61899995803833,
        1.8559999465942383,
        1.8559999465942383,
        3.2080001831054688,
        1.8559999465942383,
        1.8600000143051147,
        1.8600000143051147,
        1.8600000143051147,
        1.8629999160766602,
        1.8629999160766602,
        1.8629999160766602,
        1.8659999370574951,
        1.8659999370574951,
        1.8659999370574951,
        1.8659999370574951,
        1.8690000772476196,
        1.8690000772476196,
        1.8690000772476196,
        1.872999906539917,
        1.872999906539917,
        1.872999906539917,
        1.8760000467300415,
        1.8760000467300415,
        1.8760000467300415,
        1.8760000467300415,
        1.8790000677108765,
        1.8790000677108765,
        1.8790000677108765,
        1.8830000162124634,
        1.8830000162124634,
        1.8830000162124634,
        1.8860000371932983,
        1.8860000371932983,
        1.8860000371932983,
        1.8860000371932983,
        1.8889999389648438,
        1.8889999389648438,
        1.8889999389648438,
        1.8919999599456787,
        1.8919999599456787,
        1.8919999599456787,
        1.8960000276565552,
        1.8960000276565552,
        1.8960000276565552,
        1.8960000276565552,
        1.8989999294281006,
        1.8989999294281006,
        1.8989999294281006,
        1.9019999504089355,
        1.9019999504089355,
        1.9019999504089355,
        1.90500009059906,
        1.90500009059906,
        1.90500009059906,
        1.90500009059906,
        1.9089999198913574,
        1.9089999198913574,
        1.9089999198913574,
        1.912000060081482,
        1.912000060081482,
        1.912000060081482,
        1.9149999618530273,
        1.9149999618530273
    ],
    "Generations needed": 39,
    "Population 1": 187.7100067138672,
    "Population 10": 1285.0,
    "Population 11": 1381.3399658203125,
    "Population 12": 1898.5450439453125,
    "Population 13": 1907.7750244140625,
    "Population 14": 1911.0,
    "Population 15": 1911.0,
    "Population 16": 1961.6400146484375,
    "Population 17": 2547.635009765625,
    "Population 18": 2562.0,
    "Population 19": 2562.0,
    "Population 2": 752.0650024414063,
    "Population 20": 2600.419921875,
    "Population 21": 2933.135009765625,
    "Population 22": 2935.0,
    "Population 23": 2935.0,
    "Population 24": 2966.840087890625,
    "Population 25": 3329.840087890625,
    "Population 26": 3330.0,
    "Population 27": 3330.0,
    "Population 28": 3438.955078125,
    "Population 29": 3959.0,
    "Population 3": 870.0750122070313,
    "Population 30": 3959.0,
    "Population 31": 4000.39501953125,
    "Population 32": 4593.43017578125,
    "Population 33": 4610.0,
    "Population 34": 4610.0,
    "Population 35": 4651.27978515625,
    "Population 36": 4977.5498046875,
    "Population 37": 4983.0,
    "Population 38": 4983.0,
    "Population 39": 4983.384765625,
    "Population 4": 885.2449951171875,
    "Population 5": 887.0,
    "Population 6": 887.0,
    "Population 7": 944.8150024414063,
    "Population 8": 1276.56005859375,
    "Population 9": 1285.0,
    "start": "today"
}
