{
    "Champ at 1": 887.0,
    "Champ at 10": 1911.0,
    "Champ at 11": 2562.0,
    "Champ at 12": 2562.0,
    "Champ at 13": 2562.0,
    "Champ at 14": 2562.0,
    "Champ at 15": 2935.0,
    "Champ at 16": 2935.0,
    "Champ at 17": 2935.0,
    "Champ at 18": 2935.0,
    "Champ at 19": 3586.0,
    "Champ at 2": 1278.0,
    "Champ at 20": 3586.0,
    "Champ at 21": 3586.0,
    "Champ at 22": 3586.0,
    "Champ at 23": 3959.0,
    "Champ at 24": 3959.0,
    "Champ at 25": 3959.0,
    "Champ at 26": 3959.0,
    "Champ at 27": 3959.0,
    "Champ at 28": 4610.0,
    "Champ at 29": 4610.0,
    "Champ at 3": 1538.0,
    "Champ at 30": 4610.0,
    "Champ at 31": 4983.0,
    "Champ at 32": 4983.0,
    "Champ at 33": 4983.0,
    "Champ at 34": 4983.0,
    "Champ at 35": 5166.0,
    "Champ at 4": 1538.0,
    "Champ at 5": 1538.0,
    "Champ at 6": 1538.0,
    "Champ at 7": 1911.0,
    "Champ at 8": 1911.0,
    "Champ at 9": 1911.0,
    "ChampFitness": 5166.0,
    "ChampInputs": [
        1.871999979019165,
        1.871999979019165,
        1.871999979019165,
        1.8760000467300415,
        1.8760000467300415,
        1.8760000467300415,
        1.8790000677108765,
        1.2812048196792603,
        1.8790000677108765,
        1.8819999694824219,
        1.8819999694824219,
        1.8819999694824219,
        0.7280000448226929,
        1.8860000371932983,
        1.8860000371932983,
        1.8889999389648438,
        3.2330000400543213,
        1.8889999389648438,
        1.8889999389648438,
        1.8919999599456787,
        1.8919999599456787,
        0.4309999942779541,
        1.8949999809265137,
        1.8949999809265137,
        1.8949999809265137,
        3.194999933242798,
        1.8989999294281006,
        1.8989999294281006,
        1.8989999294281006,
        1.9019999504089355,
        2.4070000648498535,
        1.9019999504089355,
        1.90500009059906,
        3.192999839782715,
        1.90500009059906,
        1.9079999923706055,
        1.9079999923706055,
        1.9079999923706055,
        0.5600000023841858,
        1.912000060081482,
        1.912000060081482,
        1.912000060081482,
        3.194000244140625,
        1.9149999618530273,
        1.9149999618530273,
        1.9179999828338623,
        1.9179999828338623,
        1.9179999828338623,
        1.9210000038146973,
        1.9210000038146973,
        1.9210000038146973,
        1.9249999523162842,
        1.9249999523162842,
        1.9249999523162842,
        1.9279999732971191,
        1.9279999732971191,
        1.9279999732971191,
        1.9279999732971191,
        1.930999994277954,
        1.930999994277954,
        1.930999994277954,
        1.934999942779541,
        1.934999942779541,
        1.934999942779541,
        1.937999963760376,
        1.937999963760376,
        1.937999963760376,
        1.9410001039505005,
        1.9410001039505005,
        1.9410001039505005,
        1.9410001039505005,
        1.944000005722046,
        1.944000005722046,
        1.944000005722046,
        1.9480000734329224,
        1.9480000734329224,
        1.9480000734329224,
        1.9509999752044678,
        1.9509999752044678,
        1.9509999752044678,
        1.9539999961853027,
        1.9539999961853027,
        1.9539999961853027,
        1.9539999961853027,
        1.9570000171661377,
        1.9570000171661377,
        1.9570000171661377,
        1.9609999656677246,
        1.9609999656677246,
        1.9609999656677246,
        1.9639999866485596,
        1.9639999866485596,
        1.9639999866485596,
        1.9639999866485596,
        1.9670000076293945,
        1.9670000076293945,
        1.9670000076293945,
        1.9700000286102295,
        1.9700000286102295,
        1.9700000286102295
    ],
    "Generations needed": 35,
    "Population 1": 206.4600067138672,
    "Population 10": 1911.0,
    "Population 11": 1944.4549560546875,
    "Population 12": 2554.905029296875,
    "Population 13": 2562.0,
    "Population 14": 2562.0,
    "Population 15": 2612.909912109375,
    "Population 16": 2926.445068359375,
    "Population 17": 2935.0,
    "Population 18": 2935.0,
    "Population 19": 2966.969970703125,
    "Population 2": 811.6199951171875,
    "Population 20": 3577.719970703125,
    "Population 21": 3586.0,
    "Population 22": 3586.0,
    "Population 23": 3635.75,
    "Population 24": 3953.110107421875,
    "Population 25": 3958.014892578125,
    "Population 26": 3959.0,
    "Population 27": 3959.0,
    "Population 28": 4003.264892578125,
    "Population 29": 4610.0,
    "Population 3": 1264.125,
    "Population 30": 4610.0,
    "Population 31": 4649.72021484375,
    "Population 32": 4978.94482421875,
    "Population 33": 4983.0,
    "Population 34": 4983.0,
    "Population 35": 4982.15478515625,
    "Population 4": 1528.7049560546875,
    "Population 5": 1538.0,
    "Population 6": 1538.0,
    "Population 7": 1584.2149658203125,
    "Population 8": 1902.7099609375,
    "Population 9": 1911.0,
    "start": "today"
}
