{
    "Champ at 1": 887.0,
    "Champ at 10": 1911.0,
    "Champ at 11": 2562.0,
    "Champ at 12": 2562.0,
    "Champ at 13": 2562.0,
    "Champ at 14": 2562.0,
    "Champ at 15": 2935.0,
    "Champ at 16": 2935.0,
    "Champ at 17": 2935.0,
    "Champ at 18": 2935.0,
    "Champ at 19": 3586.0,
    "Champ at 2": 1538.0,
    "Champ at 20": 3586.0,
    "Champ at 21": 3586.0,
    "Champ at 22": 3586.0,
    "Champ at 23": 3959.0,
    "Champ at 24": 3959.0,
    "Champ at 25": 3959.0,
    "Champ at 26": 3959.0,
    "Champ at 27": 4922.0,
    "Champ at 28": 4922.0,
    "Champ at 29": 4922.0,
    "Champ at 3": 1538.0,
    "Champ at 30": 4922.0,
    "Champ at 31": 5166.0,
    "Champ at 4": 1538.0,
    "Champ at 5": 1538.0,
    "Champ at 6": 1538.0,
    "Champ at 7": 1911.0,
    "Champ at 8": 1911.0,
    "Champ at 9": 1911.0,
    "ChampFitness": 5166.0,
    "ChampInputs": [
        1.8889999389648438,
        1.8889999389648438,
        1.8919999599456787,
        1.8919999599456787,
        1.8949999809265137,
        1.8949999809265137,
        3.0201799869537354,
        1.8980000019073486,
        1.8980000019073486,
        1.8980000019073486,
        1.9019999504089355,
        0.5290000438690186,
        1.90500009059906,
        1.90500009059906,
        1.90500009059906,
        3.2739999294281006,
        1.9079999923706055,
        1.9110000133514404,
        1.9110000133514404,
        1.9110000133514404,
        0.4300000071525574,
        1.9149999618530273,
        1.9179999828338623,
        1.9179999828338623,
        3.055999755859375,
        1.9210000038146973,
        1.9210000038146973,
        1.9239999055862427,
        1.9239999055862427,
        0.36500000953674316,
        1.9279999732971191,
        1.9279999732971191,
        1.9279999732971191,
        3.2669999599456787,
        1.930999994277954,
        1.934000015258789,
        1.934000015258789,
        1.934000015258789,
        1.937999963760376,
        1.937999963760376,
        1.9410001039505005,
        3.427999973297119,
        1.9410001039505005,
        1.944000005722046,
        1.944000005722046,
        1.9470000267028809,
        1.9470000267028809,
        1.9470000267028809,
        1.9509999752044678,
        1.9509999752044678,
        1.9539999961853027,
        1.9539999961853027,
        1.9539999961853027,
        1.9570000171661377,
        1.9570000171661377,
        1.9570000171661377,
        1.959999918937683,
        1.959999918937683,
        1.9639999866485596,
        1.9639999866485596,
        1.9639999866485596,
        1.9670000076293945,
        1.9670000076293945,
        1.9700000286102295,
        1.9700000286102295,
        1.9700000286102295,
        1.9730000495910645,
        1.9730000495910645,
        1.9769999980926514,
        1.9769999980926514,
        1.9769999980926514,
        1.9800000190734863,
        1.9800000190734863,
        1.9800000190734863,
        1.9830000400543213,
        1.9830000400543213,
        1.9859999418258667,
        1.9859999418258667,
        1.9859999418258667,
        1.9900000095367432,
        1.9900000095367432,
        1.9930000305175781,
        1.9930000305175781,
        1.9930000305175781,
        1.9959999322891235,
        1.9959999322891235,
        2.0,
        2.0,
        2.0,
        2.003000020980835,
        2.003000020980835,
        2.00600004196167,
        2.00600004196167,
        2.00600004196167,
        2.009000062942505,
        2.009000062942505,
        2.009000062942505,
        2.013000011444092,
        2.013000011444092,
        2.0160000324249268
    ],
    "Generations needed": 31,
    "Population 1": 212.1199951171875,
    "Population 10": 1911.0,
    "Population 11": 1955.155029296875,
    "Population 12": 2548.175048828125,
    "Population 13": 2562.0,
    "Population 14": 2562.0,
    "Population 15": 2615.780029296875,
    "Population 16": 2927.219970703125,
    "Population 17": 2935.0,
    "Population 18": 2935.0,
    "Population 19": 2963.014892578125,
    "Population 2": 791.0499877929688,
    "Population 20": 3569.72509765625,
    "Population 21": 3586.0,
    "Population 22": 3586.0,
    "Population 23": 3617.25,
    "Population 24": 3955.27001953125,
    "Population 25": 3959.0,
    "Population 26": 3959.0,
    "Population 27": 4006.60009765625,
    "Population 28": 4916.85009765625,
    "Population 29": 4922.0,
    "Population 3": 1492.239990234375,
    "Population 30": 4922.0,
    "Population 31": 4981.6748046875,
    "Population 4": 1536.7149658203125,
    "Population 5": 1538.0,
    "Population 6": 1538.0,
    "Population 7": 1574.60498046875,
    "Population 8": 1905.405029296875,
    "Population 9": 1911.0,
    "start": "today"
}
