{
    "Champ at 1": 887.0,
    "Champ at 10": 1911.0,
    "Champ at 11": 2562.0,
    "Champ at 12": 2562.0,
    "Champ at 13": 2562.0,
    "Champ at 14": 2562.0,
    "Champ at 15": 2935.0,
    "Champ at 16": 2935.0,
    "Champ at 17": 2935.0,
    "Champ at 18": 2935.0,
    "Champ at 19": 2935.0,
    "Champ at 2": 1272.0,
    "Champ at 20": 3890.0,
    "Champ at 21": 3890.0,
    "Champ at 22": 3890.0,
    "Champ at 23": 3890.0,
    "Champ at 24": 4923.0,
    "Champ at 25": 4923.0,
    "Champ at 26": 4923.0,
    "Champ at 27": 4923.0,
    "Champ at 28": 5168.0,
    "Champ at 3": 1538.0,
    "Champ at 4": 1538.0,
    "Champ at 5": 1538.0,
    "Champ at 6": 1538.0,
    "Champ at 7": 1911.0,
    "Champ at 8": 1911.0,
    "Champ at 9": 1911.0,
    "ChampFitness": 5168.0,
    "ChampInputs": [
        1.8680000305175781,
        1.871999979019165,
        1.875,
        1.875,
        1.875,
        1.878000020980835,
        1.878000020980835,
        1.3263341188430786,
        1.8819999694824219,
        1.8849999904632568,
        1.8849999904632568,
        1.8880000114440918,
        0.5879999995231628,
        1.8910000324249268,
        1.8949999809265137,
        1.8949999809265137,
        3.2089998722076416,
        1.8980000019073486,
        1.9010000228881836,
        1.9010000228881836,
        1.9040000438690186,
        2.2849998474121094,
        1.9079999923706055,
        1.9079999923706055,
        3.307000160217285,
        1.9110000133514404,
        1.9140000343322754,
        1.9140000343322754,
        1.9169999361038208,
        1.9169999361038208,
        1.9210000038146973,
        1.9239999055862427,
        3.6000001430511475,
        1.9270000457763672,
        1.9270000457763672,
        1.9300000667572021,
        1.9300000667572021,
        1.934000015258789,
        1.937000036239624,
        1.937000036239624,
        3.44599986076355,
        1.940000057220459,
        1.944000005722046,
        1.944000005722046,
        1.9470000267028809,
        1.9470000267028809,
        1.9499999284744263,
        1.9499999284744263,
        1.9529999494552612,
        1.9529999494552612,
        1.9570000171661377,
        1.9570000171661377,
        1.959999918937683,
        1.959999918937683,
        1.9630000591278076,
        1.9660000801086426,
        1.9660000801086426,
        1.9700000286102295,
        1.9700000286102295,
        1.9730000495910645,
        1.9730000495910645,
        1.9760000705718994,
        1.9760000705718994,
        1.9789999723434448,
        1.9830000400543213,
        1.9830000400543213,
        1.9859999418258667,
        1.9859999418258667,
        1.9889999628067017,
        1.9889999628067017,
        1.9930000305175781,
        1.9930000305175781,
        1.9959999322891235,
        1.999000072479248,
        1.999000072479248,
        2.002000093460083,
        2.002000093460083,
        2.00600004196167,
        2.00600004196167,
        2.009000062942505,
        2.0119998455047607,
        2.0119998455047607,
        2.0149998664855957,
        2.0149998664855957,
        2.0190000534057617,
        2.0190000534057617,
        2.0219998359680176,
        2.0219998359680176,
        2.0250000953674316,
        2.0280001163482666,
        2.0280001163482666,
        2.0320000648498535,
        2.0320000648498535,
        2.0350000858306885,
        2.0379998683929443,
        2.0379998683929443,
        2.0420000553131104,
        2.0420000553131104,
        2.0450000762939453,
        2.0450000762939453
    ],
    "Generations needed": 28,
    "Population 1": 205.7899932861328,
    "Population 10": 1911.0,
    "Population 11": 1942.010009765625,
    "Population 12": 2545.215087890625,
    "Population 13": 2562.0,
    "Population 14": 2562.0,
    "Population 15": 2614.77001953125,
    "Population 16": 2928.074951171875,
    "Population 17": 2932.68994140625,
    "Population 18": 2935.0,
    "Population 19": 2935.0,
    "Population 2": 777.530029296875,
    "Population 20": 2977.324951171875,
    "Population 21": 3877.5400390625,
    "Population 22": 3890.0,
    "Population 23": 3890.0,
    "Population 24": 3994.56005859375,
    "Population 25": 4918.18017578125,
    "Population 26": 4923.0,
    "Population 27": 4923.0,
    "Population 28": 4985.80517578125,
    "Population 3": 1242.60498046875,
    "Population 4": 1532.800048828125,
    "Population 5": 1538.0,
    "Population 6": 1538.0,
    "Population 7": 1577.68994140625,
    "Population 8": 1900.135009765625,
    "Population 9": 1911.0,
    "start": "today"
}
