{
    "Champ at 1": 887.0,
    "Champ at 10": 1911.0,
    "Champ at 11": 1911.0,
    "Champ at 12": 2867.0,
    "Champ at 13": 2867.0,
    "Champ at 14": 2867.0,
    "Champ at 15": 2867.0,
    "Champ at 16": 3901.0,
    "Champ at 17": 3901.0,
    "Champ at 18": 3901.0,
    "Champ at 19": 3901.0,
    "Champ at 2": 1538.0,
    "Champ at 20": 4983.0,
    "Champ at 21": 4983.0,
    "Champ at 22": 4983.0,
    "Champ at 23": 4983.0,
    "Champ at 24": 5171.0,
    "Champ at 3": 1538.0,
    "Champ at 4": 1538.0,
    "Champ at 5": 1538.0,
    "Champ at 6": 1538.0,
    "Champ at 7": 1911.0,
    "Champ at 8": 1911.0,
    "Champ at 9": 1911.0,
    "ChampFitness": 5171.0,
    "ChampInputs": [
        1.8809999227523804,
        1.8840000629425049,
        1.8870000839233398,
        1.8870000839233398,
        1.8899999856948853,
        1.8899999856948853,
        1.8940000534057617,
        1.0874348878860474,
        1.8970000743865967,
        1.899999976158142,
        1.899999976158142,
        1.902999997138977,
        0.6790000200271606,
        1.906999945640564,
        1.909999966621399,
        1.909999966621399,
        3.1670000553131104,
        1.9130001068115234,
        1.9159998893737793,
        1.9200000762939453,
        1.9200000762939453,
        1.9230000972747803,
        1.9230000972747803,
        1.9259999990463257,
        3.5920000076293945,
        1.9300000667572021,
        1.9329999685287476,
        1.9359999895095825,
        1.9359999895095825,
        1.9390000104904175,
        1.9390000104904175,
        1.9429999589920044,
        3.3980000019073486,
        1.9459999799728394,
        1.9490001201629639,
        1.9490001201629639,
        1.9519999027252197,
        1.9560000896453857,
        1.9560000896453857,
        1.9589998722076416,
        3.3930001258850098,
        1.9620000123977661,
        1.965000033378601,
        1.965000033378601,
        1.968999981880188,
        1.968999981880188,
        1.972000002861023,
        1.975000023841858,
        1.975000023841858,
        1.9789999723434448,
        1.9789999723434448,
        1.9819999933242798,
        1.9850001335144043,
        1.9850001335144043,
        1.9879999160766602,
        1.9879999160766602,
        1.9920001029968262,
        1.994999885559082,
        1.994999885559082,
        1.9980000257492065,
        2.000999927520752,
        2.000999927520752,
        2.004999876022339,
        2.004999876022339,
        2.007999897003174,
        2.011000156402588,
        2.011000156402588,
        2.0139999389648438,
        2.0139999389648438,
        2.0180001258850098,
        2.0209999084472656,
        2.0209999084472656,
        2.0239999294281006,
        2.0239999294281006,
        2.0269999504089355,
        2.0309998989105225,
        2.0309998989105225,
        2.0339999198913574,
        2.0370001792907715,
        2.0370001792907715,
        2.0409998893737793,
        2.0409998893737793,
        2.0440001487731934,
        2.0440001487731934,
        2.046999931335449,
        2.049999952316284,
        2.049999952316284,
        2.05400013923645,
        2.056999921798706,
        2.056999921798706,
        2.059999942779541,
        2.059999942779541,
        2.062999963760376,
        2.066999912261963,
        2.066999912261963,
        2.069999933242798,
        2.072999954223633,
        2.072999954223633,
        2.0759999752044678,
        2.0759999752044678
    ],
    "Generations needed": 24,
    "Population 1": 210.64999389648438,
    "Population 10": 1911.0,
    "Population 11": 1911.0,
    "Population 12": 1983.9100341796875,
    "Population 13": 2835.199951171875,
    "Population 14": 2867.0,
    "Population 15": 2867.0,
    "Population 16": 2962.360107421875,
    "Population 17": 3896.169921875,
    "Population 18": 3901.0,
    "Population 19": 3901.0,
    "Population 2": 792.510009765625,
    "Population 20": 3983.47509765625,
    "Population 21": 4974.31982421875,
    "Population 22": 4983.0,
    "Population 23": 4983.0,
    "Population 24": 4983.455078125,
    "Population 3": 1502.050048828125,
    "Population 4": 1536.6199951171875,
    "Population 5": 1538.0,
    "Population 6": 1538.0,
    "Population 7": 1577.56494140625,
    "Population 8": 1903.22998046875,
    "Population 9": 1909.135009765625,
    "start": "today"
}
