{
    "Champ at 1": 887.0,
    "Champ at 10": 1911.0,
    "Champ at 11": 2562.0,
    "Champ at 12": 2562.0,
    "Champ at 13": 2562.0,
    "Champ at 14": 2562.0,
    "Champ at 15": 2935.0,
    "Champ at 16": 2935.0,
    "Champ at 17": 2935.0,
    "Champ at 18": 2935.0,
    "Champ at 19": 3586.0,
    "Champ at 2": 1538.0,
    "Champ at 20": 3586.0,
    "Champ at 21": 3586.0,
    "Champ at 22": 3586.0,
    "Champ at 23": 3959.0,
    "Champ at 24": 3959.0,
    "Champ at 25": 3959.0,
    "Champ at 26": 3959.0,
    "Champ at 27": 4911.0,
    "Champ at 28": 4911.0,
    "Champ at 29": 4911.0,
    "Champ at 3": 1538.0,
    "Champ at 30": 5164.0,
    "Champ at 4": 1538.0,
    "Champ at 5": 1538.0,
    "Champ at 6": 1911.0,
    "Champ at 7": 1911.0,
    "Champ at 8": 1911.0,
    "Champ at 9": 1911.0,
    "ChampFitness": 5164.0,
    "ChampInputs": [
        1.8700001239776611,
        1.8700001239776611,
        1.8739999532699585,
        1.8739999532699585,
        1.8739999532699585,
        1.877000093460083,
        1.877000093460083,
        1.276144027709961,
        1.8799998760223389,
        1.8799998760223389,
        1.8799998760223389,
        1.8840000629425049,
        0.6700000166893005,
        1.8840000629425049,
        1.8870000839233398,
        1.8870000839233398,
        3.2659997940063477,
        1.8870000839233398,
        1.8899999856948853,
        1.8899999856948853,
        1.8899999856948853,
        0.5600000023841858,
        1.8930000066757202,
        1.8930000066757202,
        1.8970000743865967,
        3.0739998817443848,
        1.8970000743865967,
        1.899999976158142,
        1.899999976158142,
        1.899999976158142,
        0.4190000295639038,
        1.902999997138977,
        1.902999997138977,
        1.902999997138977,
        3.3520002365112305,
        1.9059998989105225,
        1.9059998989105225,
        1.909999966621399,
        1.909999966621399,
        1.909999966621399,
        1.9130001068115234,
        1.9130001068115234,
        3.5809998512268066,
        1.9130001068115234,
        1.9159998893737793,
        1.9159998893737793,
        1.9159998893737793,
        1.9190000295639038,
        1.9190000295639038,
        1.9190000295639038,
        1.9230000972747803,
        1.9230000972747803,
        1.9230000972747803,
        1.9259999990463257,
        1.9259999990463257,
        1.9259999990463257,
        1.9259999990463257,
        1.9290000200271606,
        1.9290000200271606,
        1.9290000200271606,
        1.9320000410079956,
        1.9320000410079956,
        1.9320000410079956,
        1.9359999895095825,
        1.9359999895095825,
        1.9359999895095825,
        1.9359999895095825,
        1.9390000104904175,
        1.9390000104904175,
        1.9390000104904175,
        1.941999912261963,
        1.941999912261963,
        1.941999912261963,
        1.9459999799728394,
        1.9459999799728394,
        1.9459999799728394,
        1.9459999799728394,
        1.9490001201629639,
        1.9490001201629639,
        1.9490001201629639,
        1.9519999027252197,
        1.9519999027252197,
        1.9519999027252197,
        1.9550000429153442,
        1.9550000429153442,
        1.9550000429153442,
        1.9550000429153442,
        1.9589998722076416,
        1.9589998722076416,
        1.9589998722076416,
        1.9620000123977661,
        1.9620000123977661,
        1.9620000123977661,
        1.965000033378601,
        1.965000033378601,
        1.965000033378601,
        1.965000033378601,
        1.9679999351501465,
        1.9679999351501465,
        1.9679999351501465
    ],
    "Generations needed": 30,
    "Population 1": 197.375,
    "Population 10": 1911.0,
    "Population 11": 1943.68505859375,
    "Population 12": 2554.02001953125,
    "Population 13": 2562.0,
    "Population 14": 2562.0,
    "Population 15": 2623.800048828125,
    "Population 16": 2932.14990234375,
    "Population 17": 2935.0,
    "Population 18": 2935.0,
    "Population 19": 2977.6201171875,
    "Population 2": 784.4749755859375,
    "Population 20": 3582.7451171875,
    "Population 21": 3586.0,
    "Population 22": 3586.0,
    "Population 23": 3634.300048828125,
    "Population 24": 3955.27001953125,
    "Population 25": 3959.0,
    "Population 26": 3959.0,
    "Population 27": 3999.034912109375,
    "Population 28": 4911.0,
    "Population 29": 4911.0,
    "Population 3": 1503.3900146484375,
    "Population 30": 4974.85009765625,
    "Population 4": 1538.0,
    "Population 5": 1538.0,
    "Population 6": 1586.550048828125,
    "Population 7": 1901.7950439453125,
    "Population 8": 1910.6500244140625,
    "Population 9": 1911.0,
    "start": "today"
}
