{
    "Champ at 1": 690.0,
    "Champ at 10": 1854.0,
    "Champ at 11": 1854.0,
    "Champ at 12": 2935.0,
    "Champ at 13": 2935.0,
    "Champ at 14": 2935.0,
    "Champ at 15": 2935.0,
    "Champ at 16": 2935.0,
    "Champ at 17": 3959.0,
    "Champ at 18": 3959.0,
    "Champ at 19": 3959.0,
    "Champ at 2": 887.0,
    "Champ at 20": 3959.0,
    "Champ at 21": 4983.0,
    "Champ at 22": 4983.0,
    "Champ at 23": 4983.0,
    "Champ at 24": 4983.0,
    "Champ at 25": 5171.0,
    "Champ at 3": 887.0,
    "Champ at 4": 887.0,
    "Champ at 5": 887.0,
    "Champ at 6": 887.0,
    "Champ at 7": 1854.0,
    "Champ at 8": 1854.0,
    "Champ at 9": 1854.0,
    "ChampFitness": 5171.0,
    "ChampInputs": [
        1.937000036239624,
        1.563033938407898,
        1.940000057220459,
        1.940000057220459,
        1.9429999589920044,
        1.9429999589920044,
        3.186999797821045,
        1.9459999799728394,
        1.9459999799728394,
        1.9459999799728394,
        1.9499999284744263,
        1.9499999284744263,
        1.9499999284744263,
        1.9529999494552612,
        3.4060001373291016,
        1.9529999494552612,
        1.9529999494552612,
        1.9560000896453857,
        1.9560000896453857,
        1.9560000896453857,
        1.9589998722076416,
        1.9589998722076416,
        3.253999948501587,
        1.9630000591278076,
        1.9630000591278076,
        1.9630000591278076,
        1.9630000591278076,
        1.9660000801086426,
        1.9660000801086426,
        1.9660000801086426,
        3.2319998741149902,
        1.968999981880188,
        1.968999981880188,
        1.9730000495910645,
        1.9730000495910645,
        1.9730000495910645,
        1.9730000495910645,
        1.9760000705718994,
        3.2870001792907715,
        1.9760000705718994,
        1.9789999723434448,
        1.9789999723434448,
        1.9789999723434448,
        1.9819999933242798,
        1.9819999933242798,
        1.9819999933242798,
        1.9859999418258667,
        1.9859999418258667,
        1.9859999418258667,
        1.9859999418258667,
        1.9889999628067017,
        1.9889999628067017,
        1.9889999628067017,
        1.9920001029968262,
        1.9920001029968262,
        1.9920001029968262,
        1.994999885559082,
        1.994999885559082,
        1.999000072479248,
        1.999000072479248,
        1.999000072479248,
        2.002000093460083,
        2.002000093460083,
        2.002000093460083,
        2.002000093460083,
        2.004999876022339,
        2.004999876022339,
        2.004999876022339,
        2.007999897003174,
        2.007999897003174,
        2.007999897003174,
        2.0119998455047607,
        2.0119998455047607,
        2.0119998455047607,
        2.0119998455047607,
        2.0149998664855957,
        2.0149998664855957,
        2.0149998664855957,
        2.0180001258850098,
        2.0180001258850098,
        2.0180001258850098,
        2.0219998359680176,
        2.0219998359680176,
        2.0219998359680176,
        2.0250000953674316,
        2.0250000953674316,
        2.0250000953674316,
        2.0250000953674316,
        2.0280001163482666,
        2.0280001163482666,
        2.0309998989105225,
        2.0309998989105225,
        2.0309998989105225,
        2.0350000858306885,
        2.0350000858306885,
        2.0350000858306885,
        2.0379998683929443,
        2.0379998683929443,
        2.0379998683929443,
        2.0379998683929443
    ],
    "Generations needed": 25,
    "Population 1": 202.38999938964844,
    "Population 10": 1854.0,
    "Population 11": 1854.0,
    "Population 12": 1952.2049560546875,
    "Population 13": 2907.044921875,
    "Population 14": 2929.8798828125,
    "Population 15": 2935.0,
    "Population 16": 2935.0,
    "Population 17": 2997.909912109375,
    "Population 18": 3942.344970703125,
    "Population 19": 3959.0,
    "Population 2": 632.7150268554688,
    "Population 20": 3959.0,
    "Population 21": 4008.4150390625,
    "Population 22": 4972.15478515625,
    "Population 23": 4983.0,
    "Population 24": 4983.0,
    "Population 25": 4991.3798828125,
    "Population 3": 872.35498046875,
    "Population 4": 886.719970703125,
    "Population 5": 887.0,
    "Population 6": 887.0,
    "Population 7": 941.719970703125,
    "Population 8": 1822.469970703125,
    "Population 9": 1848.844970703125,
    "start": "today"
}
