{
    "Champ at 1": 887.0,
    "Champ at 10": 1911.0,
    "Champ at 11": 1911.0,
    "Champ at 12": 2862.0,
    "Champ at 13": 2862.0,
    "Champ at 14": 2862.0,
    "Champ at 15": 2862.0,
    "Champ at 16": 3586.0,
    "Champ at 17": 3586.0,
    "Champ at 18": 3586.0,
    "Champ at 19": 3586.0,
    "Champ at 2": 1538.0,
    "Champ at 20": 3959.0,
    "Champ at 21": 3959.0,
    "Champ at 22": 3959.0,
    "Champ at 23": 3959.0,
    "Champ at 24": 4919.0,
    "Champ at 25": 4919.0,
    "Champ at 26": 4919.0,
    "Champ at 27": 5164.0,
    "Champ at 3": 1538.0,
    "Champ at 4": 1538.0,
    "Champ at 5": 1538.0,
    "Champ at 6": 1911.0,
    "Champ at 7": 1911.0,
    "Champ at 8": 1911.0,
    "Champ at 9": 1911.0,
    "ChampFitness": 5164.0,
    "ChampInputs": [
        1.8860000371932983,
        1.8860000371932983,
        1.8860000371932983,
        1.8860000371932983,
        1.8889999389648438,
        1.8889999389648438,
        1.8889999389648438,
        1.2067605257034302,
        1.8919999599456787,
        1.8919999599456787,
        1.8960000276565552,
        1.8960000276565552,
        2.4240000247955322,
        1.8989999294281006,
        1.8989999294281006,
        3.319000005722046,
        1.8989999294281006,
        1.9019999504089355,
        1.9019999504089355,
        1.9019999504089355,
        1.9059998989105225,
        1.9059998989105225,
        1.9059998989105225,
        3.4179999828338623,
        1.9089999198913574,
        1.9089999198913574,
        1.912000060081482,
        1.912000060081482,
        0.6089999675750732,
        1.912000060081482,
        1.9149999618530273,
        1.9149999618530273,
        3.2659997940063477,
        1.9190000295639038,
        1.9190000295639038,
        1.9190000295639038,
        1.9220000505447388,
        1.9220000505447388,
        1.9220000505447388,
        1.9220000505447388,
        3.440000057220459,
        1.9249999523162842,
        1.9249999523162842,
        1.9279999732971191,
        1.9279999732971191,
        1.9279999732971191,
        1.9320000410079956,
        1.9320000410079956,
        1.9320000410079956,
        1.9320000410079956,
        1.934999942779541,
        1.934999942779541,
        1.934999942779541,
        1.937999963760376,
        1.937999963760376,
        1.937999963760376,
        1.9410001039505005,
        1.9410001039505005,
        1.9410001039505005,
        1.9449999332427979,
        1.9449999332427979,
        1.9449999332427979,
        1.9449999332427979,
        1.9480000734329224,
        1.9480000734329224,
        1.9480000734329224,
        1.9509999752044678,
        1.9509999752044678,
        1.9509999752044678,
        1.9550000429153442,
        1.9550000429153442,
        1.9550000429153442,
        1.9550000429153442,
        1.9580000638961792,
        1.9580000638961792,
        1.9580000638961792,
        1.9609999656677246,
        1.9609999656677246,
        1.9609999656677246,
        1.9639999866485596,
        1.9639999866485596,
        1.9639999866485596,
        1.9639999866485596,
        1.9679999351501465,
        1.9679999351501465,
        1.9679999351501465,
        1.9709999561309814,
        1.9709999561309814,
        1.9709999561309814,
        1.9739999771118164,
        1.9739999771118164,
        1.9739999771118164,
        1.9769999980926514,
        1.9769999980926514,
        1.9769999980926514,
        1.9769999980926514,
        1.9809999465942383,
        1.9809999465942383,
        1.9809999465942383,
        1.9840000867843628
    ],
    "Generations needed": 27,
    "Population 1": 205.47000122070313,
    "Population 10": 1911.0,
    "Population 11": 1911.0,
    "Population 12": 1943.155029296875,
    "Population 13": 2838.22509765625,
    "Population 14": 2862.0,
    "Population 15": 2862.0,
    "Population 16": 2951.375,
    "Population 17": 3579.14501953125,
    "Population 18": 3586.0,
    "Population 19": 3586.0,
    "Population 2": 794.5250244140625,
    "Population 20": 3635.655029296875,
    "Population 21": 3951.705078125,
    "Population 22": 3959.0,
    "Population 23": 3959.0,
    "Population 24": 4000.39501953125,
    "Population 25": 4919.0,
    "Population 26": 4919.0,
    "Population 27": 4983.9951171875,
    "Population 3": 1501.7850341796875,
    "Population 4": 1538.0,
    "Population 5": 1538.0,
    "Population 6": 1589.97998046875,
    "Population 7": 1903.6500244140625,
    "Population 8": 1910.655029296875,
    "Population 9": 1910.68994140625,
    "start": "today"
}
