{
    "Champ at 1": 887.0,
    "Champ at 10": 1911.0,
    "Champ at 11": 2562.0,
    "Champ at 12": 2562.0,
    "Champ at 13": 2562.0,
    "Champ at 14": 2562.0,
    "Champ at 15": 2935.0,
    "Champ at 16": 2935.0,
    "Champ at 17": 2935.0,
    "Champ at 18": 2935.0,
    "Champ at 19": 3586.0,
    "Champ at 2": 1256.0,
    "Champ at 20": 3586.0,
    "Champ at 21": 3586.0,
    "Champ at 22": 3586.0,
    "Champ at 23": 3959.0,
    "Champ at 24": 3959.0,
    "Champ at 25": 3959.0,
    "Champ at 26": 3959.0,
    "Champ at 27": 4915.0,
    "Champ at 28": 4915.0,
    "Champ at 29": 4915.0,
    "Champ at 3": 1538.0,
    "Champ at 30": 4915.0,
    "Champ at 31": 5168.0,
    "Champ at 4": 1538.0,
    "Champ at 5": 1538.0,
    "Champ at 6": 1538.0,
    "Champ at 7": 1911.0,
    "Champ at 8": 1911.0,
    "Champ at 9": 1911.0,
    "ChampFitness": 5168.0,
    "ChampInputs": [
        1.8870000839233398,
        1.8870000839233398,
        1.8870000839233398,
        1.8899999856948853,
        1.8899999856948853,
        1.8899999856948853,
        2.9853436946868896,
        1.8940000534057617,
        1.8940000534057617,
        1.8970000743865967,
        1.8970000743865967,
        0.6310000419616699,
        1.8970000743865967,
        1.899999976158142,
        1.899999976158142,
        3.174999952316284,
        1.9040000438690186,
        1.9040000438690186,
        1.9040000438690186,
        1.906999945640564,
        2.32099986076355,
        1.906999945640564,
        1.906999945640564,
        3.2980000972747803,
        1.909999966621399,
        1.909999966621399,
        1.9130001068115234,
        1.9130001068115234,
        2.322000026702881,
        1.9169999361038208,
        1.9169999361038208,
        3.19599986076355,
        1.9169999361038208,
        1.9200000762939453,
        1.9200000762939453,
        1.9200000762939453,
        1.9230000972747803,
        1.9230000972747803,
        1.9259999990463257,
        3.578000068664551,
        1.9300000667572021,
        1.9300000667572021,
        1.9329999685287476,
        1.9329999685287476,
        1.9359999895095825,
        1.9359999895095825,
        1.9390000104904175,
        1.9390000104904175,
        1.9429999589920044,
        1.9429999589920044,
        1.9459999799728394,
        1.9459999799728394,
        1.9490001201629639,
        1.9490001201629639,
        1.9529999494552612,
        1.9560000896453857,
        1.9560000896453857,
        1.9589998722076416,
        1.9589998722076416,
        1.9620000123977661,
        1.9620000123977661,
        1.9660000801086426,
        1.9660000801086426,
        1.968999981880188,
        1.968999981880188,
        1.972000002861023,
        1.975000023841858,
        1.975000023841858,
        1.9789999723434448,
        1.9789999723434448,
        1.9819999933242798,
        1.9819999933242798,
        1.9850001335144043,
        1.9850001335144043,
        1.9879999160766602,
        1.9879999160766602,
        1.9920001029968262,
        1.994999885559082,
        1.994999885559082,
        1.9980000257492065,
        1.9980000257492065,
        2.002000093460083,
        2.002000093460083,
        2.004999876022339,
        2.004999876022339,
        2.007999897003174,
        2.007999897003174,
        2.011000156402588,
        2.011000156402588,
        2.0149998664855957,
        2.0149998664855957,
        2.0180001258850098,
        2.0180001258850098,
        2.0209999084472656,
        2.0209999084472656,
        2.0239999294281006,
        2.0239999294281006,
        2.0280001163482666,
        2.0280001163482666,
        2.0309998989105225
    ],
    "Generations needed": 31,
    "Population 1": 200.9199981689453,
    "Population 10": 1911.0,
    "Population 11": 1949.5550537109375,
    "Population 12": 2552.235107421875,
    "Population 13": 2562.0,
    "Population 14": 2562.0,
    "Population 15": 2613.6298828125,
    "Population 16": 2927.77490234375,
    "Population 17": 2935.0,
    "Population 18": 2935.0,
    "Population 19": 2970.034912109375,
    "Population 2": 796.89501953125,
    "Population 20": 3575.885009765625,
    "Population 21": 3586.0,
    "Population 22": 3586.0,
    "Population 23": 3643.7451171875,
    "Population 24": 3956.39990234375,
    "Population 25": 3959.0,
    "Population 26": 3959.0,
    "Population 27": 4004.330078125,
    "Population 28": 4912.10986328125,
    "Population 29": 4915.0,
    "Population 3": 1226.5550537109375,
    "Population 30": 4915.0,
    "Population 31": 4983.44482421875,
    "Population 4": 1524.780029296875,
    "Population 5": 1538.0,
    "Population 6": 1538.0,
    "Population 7": 1586.31005859375,
    "Population 8": 1900.68994140625,
    "Population 9": 1911.0,
    "start": "today"
}
