{
    "Champ at 1": 887.0,
    "Champ at 10": 1911.0,
    "Champ at 11": 2562.0,
    "Champ at 12": 2562.0,
    "Champ at 13": 2562.0,
    "Champ at 14": 2562.0,
    "Champ at 15": 2935.0,
    "Champ at 16": 2935.0,
    "Champ at 17": 2935.0,
    "Champ at 18": 2935.0,
    "Champ at 19": 3890.0,
    "Champ at 2": 1267.0,
    "Champ at 20": 3890.0,
    "Champ at 21": 3890.0,
    "Champ at 22": 3890.0,
    "Champ at 23": 3890.0,
    "Champ at 24": 4610.0,
    "Champ at 25": 4610.0,
    "Champ at 26": 4610.0,
    "Champ at 27": 4610.0,
    "Champ at 28": 4983.0,
    "Champ at 29": 4983.0,
    "Champ at 3": 1538.0,
    "Champ at 30": 4983.0,
    "Champ at 31": 4983.0,
    "Champ at 32": 5169.0,
    "Champ at 4": 1538.0,
    "Champ at 5": 1538.0,
    "Champ at 6": 1538.0,
    "Champ at 7": 1911.0,
    "Champ at 8": 1911.0,
    "Champ at 9": 1911.0,
    "ChampFitness": 5169.0,
    "ChampInputs": [
        1.8809999227523804,
        1.8840000629425049,
        1.8840000629425049,
        1.8910000324249268,
        1.8940000534057617,
        1.8940000534057617,
        3.1189770698547363,
        1.8970000743865967,
        1.9010000228881836,
        1.9010000228881836,
        1.9040000438690186,
        0.4740000069141388,
        1.906999945640564,
        1.906999945640564,
        1.906999945640564,
        3.0970001220703125,
        1.9110000133514404,
        1.9140000343322754,
        1.9140000343322754,
        1.9140000343322754,
        2.380000114440918,
        1.9169999361038208,
        1.9200000762939453,
        3.240999937057495,
        1.9200000762939453,
        1.9239999055862427,
        1.9239999055862427,
        1.9270000457763672,
        1.9270000457763672,
        1.9270000457763672,
        1.9300000667572021,
        3.359999895095825,
        1.9329999685287476,
        1.9329999685287476,
        1.9329999685287476,
        1.937000036239624,
        0.3319999873638153,
        1.940000057220459,
        1.940000057220459,
        1.940000057220459,
        3.3529999256134033,
        1.9429999589920044,
        1.9459999799728394,
        1.9459999799728394,
        1.9459999799728394,
        1.9499999284744263,
        1.9499999284744263,
        1.9529999494552612,
        1.9529999494552612,
        1.9529999494552612,
        1.9560000896453857,
        1.9560000896453857,
        1.959999918937683,
        1.959999918937683,
        1.959999918937683,
        1.9630000591278076,
        1.9630000591278076,
        1.9660000801086426,
        1.9660000801086426,
        1.9660000801086426,
        1.968999981880188,
        1.968999981880188,
        1.9730000495910645,
        1.9730000495910645,
        1.9730000495910645,
        1.9760000705718994,
        1.9760000705718994,
        1.9789999723434448,
        1.9789999723434448,
        1.9789999723434448,
        1.9819999933242798,
        1.9819999933242798,
        1.9859999418258667,
        1.9859999418258667,
        1.9859999418258667,
        1.9889999628067017,
        1.9889999628067017,
        1.9920001029968262,
        1.9920001029968262,
        1.9920001029968262,
        1.994999885559082,
        1.994999885559082,
        1.999000072479248,
        1.999000072479248,
        1.999000072479248,
        2.002000093460083,
        2.002000093460083,
        2.004999876022339,
        2.004999876022339,
        2.004999876022339,
        2.009000062942505,
        2.009000062942505,
        2.009000062942505,
        2.0119998455047607,
        2.0119998455047607,
        2.0149998664855957,
        2.0149998664855957,
        2.0149998664855957,
        2.0180001258850098,
        2.0180001258850098
    ],
    "Generations needed": 32,
    "Population 1": 204.7550048828125,
    "Population 10": 1911.0,
    "Population 11": 1950.5799560546875,
    "Population 12": 2541.080078125,
    "Population 13": 2562.0,
    "Population 14": 2562.0,
    "Population 15": 2607.715087890625,
    "Population 16": 2926.804931640625,
    "Population 17": 2935.0,
    "Population 18": 2935.0,
    "Population 19": 2968.945068359375,
    "Population 2": 803.385009765625,
    "Population 20": 3866.429931640625,
    "Population 21": 3885.22509765625,
    "Population 22": 3890.0,
    "Population 23": 3890.0,
    "Population 24": 3976.625,
    "Population 25": 4606.7451171875,
    "Population 26": 4610.0,
    "Population 27": 4610.0,
    "Population 28": 4647.30517578125,
    "Population 29": 4978.7998046875,
    "Population 3": 1257.4300537109375,
    "Population 30": 4983.0,
    "Population 31": 4983.0,
    "Population 32": 4982.9951171875,
    "Population 4": 1523.719970703125,
    "Population 5": 1538.0,
    "Population 6": 1538.0,
    "Population 7": 1582.7650146484375,
    "Population 8": 1899.43994140625,
    "Population 9": 1911.0,
    "start": "today"
}
