{
    "Champ at 1": 887.0,
    "Champ at 10": 1911.0,
    "Champ at 11": 1911.0,
    "Champ at 12": 2863.0,
    "Champ at 13": 2863.0,
    "Champ at 14": 2863.0,
    "Champ at 15": 2863.0,
    "Champ at 16": 2863.0,
    "Champ at 17": 3894.0,
    "Champ at 18": 3894.0,
    "Champ at 19": 3894.0,
    "Champ at 2": 1538.0,
    "Champ at 20": 3894.0,
    "Champ at 21": 3894.0,
    "Champ at 22": 4920.0,
    "Champ at 23": 4920.0,
    "Champ at 24": 4920.0,
    "Champ at 25": 4920.0,
    "Champ at 26": 4920.0,
    "Champ at 27": 5170.0,
    "Champ at 3": 1538.0,
    "Champ at 4": 1538.0,
    "Champ at 5": 1538.0,
    "Champ at 6": 1538.0,
    "Champ at 7": 1911.0,
    "Champ at 8": 1911.0,
    "Champ at 9": 1911.0,
    "ChampFitness": 5170.0,
    "ChampInputs": [
        1.8830000162124634,
        1.8870000839233398,
        1.8899999856948853,
        1.8899999856948853,
        1.8899999856948853,
        1.8930000066757202,
        1.8930000066757202,
        1.2978925704956055,
        1.8960000276565552,
        1.8960000276565552,
        1.899999976158142,
        1.899999976158142,
        0.3959999978542328,
        1.902999997138977,
        1.902999997138977,
        1.9059998989105225,
        3.309999942779541,
        1.9059998989105225,
        1.9089999198913574,
        1.9089999198913574,
        1.9130001068115234,
        1.9130001068115234,
        1.9130001068115234,
        1.9159998893737793,
        3.626999855041504,
        1.9190000295639038,
        1.9190000295639038,
        1.9190000295639038,
        1.9220000505447388,
        1.9220000505447388,
        1.9220000505447388,
        1.9259999990463257,
        3.5319998264312744,
        1.9290000200271606,
        1.9290000200271606,
        1.9290000200271606,
        1.9320000410079956,
        1.9320000410079956,
        1.9320000410079956,
        1.9359999895095825,
        3.5290000438690186,
        1.9390000104904175,
        1.9390000104904175,
        1.9390000104904175,
        1.941999912261963,
        1.941999912261963,
        1.9449999332427979,
        1.9449999332427979,
        1.9449999332427979,
        1.9490001201629639,
        1.9490001201629639,
        1.9519999027252197,
        1.9519999027252197,
        1.9519999027252197,
        1.9550000429153442,
        1.9550000429153442,
        1.9580000638961792,
        1.9580000638961792,
        1.9580000638961792,
        1.9620000123977661,
        1.9620000123977661,
        1.965000033378601,
        1.965000033378601,
        1.965000033378601,
        1.9679999351501465,
        1.9679999351501465,
        1.9709999561309814,
        1.9709999561309814,
        1.9709999561309814,
        1.975000023841858,
        1.975000023841858,
        1.9779999256134033,
        1.9779999256134033,
        1.9779999256134033,
        1.9809999465942383,
        1.9809999465942383,
        1.9850001335144043,
        1.9850001335144043,
        1.9850001335144043,
        1.9879999160766602,
        1.9879999160766602,
        1.9879999160766602,
        1.9910000562667847,
        1.9910000562667847,
        1.99399995803833,
        1.99399995803833,
        1.99399995803833,
        1.9980000257492065,
        1.9980000257492065,
        2.000999927520752,
        2.000999927520752,
        2.000999927520752,
        2.003999948501587,
        2.006999969482422,
        2.006999969482422,
        2.011000156402588,
        2.011000156402588,
        2.0139999389648438,
        2.0139999389648438,
        2.0169999599456787
    ],
    "Generations needed": 27,
    "Population 1": 195.47500610351563,
    "Population 10": 1911.0,
    "Population 11": 1911.0,
    "Population 12": 1969.0450439453125,
    "Population 13": 2845.89990234375,
    "Population 14": 2863.0,
    "Population 15": 2863.0,
    "Population 16": 2863.0,
    "Population 17": 2953.969970703125,
    "Population 18": 3874.820068359375,
    "Population 19": 3894.0,
    "Population 2": 812.5,
    "Population 20": 3894.0,
    "Population 21": 3894.0,
    "Population 22": 3990.56005859375,
    "Population 23": 4914.8701171875,
    "Population 24": 4920.0,
    "Population 25": 4920.0,
    "Population 26": 4920.0,
    "Population 27": 4987.28515625,
    "Population 3": 1520.2449951171875,
    "Population 4": 1538.0,
    "Population 5": 1538.0,
    "Population 6": 1538.0,
    "Population 7": 1609.39501953125,
    "Population 8": 1904.6949462890625,
    "Population 9": 1911.0,
    "start": "today"
}
