{
    "Champ at 1": 887.0,
    "Champ at 10": 1911.0,
    "Champ at 11": 1911.0,
    "Champ at 12": 1911.0,
    "Champ at 13": 1911.0,
    "Champ at 14": 2864.0,
    "Champ at 15": 2864.0,
    "Champ at 16": 2864.0,
    "Champ at 17": 2864.0,
    "Champ at 18": 2864.0,
    "Champ at 19": 2864.0,
    "Champ at 2": 1538.0,
    "Champ at 20": 3892.0,
    "Champ at 21": 3892.0,
    "Champ at 22": 3892.0,
    "Champ at 23": 3892.0,
    "Champ at 24": 3892.0,
    "Champ at 25": 3892.0,
    "Champ at 26": 3892.0,
    "Champ at 27": 4917.0,
    "Champ at 28": 4917.0,
    "Champ at 29": 4917.0,
    "Champ at 3": 1538.0,
    "Champ at 30": 4917.0,
    "Champ at 31": 4917.0,
    "Champ at 32": 4917.0,
    "Champ at 33": 5168.0,
    "Champ at 4": 1538.0,
    "Champ at 5": 1538.0,
    "Champ at 6": 1538.0,
    "Champ at 7": 1538.0,
    "Champ at 8": 1911.0,
    "Champ at 9": 1911.0,
    "ChampFitness": 5168.0,
    "ChampInputs": [
        1.8849999904632568,
        1.8889999389648438,
        1.8889999389648438,
        1.8889999389648438,
        1.8919999599456787,
        1.8919999599456787,
        1.8949999809265137,
        1.1433277130126953,
        1.8949999809265137,
        1.8989999294281006,
        1.8989999294281006,
        1.9019999504089355,
        0.621999979019165,
        1.9019999504089355,
        1.90500009059906,
        1.90500009059906,
        3.2260000705718994,
        1.9079999923706055,
        1.9079999923706055,
        1.912000060081482,
        1.912000060081482,
        1.912000060081482,
        1.9149999618530273,
        1.9149999618530273,
        3.5870001316070557,
        1.9179999828338623,
        1.9179999828338623,
        1.9210000038146973,
        1.9210000038146973,
        1.9249999523162842,
        1.9249999523162842,
        1.9249999523162842,
        3.4689998626708984,
        1.9279999732971191,
        1.9279999732971191,
        1.930999994277954,
        1.930999994277954,
        1.934000015258789,
        1.934000015258789,
        1.934000015258789,
        3.5450000762939453,
        1.937999963760376,
        1.9410001039505005,
        1.9410001039505005,
        1.9410001039505005,
        1.944000005722046,
        1.944000005722046,
        1.944000005722046,
        1.9480000734329224,
        1.9480000734329224,
        1.9509999752044678,
        1.9509999752044678,
        1.9509999752044678,
        1.9539999961853027,
        1.9539999961853027,
        1.9570000171661377,
        1.9570000171661377,
        1.9570000171661377,
        1.9609999656677246,
        1.9609999656677246,
        1.9609999656677246,
        1.9639999866485596,
        1.9639999866485596,
        1.9670000076293945,
        1.9670000076293945,
        1.9670000076293945,
        1.9700000286102295,
        1.9700000286102295,
        1.9739999771118164,
        1.9739999771118164,
        1.9739999771118164,
        1.9769999980926514,
        1.9769999980926514,
        1.9769999980926514,
        1.9800000190734863,
        1.9800000190734863,
        1.9830000400543213,
        1.9830000400543213,
        1.9830000400543213,
        1.9869999885559082,
        1.9869999885559082,
        1.9900000095367432,
        1.9900000095367432,
        1.9900000095367432,
        1.9930000305175781,
        1.9930000305175781,
        1.9930000305175781,
        1.996999979019165,
        1.996999979019165,
        2.0,
        2.0,
        2.0,
        2.003000020980835,
        2.003000020980835,
        2.00600004196167,
        2.00600004196167,
        2.00600004196167,
        2.009999990463257,
        2.009999990463257,
        2.013000011444092
    ],
    "Generations needed": 33,
    "Population 1": 210.03500366210938,
    "Population 10": 1911.0,
    "Population 11": 1911.0,
    "Population 12": 1911.0,
    "Population 13": 1911.0,
    "Population 14": 1959.4000244140625,
    "Population 15": 2843.054931640625,
    "Population 16": 2864.0,
    "Population 17": 2864.0,
    "Population 18": 2864.0,
    "Population 19": 2864.0,
    "Population 2": 778.5150146484375,
    "Population 20": 2959.10498046875,
    "Population 21": 3862.909912109375,
    "Population 22": 3887.215087890625,
    "Population 23": 3892.0,
    "Population 24": 3892.0,
    "Population 25": 3892.0,
    "Population 26": 3892.0,
    "Population 27": 3993.02001953125,
    "Population 28": 4901.97021484375,
    "Population 29": 4917.0,
    "Population 3": 1514.97998046875,
    "Population 30": 4917.0,
    "Population 31": 4917.0,
    "Population 32": 4917.0,
    "Population 33": 4972.455078125,
    "Population 4": 1538.0,
    "Population 5": 1538.0,
    "Population 6": 1538.0,
    "Population 7": 1538.0,
    "Population 8": 1578.7900390625,
    "Population 9": 1902.0849609375,
    "start": "today"
}
