{
    "Champ at 1": 822.0,
    "Champ at 10": 1911.0,
    "Champ at 11": 1911.0,
    "Champ at 12": 1911.0,
    "Champ at 13": 2562.0,
    "Champ at 14": 2562.0,
    "Champ at 15": 2562.0,
    "Champ at 16": 2562.0,
    "Champ at 17": 2562.0,
    "Champ at 18": 2935.0,
    "Champ at 19": 2935.0,
    "Champ at 2": 1284.0,
    "Champ at 20": 2935.0,
    "Champ at 21": 2935.0,
    "Champ at 22": 2935.0,
    "Champ at 23": 3586.0,
    "Champ at 24": 3586.0,
    "Champ at 25": 3586.0,
    "Champ at 26": 3586.0,
    "Champ at 27": 3586.0,
    "Champ at 28": 3959.0,
    "Champ at 29": 3959.0,
    "Champ at 3": 1538.0,
    "Champ at 30": 3959.0,
    "Champ at 31": 3959.0,
    "Champ at 32": 3959.0,
    "Champ at 33": 4610.0,
    "Champ at 34": 4610.0,
    "Champ at 35": 4610.0,
    "Champ at 36": 4610.0,
    "Champ at 37": 4610.0,
    "Champ at 38": 4983.0,
    "Champ at 39": 4983.0,
    "Champ at 4": 1538.0,
    "Champ at 40": 4983.0,
    "Champ at 41": 4983.0,
    "Champ at 42": 4983.0,
    "Champ at 43": 5164.0,
    "Champ at 5": 1538.0,
    "Champ at 6": 1538.0,
    "Champ at 7": 1538.0,
    "Champ at 8": 1911.0,
    "Champ at 9": 1911.0,
    "ChampFitness": 5164.0,
    "ChampInputs": [
        1.8459999561309814,
        1.8489999771118164,
        1.8489999771118164,
        1.8489999771118164,
        1.8519999980926514,
        1.8519999980926514,
        3.4790356159210205,
        1.8559999465942383,
        1.8559999465942383,
        1.8589999675750732,
        1.8589999675750732,
        0.7329999804496765,
        1.8650000095367432,
        1.8650000095367432,
        1.8650000095367432,
        3.124000072479248,
        1.8690000772476196,
        1.871999979019165,
        1.871999979019165,
        1.871999979019165,
        0.7300000190734863,
        1.875,
        1.875,
        1.878000020980835,
        3.2220001220703125,
        1.8819999694824219,
        1.8819999694824219,
        1.8819999694824219,
        1.8849999904632568,
        2.5279998779296875,
        1.8880000114440918,
        1.8880000114440918,
        3.1579999923706055,
        1.8910000324249268,
        1.8910000324249268,
        1.8949999809265137,
        1.8949999809265137,
        0.5360000133514404,
        1.8980000019073486,
        1.8980000019073486,
        1.9010000228881836,
        3.192000150680542,
        1.90500009059906,
        1.90500009059906,
        1.90500009059906,
        1.9079999923706055,
        1.9079999923706055,
        1.9110000133514404,
        1.9110000133514404,
        1.9110000133514404,
        1.9140000343322754,
        1.9140000343322754,
        1.9179999828338623,
        1.9179999828338623,
        1.9179999828338623,
        1.9210000038146973,
        1.9210000038146973,
        1.9239999055862427,
        1.9239999055862427,
        1.9270000457763672,
        1.9270000457763672,
        1.930999994277954,
        1.930999994277954,
        1.934000015258789,
        1.934000015258789,
        1.937000036239624,
        1.940000057220459,
        1.9470000267028809,
        1.9470000267028809,
        1.9499999284744263,
        1.9499999284744263,
        1.9529999494552612,
        1.9570000171661377,
        1.9570000171661377,
        1.959999918937683,
        1.959999918937683,
        1.9630000591278076,
        1.9630000591278076,
        1.9670000076293945,
        1.9670000076293945,
        1.9700000286102295,
        1.9700000286102295,
        1.9730000495910645,
        1.9730000495910645,
        1.9760000705718994,
        1.9760000705718994,
        1.9800000190734863,
        1.9800000190734863,
        1.9830000400543213,
        1.9859999418258667,
        1.9859999418258667,
        1.9889999628067017,
        1.9889999628067017,
        1.9930000305175781,
        1.9930000305175781,
        1.9959999322891235,
        1.9959999322891235,
        1.999000072479248,
        1.999000072479248,
        2.002000093460083
    ],
    "Generations needed": 43,
    "Population 1": 212.71499633789063,
    "Population 10": 1911.0,
    "Population 11": 1911.0,
    "Population 12": 1911.0,
    "Population 13": 1951.8599853515625,
    "Population 14": 2550.455078125,
    "Population 15": 2562.0,
    "Population 16": 2562.0,
    "Population 17": 2562.0,
    "Population 18": 2602.219970703125,
    "Population 19": 2925.60498046875,
    "Population 2": 743.4149780273438,
    "Population 20": 2935.0,
    "Population 21": 2935.0,
    "Population 22": 2935.0,
    "Population 23": 2973.89501953125,
    "Population 24": 3578.169921875,
    "Population 25": 3586.0,
    "Population 26": 3586.0,
    "Population 27": 3586.0,
    "Population 28": 3611.239990234375,
    "Population 29": 3953.090087890625,
    "Population 3": 1266.1400146484375,
    "Population 30": 3959.0,
    "Population 31": 3959.0,
    "Population 32": 3959.0,
    "Population 33": 3990.780029296875,
    "Population 34": 4603.490234375,
    "Population 35": 4610.0,
    "Population 36": 4610.0,
    "Population 37": 4610.0,
    "Population 38": 4656.47998046875,
    "Population 39": 4981.68994140625,
    "Population 4": 1521.7249755859375,
    "Population 40": 4983.0,
    "Population 41": 4983.0,
    "Population 42": 4983.0,
    "Population 43": 4984.294921875,
    "Population 5": 1538.0,
    "Population 6": 1538.0,
    "Population 7": 1538.0,
    "Population 8": 1574.885009765625,
    "Population 9": 1900.7349853515625,
    "start": "today"
}
