{
    "Champ at 1": 887.0,
    "Champ at 10": 1911.0,
    "Champ at 11": 1911.0,
    "Champ at 12": 1911.0,
    "Champ at 13": 1911.0,
    "Champ at 14": 2562.0,
    "Champ at 15": 2865.0,
    "Champ at 16": 2866.0,
    "Champ at 17": 2866.0,
    "Champ at 18": 2866.0,
    "Champ at 19": 2866.0,
    "Champ at 2": 1538.0,
    "Champ at 20": 2866.0,
    "Champ at 21": 3898.0,
    "Champ at 22": 3898.0,
    "Champ at 23": 3898.0,
    "Champ at 24": 3898.0,
    "Champ at 25": 3898.0,
    "Champ at 26": 3898.0,
    "Champ at 27": 4983.0,
    "Champ at 28": 4983.0,
    "Champ at 29": 4983.0,
    "Champ at 3": 1538.0,
    "Champ at 30": 4983.0,
    "Champ at 31": 4983.0,
    "Champ at 32": 4983.0,
    "Champ at 33": 5171.0,
    "Champ at 4": 1538.0,
    "Champ at 5": 1538.0,
    "Champ at 6": 1538.0,
    "Champ at 7": 1538.0,
    "Champ at 8": 1911.0,
    "Champ at 9": 1911.0,
    "ChampFitness": 5171.0,
    "ChampInputs": [
        1.8830000162124634,
        1.8870000839233398,
        1.8899999856948853,
        1.8899999856948853,
        1.8930000066757202,
        1.8930000066757202,
        3.098820209503174,
        1.8970000743865967,
        1.8970000743865967,
        1.899999976158142,
        1.899999976158142,
        2.3989999294281006,
        1.9059998989105225,
        1.9059998989105225,
        3.320643186569214,
        1.909999966621399,
        1.9130001068115234,
        1.9130001068115234,
        1.9159998893737793,
        1.9159998893737793,
        1.9190000295639038,
        1.9190000295639038,
        3.573000192642212,
        1.9290000200271606,
        1.9320000410079956,
        1.9320000410079956,
        1.9359999895095825,
        1.9359999895095825,
        1.9390000104904175,
        1.9390000104904175,
        3.4189999103546143,
        1.9490001201629639,
        1.9490001201629639,
        1.9519999027252197,
        1.9519999027252197,
        1.9519999027252197,
        1.9550000429153442,
        1.9550000429153442,
        3.388000011444092,
        1.9589998722076416,
        1.9620000123977661,
        1.9620000123977661,
        1.965000033378601,
        1.965000033378601,
        1.965000033378601,
        1.9679999351501465,
        1.9679999351501465,
        1.972000002861023,
        1.972000002861023,
        1.972000002861023,
        1.975000023841858,
        1.975000023841858,
        1.975000023841858,
        1.9779999256134033,
        1.9779999256134033,
        1.9809999465942383,
        1.9809999465942383,
        1.9809999465942383,
        1.9850001335144043,
        1.9850001335144043,
        1.9850001335144043,
        1.9879999160766602,
        1.9879999160766602,
        1.9910000562667847,
        1.9910000562667847,
        1.9910000562667847,
        1.994999885559082,
        1.994999885559082,
        1.9980000257492065,
        1.9980000257492065,
        1.9980000257492065,
        2.000999927520752,
        2.000999927520752,
        2.003999948501587,
        2.003999948501587,
        2.007999897003174,
        2.007999897003174,
        2.011000156402588,
        2.011000156402588,
        2.0139999389648438,
        2.0139999389648438,
        2.0169999599456787,
        2.0169999599456787,
        2.0209999084472656,
        2.0209999084472656,
        2.0239999294281006,
        2.0239999294281006,
        2.0269999504089355,
        2.0269999504089355,
        2.0299999713897705,
        2.0299999713897705,
        2.0339999198913574,
        2.0339999198913574,
        2.0370001792907715,
        2.0370001792907715,
        2.0399999618530273,
        2.0399999618530273,
        2.0429999828338623,
        2.0429999828338623,
        2.046999931335449
    ],
    "Generations needed": 33,
    "Population 1": 203.05999755859375,
    "Population 10": 1911.0,
    "Population 11": 1911.0,
    "Population 12": 1911.0,
    "Population 13": 1911.0,
    "Population 14": 1935.9599609375,
    "Population 15": 2542.6298828125,
    "Population 16": 2858.719970703125,
    "Population 17": 2866.0,
    "Population 18": 2866.0,
    "Population 19": 2866.0,
    "Population 2": 783.35498046875,
    "Population 20": 2866.0,
    "Population 21": 2963.034912109375,
    "Population 22": 3883.554931640625,
    "Population 23": 3898.0,
    "Population 24": 3898.0,
    "Population 25": 3898.0,
    "Population 26": 3898.0,
    "Population 27": 3998.530029296875,
    "Population 28": 4974.10498046875,
    "Population 29": 4983.0,
    "Population 3": 1503.2149658203125,
    "Population 30": 4983.0,
    "Population 31": 4983.0,
    "Population 32": 4983.0,
    "Population 33": 4983.7548828125,
    "Population 4": 1538.0,
    "Population 5": 1538.0,
    "Population 6": 1538.0,
    "Population 7": 1538.0,
    "Population 8": 1581.9300537109375,
    "Population 9": 1901.9549560546875,
    "start": "today"
}
