{
    "Champ at 1": 887.0,
    "Champ at 10": 1911.0,
    "Champ at 11": 1911.0,
    "Champ at 12": 1911.0,
    "Champ at 13": 1911.0,
    "Champ at 14": 1911.0,
    "Champ at 15": 2562.0,
    "Champ at 16": 2562.0,
    "Champ at 17": 2562.0,
    "Champ at 18": 2562.0,
    "Champ at 19": 2562.0,
    "Champ at 2": 1277.0,
    "Champ at 20": 2562.0,
    "Champ at 21": 2935.0,
    "Champ at 22": 2935.0,
    "Champ at 23": 2935.0,
    "Champ at 24": 2935.0,
    "Champ at 25": 2935.0,
    "Champ at 26": 2935.0,
    "Champ at 27": 3892.0,
    "Champ at 28": 3893.0,
    "Champ at 29": 3893.0,
    "Champ at 3": 1538.0,
    "Champ at 30": 3893.0,
    "Champ at 31": 3893.0,
    "Champ at 32": 3893.0,
    "Champ at 33": 4925.0,
    "Champ at 34": 4925.0,
    "Champ at 35": 4925.0,
    "Champ at 36": 4925.0,
    "Champ at 37": 4925.0,
    "Champ at 38": 4925.0,
    "Champ at 39": 5168.0,
    "Champ at 4": 1538.0,
    "Champ at 5": 1538.0,
    "Champ at 6": 1538.0,
    "Champ at 7": 1538.0,
    "Champ at 8": 1538.0,
    "Champ at 9": 1911.0,
    "ChampFitness": 5168.0,
    "ChampInputs": [
        1.8830000162124634,
        1.8830000162124634,
        1.8870000839233398,
        1.8870000839233398,
        1.8870000839233398,
        1.8899999856948853,
        1.8899999856948853,
        1.1608341932296753,
        1.8930000066757202,
        1.8960000276565552,
        1.8960000276565552,
        1.8960000276565552,
        2.495999813079834,
        1.899999976158142,
        1.902999997138977,
        3.253999948501587,
        1.902999997138977,
        1.9059998989105225,
        1.9059998989105225,
        1.9089999198913574,
        0.35500001907348633,
        1.9130001068115234,
        1.9130001068115234,
        1.9130001068115234,
        3.3159730434417725,
        1.9159998893737793,
        1.9190000295639038,
        1.9190000295639038,
        1.9230000972747803,
        1.9230000972747803,
        1.9259999990463257,
        1.9259999990463257,
        3.555999994277954,
        1.9320000410079956,
        1.9320000410079956,
        1.9359999895095825,
        1.9390000104904175,
        1.9390000104904175,
        1.941999912261963,
        1.941999912261963,
        3.4150002002716064,
        1.9490001201629639,
        1.9490001201629639,
        1.9519999027252197,
        1.9550000429153442,
        1.9550000429153442,
        1.9580000638961792,
        1.9620000123977661,
        1.9620000123977661,
        1.965000033378601,
        1.9679999351501465,
        1.9679999351501465,
        1.972000002861023,
        1.975000023841858,
        1.975000023841858,
        1.9779999256134033,
        1.9809999465942383,
        1.9809999465942383,
        1.9850001335144043,
        1.9850001335144043,
        1.9879999160766602,
        1.9879999160766602,
        1.9910000562667847,
        1.9910000562667847,
        1.99399995803833,
        1.9980000257492065,
        1.9980000257492065,
        2.000999927520752,
        2.000999927520752,
        2.003999948501587,
        2.003999948501587,
        2.006999969482422,
        2.011000156402588,
        2.011000156402588,
        2.0139999389648438,
        2.0139999389648438,
        2.0169999599456787,
        2.0169999599456787,
        2.0209999084472656,
        2.0209999084472656,
        2.0239999294281006,
        2.0239999294281006,
        2.0269999504089355,
        2.0269999504089355,
        2.0299999713897705,
        2.0299999713897705,
        2.0339999198913574,
        2.0370001792907715,
        2.0370001792907715,
        2.0399999618530273,
        2.0429999828338623,
        2.0429999828338623,
        2.046999931335449,
        2.046999931335449,
        2.046999931335449,
        2.049999952316284,
        2.049999952316284,
        2.052999973297119,
        2.052999973297119,
        2.055999994277954
    ],
    "Generations needed": 39,
    "Population 1": 199.64999389648438,
    "Population 10": 1905.8349609375,
    "Population 11": 1911.0,
    "Population 12": 1911.0,
    "Population 13": 1911.0,
    "Population 14": 1911.0,
    "Population 15": 1953.5150146484375,
    "Population 16": 2548.97998046875,
    "Population 17": 2562.0,
    "Population 18": 2562.0,
    "Population 19": 2562.0,
    "Population 2": 780.5850219726563,
    "Population 20": 2562.0,
    "Population 21": 2628.5400390625,
    "Population 22": 2925.014892578125,
    "Population 23": 2935.0,
    "Population 24": 2935.0,
    "Population 25": 2935.0,
    "Population 26": 2935.0,
    "Population 27": 2976.10498046875,
    "Population 28": 3868.080078125,
    "Population 29": 3893.0,
    "Population 3": 1242.300048828125,
    "Population 30": 3893.0,
    "Population 31": 3893.0,
    "Population 32": 3893.0,
    "Population 33": 3974.60009765625,
    "Population 34": 4907.89013671875,
    "Population 35": 4925.0,
    "Population 36": 4925.0,
    "Population 37": 4925.0,
    "Population 38": 4925.0,
    "Population 39": 4990.81005859375,
    "Population 4": 1534.14501953125,
    "Population 5": 1538.0,
    "Population 6": 1538.0,
    "Population 7": 1538.0,
    "Population 8": 1538.0,
    "Population 9": 1583.6800537109375,
    "start": "today"
}
