{
    "Champ at 1": 830.0,
    "Champ at 10": 1911.0,
    "Champ at 11": 1911.0,
    "Champ at 12": 1911.0,
    "Champ at 13": 1911.0,
    "Champ at 14": 1911.0,
    "Champ at 15": 2562.0,
    "Champ at 16": 2562.0,
    "Champ at 17": 2562.0,
    "Champ at 18": 2562.0,
    "Champ at 19": 2562.0,
    "Champ at 2": 1280.0,
    "Champ at 20": 2562.0,
    "Champ at 21": 2935.0,
    "Champ at 22": 2935.0,
    "Champ at 23": 2935.0,
    "Champ at 24": 2935.0,
    "Champ at 25": 2935.0,
    "Champ at 26": 2935.0,
    "Champ at 27": 3586.0,
    "Champ at 28": 3586.0,
    "Champ at 29": 3586.0,
    "Champ at 3": 1538.0,
    "Champ at 30": 3586.0,
    "Champ at 31": 3586.0,
    "Champ at 32": 3586.0,
    "Champ at 33": 3959.0,
    "Champ at 34": 3959.0,
    "Champ at 35": 3959.0,
    "Champ at 36": 3959.0,
    "Champ at 37": 3959.0,
    "Champ at 38": 3959.0,
    "Champ at 39": 4917.0,
    "Champ at 4": 1538.0,
    "Champ at 40": 4917.0,
    "Champ at 41": 4917.0,
    "Champ at 42": 4917.0,
    "Champ at 43": 4917.0,
    "Champ at 44": 4917.0,
    "Champ at 45": 5168.0,
    "Champ at 5": 1538.0,
    "Champ at 6": 1538.0,
    "Champ at 7": 1538.0,
    "Champ at 8": 1538.0,
    "Champ at 9": 1911.0,
    "ChampFitness": 5168.0,
    "ChampInputs": [
        1.8619999885559082,
        1.8650000095367432,
        1.8650000095367432,
        1.8680000305175781,
        1.8680000305175781,
        1.8709999322891235,
        3.34220027923584,
        1.875,
        1.878000020980835,
        1.878000020980835,
        1.8809999227523804,
        0.6419999599456787,
        1.8840000629425049,
        1.8840000629425049,
        1.8880000114440918,
        3.0379998683929443,
        1.8910000324249268,
        1.8940000534057617,
        1.8940000534057617,
        1.8980000019073486,
        0.6520000100135803,
        1.9010000228881836,
        1.9040000438690186,
        1.9040000438690186,
        3.057000160217285,
        1.9110000133514404,
        1.9110000133514404,
        1.9140000343322754,
        1.9169999361038208,
        0.5,
        1.9200000762939453,
        1.9239999055862427,
        1.9239999055862427,
        3.0899999141693115,
        1.9300000667572021,
        1.9300000667572021,
        1.9329999685287476,
        1.9329999685287476,
        1.937000036239624,
        1.937000036239624,
        1.937000036239624,
        3.5399999618530273,
        1.940000057220459,
        1.9429999589920044,
        1.9429999589920044,
        1.9429999589920044,
        1.9459999799728394,
        1.9459999799728394,
        1.9499999284744263,
        1.9499999284744263,
        1.9529999494552612,
        1.9560000896453857,
        1.9560000896453857,
        1.959999918937683,
        1.959999918937683,
        1.9630000591278076,
        1.9630000591278076,
        1.9660000801086426,
        1.9660000801086426,
        1.968999981880188,
        1.968999981880188,
        1.9730000495910645,
        1.9730000495910645,
        1.9760000705718994,
        1.9760000705718994,
        1.9760000705718994,
        1.9789999723434448,
        1.9819999933242798,
        1.9819999933242798,
        1.9859999418258667,
        1.9859999418258667,
        1.9889999628067017,
        1.9889999628067017,
        1.9920001029968262,
        1.9920001029968262,
        1.994999885559082,
        1.994999885559082,
        1.999000072479248,
        1.999000072479248,
        1.999000072479248,
        2.002000093460083,
        2.002000093460083,
        2.004999876022339,
        2.004999876022339,
        2.004999876022339,
        2.009000062942505,
        2.009000062942505,
        2.0119998455047607,
        2.0119998455047607,
        2.0119998455047607,
        2.0149998664855957,
        2.0149998664855957,
        2.0180001258850098,
        2.0180001258850098,
        2.0219998359680176,
        2.0219998359680176,
        2.0250000953674316,
        2.0250000953674316,
        2.0280001163482666,
        2.0280001163482666
    ],
    "Generations needed": 45,
    "Population 1": 200.52999877929688,
    "Population 10": 1900.4449462890625,
    "Population 11": 1911.0,
    "Population 12": 1911.0,
    "Population 13": 1911.0,
    "Population 14": 1911.0,
    "Population 15": 1968.0250244140625,
    "Population 16": 2551.3798828125,
    "Population 17": 2562.0,
    "Population 18": 2562.0,
    "Population 19": 2562.0,
    "Population 2": 764.8499755859375,
    "Population 20": 2562.0,
    "Population 21": 2615.0,
    "Population 22": 2931.695068359375,
    "Population 23": 2935.0,
    "Population 24": 2935.0,
    "Population 25": 2935.0,
    "Population 26": 2935.0,
    "Population 27": 2972.830078125,
    "Population 28": 3578.364990234375,
    "Population 29": 3586.0,
    "Population 3": 1267.81005859375,
    "Population 30": 3586.0,
    "Population 31": 3586.0,
    "Population 32": 3586.0,
    "Population 33": 3622.304931640625,
    "Population 34": 3957.135009765625,
    "Population 35": 3959.0,
    "Population 36": 3959.0,
    "Population 37": 3959.0,
    "Population 38": 3959.0,
    "Population 39": 4016.89501953125,
    "Population 4": 1513.030029296875,
    "Population 40": 4906.93505859375,
    "Population 41": 4917.0,
    "Population 42": 4917.0,
    "Population 43": 4917.0,
    "Population 44": 4917.0,
    "Population 45": 4971.5849609375,
    "Population 5": 1538.0,
    "Population 6": 1538.0,
    "Population 7": 1538.0,
    "Population 8": 1538.0,
    "Population 9": 1584.8900146484375,
    "start": "today"
}
