{
    "Champ at 1": 825.0,
    "Champ at 10": 1538.0,
    "Champ at 11": 1538.0,
    "Champ at 12": 1538.0,
    "Champ at 13": 1538.0,
    "Champ at 14": 1911.0,
    "Champ at 15": 1911.0,
    "Champ at 16": 1911.0,
    "Champ at 17": 1911.0,
    "Champ at 18": 1911.0,
    "Champ at 19": 2562.0,
    "Champ at 2": 887.0,
    "Champ at 20": 2562.0,
    "Champ at 21": 2562.0,
    "Champ at 22": 2562.0,
    "Champ at 23": 2562.0,
    "Champ at 24": 2935.0,
    "Champ at 25": 2935.0,
    "Champ at 26": 2935.0,
    "Champ at 27": 2935.0,
    "Champ at 28": 2935.0,
    "Champ at 29": 3586.0,
    "Champ at 3": 887.0,
    "Champ at 30": 3586.0,
    "Champ at 31": 3586.0,
    "Champ at 32": 3586.0,
    "Champ at 33": 3586.0,
    "Champ at 34": 3959.0,
    "Champ at 35": 3959.0,
    "Champ at 36": 3959.0,
    "Champ at 37": 3959.0,
    "Champ at 38": 4610.0,
    "Champ at 39": 4911.0,
    "Champ at 4": 887.0,
    "Champ at 40": 4911.0,
    "Champ at 41": 4911.0,
    "Champ at 42": 4911.0,
    "Champ at 43": 4911.0,
    "Champ at 44": 5166.0,
    "Champ at 5": 887.0,
    "Champ at 6": 887.0,
    "Champ at 7": 887.0,
    "Champ at 8": 1538.0,
    "Champ at 9": 1538.0,
    "ChampFitness": 5166.0,
    "ChampInputs": [
        1.8489999771118164,
        0.22689378261566162,
        1.8559999465942383,
        1.8559999465942383,
        1.8589999675750732,
        1.8589999675750732,
        1.8619999885559082,
        3.0789999961853027,
        1.8650000095367432,
        1.8650000095367432,
        1.8650000095367432,
        1.8690000772476196,
        0.7029999494552612,
        1.871999979019165,
        1.871999979019165,
        1.875,
        3.192999839782715,
        1.8790000677108765,
        1.8790000677108765,
        1.8819999694824219,
        1.8819999694824219,
        2.6660001277923584,
        1.8849999904632568,
        1.8880000114440918,
        3.068000078201294,
        1.8919999599456787,
        1.8919999599456787,
        1.8949999809265137,
        1.8949999809265137,
        0.48900002241134644,
        1.8980000019073486,
        1.8980000019073486,
        1.9010000228881836,
        3.3634300231933594,
        1.90500009059906,
        1.90500009059906,
        1.9079999923706055,
        1.9079999923706055,
        1.9110000133514404,
        1.9110000133514404,
        1.9110000133514404,
        3.611999988555908,
        1.9140000343322754,
        1.9179999828338623,
        1.9179999828338623,
        1.9210000038146973,
        1.9239999055862427,
        1.9239999055862427,
        1.9279999732971191,
        1.930999994277954,
        1.930999994277954,
        1.934000015258789,
        1.934000015258789,
        1.937000036239624,
        1.9410001039505005,
        1.9410001039505005,
        1.944000005722046,
        1.9470000267028809,
        1.9470000267028809,
        1.9499999284744263,
        1.9499999284744263,
        1.9499999284744263,
        1.9539999961853027,
        1.9539999961853027,
        1.9570000171661377,
        1.9570000171661377,
        1.959999918937683,
        1.959999918937683,
        1.959999918937683,
        1.9630000591278076,
        1.9630000591278076,
        1.9670000076293945,
        1.9670000076293945,
        1.9700000286102295,
        1.9700000286102295,
        1.9700000286102295,
        1.9730000495910645,
        1.9730000495910645,
        1.9769999980926514,
        1.9769999980926514,
        1.9769999980926514,
        1.9800000190734863,
        1.9800000190734863,
        1.9830000400543213,
        1.9830000400543213,
        1.9859999418258667,
        1.9859999418258667,
        1.9859999418258667,
        1.9900000095367432,
        1.9900000095367432,
        1.9930000305175781,
        1.9930000305175781,
        1.9959999322891235,
        1.9959999322891235,
        1.999000072479248,
        1.999000072479248,
        2.003000020980835,
        2.003000020980835,
        2.003000020980835,
        2.00600004196167
    ],
    "Generations needed": 44,
    "Population 1": 206.80999755859375,
    "Population 10": 1534.7449951171875,
    "Population 11": 1538.0,
    "Population 12": 1538.0,
    "Population 13": 1538.0,
    "Population 14": 1581.0050048828125,
    "Population 15": 1908.7550048828125,
    "Population 16": 1911.0,
    "Population 17": 1911.0,
    "Population 18": 1911.0,
    "Population 19": 1957.6600341796875,
    "Population 2": 742.9749755859375,
    "Population 20": 2557.340087890625,
    "Population 21": 2562.0,
    "Population 22": 2562.0,
    "Population 23": 2562.0,
    "Population 24": 2606.205078125,
    "Population 25": 2934.014892578125,
    "Population 26": 2935.0,
    "Population 27": 2935.0,
    "Population 28": 2935.0,
    "Population 29": 2986.550048828125,
    "Population 3": 869.60498046875,
    "Population 30": 3577.72998046875,
    "Population 31": 3586.0,
    "Population 32": 3586.0,
    "Population 33": 3586.0,
    "Population 34": 3633.514892578125,
    "Population 35": 3959.0,
    "Population 36": 3959.0,
    "Population 37": 3959.0,
    "Population 38": 3983.780029296875,
    "Population 39": 4600.330078125,
    "Population 4": 885.4149780273438,
    "Population 40": 4903.22509765625,
    "Population 41": 4911.0,
    "Population 42": 4911.0,
    "Population 43": 4911.0,
    "Population 44": 4975.93994140625,
    "Population 5": 886.0150146484375,
    "Population 6": 886.0150146484375,
    "Population 7": 886.0150146484375,
    "Population 8": 933.1950073242188,
    "Population 9": 1515.4150390625,
    "start": "today"
}
