{
    "Champ at 1": 819.0,
    "Champ at 10": 1911.0,
    "Champ at 11": 1911.0,
    "Champ at 12": 1911.0,
    "Champ at 13": 1911.0,
    "Champ at 14": 1911.0,
    "Champ at 15": 1911.0,
    "Champ at 16": 2562.0,
    "Champ at 17": 2562.0,
    "Champ at 18": 2562.0,
    "Champ at 19": 2562.0,
    "Champ at 2": 1276.0,
    "Champ at 20": 2562.0,
    "Champ at 21": 2562.0,
    "Champ at 22": 2935.0,
    "Champ at 23": 2935.0,
    "Champ at 24": 2935.0,
    "Champ at 25": 2935.0,
    "Champ at 26": 2935.0,
    "Champ at 27": 2935.0,
    "Champ at 28": 3586.0,
    "Champ at 29": 3586.0,
    "Champ at 3": 1538.0,
    "Champ at 30": 3586.0,
    "Champ at 31": 3586.0,
    "Champ at 32": 3586.0,
    "Champ at 33": 3959.0,
    "Champ at 34": 3959.0,
    "Champ at 35": 3959.0,
    "Champ at 36": 3959.0,
    "Champ at 37": 3959.0,
    "Champ at 38": 3959.0,
    "Champ at 39": 4610.0,
    "Champ at 4": 1538.0,
    "Champ at 40": 4610.0,
    "Champ at 41": 4610.0,
    "Champ at 42": 4610.0,
    "Champ at 43": 4610.0,
    "Champ at 44": 4983.0,
    "Champ at 45": 4983.0,
    "Champ at 46": 4983.0,
    "Champ at 47": 4983.0,
    "Champ at 48": 4983.0,
    "Champ at 49": 4983.0,
    "Champ at 5": 1538.0,
    "Champ at 50": 5163.0,
    "Champ at 6": 1538.0,
    "Champ at 7": 1538.0,
    "Champ at 8": 1538.0,
    "Champ at 9": 1911.0,
    "ChampFitness": 5163.0,
    "ChampInputs": [
        1.8340001106262207,
        1.837999939918518,
        1.837999939918518,
        2.073887586593628,
        1.837999939918518,
        1.8410000801086426,
        3.278491973876953,
        1.8410000801086426,
        1.8440001010894775,
        1.8440001010894775,
        1.8440001010894775,
        2.697000026702881,
        1.847000002861023,
        1.847000002861023,
        3.1500000953674316,
        1.8510000705718994,
        1.8510000705718994,
        1.8510000705718994,
        1.8539999723434448,
        2.694000005722046,
        1.8539999723434448,
        1.8569999933242798,
        3.1510000228881836,
        1.8569999933242798,
        1.8610000610351563,
        1.8610000610351563,
        1.8610000610351563,
        2.638000011444092,
        1.8639999628067017,
        1.8639999628067017,
        3.243000030517578,
        1.8669999837875366,
        1.8669999837875366,
        1.8669999837875366,
        1.8700001239776611,
        0.6570000052452087,
        1.8700001239776611,
        1.8739999532699585,
        1.8739999532699585,
        3.2249999046325684,
        1.8739999532699585,
        1.877000093460083,
        1.877000093460083,
        1.877000093460083,
        1.8799998760223389,
        1.8799998760223389,
        1.8799998760223389,
        1.8830000162124634,
        1.8830000162124634,
        1.8830000162124634,
        1.8870000839233398,
        1.8870000839233398,
        1.8870000839233398,
        1.8870000839233398,
        1.8899999856948853,
        1.8899999856948853,
        1.8899999856948853,
        1.8930000066757202,
        1.8930000066757202,
        1.8930000066757202,
        1.8960000276565552,
        1.8960000276565552,
        1.8960000276565552,
        1.899999976158142,
        1.899999976158142,
        1.899999976158142,
        1.899999976158142,
        1.902999997138977,
        1.902999997138977,
        1.902999997138977,
        1.9059998989105225,
        1.9059998989105225,
        1.9059998989105225,
        1.9089999198913574,
        1.9089999198913574,
        1.9089999198913574,
        1.9089999198913574,
        1.9130001068115234,
        1.9130001068115234,
        1.9130001068115234,
        1.9159998893737793,
        1.9159998893737793,
        1.9159998893737793,
        1.9190000295639038,
        1.9190000295639038,
        1.9190000295639038,
        1.9230000972747803,
        1.9230000972747803,
        1.9230000972747803,
        1.9230000972747803,
        1.9259999990463257,
        1.9259999990463257,
        1.9259999990463257,
        1.9290000200271606,
        1.9290000200271606,
        1.9290000200271606,
        1.9320000410079956,
        1.9320000410079956,
        1.9320000410079956,
        1.9359999895095825
    ],
    "Generations needed": 50,
    "Population 1": 192.98500061035156,
    "Population 10": 1903.68994140625,
    "Population 11": 1906.75,
    "Population 12": 1911.0,
    "Population 13": 1911.0,
    "Population 14": 1911.0,
    "Population 15": 1911.0,
    "Population 16": 1952.4449462890625,
    "Population 17": 2542.659912109375,
    "Population 18": 2562.0,
    "Population 19": 2562.0,
    "Population 2": 744.8300170898438,
    "Population 20": 2562.0,
    "Population 21": 2562.0,
    "Population 22": 2597.27490234375,
    "Population 23": 2930.93994140625,
    "Population 24": 2935.0,
    "Population 25": 2935.0,
    "Population 26": 2935.0,
    "Population 27": 2935.0,
    "Population 28": 2965.280029296875,
    "Population 29": 3586.0,
    "Population 3": 1238.175048828125,
    "Population 30": 3586.0,
    "Population 31": 3586.0,
    "Population 32": 3586.0,
    "Population 33": 3615.864990234375,
    "Population 34": 3957.22509765625,
    "Population 35": 3959.0,
    "Population 36": 3959.0,
    "Population 37": 3959.0,
    "Population 38": 3959.0,
    "Population 39": 4008.2099609375,
    "Population 4": 1536.4200439453125,
    "Population 40": 4610.0,
    "Population 41": 4610.0,
    "Population 42": 4610.0,
    "Population 43": 4610.0,
    "Population 44": 4653.6201171875,
    "Population 45": 4972.2900390625,
    "Population 46": 4983.0,
    "Population 47": 4983.0,
    "Population 48": 4983.0,
    "Population 49": 4983.0,
    "Population 5": 1538.0,
    "Population 50": 4985.60498046875,
    "Population 6": 1538.0,
    "Population 7": 1538.0,
    "Population 8": 1538.0,
    "Population 9": 1576.925048828125,
    "start": "today"
}
