{
    "Champ at 1": 830.0,
    "Champ at 10": 1911.0,
    "Champ at 11": 1911.0,
    "Champ at 12": 1911.0,
    "Champ at 13": 1911.0,
    "Champ at 14": 1911.0,
    "Champ at 15": 2562.0,
    "Champ at 16": 2562.0,
    "Champ at 17": 2562.0,
    "Champ at 18": 2562.0,
    "Champ at 19": 2562.0,
    "Champ at 2": 1276.0,
    "Champ at 20": 2562.0,
    "Champ at 21": 2562.0,
    "Champ at 22": 2935.0,
    "Champ at 23": 2935.0,
    "Champ at 24": 2935.0,
    "Champ at 25": 2935.0,
    "Champ at 26": 2935.0,
    "Champ at 27": 2935.0,
    "Champ at 28": 3586.0,
    "Champ at 29": 3586.0,
    "Champ at 3": 1538.0,
    "Champ at 30": 3586.0,
    "Champ at 31": 3586.0,
    "Champ at 32": 3586.0,
    "Champ at 33": 3586.0,
    "Champ at 34": 3959.0,
    "Champ at 35": 3959.0,
    "Champ at 36": 3959.0,
    "Champ at 37": 3959.0,
    "Champ at 38": 3959.0,
    "Champ at 39": 3959.0,
    "Champ at 4": 1538.0,
    "Champ at 40": 4916.0,
    "Champ at 41": 4916.0,
    "Champ at 42": 4916.0,
    "Champ at 43": 4916.0,
    "Champ at 44": 4916.0,
    "Champ at 45": 4916.0,
    "Champ at 46": 5170.0,
    "Champ at 5": 1538.0,
    "Champ at 6": 1538.0,
    "Champ at 7": 1538.0,
    "Champ at 8": 1538.0,
    "Champ at 9": 1911.0,
    "ChampFitness": 5170.0,
    "ChampInputs": [
        1.8629999160766602,
        1.8659999370574951,
        2.0227608680725098,
        1.8690000772476196,
        1.8690000772476196,
        1.871999979019165,
        3.020827054977417,
        1.8760000467300415,
        1.8790000677108765,
        1.8790000677108765,
        1.8819999694824219,
        2.556999921798706,
        1.8860000371932983,
        1.8860000371932983,
        3.2649998664855957,
        1.8889999389648438,
        1.8919999599456787,
        1.8919999599456787,
        1.8949999809265137,
        0.4390000104904175,
        1.8989999294281006,
        1.9019999504089355,
        1.9019999504089355,
        3.2879998683929443,
        1.90500009059906,
        1.9079999923706055,
        1.9079999923706055,
        1.912000060081482,
        2.2319998741149902,
        1.9149999618530273,
        1.9179999828338623,
        3.2859997749328613,
        1.9210000038146973,
        1.9210000038146973,
        1.9249999523162842,
        1.9249999523162842,
        1.9279999732971191,
        1.9279999732971191,
        1.930999994277954,
        3.5910000801086426,
        1.934999942779541,
        1.937999963760376,
        1.937999963760376,
        1.9410001039505005,
        1.9410001039505005,
        1.944000005722046,
        1.944000005722046,
        1.9480000734329224,
        1.9509999752044678,
        1.9509999752044678,
        1.9539999961853027,
        1.9539999961853027,
        1.9570000171661377,
        1.9570000171661377,
        1.9609999656677246,
        1.9609999656677246,
        1.9639999866485596,
        1.9670000076293945,
        1.9670000076293945,
        1.9700000286102295,
        1.9700000286102295,
        1.9739999771118164,
        1.9739999771118164,
        1.9769999980926514,
        1.9769999980926514,
        1.9800000190734863,
        1.9800000190734863,
        1.9840000867843628,
        1.9840000867843628,
        1.9869999885559082,
        1.9900000095367432,
        1.9900000095367432,
        1.9930000305175781,
        1.9930000305175781,
        1.996999979019165,
        1.996999979019165,
        2.0,
        2.0,
        2.003000020980835,
        2.003000020980835,
        2.00600004196167,
        2.009999990463257,
        2.009999990463257,
        2.013000011444092,
        2.013000011444092,
        2.0160000324249268,
        2.0160000324249268,
        2.0190000534057617,
        2.0230000019073486,
        2.0230000019073486,
        2.0260000228881836,
        2.0260000228881836,
        2.0290000438690186,
        2.0290000438690186,
        2.0329999923706055,
        2.0329999923706055,
        2.0360000133514404,
        2.0360000133514404,
        2.0390000343322754,
        2.0390000343322754
    ],
    "Generations needed": 46,
    "Population 1": 208.0050048828125,
    "Population 10": 1903.5450439453125,
    "Population 11": 1911.0,
    "Population 12": 1911.0,
    "Population 13": 1911.0,
    "Population 14": 1911.0,
    "Population 15": 1947.8349609375,
    "Population 16": 2548.43994140625,
    "Population 17": 2558.7451171875,
    "Population 18": 2562.0,
    "Population 19": 2562.0,
    "Population 2": 772.3499755859375,
    "Population 20": 2562.0,
    "Population 21": 2562.0,
    "Population 22": 2605.8349609375,
    "Population 23": 2928.419921875,
    "Population 24": 2935.0,
    "Population 25": 2935.0,
    "Population 26": 2935.0,
    "Population 27": 2935.0,
    "Population 28": 2958.094970703125,
    "Population 29": 3576.235107421875,
    "Population 3": 1258.1949462890625,
    "Population 30": 3586.0,
    "Population 31": 3586.0,
    "Population 32": 3586.0,
    "Population 33": 3586.0,
    "Population 34": 3628.02490234375,
    "Population 35": 3952.419921875,
    "Population 36": 3959.0,
    "Population 37": 3959.0,
    "Population 38": 3959.0,
    "Population 39": 3959.0,
    "Population 4": 1504.0550537109375,
    "Population 40": 4018.284912109375,
    "Population 41": 4901.33984375,
    "Population 42": 4916.0,
    "Population 43": 4916.0,
    "Population 44": 4916.0,
    "Population 45": 4916.0,
    "Population 46": 4972.7099609375,
    "Population 5": 1538.0,
    "Population 6": 1538.0,
    "Population 7": 1538.0,
    "Population 8": 1538.0,
    "Population 9": 1577.1650390625,
    "start": "today"
}
