{
    "Champ at 1": 887.0,
    "Champ at 10": 1911.0,
    "Champ at 11": 1911.0,
    "Champ at 12": 1911.0,
    "Champ at 13": 2562.0,
    "Champ at 14": 2562.0,
    "Champ at 15": 2562.0,
    "Champ at 16": 2562.0,
    "Champ at 17": 2562.0,
    "Champ at 18": 2935.0,
    "Champ at 19": 2935.0,
    "Champ at 2": 1538.0,
    "Champ at 20": 2935.0,
    "Champ at 21": 2935.0,
    "Champ at 22": 2935.0,
    "Champ at 23": 3888.0,
    "Champ at 24": 3888.0,
    "Champ at 25": 3888.0,
    "Champ at 26": 3888.0,
    "Champ at 27": 3888.0,
    "Champ at 28": 4917.0,
    "Champ at 29": 4917.0,
    "Champ at 3": 1538.0,
    "Champ at 30": 4917.0,
    "Champ at 31": 4917.0,
    "Champ at 32": 4917.0,
    "Champ at 33": 5168.0,
    "Champ at 4": 1538.0,
    "Champ at 5": 1538.0,
    "Champ at 6": 1538.0,
    "Champ at 7": 1538.0,
    "Champ at 8": 1911.0,
    "Champ at 9": 1911.0,
    "ChampFitness": 5168.0,
    "ChampInputs": [
        1.8650000095367432,
        1.8690000772476196,
        1.871999979019165,
        1.871999979019165,
        1.875,
        1.875,
        3.277179002761841,
        1.8790000677108765,
        1.8819999694824219,
        1.8819999694824219,
        1.8849999904632568,
        2.49399995803833,
        1.8880000114440918,
        1.8919999599456787,
        3.2019999027252197,
        1.8949999809265137,
        1.8949999809265137,
        1.8980000019073486,
        1.8980000019073486,
        2.4240000247955322,
        1.9010000228881836,
        1.90500009059906,
        3.2179999351501465,
        1.9079999923706055,
        1.9079999923706055,
        1.9110000133514404,
        1.9110000133514404,
        1.9140000343322754,
        1.9140000343322754,
        1.9179999828338623,
        3.6070001125335693,
        1.9210000038146973,
        1.9210000038146973,
        1.9239999055862427,
        1.9239999055862427,
        1.9279999732971191,
        1.9279999732971191,
        1.930999994277954,
        3.5210001468658447,
        1.934000015258789,
        1.934000015258789,
        1.937000036239624,
        1.937000036239624,
        1.9410001039505005,
        1.9410001039505005,
        1.944000005722046,
        1.9470000267028809,
        1.9470000267028809,
        1.9499999284744263,
        1.9499999284744263,
        1.9539999961853027,
        1.9539999961853027,
        1.9570000171661377,
        1.9570000171661377,
        1.959999918937683,
        1.959999918937683,
        1.9630000591278076,
        1.9630000591278076,
        1.9670000076293945,
        1.9670000076293945,
        1.9700000286102295,
        1.9700000286102295,
        1.9730000495910645,
        1.9730000495910645,
        1.9769999980926514,
        1.9769999980926514,
        1.9800000190734863,
        1.9800000190734863,
        1.9830000400543213,
        1.9859999418258667,
        1.9859999418258667,
        1.9900000095367432,
        1.9900000095367432,
        1.9930000305175781,
        1.9930000305175781,
        1.9959999322891235,
        1.9959999322891235,
        1.999000072479248,
        1.999000072479248,
        2.003000020980835,
        2.003000020980835,
        2.00600004196167,
        2.00600004196167,
        2.009000062942505,
        2.009000062942505,
        2.0119998455047607,
        2.0119998455047607,
        2.0160000324249268,
        2.0160000324249268,
        2.0190000534057617,
        2.0190000534057617,
        2.0219998359680176,
        2.0250000953674316,
        2.0250000953674316,
        2.0290000438690186,
        2.0290000438690186,
        2.0320000648498535,
        2.0320000648498535,
        2.0350000858306885,
        2.0350000858306885
    ],
    "Generations needed": 33,
    "Population 1": 206.2899932861328,
    "Population 10": 1911.0,
    "Population 11": 1911.0,
    "Population 12": 1911.0,
    "Population 13": 1961.5699462890625,
    "Population 14": 2555.489990234375,
    "Population 15": 2562.0,
    "Population 16": 2562.0,
    "Population 17": 2562.0,
    "Population 18": 2608.3701171875,
    "Population 19": 2929.27001953125,
    "Population 2": 815.75,
    "Population 20": 2935.0,
    "Population 21": 2935.0,
    "Population 22": 2935.0,
    "Population 23": 2989.9951171875,
    "Population 24": 3884.97998046875,
    "Population 25": 3888.0,
    "Population 26": 3888.0,
    "Population 27": 3888.0,
    "Population 28": 3974.889892578125,
    "Population 29": 4909.31494140625,
    "Population 3": 1470.2349853515625,
    "Population 30": 4917.0,
    "Population 31": 4917.0,
    "Population 32": 4917.0,
    "Population 33": 4982.89990234375,
    "Population 4": 1534.7449951171875,
    "Population 5": 1538.0,
    "Population 6": 1538.0,
    "Population 7": 1538.0,
    "Population 8": 1586.3800048828125,
    "Population 9": 1903.6300048828125,
    "start": "today"
}
