{
    "Champ at 1": 887.0,
    "Champ at 10": 1911.0,
    "Champ at 11": 1911.0,
    "Champ at 12": 2562.0,
    "Champ at 13": 2562.0,
    "Champ at 14": 2562.0,
    "Champ at 15": 2562.0,
    "Champ at 16": 2562.0,
    "Champ at 17": 2935.0,
    "Champ at 18": 2935.0,
    "Champ at 19": 2935.0,
    "Champ at 2": 887.0,
    "Champ at 20": 2935.0,
    "Champ at 21": 2935.0,
    "Champ at 22": 3586.0,
    "Champ at 23": 3586.0,
    "Champ at 24": 3586.0,
    "Champ at 25": 3586.0,
    "Champ at 26": 3586.0,
    "Champ at 27": 3959.0,
    "Champ at 28": 3959.0,
    "Champ at 29": 3959.0,
    "Champ at 3": 1278.0,
    "Champ at 30": 3959.0,
    "Champ at 31": 3959.0,
    "Champ at 32": 4610.0,
    "Champ at 33": 4610.0,
    "Champ at 34": 4610.0,
    "Champ at 35": 4610.0,
    "Champ at 36": 4610.0,
    "Champ at 37": 4983.0,
    "Champ at 38": 4983.0,
    "Champ at 39": 4983.0,
    "Champ at 4": 1278.0,
    "Champ at 40": 4983.0,
    "Champ at 41": 4983.0,
    "Champ at 42": 5166.0,
    "Champ at 5": 1278.0,
    "Champ at 6": 1278.0,
    "Champ at 7": 1911.0,
    "Champ at 8": 1911.0,
    "Champ at 9": 1911.0,
    "ChampFitness": 5166.0,
    "ChampInputs": [
        1.8709999322891235,
        1.8739999532699585,
        1.8739999532699585,
        1.8739999532699585,
        1.878000020980835,
        1.878000020980835,
        1.8809999227523804,
        1.0851020812988281,
        1.8809999227523804,
        1.8840000629425049,
        2.757999897003174,
        1.8840000629425049,
        1.8840000629425049,
        1.8870000839233398,
        1.8870000839233398,
        3.055999755859375,
        1.8910000324249268,
        1.8910000324249268,
        1.8910000324249268,
        1.8940000534057617,
        2.625999927520752,
        1.8940000534057617,
        1.8970000743865967,
        3.006999969482422,
        1.8970000743865967,
        1.899999976158142,
        1.899999976158142,
        1.899999976158142,
        0.5339999794960022,
        1.9040000438690186,
        1.9040000438690186,
        1.906999945640564,
        3.1130001544952393,
        1.906999945640564,
        1.909999966621399,
        1.909999966621399,
        1.909999966621399,
        0.5160000324249268,
        1.9140000343322754,
        1.9140000343322754,
        1.9169999361038208,
        3.258999824523926,
        1.9169999361038208,
        1.9200000762939453,
        1.9200000762939453,
        1.9200000762939453,
        1.9230000972747803,
        1.9230000972747803,
        1.9230000972747803,
        1.9270000457763672,
        1.9270000457763672,
        1.9270000457763672,
        1.9300000667572021,
        1.9300000667572021,
        1.9300000667572021,
        1.9329999685287476,
        1.9329999685287476,
        1.9329999685287476,
        1.9359999895095825,
        1.9359999895095825,
        1.9359999895095825,
        1.9359999895095825,
        1.940000057220459,
        1.940000057220459,
        1.940000057220459,
        1.9429999589920044,
        1.9429999589920044,
        1.9429999589920044,
        1.9459999799728394,
        1.9459999799728394,
        1.9459999799728394,
        1.9490001201629639,
        1.9490001201629639,
        1.9490001201629639,
        1.9529999494552612,
        1.9529999494552612,
        1.9529999494552612,
        1.9560000896453857,
        1.9560000896453857,
        1.9560000896453857,
        1.9589998722076416,
        1.9589998722076416,
        1.9589998722076416,
        1.9630000591278076,
        1.9630000591278076,
        1.9630000591278076,
        1.9660000801086426,
        1.9660000801086426,
        1.9660000801086426,
        1.968999981880188,
        1.968999981880188,
        1.968999981880188,
        1.972000002861023,
        1.972000002861023,
        1.9760000705718994,
        1.9760000705718994,
        1.9760000705718994,
        1.9789999723434448,
        1.9789999723434448,
        1.9789999723434448
    ],
    "Generations needed": 42,
    "Population 1": 205.97999572753906,
    "Population 10": 1911.0,
    "Population 11": 1911.0,
    "Population 12": 1958.3900146484375,
    "Population 13": 2537.389892578125,
    "Population 14": 2562.0,
    "Population 15": 2562.0,
    "Population 16": 2562.0,
    "Population 17": 2602.989990234375,
    "Population 18": 2932.1201171875,
    "Population 19": 2935.0,
    "Population 2": 788.8800048828125,
    "Population 20": 2935.0,
    "Population 21": 2935.0,
    "Population 22": 2962.715087890625,
    "Population 23": 3579.489990234375,
    "Population 24": 3586.0,
    "Population 25": 3586.0,
    "Population 26": 3586.0,
    "Population 27": 3626.715087890625,
    "Population 28": 3958.705078125,
    "Population 29": 3959.0,
    "Population 3": 887.5800170898438,
    "Population 30": 3959.0,
    "Population 31": 3959.0,
    "Population 32": 4006.074951171875,
    "Population 33": 4605.34521484375,
    "Population 34": 4610.0,
    "Population 35": 4610.0,
    "Population 36": 4610.0,
    "Population 37": 4649.89990234375,
    "Population 38": 4977.40478515625,
    "Population 39": 4983.0,
    "Population 4": 1278.0,
    "Population 40": 4983.0,
    "Population 41": 4983.0,
    "Population 42": 4982.46484375,
    "Population 5": 1278.0,
    "Population 6": 1278.0,
    "Population 7": 1400.8299560546875,
    "Population 8": 1891.969970703125,
    "Population 9": 1911.0,
    "start": "today"
}
