{
    "Champ at 1": 887.0,
    "Champ at 10": 1911.0,
    "Champ at 11": 1911.0,
    "Champ at 12": 1911.0,
    "Champ at 13": 1911.0,
    "Champ at 14": 2863.0,
    "Champ at 15": 2863.0,
    "Champ at 16": 2863.0,
    "Champ at 17": 2863.0,
    "Champ at 18": 2863.0,
    "Champ at 19": 2863.0,
    "Champ at 2": 1538.0,
    "Champ at 20": 3890.0,
    "Champ at 21": 3890.0,
    "Champ at 22": 3890.0,
    "Champ at 23": 3890.0,
    "Champ at 24": 3890.0,
    "Champ at 25": 3890.0,
    "Champ at 26": 4918.0,
    "Champ at 27": 4918.0,
    "Champ at 28": 4918.0,
    "Champ at 29": 4918.0,
    "Champ at 3": 1538.0,
    "Champ at 30": 4918.0,
    "Champ at 31": 4918.0,
    "Champ at 32": 5168.0,
    "Champ at 4": 1538.0,
    "Champ at 5": 1538.0,
    "Champ at 6": 1538.0,
    "Champ at 7": 1538.0,
    "Champ at 8": 1911.0,
    "Champ at 9": 1911.0,
    "ChampFitness": 5168.0,
    "ChampInputs": [
        1.8790000677108765,
        1.8790000677108765,
        1.8819999694824219,
        1.8819999694824219,
        1.8860000371932983,
        1.8860000371932983,
        1.8860000371932983,
        1.261512279510498,
        1.8889999389648438,
        1.8919999599456787,
        1.8919999599456787,
        1.8919999599456787,
        0.640999972820282,
        1.8949999809265137,
        1.8989999294281006,
        1.8989999294281006,
        3.2190001010894775,
        1.9019999504089355,
        1.9019999504089355,
        1.90500009059906,
        1.90500009059906,
        1.90500009059906,
        1.9079999923706055,
        1.9079999923706055,
        3.6489999294281006,
        1.912000060081482,
        1.912000060081482,
        1.9149999618530273,
        1.9149999618530273,
        1.9149999618530273,
        1.9179999828338623,
        1.9179999828338623,
        3.5949997901916504,
        1.9220000505447388,
        1.9220000505447388,
        1.9249999523162842,
        1.9249999523162842,
        1.9279999732971191,
        1.9279999732971191,
        1.9279999732971191,
        3.5190000534057617,
        1.930999994277954,
        1.930999994277954,
        1.934999942779541,
        1.934999942779541,
        1.937999963760376,
        1.937999963760376,
        1.937999963760376,
        1.9410001039505005,
        1.9410001039505005,
        1.944000005722046,
        1.944000005722046,
        1.944000005722046,
        1.9480000734329224,
        1.9480000734329224,
        1.9509999752044678,
        1.9509999752044678,
        1.9509999752044678,
        1.9539999961853027,
        1.9539999961853027,
        1.9539999961853027,
        1.9570000171661377,
        1.9570000171661377,
        1.9609999656677246,
        1.9609999656677246,
        1.9609999656677246,
        1.9639999866485596,
        1.9639999866485596,
        1.9670000076293945,
        1.9670000076293945,
        1.9670000076293945,
        1.9709999561309814,
        1.9709999561309814,
        1.9709999561309814,
        1.9739999771118164,
        1.9739999771118164,
        1.9769999980926514,
        1.9769999980926514,
        1.9769999980926514,
        1.9800000190734863,
        1.9800000190734863,
        1.9840000867843628,
        1.9840000867843628,
        1.9840000867843628,
        1.9869999885559082,
        1.9869999885559082,
        1.9869999885559082,
        1.9900000095367432,
        1.9900000095367432,
        1.9930000305175781,
        1.9930000305175781,
        1.9930000305175781,
        1.996999979019165,
        1.996999979019165,
        2.0,
        2.0,
        2.0,
        2.003000020980835,
        2.003000020980835,
        2.00600004196167
    ],
    "Generations needed": 32,
    "Population 1": 201.1649932861328,
    "Population 10": 1911.0,
    "Population 11": 1911.0,
    "Population 12": 1911.0,
    "Population 13": 1911.0,
    "Population 14": 1950.5799560546875,
    "Population 15": 2853.47998046875,
    "Population 16": 2863.0,
    "Population 17": 2863.0,
    "Population 18": 2863.0,
    "Population 19": 2863.0,
    "Population 2": 791.0449829101563,
    "Population 20": 2959.169921875,
    "Population 21": 3885.22509765625,
    "Population 22": 3890.0,
    "Population 23": 3890.0,
    "Population 24": 3890.0,
    "Population 25": 3890.0,
    "Population 26": 3985.655029296875,
    "Population 27": 4903.615234375,
    "Population 28": 4918.0,
    "Population 29": 4918.0,
    "Population 3": 1494.0550537109375,
    "Population 30": 4918.0,
    "Population 31": 4918.0,
    "Population 32": 4982.634765625,
    "Population 4": 1538.0,
    "Population 5": 1538.0,
    "Population 6": 1538.0,
    "Population 7": 1538.0,
    "Population 8": 1565.6600341796875,
    "Population 9": 1907.27001953125,
    "start": "today"
}
