{
    "Champ at 1": 820.0,
    "Champ at 10": 1244.0,
    "Champ at 11": 1538.0,
    "Champ at 12": 1844.0,
    "Champ at 13": 1911.0,
    "Champ at 14": 1911.0,
    "Champ at 15": 1911.0,
    "Champ at 16": 1911.0,
    "Champ at 17": 1911.0,
    "Champ at 18": 1911.0,
    "Champ at 19": 1911.0,
    "Champ at 2": 887.0,
    "Champ at 20": 2265.0,
    "Champ at 21": 2306.0,
    "Champ at 22": 2306.0,
    "Champ at 23": 2306.0,
    "Champ at 24": 2306.0,
    "Champ at 25": 2306.0,
    "Champ at 26": 2306.0,
    "Champ at 27": 2306.0,
    "Champ at 28": 2306.0,
    "Champ at 29": 2306.0,
    "Champ at 3": 887.0,
    "Champ at 30": 2647.0,
    "Champ at 31": 2647.0,
    "Champ at 32": 2647.0,
    "Champ at 33": 2647.0,
    "Champ at 34": 2647.0,
    "Champ at 35": 2935.0,
    "Champ at 36": 2935.0,
    "Champ at 37": 2935.0,
    "Champ at 38": 2935.0,
    "Champ at 39": 2935.0,
    "Champ at 4": 887.0,
    "Champ at 40": 3299.0,
    "Champ at 41": 3447.0,
    "Champ at 42": 3447.0,
    "Champ at 43": 3447.0,
    "Champ at 44": 3447.0,
    "Champ at 45": 3447.0,
    "Champ at 46": 3586.0,
    "Champ at 47": 3586.0,
    "Champ at 48": 3586.0,
    "Champ at 49": 3671.0,
    "Champ at 5": 887.0,
    "Champ at 50": 3671.0,
    "Champ at 51": 3890.0,
    "Champ at 52": 3959.0,
    "Champ at 53": 3959.0,
    "Champ at 54": 3959.0,
    "Champ at 55": 3959.0,
    "Champ at 56": 3959.0,
    "Champ at 57": 3959.0,
    "Champ at 58": 3959.0,
    "Champ at 59": 3959.0,
    "Champ at 6": 887.0,
    "Champ at 60": 3959.0,
    "Champ at 61": 3959.0,
    "Champ at 62": 3959.0,
    "Champ at 63": 3959.0,
    "Champ at 64": 3959.0,
    "Champ at 65": 3959.0,
    "Champ at 66": 3959.0,
    "Champ at 67": 3959.0,
    "Champ at 68": 3959.0,
    "Champ at 69": 3959.0,
    "Champ at 7": 887.0,
    "Champ at 70": 3959.0,
    "Champ at 71": 4263.0,
    "Champ at 72": 4471.0,
    "Champ at 73": 4471.0,
    "Champ at 74": 4471.0,
    "Champ at 75": 4471.0,
    "Champ at 76": 4471.0,
    "Champ at 77": 4695.0,
    "Champ at 78": 4909.0,
    "Champ at 79": 4983.0,
    "Champ at 8": 887.0,
    "Champ at 80": 4983.0,
    "Champ at 81": 4983.0,
    "Champ at 82": 4983.0,
    "Champ at 83": 5149.0,
    "Champ at 9": 887.0,
    "ChampFitness": 5149.0,
    "ChampInputs": [
        1.965000033378601,
        1.843000054359436,
        1.843000054359436,
        1.968999981880188,
        1.847000002861023,
        1.847000002861023,
        2.5999999046325684,
        0.574999988079071,
        1.850000023841858,
        1.8529999256134033,
        1.8179999589920044,
        0.5490000247955322,
        1.8569999933242798,
        1.8569999933242798,
        1.8600000143051147,
        1.8600000143051147,
        2.6489999294281006,
        1.8629999160766602,
        1.8629999160766602,
        3.494999885559082,
        1.8659999370574951,
        1.2179999351501465,
        0.590999960899353,
        1.8700001239776611,
        1.8700001239776611,
        0.5960000157356262,
        1.872999906539917,
        1.872999906539917,
        2.632999897003174,
        1.8760000467300415,
        1.3660000562667847,
        2.703000068664551,
        1.8790000677108765,
        1.8790000677108765,
        2.6710000038146973,
        1.8830000162124634,
        3.046999931335449,
        1.8830000162124634,
        0.4039999842643738,
        0.31199997663497925,
        1.8860000371932983,
        1.8889999389648438,
        1.378999948501587,
        1.8889999389648438,
        1.8919999599456787,
        1.1339999437332153,
        1.8919999599456787,
        1.1370000839233398,
        1.8960000276565552,
        1.8960000276565552,
        1.8989999294281006,
        1.8989999294281006,
        1.8989999294281006,
        1.9019999504089355,
        1.9019999504089355,
        1.9019999504089355,
        1.9059998989105225,
        1.9059998989105225,
        1.9059998989105225,
        1.9089999198913574,
        1.9089999198913574,
        1.2580000162124634,
        1.912000060081482,
        1.912000060081482,
        1.9149999618530273,
        1.9149999618530273,
        1.9149999618530273,
        1.9190000295639038,
        1.9190000295639038,
        1.9190000295639038,
        1.9220000505447388,
        2.7070000171661377,
        0.4399999976158142,
        1.9249999523162842,
        1.9249999523162842,
        1.9249999523162842,
        1.9279999732971191,
        2.682000160217285,
        1.9320000410079956,
        1.9320000410079956,
        1.9320000410079956,
        1.934999942779541,
        1.934999942779541,
        1.934999942779541,
        1.937999963760376,
        1.937999963760376,
        1.937999963760376,
        1.9410001039505005,
        2.694999933242798,
        1.9410001039505005,
        1.1759999990463257,
        1.9449999332427979,
        1.9449999332427979,
        1.9480000734329224,
        1.9480000734329224,
        1.9480000734329224,
        1.9509999752044678,
        1.9509999752044678,
        1.9509999752044678,
        6.449000358581543
    ],
    "Generations needed": 84,
    "Population 1": 204.67999267578125,
    "Population 10": 857.2449951171875,
    "Population 11": 1174.1800537109375,
    "Population 12": 1443.449951171875,
    "Population 13": 1661.4000244140625,
    "Population 14": 1727.5250244140625,
    "Population 15": 1727.43505859375,
    "Population 16": 1802.68505859375,
    "Population 17": 1767.56494140625,
    "Population 18": 1752.2249755859375,
    "Population 19": 1745.68505859375,
    "Population 2": 798.0999755859375,
    "Population 20": 1755.5,
    "Population 21": 2105.52001953125,
    "Population 22": 2022.385009765625,
    "Population 23": 2091.239990234375,
    "Population 24": 2102.0048828125,
    "Population 25": 2061.735107421875,
    "Population 26": 2113.985107421875,
    "Population 27": 2012.8050537109375,
    "Population 28": 2057.324951171875,
    "Population 29": 2088.840087890625,
    "Population 3": 858.97998046875,
    "Population 30": 2037.56005859375,
    "Population 31": 2350.794921875,
    "Population 32": 2311.830078125,
    "Population 33": 2331.159912109375,
    "Population 34": 2366.465087890625,
    "Population 35": 2430.544921875,
    "Population 36": 2561.5400390625,
    "Population 37": 2553.31494140625,
    "Population 38": 2555.445068359375,
    "Population 39": 2601.719970703125,
    "Population 4": 861.7550048828125,
    "Population 40": 2470.985107421875,
    "Population 41": 2781.43505859375,
    "Population 42": 2840.9150390625,
    "Population 43": 2892.219970703125,
    "Population 44": 2883.8349609375,
    "Population 45": 3089.10009765625,
    "Population 46": 2927.135009765625,
    "Population 47": 3144.2900390625,
    "Population 48": 3045.925048828125,
    "Population 49": 2896.35009765625,
    "Population 5": 863.1099853515625,
    "Population 50": 2982.344970703125,
    "Population 51": 3052.969970703125,
    "Population 52": 3336.14990234375,
    "Population 53": 3291.22998046875,
    "Population 54": 3185.764892578125,
    "Population 55": 3250.219970703125,
    "Population 56": 3272.364990234375,
    "Population 57": 3302.135009765625,
    "Population 58": 3228.14990234375,
    "Population 59": 3352.550048828125,
    "Population 6": 857.2050170898438,
    "Population 60": 3282.8349609375,
    "Population 61": 3297.050048828125,
    "Population 62": 3365.405029296875,
    "Population 63": 3282.735107421875,
    "Population 64": 3110.014892578125,
    "Population 65": 3288.340087890625,
    "Population 66": 3253.090087890625,
    "Population 67": 3185.860107421875,
    "Population 68": 3403.949951171875,
    "Population 69": 3253.445068359375,
    "Population 7": 860.1649780273438,
    "Population 70": 3164.405029296875,
    "Population 71": 3297.840087890625,
    "Population 72": 3399.929931640625,
    "Population 73": 3606.735107421875,
    "Population 74": 3373.1201171875,
    "Population 75": 3654.739990234375,
    "Population 76": 3416.659912109375,