{
    "Champ at 1": 819.0,
    "Champ at 10": 2935.0,
    "Champ at 11": 3295.0,
    "Champ at 12": 3330.0,
    "Champ at 13": 3896.0,
    "Champ at 14": 3959.0,
    "Champ at 15": 4926.0,
    "Champ at 16": 4983.0,
    "Champ at 17": 5143.0,
    "Champ at 2": 887.0,
    "Champ at 3": 887.0,
    "Champ at 4": 1252.0,
    "Champ at 5": 1714.0,
    "Champ at 6": 1911.0,
    "Champ at 7": 2562.0,
    "Champ at 8": 2738.0,
    "Champ at 9": 2935.0,
    "ChampFitness": 5143.0,
    "ChampInputs": [
        1.8389999866485596,
        1.8389999866485596,
        1.8420000076293945,
        1.8420000076293945,
        1.8420000076293945,
        1.8459999561309814,
        2.871999979019165,
        1.8459999561309814,
        1.8489999771118164,
        3.567999839782715,
        1.6030000448226929,
        1.8519999980926514,
        1.8519999980926514,
        1.8519999980926514,
        1.8519999980926514,
        1.312000036239624,
        1.8550000190734863,
        1.8550000190734863,
        1.8589999675750732,
        2.1690001487731934,
        1.8589999675750732,
        1.8619999885559082,
        1.8619999885559082,
        2.930999994277954,
        1.8650000095367432,
        1.8650000095367432,
        3.0850000381469727,
        1.8690000772476196,
        1.8690000772476196,
        1.8690000772476196,
        1.871999979019165,
        0.5979999899864197,
        1.871999979019165,
        0.8550000190734863,
        1.875,
        1.875,
        1.878000020980835,
        0.6050000190734863,
        1.878000020980835,
        1.8819999694824219,
        1.8819999694824219,
        1.8819999694824219,
        2.9710001945495605,
        1.8849999904632568,
        1.8849999904632568,
        1.8849999904632568,
        1.8880000114440918,
        1.8880000114440918,
        1.8880000114440918,
        1.8910000324249268,
        1.8910000324249268,
        6.223999977111816,
        1.8949999809265137,
        1.8949999809265137,
        1.8949999809265137,
        1.8980000019073486,
        1.8980000019073486,
        1.8980000019073486,
        1.9010000228881836,
        1.9010000228881836,
        1.9010000228881836,
        1.9040000438690186,
        1.9040000438690186,
        1.9040000438690186,
        1.9079999923706055,
        1.9079999923706055,
        1.9079999923706055,
        1.9110000133514404,
        1.9110000133514404,
        1.9110000133514404,
        1.9110000133514404,
        3.127000093460083,
        1.9140000343322754,
        1.9140000343322754,
        1.9179999828338623,
        1.9179999828338623,
        8.029999732971191,
        1.9210000038146973,
        1.9210000038146973,
        1.9210000038146973,
        1.9239999055862427,
        1.9239999055862427,
        1.9239999055862427,
        1.9270000457763672,
        0.6499999761581421,
        3.0199999809265137,
        0.9070000052452087,
        1.930999994277954,
        1.930999994277954,
        1.930999994277954,
        1.934000015258789,
        1.934000015258789,
        1.934000015258789,
        1.937000036239624,
        1.937000036239624,
        1.937000036239624,
        1.940000057220459,
        1.940000057220459,
        1.940000057220459,
        1.944000005722046
    ],
    "Generations needed": 18,
    "Population 1": 207.7449951171875,
    "Population 10": 2618.81005859375,
    "Population 11": 2599.60009765625,
    "Population 12": 2848.1298828125,
    "Population 13": 2935.18994140625,
    "Population 14": 3347.864990234375,
    "Population 15": 3372.610107421875,
    "Population 16": 3857.2451171875,
    "Population 17": 3929.72998046875,
    "Population 2": 796.47998046875,
    "Population 3": 853.364990234375,
    "Population 4": 859.6199951171875,
    "Population 5": 1209.6600341796875,
    "Population 6": 1581.7099609375,
    "Population 7": 1762.3349609375,
    "Population 8": 2265.949951171875,
    "Population 9": 2411.094970703125,
    "start": "today"
}
