{
    "Champ at 1": 819.0,
    "Champ at 10": 1911.0,
    "Champ at 11": 1911.0,
    "Champ at 12": 1911.0,
    "Champ at 13": 2483.0,
    "Champ at 14": 2876.0,
    "Champ at 15": 2935.0,
    "Champ at 16": 2935.0,
    "Champ at 17": 2935.0,
    "Champ at 18": 2935.0,
    "Champ at 19": 2935.0,
    "Champ at 2": 887.0,
    "Champ at 20": 2935.0,
    "Champ at 21": 2935.0,
    "Champ at 22": 2935.0,
    "Champ at 23": 2935.0,
    "Champ at 24": 2935.0,
    "Champ at 25": 2935.0,
    "Champ at 26": 2935.0,
    "Champ at 27": 2935.0,
    "Champ at 28": 2935.0,
    "Champ at 29": 2935.0,
    "Champ at 3": 887.0,
    "Champ at 30": 2935.0,
    "Champ at 31": 2935.0,
    "Champ at 32": 3289.0,
    "Champ at 33": 3330.0,
    "Champ at 34": 3671.0,
    "Champ at 35": 3671.0,
    "Champ at 36": 3671.0,
    "Champ at 37": 3671.0,
    "Champ at 38": 3671.0,
    "Champ at 39": 3671.0,
    "Champ at 4": 887.0,
    "Champ at 40": 3671.0,
    "Champ at 41": 3762.0,
    "Champ at 42": 3762.0,
    "Champ at 43": 3903.0,
    "Champ at 44": 3959.0,
    "Champ at 45": 3959.0,
    "Champ at 46": 3959.0,
    "Champ at 47": 3959.0,
    "Champ at 48": 4786.0,
    "Champ at 49": 4786.0,
    "Champ at 5": 887.0,
    "Champ at 50": 4786.0,
    "Champ at 51": 4786.0,
    "Champ at 52": 4786.0,
    "Champ at 53": 4786.0,
    "Champ at 54": 4786.0,
    "Champ at 55": 4983.0,
    "Champ at 56": 4983.0,
    "Champ at 57": 5150.0,
    "Champ at 6": 887.0,
    "Champ at 7": 1276.0,
    "Champ at 8": 1855.0,
    "Champ at 9": 1911.0,
    "ChampFitness": 5150.0,
    "ChampInputs": [
        1.837999939918518,
        1.8420000076293945,
        1.8420000076293945,
        1.8420000076293945,
        1.84499990940094,
        1.84499990940094,
        3.2690000534057617,
        1.84499990940094,
        1.8480000495910645,
        0.9449999928474426,
        1.8480000495910645,
        1.8510000705718994,
        1.8510000705718994,
        1.8510000705718994,
        1.9519999027252197,
        1.8550000190734863,
        1.312999963760376,
        1.8580000400543213,
        1.8580000400543213,
        1.8580000400543213,
        1.8580000400543213,
        0.32499998807907104,
        1.8610000610351563,
        0.328000009059906,
        1.8639999628067017,
        1.8639999628067017,
        0.5730000138282776,
        1.8680000305175781,
        1.8680000305175781,
        1.8680000305175781,
        0.23100000619888306,
        2.6550002098083496,
        2.76200008392334,
        1.8709999322891235,
        1.5320000648498535,
        1.8739999532699585,
        2.745000123977661,
        1.877000093460083,
        3.370000123977661,
        1.877000093460083,
        1.8809999227523804,
        1.8809999227523804,
        1.3910000324249268,
        2.009000062942505,
        2.8389999866485596,
        1.9850001335144043,
        1.8840000629425049,
        2.6710000038146973,
        1.8870000839233398,
        1.8870000839233398,
        1.8910000324249268,
        1.8910000324249268,
        1.8910000324249268,
        1.8910000324249268,
        1.5509999990463257,
        1.8940000534057617,
        3.3899998664855957,
        1.8970000743865967,
        1.8970000743865967,
        1.8970000743865967,
        1.899999976158142,
        1.899999976158142,
        1.899999976158142,
        1.9040000438690186,
        1.9040000438690186,
        1.9040000438690186,
        1.9040000438690186,
        1.906999945640564,
        1.906999945640564,
        1.906999945640564,
        2.697000026702881,
        1.909999966621399,
        1.909999966621399,
        4.1010003089904785,
        2.0409998893737793,
        1.9130001068115234,
        1.9169999361038208,
        1.9169999361038208,
        1.9169999361038208,
        1.9169999361038208,
        1.9200000762939453,
        1.9200000762939453,
        1.9200000762939453,
        3.4189999103546143,
        1.9230000972747803,
        1.9230000972747803,
        1.9259999990463257,
        1.9259999990463257,
        1.9259999990463257,
        1.9259999990463257,
        1.9300000667572021,
        1.9300000667572021,
        1.9300000667572021,
        1.9329999685287476,
        1.9329999685287476,
        1.9329999685287476,
        1.9359999895095825,
        1.9359999895095825,
        1.9359999895095825,
        1.9359999895095825
    ],
    "Generations needed": 58,
    "Population 1": 199.51499938964844,
    "Population 10": 1712.510009765625,
    "Population 11": 1778.1400146484375,
    "Population 12": 1732.77001953125,
    "Population 13": 1692.9150390625,
    "Population 14": 2262.905029296875,
    "Population 15": 2454.030029296875,
    "Population 16": 2677.264892578125,
    "Population 17": 2562.2900390625,
    "Population 18": 2555.485107421875,
    "Population 19": 2529.510009765625,
    "Population 2": 809.8099975585938,
    "Population 20": 2499.090087890625,
    "Population 21": 2487.530029296875,
    "Population 22": 2507.14501953125,
    "Population 23": 2588.7451171875,
    "Population 24": 2652.610107421875,
    "Population 25": 2662.02490234375,
    "Population 26": 2563.3349609375,
    "Population 27": 2578.965087890625,
    "Population 28": 2634.699951171875,
    "Population 29": 2523.1201171875,
    "Population 3": 870.9849853515625,
    "Population 30": 2529.570068359375,
    "Population 31": 2641.06494140625,
    "Population 32": 2505.114990234375,
    "Population 33": 2773.905029296875,
    "Population 34": 2814.7451171875,
    "Population 35": 3082.635009765625,
    "Population 36": 3069.800048828125,
    "Population 37": 3072.5048828125,
    "Population 38": 3083.014892578125,
    "Population 39": 3086.405029296875,
    "Population 4": 858.64501953125,
    "Population 40": 3229.715087890625,
    "Population 41": 3113.81005859375,
    "Population 42": 3276.2099609375,
    "Population 43": 3098.780029296875,
    "Population 44": 3292.625,
    "Population 45": 3233.385009765625,
    "Population 46": 3160.590087890625,
    "Population 47": 3241.675048828125,
    "Population 48": 3204.68994140625,
    "Population 49": 3905.35009765625,
    "Population 5": 861.1199951171875,
    "Population 50": 3804.030029296875,
    "Population 51": 3817.3349609375,
    "Population 52": 4014.7548828125,
    "Population 53": 3811.8798828125,
    "Population 54": 3934.905029296875,
    "Population 55": 3779.39990234375,
    "Population 56": 3836.965087890625,
    "Population 57": 3845.75,
    "Population 6": 856.0250244140625,
    "Population 7": 863.094970703125,
    "Population 8": 1205.4549560546875,
    "Population 9": 1748.8499755859375,
    "start": "today"
}
