{
    "Champ at 1": 722.0,
    "Champ at 10": 887.0,
    "Champ at 11": 887.0,
    "Champ at 12": 887.0,
    "Champ at 13": 887.0,
    "Champ at 14": 887.0,
    "Champ at 15": 887.0,
    "Champ at 16": 1270.0,
    "Champ at 17": 1399.0,
    "Champ at 18": 1399.0,
    "Champ at 19": 1538.0,
    "Champ at 2": 818.0,
    "Champ at 20": 1843.0,
    "Champ at 21": 1911.0,
    "Champ at 22": 2287.0,
    "Champ at 23": 2562.0,
    "Champ at 24": 2874.0,
    "Champ at 25": 2935.0,
    "Champ at 26": 2935.0,
    "Champ at 27": 2935.0,
    "Champ at 28": 3239.0,
    "Champ at 29": 3330.0,
    "Champ at 3": 818.0,
    "Champ at 30": 3330.0,
    "Champ at 31": 3586.0,
    "Champ at 32": 3671.0,
    "Champ at 33": 3762.0,
    "Champ at 34": 3959.0,
    "Champ at 35": 4471.0,
    "Champ at 36": 4912.0,
    "Champ at 37": 4983.0,
    "Champ at 38": 4983.0,
    "Champ at 39": 4983.0,
    "Champ at 4": 887.0,
    "Champ at 40": 4983.0,
    "Champ at 41": 4983.0,
    "Champ at 42": 4983.0,
    "Champ at 43": 4983.0,
    "Champ at 44": 4983.0,
    "Champ at 45": 4983.0,
    "Champ at 46": 4983.0,
    "Champ at 47": 4983.0,
    "Champ at 48": 4983.0,
    "Champ at 49": 4983.0,
    "Champ at 5": 887.0,
    "Champ at 50": 4983.0,
    "Champ at 51": 4983.0,
    "Champ at 52": 4983.0,
    "Champ at 53": 4983.0,
    "Champ at 54": 5111.0,
    "Champ at 6": 887.0,
    "Champ at 7": 887.0,
    "Champ at 8": 887.0,
    "Champ at 9": 887.0,
    "ChampFitness": 5111.0,
    "ChampInputs": [
        1.774999976158142,
        1.774999976158142,
        0.4399999976158142,
        1.7790000438690186,
        1.7790000438690186,
        1.7790000438690186,
        1.6320000886917114,
        3.2960000038146973,
        1.7820000648498535,
        1.784999966621399,
        2.617000102996826,
        2.617000102996826,
        1.4600000381469727,
        1.7879999876022339,
        1.7879999876022339,
        3.1649999618530273,
        1.7919999361038208,
        2.687999963760376,
        2.299999952316284,
        1.7949999570846558,
        1.7949999570846558,
        1.7980000972747803,
        1.7980000972747803,
        2.88700008392334,
        1.7980000972747803,
        3.4119999408721924,
        1.440999984741211,
        1.571000099182129,
        1.8919999599456787,
        2.305000066757202,
        1.8050000667572021,
        1.808000087738037,
        1.034000039100647,
        1.808000087738037,
        1.8109999895095825,
        2.6429998874664307,
        0.3100000023841858,
        1.815000057220459,
        1.815000057220459,
        1.815000057220459,
        1.8179999589920044,
        2.680999994277954,
        1.8179999589920044,
        1.8209999799728394,
        1.8209999799728394,
        1.8209999799728394,
        1.8209999799728394,
        1.8240000009536743,
        1.8240000009536743,
        1.8240000009536743,
        1.8279999494552612,
        1.8279999494552612,
        1.8279999494552612,
        1.8309999704360962,
        1.8309999704360962,
        1.8309999704360962,
        1.8340001106262207,
        0.49300000071525574,
        6.539000511169434,
        2.922999858856201,
        1.8369998931884766,
        1.6299999952316284,
        1.8410000801086426,
        3.2139997482299805,
        1.8410000801086426,
        1.8440001010894775,
        2.741000175476074,
        1.8440001010894775,
        1.8440001010894775,
        1.847000002861023,
        1.847000002861023,
        1.847000002861023,
        1.8510000705718994,
        1.8510000705718994,
        1.8510000705718994,
        0.5090000033378601,
        6.559000015258789,
        1.8539999723434448,
        1.8569999933242798,
        1.8569999933242798,
        1.8569999933242798,
        3.373999834060669,
        1.8600000143051147,
        2.946000099182129,
        1.8639999628067017,
        1.8639999628067017,
        1.8639999628067017,
        1.8669999837875366,
        1.8669999837875366,
        1.8669999837875366,
        1.8669999837875366,
        1.8700001239776611,
        1.8700001239776611,
        0.3620000183582306,
        1.872999906539917,
        3.3899998664855957,
        1.872999906539917,
        1.877000093460083,
        1.877000093460083,
        1.877000093460083
    ],
    "Generations needed": 55,
    "Population 1": 200.2550048828125,
    "Population 10": 852.4849853515625,
    "Population 11": 873.5449829101563,
    "Population 12": 840.5399780273438,
    "Population 13": 848.47998046875,
    "Population 14": 856.3150024414063,
    "Population 15": 852.6199951171875,
    "Population 16": 851.3599853515625,
    "Population 17": 1226.324951171875,
    "Population 18": 1329.760009765625,
    "Population 19": 1336.9000244140625,
    "Population 2": 713.9349975585938,
    "Population 20": 1437.385009765625,
    "Population 21": 1689.1800537109375,
    "Population 22": 1775.8349609375,
    "Population 23": 2025.72998046875,
    "Population 24": 2279.485107421875,
    "Population 25": 2560.52001953125,
    "Population 26": 2625.72509765625,
    "Population 27": 2547.699951171875,
    "Population 28": 2598.5048828125,
    "Population 29": 2791.705078125,
    "Population 3": 778.510009765625,
    "Population 30": 2845.340087890625,
    "Population 31": 2968.219970703125,
    "Population 32": 2977.030029296875,
    "Population 33": 3130.2548828125,
    "Population 34": 3134.080078125,
    "Population 35": 3241.429931640625,
    "Population 36": 3765.735107421875,
    "Population 37": 3926.215087890625,
    "Population 38": 3922.125,
    "Population 39": 3939.2548828125,
    "Population 4": 794.4550170898438,
    "Population 40": 4090.344970703125,
    "Population 41": 3992.27001953125,
    "Population 42": 3921.530029296875,
    "Population 43": 4069.389892578125,
    "Population 44": 3880.68505859375,
    "Population 45": 3873.830078125,
    "Population 46": 3885.260009765625,
    "Population 47": 4037.52001953125,
    "Population 48": 4054.574951171875,
    "Population 49": 4054.4951171875,
    "Population 5": 845.2100219726563,
    "Population 50": 3882.080078125,
    "Population 51": 3908.7900390625,
    "Population 52": 4209.48486328125,
    "Population 53": 3622.010009765625,
    "Population 54": 4123.85986328125,
    "Population 6": 847.5499877929688,
    "Population 7": 857.5250244140625,
    "Population 8": 860.8800048828125,
    "Population 9": 846.35498046875,
    "start": "today"
}
