{
    "Champ at 1": 805.0,
    "Champ at 10": 2304.0,
    "Champ at 11": 2306.0,
    "Champ at 12": 2306.0,
    "Champ at 13": 2868.0,
    "Champ at 14": 2935.0,
    "Champ at 15": 2935.0,
    "Champ at 16": 2935.0,
    "Champ at 17": 2935.0,
    "Champ at 18": 2935.0,
    "Champ at 19": 2935.0,
    "Champ at 2": 1246.0,
    "Champ at 20": 2935.0,
    "Champ at 21": 2935.0,
    "Champ at 22": 2935.0,
    "Champ at 23": 2935.0,
    "Champ at 24": 2935.0,
    "Champ at 25": 2935.0,
    "Champ at 26": 2935.0,
    "Champ at 27": 2935.0,
    "Champ at 28": 2935.0,
    "Champ at 29": 2935.0,
    "Champ at 3": 1848.0,
    "Champ at 30": 2935.0,
    "Champ at 31": 3239.0,
    "Champ at 32": 3239.0,
    "Champ at 33": 3239.0,
    "Champ at 34": 3330.0,
    "Champ at 35": 3447.0,
    "Champ at 36": 3762.0,
    "Champ at 37": 3762.0,
    "Champ at 38": 4314.0,
    "Champ at 39": 4340.0,
    "Champ at 4": 1848.0,
    "Champ at 40": 4983.0,
    "Champ at 41": 4983.0,
    "Champ at 42": 4983.0,
    "Champ at 43": 4983.0,
    "Champ at 44": 4983.0,
    "Champ at 45": 4983.0,
    "Champ at 46": 4983.0,
    "Champ at 47": 5148.0,
    "Champ at 5": 1911.0,
    "Champ at 6": 1911.0,
    "Champ at 7": 1911.0,
    "Champ at 8": 1911.0,
    "Champ at 9": 1911.0,
    "ChampFitness": 5148.0,
    "ChampInputs": [
        1.8009998798370361,
        1.8040000200271606,
        1.8040000200271606,
        1.808000087738037,
        1.8109999895095825,
        1.8109999895095825,
        3.0219998359680176,
        1.8170000314712524,
        3.314000129699707,
        1.8240000009536743,
        1.8240000009536743,
        1.8269999027252197,
        1.8299999237060547,
        1.8299999237060547,
        3.263000011444092,
        1.8369998931884766,
        1.8369998931884766,
        0.7230000495910645,
        1.843000054359436,
        1.847000002861023,
        1.847000002861023,
        1.850000023841858,
        1.8529999256134033,
        3.2920000553131104,
        1.8569999933242798,
        2.7259998321533203,
        1.8600000143051147,
        1.402000069618225,
        2.135999917984009,
        1.8700001239776611,
        1.872999906539917,
        3.0480000972747803,
        2.382999897003174,
        2.315999984741211,
        1.8830000162124634,
        1.8830000162124634,
        1.8860000371932983,
        1.8889999389648438,
        1.8919999599456787,
        3.010999917984009,
        1.8989999294281006,
        1.9019999504089355,
        1.9059998989105225,
        1.9089999198913574,
        9.883999824523926,
        1.912000060081482,
        1.9149999618530273,
        1.9190000295639038,
        1.9220000505447388,
        1.9249999523162842,
        1.9249999523162842,
        1.9279999732971191,
        1.9320000410079956,
        1.9320000410079956,
        1.934999942779541,
        1.934999942779541,
        1.9410001039505005,
        1.9410001039505005,
        4.460000038146973,
        2.4119999408721924,
        3.312000036239624,
        0.8009999990463257,
        1.9550000429153442,
        1.9580000638961792,
        1.9580000638961792,
        1.9609999656677246,
        2.4189999103546143,
        2.3519999980926514,
        1.9679999351501465,
        1.9709999561309814,
        1.9739999771118164,
        1.9739999771118164,
        1.4470000267028809,
        1.9809999465942383,
        1.9809999465942383,
        1.9840000867843628,
        1.9840000867843628,
        0.8340000510215759,
        2.361999988555908,
        1.99399995803833,
        1.99399995803833,
        1.996999979019165,
        2.0,
        2.0,
        2.003000020980835,
        2.006999969482422,
        0.8140000104904175,
        2.009999990463257,
        2.013000011444092,
        2.0169999599456787,
        2.0169999599456787,
        2.0199999809265137,
        2.0260000228881836,
        2.0260000228881836,
        2.0299999713897705,
        2.7939999103546143,
        2.0360000133514404,
        2.0360000133514404,
        2.0390000343322754,
        2.0429999828338623
    ],
    "Generations needed": 48,
    "Population 1": 188.58999633789063,
    "Population 10": 1769.905029296875,
    "Population 11": 2044.85498046875,
    "Population 12": 2101.199951171875,
    "Population 13": 2164.090087890625,
    "Population 14": 2543.47509765625,
    "Population 15": 2586.344970703125,
    "Population 16": 2523.239990234375,
    "Population 17": 2614.9951171875,
    "Population 18": 2549.68505859375,
    "Population 19": 2609.925048828125,
    "Population 2": 789.594970703125,
    "Population 20": 2514.260009765625,
    "Population 21": 2587.340087890625,
    "Population 22": 2621.68505859375,
    "Population 23": 2542.56005859375,
    "Population 24": 2537.949951171875,
    "Population 25": 2678.2548828125,
    "Population 26": 2586.324951171875,
    "Population 27": 2619.125,
    "Population 28": 2556.780029296875,
    "Population 29": 2532.8701171875,
    "Population 3": 1191.93994140625,
    "Population 30": 2554.9150390625,
    "Population 31": 2592.22509765625,
    "Population 32": 2824.610107421875,
    "Population 33": 2814.260009765625,
    "Population 34": 2861.52001953125,
    "Population 35": 2931.18505859375,
    "Population 36": 3026.89990234375,
    "Population 37": 3185.0849609375,
    "Population 38": 3156.22998046875,
    "Population 39": 3622.610107421875,
    "Population 4": 1690.9100341796875,
    "Population 40": 3624.969970703125,
    "Population 41": 4106.72509765625,
    "Population 42": 3958.9150390625,
    "Population 43": 4048.489990234375,
    "Population 44": 4051.905029296875,
    "Population 45": 4045.85498046875,
    "Population 46": 3994.570068359375,
    "Population 47": 3866.43505859375,
    "Population 5": 1724.844970703125,
    "Population 6": 1768.6949462890625,
    "Population 7": 1791.97998046875,
    "Population 8": 1774.949951171875,
    "Population 9": 1719.9200439453125,
    "start": "today"
}
