{
    "Champ at 1": 887.0,
    "Champ at 10": 2562.0,
    "Champ at 11": 2863.0,
    "Champ at 12": 2935.0,
    "Champ at 13": 2935.0,
    "Champ at 14": 3586.0,
    "Champ at 15": 3889.0,
    "Champ at 16": 3959.0,
    "Champ at 17": 3959.0,
    "Champ at 18": 3959.0,
    "Champ at 19": 4326.0,
    "Champ at 2": 1248.0,
    "Champ at 20": 4610.0,
    "Champ at 21": 4920.0,
    "Champ at 22": 4983.0,
    "Champ at 23": 4983.0,
    "Champ at 24": 5169.0,
    "Champ at 3": 1851.0,
    "Champ at 4": 1911.0,
    "Champ at 5": 1911.0,
    "Champ at 6": 1911.0,
    "Champ at 7": 1911.0,
    "Champ at 8": 1911.0,
    "Champ at 9": 1911.0,
    "ChampFitness": 5169.0,
    "ChampInputs": [
        1.8860000371932983,
        1.8860000371932983,
        1.8860000371932983,
        1.8889999389648438,
        1.8889999389648438,
        1.8889999389648438,
        1.8919999599456787,
        0.4560000002384186,
        1.8919999599456787,
        1.1349999904632568,
        1.8960000276565552,
        1.8960000276565552,
        1.8989999294281006,
        1.8989999294281006,
        1.9230000972747803,
        1.9019999504089355,
        3.4119999408721924,
        1.9019999504089355,
        1.90500009059906,
        2.3420000076293945,
        1.90500009059906,
        1.90500009059906,
        1.9089999198913574,
        1.9089999198913574,
        3.2019999027252197,
        1.912000060081482,
        1.912000060081482,
        2.0799999237060547,
        1.9149999618530273,
        1.9149999618530273,
        1.9149999618530273,
        1.9190000295639038,
        2.7769999504089355,
        1.9190000295639038,
        0.684999942779541,
        1.9220000505447388,
        1.9220000505447388,
        1.9249999523162842,
        1.9249999523162842,
        1.9249999523162842,
        0.26600000262260437,
        1.9279999732971191,
        3.242000102996826,
        1.9279999732971191,
        1.9320000410079956,
        1.9320000410079956,
        1.9320000410079956,
        1.934999942779541,
        1.934999942779541,
        1.934999942779541,
        1.937999963760376,
        1.937999963760376,
        1.937999963760376,
        1.9410001039505005,
        1.9410001039505005,
        1.9410001039505005,
        1.9449999332427979,
        1.9449999332427979,
        1.9449999332427979,
        1.9480000734329224,
        1.9480000734329224,
        1.9679999351501465,
        1.9480000734329224,
        1.9509999752044678,
        1.9509999752044678,
        1.9509999752044678,
        1.9539999961853027,
        1.9539999961853027,
        1.9539999961853027,
        1.9580000638961792,
        1.9580000638961792,
        1.9580000638961792,
        1.9609999656677246,
        1.9609999656677246,
        1.9609999656677246,
        1.9639999866485596,
        1.9639999866485596,
        1.9639999866485596,
        1.9679999351501465,
        1.9679999351501465,
        1.9679999351501465,
        2.1419999599456787,
        1.9709999561309814,
        1.9709999561309814,
        1.9709999561309814,
        1.9739999771118164,
        1.9739999771118164,
        1.9739999771118164,
        1.9769999980926514,
        1.9769999980926514,
        1.9769999980926514,
        1.9809999465942383,
        1.9809999465942383,
        1.9809999465942383,
        1.9840000867843628,
        1.9840000867843628,
        1.9840000867843628,
        1.9869999885559082,
        1.9869999885559082,
        1.9869999885559082
    ],
    "Generations needed": 25,
    "Population 1": 200.43499755859375,
    "Population 10": 1726.4649658203125,
    "Population 11": 2264.89990234375,
    "Population 12": 2620.969970703125,
    "Population 13": 2620.429931640625,
    "Population 14": 2672.0048828125,
    "Population 15": 3025.8349609375,
    "Population 16": 3219.324951171875,
    "Population 17": 3297.159912109375,
    "Population 18": 3231.580078125,
    "Population 19": 3184.219970703125,
    "Population 2": 870.5050048828125,
    "Population 20": 3631.159912109375,
    "Population 21": 3740.169921875,
    "Population 22": 4060.5849609375,
    "Population 23": 3985.530029296875,
    "Population 24": 3986.68994140625,
    "Population 3": 1181.635009765625,
    "Population 4": 1711.675048828125,
    "Population 5": 1745.949951171875,
    "Population 6": 1782.239990234375,
    "Population 7": 1754.719970703125,
    "Population 8": 1753.699951171875,
    "Population 9": 1740.550048828125,
    "start": "today"
}
