{
    "Champ at 1": 826.0,
    "Champ at 10": 2306.0,
    "Champ at 11": 2562.0,
    "Champ at 12": 2935.0,
    "Champ at 13": 2935.0,
    "Champ at 14": 2935.0,
    "Champ at 15": 2935.0,
    "Champ at 16": 2935.0,
    "Champ at 17": 2935.0,
    "Champ at 18": 3239.0,
    "Champ at 19": 3239.0,
    "Champ at 2": 887.0,
    "Champ at 20": 3239.0,
    "Champ at 21": 3239.0,
    "Champ at 22": 3239.0,
    "Champ at 23": 3330.0,
    "Champ at 24": 3671.0,
    "Champ at 25": 3671.0,
    "Champ at 26": 3892.0,
    "Champ at 27": 3959.0,
    "Champ at 28": 3959.0,
    "Champ at 29": 3959.0,
    "Champ at 3": 887.0,
    "Champ at 30": 3959.0,
    "Champ at 31": 3959.0,
    "Champ at 32": 3959.0,
    "Champ at 33": 4342.0,
    "Champ at 34": 4353.0,
    "Champ at 35": 5126.0,
    "Champ at 4": 1276.0,
    "Champ at 5": 1282.0,
    "Champ at 6": 1282.0,
    "Champ at 7": 1911.0,
    "Champ at 8": 1911.0,
    "Champ at 9": 2296.0,
    "ChampFitness": 5126.0,
    "ChampInputs": [
        1.8619999885559082,
        1.8619999885559082,
        1.8619999885559082,
        1.8650000095367432,
        1.8650000095367432,
        1.8650000095367432,
        3.0759999752044678,
        1.8690000772476196,
        1.8690000772476196,
        0.9020000100135803,
        1.871999979019165,
        1.871999979019165,
        1.871999979019165,
        1.875,
        1.875,
        2.8889999389648438,
        1.5429999828338623,
        0.64000004529953,
        2.2330000400543213,
        1.9670000076293945,
        1.8819999694824219,
        1.8819999694824219,
        1.8849999904632568,
        1.8849999904632568,
        2.6530001163482666,
        1.8880000114440918,
        3.7249999046325684,
        1.1929999589920044,
        1.8919999599456787,
        0.09100000560283661,
        1.8919999599456787,
        1.8919999599456787,
        0.09399999678134918,
        1.8949999809265137,
        1.8949999809265137,
        0.9459999799728394,
        1.8980000019073486,
        2.515000104904175,
        1.9900000095367432,
        1.9010000228881836,
        1.9010000228881836,
        1.90500009059906,
        1.90500009059906,
        2.6730000972747803,
        1.9079999923706055,
        0.10999999940395355,
        1.2089999914169312,
        1.9110000133514404,
        1.9110000133514404,
        1.9110000133514404,
        1.9140000343322754,
        1.5789999961853027,
        1.9140000343322754,
        0.6990000009536743,
        1.9179999828338623,
        1.9179999828338623,
        1.9179999828338623,
        1.9210000038146973,
        1.9210000038146973,
        1.9210000038146973,
        1.9239999055862427,
        1.9239999055862427,
        1.9239999055862427,
        0.9539999961853027,
        1.9279999732971191,
        1.9279999732971191,
        1.930999994277954,
        1.930999994277954,
        1.930999994277954,
        1.934000015258789,
        1.934000015258789,
        1.934000015258789,
        1.937000036239624,
        1.937000036239624,
        1.937000036239624,
        1.9410001039505005,
        1.9410001039505005,
        1.9410001039505005,
        1.944000005722046,
        1.944000005722046,
        1.944000005722046,
        1.944000005722046,
        1.9470000267028809,
        1.9470000267028809,
        2.3010001182556152,
        3.7829999923706055,
        1.9499999284744263,
        1.9499999284744263,
        1.9539999961853027,
        1.9539999961853027,
        1.9539999961853027,
        1.9570000171661377,
        1.9570000171661377,
        1.9570000171661377,
        2.055000066757202,
        1.959999918937683,
        1.959999918937683,
        1.9630000591278076,
        7.512999534606934,
        0.1720000058412552
    ],
    "Generations needed": 36,
    "Population 1": 202.1999969482422,
    "Population 10": 2089.22998046875,
    "Population 11": 2090.56494140625,
    "Population 12": 2267.31005859375,
    "Population 13": 2560.219970703125,
    "Population 14": 2679.10498046875,
    "Population 15": 2531.530029296875,
    "Population 16": 2576.9150390625,
    "Population 17": 2577.794921875,
    "Population 18": 2641.985107421875,
    "Population 19": 2798.2451171875,
    "Population 2": 806.135009765625,
    "Population 20": 2843.264892578125,
    "Population 21": 2770.580078125,
    "Population 22": 2889.699951171875,
    "Population 23": 2812.3349609375,
    "Population 24": 2909.760009765625,
    "Population 25": 3006.340087890625,
    "Population 26": 2961.639892578125,
    "Population 27": 3343.340087890625,
    "Population 28": 3374.3798828125,
    "Population 29": 3255.2548828125,
    "Population 3": 860.989990234375,
    "Population 30": 3359.735107421875,
    "Population 31": 3503.330078125,
    "Population 32": 3268.8349609375,
    "Population 33": 3262.820068359375,
    "Population 34": 3706.2099609375,
    "Population 35": 3729.705078125,
    "Population 4": 867.2899780273438,
    "Population 5": 1225.2750244140625,
    "Population 6": 1194.5999755859375,
    "Population 7": 1210.6700439453125,
    "Population 8": 1758.72998046875,
    "Population 9": 1785.030029296875,
    "start": "today"
}
