{
    "Champ at 1": 820.0,
    "Champ at 10": 2935.0,
    "Champ at 11": 2935.0,
    "Champ at 12": 2935.0,
    "Champ at 13": 2935.0,
    "Champ at 14": 3586.0,
    "Champ at 15": 3959.0,
    "Champ at 16": 4338.0,
    "Champ at 17": 4786.0,
    "Champ at 18": 4907.0,
    "Champ at 19": 4926.0,
    "Champ at 2": 887.0,
    "Champ at 20": 4983.0,
    "Champ at 21": 4983.0,
    "Champ at 22": 4983.0,
    "Champ at 23": 4983.0,
    "Champ at 24": 5176.0,
    "Champ at 3": 1834.0,
    "Champ at 4": 2562.0,
    "Champ at 5": 2870.0,
    "Champ at 6": 2935.0,
    "Champ at 7": 2935.0,
    "Champ at 8": 2935.0,
    "Champ at 9": 2935.0,
    "ChampFitness": 5176.0,
    "ChampInputs": [
        1.837999939918518,
        1.8410000801086426,
        1.8410000801086426,
        1.8440001010894775,
        1.8480000495910645,
        0.1850000023841858,
        1.8510000705718994,
        2.614000082015991,
        1.8539999723434448,
        2.617000102996826,
        1.8580000400543213,
        0.210999995470047,
        1.8610000610351563,
        1.8610000610351563,
        1.8639999628067017,
        1.8639999628067017,
        3.566999912261963,
        1.8669999837875366,
        2.368000030517578,
        1.8709999322891235,
        1.8709999322891235,
        1.8739999532699585,
        1.8739999532699585,
        1.877000093460083,
        3.3309998512268066,
        1.8799998760223389,
        1.8799998760223389,
        1.8840000629425049,
        1.8840000629425049,
        0.3109999895095825,
        1.8870000839233398,
        1.8899999856948853,
        2.3429999351501465,
        2.6399998664855957,
        1.8930000066757202,
        0.8889999985694885,
        1.8970000743865967,
        1.899999976158142,
        1.899999976158142,
        1.902999997138977,
        1.5820000171661377,
        0.2789999842643738,
        1.906999945640564,
        2.753000020980835,
        2.6530001163482666,
        3.5960001945495605,
        1.9130001068115234,
        1.9130001068115234,
        1.9159998893737793,
        1.9159998893737793,
        1.9200000762939453,
        0.906000018119812,
        1.9230000972747803,
        1.9230000972747803,
        1.9230000972747803,
        1.9259999990463257,
        1.9259999990463257,
        1.9290000200271606,
        1.9290000200271606,
        0.0139999995008111,
        3.4130001068115234,
        0.35600000619888306,
        1.9359999895095825,
        1.9390000104904175,
        1.9390000104904175,
        1.9490001201629639,
        1.9519999027252197,
        1.9519999027252197,
        1.9560000896453857,
        1.9560000896453857,
        1.9589998722076416,
        1.9589998722076416,
        1.9620000123977661,
        1.9620000123977661,
        1.972000002861023,
        1.975000023841858,
        1.975000023841858,
        1.9779999256134033,
        1.9779999256134033,
        1.9779999256134033,
        1.9819999933242798,
        1.9819999933242798,
        1.9850001335144043,
        1.9850001335144043,
        1.9879999160766602,
        1.9879999160766602,
        1.9910000562667847,
        1.9910000562667847,
        1.9910000562667847,
        1.994999885559082,
        1.994999885559082,
        1.9980000257492065,
        0.4050000011920929,
        2.000999927520752,
        2.000999927520752,
        2.004999876022339,
        2.004999876022339,
        2.007999897003174,
        2.007999897003174,
        2.011000156402588
    ],
    "Generations needed": 25,
    "Population 1": 196.47999572753906,
    "Population 10": 2658.135009765625,
    "Population 11": 2580.530029296875,
    "Population 12": 2644.010009765625,
    "Population 13": 2540.4599609375,
    "Population 14": 2567.409912109375,
    "Population 15": 2969.0849609375,
    "Population 16": 3314.22509765625,
    "Population 17": 3598.929931640625,
    "Population 18": 3741.35498046875,
    "Population 19": 4002.35498046875,
    "Population 2": 800.5999755859375,
    "Population 20": 3826.419921875,
    "Population 21": 4044.669921875,
    "Population 22": 4180.85498046875,
    "Population 23": 4220.294921875,
    "Population 24": 4004.6298828125,
    "Population 3": 866.885009765625,
    "Population 4": 1745.0999755859375,
    "Population 5": 2337.675048828125,
    "Population 6": 2414.89990234375,
    "Population 7": 2553.7099609375,
    "Population 8": 2583.239990234375,
    "Population 9": 2562.75,
    "start": "today"
}
