{
    "Champ at 1": 729.0,
    "Champ at 10": 2935.0,
    "Champ at 11": 2935.0,
    "Champ at 12": 3313.0,
    "Champ at 13": 3330.0,
    "Champ at 14": 3892.0,
    "Champ at 15": 3892.0,
    "Champ at 16": 3896.0,
    "Champ at 17": 4610.0,
    "Champ at 18": 4610.0,
    "Champ at 19": 4915.0,
    "Champ at 2": 887.0,
    "Champ at 20": 4983.0,
    "Champ at 21": 5124.0,
    "Champ at 3": 1257.0,
    "Champ at 4": 1282.0,
    "Champ at 5": 1832.0,
    "Champ at 6": 1911.0,
    "Champ at 7": 1911.0,
    "Champ at 8": 2306.0,
    "Champ at 9": 2738.0,
    "ChampFitness": 5124.0,
    "ChampInputs": [
        1.7939999103546143,
        1.7939999103546143,
        1.7970000505447388,
        0.5,
        1.7970000505447388,
        1.8000000715255737,
        1.8000000715255737,
        2.809000015258789,
        1.8000000715255737,
        1.8029999732971191,
        1.128999948501587,
        1.8029999732971191,
        2.2339999675750732,
        1.8070000410079956,
        1.8070000410079956,
        1.809999942779541,
        0.07899999618530273,
        1.809999942779541,
        1.1389999389648438,
        1.812999963760376,
        1.065000057220459,
        1.815999984741211,
        0.14900000393390656,
        1.815999984741211,
        1.815999984741211,
        1.8199999332427979,
        1.8199999332427979,
        1.8199999332427979,
        2.88700008392334,
        1.8229999542236328,
        1.8229999542236328,
        3.009000062942505,
        1.8260000944137573,
        1.8260000944137573,
        1.8260000944137573,
        1.8289999961853027,
        3.294999837875366,
        1.8289999961853027,
        1.8330000638961792,
        0.1679999977350235,
        1.8330000638961792,
        0.5789999961853027,
        1.8359999656677246,
        1.8359999656677246,
        1.8359999656677246,
        1.8389999866485596,
        2.8480000495910645,
        1.8389999866485596,
        1.843000054359436,
        1.843000054359436,
        1.843000054359436,
        2.9100000858306885,
        1.8459999561309814,
        1.8459999561309814,
        1.8489999771118164,
        1.8489999771118164,
        1.8489999771118164,
        1.8489999771118164,
        2.2829999923706055,
        1.8519999980926514,
        1.8519999980926514,
        1.8559999465942383,
        1.8559999465942383,
        1.8559999465942383,
        1.8589999675750732,
        1.8589999675750732,
        1.8589999675750732,
        1.8589999675750732,
        1.8619999885559082,
        0.562000036239624,
        2.930000066757202,
        1.8650000095367432,
        1.8650000095367432,
        1.8650000095367432,
        1.8690000772476196,
        0.20400001108646393,
        1.8690000772476196,
        1.871999979019165,
        1.871999979019165,
        1.871999979019165,
        1.871999979019165,
        1.875,
        1.875,
        1.875,
        1.878000020980835,
        1.878000020980835,
        1.878000020980835,
        1.8819999694824219,
        1.8819999694824219,
        1.8819999694824219,
        1.8849999904632568,
        3.068000078201294,
        1.8849999904632568,
        1.8849999904632568,
        1.8880000114440918,
        1.8880000114440918,
        1.8880000114440918,
        1.8919999599456787,
        1.8919999599456787,
        1.8919999599456787
    ],
    "Generations needed": 22,
    "Population 1": 199.68499755859375,
    "Population 10": 2338.6298828125,
    "Population 11": 2575.455078125,
    "Population 12": 2602.534912109375,
    "Population 13": 2792.324951171875,
    "Population 14": 2788.699951171875,
    "Population 15": 3094.3798828125,
    "Population 16": 3170.389892578125,
    "Population 17": 3225.969970703125,
    "Population 18": 3514.030029296875,
    "Population 19": 3613.75,
    "Population 2": 708.6199951171875,
    "Population 20": 3860.02001953125,
    "Population 21": 3794.18505859375,
    "Population 3": 861.9650268554688,
    "Population 4": 1159.6650390625,
    "Population 5": 1213.5550537109375,
    "Population 6": 1678.8599853515625,
    "Population 7": 1789.574951171875,
    "Population 8": 1763.5550537109375,
    "Population 9": 2100.47998046875,
    "start": "today"
}
