{
    "Champ at 1": 825.0,
    "Champ at 10": 1241.0,
    "Champ at 11": 1538.0,
    "Champ at 12": 1844.0,
    "Champ at 13": 2270.0,
    "Champ at 14": 2493.0,
    "Champ at 15": 2562.0,
    "Champ at 16": 2647.0,
    "Champ at 17": 2738.0,
    "Champ at 18": 2738.0,
    "Champ at 19": 2768.0,
    "Champ at 2": 887.0,
    "Champ at 20": 2787.0,
    "Champ at 21": 2935.0,
    "Champ at 22": 2935.0,
    "Champ at 23": 2935.0,
    "Champ at 24": 2935.0,
    "Champ at 25": 2935.0,
    "Champ at 26": 2935.0,
    "Champ at 27": 2935.0,
    "Champ at 28": 2935.0,
    "Champ at 29": 2935.0,
    "Champ at 3": 887.0,
    "Champ at 30": 2935.0,
    "Champ at 31": 2935.0,
    "Champ at 32": 2935.0,
    "Champ at 33": 2935.0,
    "Champ at 34": 3309.0,
    "Champ at 35": 3309.0,
    "Champ at 36": 3586.0,
    "Champ at 37": 3959.0,
    "Champ at 38": 4078.0,
    "Champ at 39": 4786.0,
    "Champ at 4": 887.0,
    "Champ at 40": 4786.0,
    "Champ at 41": 4927.0,
    "Champ at 42": 5117.0,
    "Champ at 5": 887.0,
    "Champ at 6": 887.0,
    "Champ at 7": 887.0,
    "Champ at 8": 887.0,
    "Champ at 9": 887.0,
    "ChampFitness": 5117.0,
    "ChampInputs": [
        1.8459999561309814,
        1.8519999980926514,
        1.8519999980926514,
        1.8550000190734863,
        1.8589999675750732,
        1.8589999675750732,
        2.5429999828338623,
        1.8650000095367432,
        0.8179999589920044,
        1.8680000305175781,
        0.41499999165534973,
        1.871999979019165,
        1.871999979019165,
        1.875,
        1.878000020980835,
        1.878000020980835,
        2.6570000648498535,
        1.8809999227523804,
        3.2269999980926514,
        1.8880000114440918,
        1.8880000114440918,
        2.682000160217285,
        0.5720000267028809,
        0.8799999952316284,
        0.574999988079071,
        0.6310000419616699,
        2.955000162124634,
        2.3239998817443848,
        1.9010000228881836,
        1.9040000438690186,
        0.6110000014305115,
        1.9079999923706055,
        1.9110000133514404,
        1.9110000133514404,
        1.9140000343322754,
        3.0209999084472656,
        0.3440000116825104,
        0.8969999551773071,
        2.9750001430511475,
        1.9239999055862427,
        1.9270000457763672,
        1.9300000667572021,
        1.9300000667572021,
        1.934000015258789,
        0.574999988079071,
        1.937000036239624,
        1.940000057220459,
        1.940000057220459,
        1.9429999589920044,
        1.9429999589920044,
        1.9470000267028809,
        1.9470000267028809,
        1.9499999284744263,
        3.263000011444092,
        1.9529999494552612,
        1.9529999494552612,
        1.9570000171661377,
        1.9570000171661377,
        1.959999918937683,
        1.959999918937683,
        1.9630000591278076,
        1.9660000801086426,
        1.9660000801086426,
        1.9700000286102295,
        1.9700000286102295,
        1.9730000495910645,
        1.9760000705718994,
        1.9760000705718994,
        1.9789999723434448,
        1.9789999723434448,
        1.9830000400543213,
        9.376999855041504,
        1.9859999418258667,
        1.9889999628067017,
        3.059999942779541,
        1.9920001029968262,
        0.6239999532699585,
        0.6080000400543213,
        1.999000072479248,
        2.002000093460083,
        2.002000093460083,
        2.0939998626708984,
        2.0999999046325684,
        2.0999999046325684,
        2.1029999256134033,
        0.6959999799728394,
        2.1070001125335693,
        2.109999895095825,
        0.6270000338554382,
        7.62000036239624,
        2.11299991607666,
        2.117000102996826,
        2.119999885559082,
        0.9490000009536743,
        2.123000144958496,
        2.123000144958496,
        2.1389999389648438,
        2.1389999389648438,
        2.1430001258850098,
        0.956000030040741
    ],
    "Generations needed": 43,
    "Population 1": 201.92999267578125,
    "Population 10": 858.1699829101563,
    "Population 11": 1165.9849853515625,
    "Population 12": 1437.594970703125,
    "Population 13": 1703.75,
    "Population 14": 1982.625,
    "Population 15": 2196.074951171875,
    "Population 16": 2247.340087890625,
    "Population 17": 2317.514892578125,
    "Population 18": 2345.89990234375,
    "Population 19": 2444.449951171875,
    "Population 2": 793.1300048828125,
    "Population 20": 2466.300048828125,
    "Population 21": 2445.81005859375,
    "Population 22": 2604.344970703125,
    "Population 23": 2573.135009765625,
    "Population 24": 2540.514892578125,
    "Population 25": 2601.02001953125,
    "Population 26": 2629.3349609375,
    "Population 27": 2607.574951171875,
    "Population 28": 2535.300048828125,
    "Population 29": 2570.675048828125,
    "Population 3": 843.7849731445313,
    "Population 30": 2541.35498046875,
    "Population 31": 2511.5,
    "Population 32": 2598.02001953125,
    "Population 33": 2572.14990234375,
    "Population 34": 2548.955078125,
    "Population 35": 2828.14990234375,
    "Population 36": 2767.175048828125,
    "Population 37": 2969.945068359375,
    "Population 38": 3072.530029296875,
    "Population 39": 3347.02001953125,
    "Population 4": 862.8250122070313,
    "Population 40": 3572.449951171875,
    "Population 41": 3720.719970703125,
    "Population 42": 3806.804931640625,
    "Population 5": 866.3250122070313,
    "Population 6": 862.4650268554688,
    "Population 7": 870.0650024414063,
    "Population 8": 852.1799926757813,
    "Population 9": 861.8900146484375,
    "start": "today"
}
