{
    "Champ at 1": 887.0,
    "Champ at 10": 4350.0,
    "Champ at 11": 4354.0,
    "Champ at 12": 4354.0,
    "Champ at 13": 4354.0,
    "Champ at 14": 4354.0,
    "Champ at 15": 4354.0,
    "Champ at 16": 4983.0,
    "Champ at 17": 4983.0,
    "Champ at 18": 4983.0,
    "Champ at 19": 4983.0,
    "Champ at 2": 1268.0,
    "Champ at 20": 4983.0,
    "Champ at 21": 5168.0,
    "Champ at 3": 1911.0,
    "Champ at 4": 2285.0,
    "Champ at 5": 2935.0,
    "Champ at 6": 2935.0,
    "Champ at 7": 3586.0,
    "Champ at 8": 3899.0,
    "Champ at 9": 3959.0,
    "ChampFitness": 5168.0,
    "ChampInputs": [
        1.8739999532699585,
        1.8739999532699585,
        1.8739999532699585,
        1.877000093460083,
        1.877000093460083,
        1.877000093460083,
        1.8799998760223389,
        0.9650000333786011,
        1.8799998760223389,
        1.8830000162124634,
        0.9679999947547913,
        1.8830000162124634,
        1.8830000162124634,
        1.8870000839233398,
        1.8870000839233398,
        1.8870000839233398,
        2.671999931335449,
        1.8899999856948853,
        1.0899999141693115,
        1.8930000066757202,
        1.8930000066757202,
        1.8930000066757202,
        1.8970000743865967,
        1.8970000743865967,
        1.8970000743865967,
        2.547999858856201,
        2.0769999027252197,
        1.899999976158142,
        2.5510001182556152,
        1.902999997138977,
        0.2840000092983246,
        1.9059998989105225,
        1.9059998989105225,
        1.9059998989105225,
        2.883000135421753,
        2.187000036239624,
        2.187000036239624,
        2.190000057220459,
        1.9130001068115234,
        1.9130001068115234,
        1.9130001068115234,
        1.9159998893737793,
        3.19599986076355,
        1.9159998893737793,
        2.8960001468658447,
        2.8990001678466797,
        1.9190000295639038,
        1.9230000972747803,
        1.9230000972747803,
        1.9230000972747803,
        1.9259999990463257,
        1.9259999990463257,
        2.5810000896453857,
        1.9290000200271606,
        1.9290000200271606,
        1.9290000200271606,
        1.9320000410079956,
        1.9320000410079956,
        1.9320000410079956,
        1.9359999895095825,
        2.7149999141693115,
        3.2150001525878906,
        1.9390000104904175,
        2.7180001735687256,
        2.116000175476074,
        1.941999912261963,
        1.941999912261963,
        1.941999912261963,
        1.941999912261963,
        1.9459999799728394,
        1.9459999799728394,
        1.9459999799728394,
        1.9490001201629639,
        1.9490001201629639,
        1.9490001201629639,
        1.9519999027252197,
        1.9519999027252197,
        1.9519999027252197,
        2.258999824523926,
        1.9550000429153442,
        1.9550000429153442,
        1.9589998722076416,
        1.9589998722076416,
        1.9589998722076416,
        1.9620000123977661,
        1.9620000123977661,
        1.9620000123977661,
        1.965000033378601,
        1.965000033378601,
        1.965000033378601,
        1.9679999351501465,
        1.9679999351501465,
        1.9679999351501465,
        1.9679999351501465,
        1.972000002861023,
        1.972000002861023,
        1.972000002861023,
        1.975000023841858,
        1.975000023841858,
        1.975000023841858
    ],
    "Generations needed": 22,
    "Population 1": 202.22500610351563,
    "Population 10": 3208.044921875,
    "Population 11": 3710.455078125,
    "Population 12": 3636.614990234375,
    "Population 13": 3663.219970703125,
    "Population 14": 3610.610107421875,
    "Population 15": 3540.794921875,
    "Population 16": 3520.56494140625,
    "Population 17": 3867.4951171875,
    "Population 18": 3953.625,
    "Population 19": 3907.875,
    "Population 2": 864.85498046875,
    "Population 20": 4183.83984375,
    "Population 21": 3925.89990234375,
    "Population 3": 1200.93505859375,
    "Population 4": 1711.239990234375,
    "Population 5": 2064.699951171875,
    "Population 6": 2525.7548828125,
    "Population 7": 2599.77001953125,
    "Population 8": 2928.919921875,
    "Population 9": 3303.449951171875,
    "start": "today"
}
