{
    "Champ at 1": 887.0,
    "Champ at 10": 1911.0,
    "Champ at 11": 1911.0,
    "Champ at 12": 1911.0,
    "Champ at 13": 1911.0,
    "Champ at 14": 2562.0,
    "Champ at 15": 2877.0,
    "Champ at 16": 2935.0,
    "Champ at 17": 2935.0,
    "Champ at 18": 3330.0,
    "Champ at 19": 3897.0,
    "Champ at 2": 887.0,
    "Champ at 20": 3959.0,
    "Champ at 21": 3959.0,
    "Champ at 22": 3959.0,
    "Champ at 23": 4078.0,
    "Champ at 24": 4078.0,
    "Champ at 25": 4078.0,
    "Champ at 26": 4078.0,
    "Champ at 27": 4471.0,
    "Champ at 28": 4922.0,
    "Champ at 29": 4983.0,
    "Champ at 3": 887.0,
    "Champ at 30": 4983.0,
    "Champ at 31": 5138.0,
    "Champ at 4": 887.0,
    "Champ at 5": 887.0,
    "Champ at 6": 887.0,
    "Champ at 7": 887.0,
    "Champ at 8": 1538.0,
    "Champ at 9": 1840.0,
    "ChampFitness": 5138.0,
    "ChampInputs": [
        1.8739999532699585,
        1.878000020980835,
        1.878000020980835,
        1.8809999227523804,
        1.8809999227523804,
        1.8840000629425049,
        1.8840000629425049,
        1.3289999961853027,
        1.8870000839233398,
        0.2019999921321869,
        1.8910000324249268,
        1.8910000324249268,
        1.8910000324249268,
        1.8940000534057617,
        1.8940000534057617,
        1.8940000534057617,
        3.3959999084472656,
        1.8970000743865967,
        1.899999976158142,
        2.381999969482422,
        1.9040000438690186,
        1.9040000438690186,
        1.9040000438690186,
        1.906999945640564,
        2.00600004196167,
        0.6279999613761902,
        1.9169999361038208,
        1.9169999361038208,
        0.7890000343322754,
        0.2329999953508377,
        1.9200000762939453,
        1.9230000972747803,
        1.9230000972747803,
        1.9230000972747803,
        1.9270000457763672,
        1.9270000457763672,
        0.7749999761581421,
        0.25999999046325684,
        1.9300000667572021,
        1.9329999685287476,
        1.9329999685287476,
        2.184999942779541,
        1.9359999895095825,
        1.9359999895095825,
        1.9359999895095825,
        2.9620001316070557,
        1.940000057220459,
        1.940000057220459,
        1.9429999589920044,
        1.9429999589920044,
        1.9429999589920044,
        1.9459999799728394,
        0.2759999930858612,
        1.9459999799728394,
        1.9490001201629639,
        1.9490001201629639,
        1.9529999494552612,
        1.9529999494552612,
        1.9529999494552612,
        1.9560000896453857,
        1.9560000896453857,
        1.9589998722076416,
        1.9589998722076416,
        1.9589998722076416,
        1.9620000123977661,
        1.9620000123977661,
        0.8070000410079956,
        0.828000009059906,
        1.4240000247955322,
        1.968999981880188,
        1.968999981880188,
        1.968999981880188,
        1.972000002861023,
        2.055000066757202,
        1.9760000705718994,
        1.9760000705718994,
        1.9789999723434448,
        1.9789999723434448,
        1.9819999933242798,
        3.0169999599456787,
        0.3059999942779541,
        1.9850001335144043,
        1.9850001335144043,
        1.9889999628067017,
        1.9889999628067017,
        1.9889999628067017,
        1.9920001029968262,
        0.3149999976158142,
        1.9920001029968262,
        1.994999885559082,
        1.994999885559082,
        3.5199999809265137,
        1.9980000257492065,
        1.9980000257492065,
        9.748000144958496,
        0.8370000123977661,
        2.007999897003174,
        2.011000156402588,
        2.0149998664855957,
        2.0149998664855957
    ],
    "Generations needed": 32,
    "Population 1": 203.85000610351563,
    "Population 10": 1682.5050048828125,
    "Population 11": 1759.7650146484375,
    "Population 12": 1772.2650146484375,
    "Population 13": 1767.52001953125,
    "Population 14": 1693.2149658203125,
    "Population 15": 2290.35009765625,
    "Population 16": 2543.054931640625,
    "Population 17": 2545.5400390625,
    "Population 18": 2548.675048828125,
    "Population 19": 2843.77490234375,
    "Population 2": 861.280029296875,
    "Population 20": 3174.2099609375,
    "Population 21": 3323.125,
    "Population 22": 3216.179931640625,
    "Population 23": 3237.1201171875,
    "Population 24": 3362.344970703125,
    "Population 25": 3418.014892578125,
    "Population 26": 3165.6201171875,
    "Population 27": 3317.419921875,
    "Population 28": 3486.2900390625,
    "Population 29": 3840.125,
    "Population 3": 858.844970703125,
    "Population 30": 4228.1650390625,
    "Population 31": 3743.139892578125,
    "Population 4": 868.0449829101563,
    "Population 5": 852.5750122070313,
    "Population 6": 855.1900024414063,
    "Population 7": 864.385009765625,
    "Population 8": 852.4349975585938,
    "Population 9": 1415.614990234375,
    "start": "today"
}
