{
    "Champ at 1": 887.0,
    "Champ at 10": 1911.0,
    "Champ at 11": 1911.0,
    "Champ at 12": 1911.0,
    "Champ at 13": 1911.0,
    "Champ at 14": 2562.0,
    "Champ at 15": 2738.0,
    "Champ at 16": 2935.0,
    "Champ at 17": 2935.0,
    "Champ at 18": 3586.0,
    "Champ at 19": 3671.0,
    "Champ at 2": 887.0,
    "Champ at 20": 3762.0,
    "Champ at 21": 3762.0,
    "Champ at 22": 3901.0,
    "Champ at 23": 3959.0,
    "Champ at 24": 4345.0,
    "Champ at 25": 4786.0,
    "Champ at 26": 4786.0,
    "Champ at 27": 5146.0,
    "Champ at 3": 1276.0,
    "Champ at 4": 1282.0,
    "Champ at 5": 1282.0,
    "Champ at 6": 1538.0,
    "Champ at 7": 1911.0,
    "Champ at 8": 1911.0,
    "Champ at 9": 1911.0,
    "ChampFitness": 5146.0,
    "ChampInputs": [
        1.8910000324249268,
        1.8940000534057617,
        1.8940000534057617,
        1.8940000534057617,
        1.8970000743865967,
        1.8970000743865967,
        1.8970000743865967,
        0.8680000305175781,
        1.899999976158142,
        1.9040000438690186,
        2.746999740600586,
        1.9040000438690186,
        1.906999945640564,
        1.906999945640564,
        1.909999966621399,
        3.174999952316284,
        1.909999966621399,
        1.9130001068115234,
        1.9130001068115234,
        0.1420000046491623,
        1.9169999361038208,
        1.9169999361038208,
        1.9200000762939453,
        0.18200001120567322,
        1.9230000972747803,
        1.9230000972747803,
        1.1480000019073486,
        1.9270000457763672,
        1.9270000457763672,
        1.9300000667572021,
        1.8330000638961792,
        1.9300000667572021,
        0.9889999628067017,
        1.3310000896453857,
        1.6920000314712524,
        0.5900000333786011,
        1.9359999895095825,
        0.8240000009536743,
        1.940000057220459,
        1.940000057220459,
        1.9429999589920044,
        0.20099999010562897,
        1.9459999799728394,
        0.20500001311302185,
        1.9459999799728394,
        1.9490001201629639,
        1.9490001201629639,
        1.9529999494552612,
        0.9070000052452087,
        1.9560000896453857,
        1.9560000896453857,
        1.9589998722076416,
        1.9589998722076416,
        1.9589998722076416,
        1.9620000123977661,
        1.3539999723434448,
        0.847000002861023,
        1.9660000801086426,
        1.9660000801086426,
        1.968999981880188,
        1.968999981880188,
        1.968999981880188,
        1.972000002861023,
        1.9760000705718994,
        1.9760000705718994,
        1.9789999723434448,
        1.9789999723434448,
        1.9819999933242798,
        1.9819999933242798,
        1.9850001335144043,
        1.9850001335144043,
        1.871999979019165,
        1.9889999628067017,
        1.9920001029968262,
        1.9920001029968262,
        1.994999885559082,
        1.994999885559082,
        0.8730000257492065,
        1.9980000257492065,
        1.9980000257492065,
        2.002000093460083,
        2.002000093460083,
        2.004999876022339,
        2.004999876022339,
        2.007999897003174,
        2.007999897003174,
        2.007999897003174,
        2.011000156402588,
        2.011000156402588,
        0.8860000371932983,
        2.0149998664855957,
        3.25,
        2.0180001258850098,
        2.0180001258850098,
        2.0209999084472656,
        2.0209999084472656,
        0.8959999680519104,
        2.0250000953674316,
        2.0280001163482666,
        2.0280001163482666
    ],
    "Generations needed": 28,
    "Population 1": 203.4499969482422,
    "Population 10": 1688.635009765625,
    "Population 11": 1723.125,
    "Population 12": 1709.175048828125,
    "Population 13": 1764.3349609375,
    "Population 14": 1778.5849609375,
    "Population 15": 2310.300048828125,
    "Population 16": 2407.655029296875,
    "Population 17": 2553.9599609375,
    "Population 18": 2599.2451171875,
    "Population 19": 2909.695068359375,
    "Population 2": 864.6849975585938,
    "Population 20": 3208.139892578125,
    "Population 21": 3055.590087890625,
    "Population 22": 2976.340087890625,
    "Population 23": 3121.31494140625,
    "Population 24": 3221.784912109375,
    "Population 25": 3482.294921875,
    "Population 26": 3716.054931640625,
    "Population 27": 3996.784912109375,
    "Population 3": 864.1649780273438,
    "Population 4": 1199.2349853515625,
    "Population 5": 1212.9000244140625,
    "Population 6": 1238.260009765625,
    "Population 7": 1458.0,
    "Population 8": 1767.18994140625,
    "Population 9": 1752.905029296875,
    "start": "today"
}
