{
    "Champ at 1": 887.0,
    "Champ at 10": 1911.0,
    "Champ at 11": 1911.0,
    "Champ at 12": 1911.0,
    "Champ at 13": 1911.0,
    "Champ at 14": 1911.0,
    "Champ at 15": 1911.0,
    "Champ at 16": 1911.0,
    "Champ at 17": 1911.0,
    "Champ at 18": 2301.0,
    "Champ at 19": 2302.0,
    "Champ at 2": 887.0,
    "Champ at 20": 2309.0,
    "Champ at 21": 2738.0,
    "Champ at 22": 2738.0,
    "Champ at 23": 2935.0,
    "Champ at 24": 2935.0,
    "Champ at 25": 2935.0,
    "Champ at 26": 2935.0,
    "Champ at 27": 2935.0,
    "Champ at 28": 2935.0,
    "Champ at 29": 3321.0,
    "Champ at 3": 1538.0,
    "Champ at 30": 3903.0,
    "Champ at 31": 3959.0,
    "Champ at 32": 3959.0,
    "Champ at 33": 3959.0,
    "Champ at 34": 4331.0,
    "Champ at 35": 4331.0,
    "Champ at 36": 4354.0,
    "Champ at 37": 4354.0,
    "Champ at 38": 4354.0,
    "Champ at 39": 4354.0,
    "Champ at 4": 1849.0,
    "Champ at 40": 4354.0,
    "Champ at 41": 4354.0,
    "Champ at 42": 4354.0,
    "Champ at 43": 4354.0,
    "Champ at 44": 4354.0,
    "Champ at 45": 4354.0,
    "Champ at 46": 4354.0,
    "Champ at 47": 4354.0,
    "Champ at 48": 4471.0,
    "Champ at 49": 4983.0,
    "Champ at 5": 1911.0,
    "Champ at 50": 5211.0,
    "Champ at 6": 1911.0,
    "Champ at 7": 1911.0,
    "Champ at 8": 1911.0,
    "Champ at 9": 1911.0,
    "ChampFitness": 5211.0,
    "ChampInputs": [
        1.8840000629425049,
        1.8840000629425049,
        1.8870000839233398,
        1.8870000839233398,
        1.8870000839233398,
        1.8910000324249268,
        1.8910000324249268,
        1.11899995803833,
        1.8940000534057617,
        2.3340001106262207,
        2.0250000953674316,
        1.8970000743865967,
        1.8970000743865967,
        1.8970000743865967,
        1.6660000085830688,
        3.057000160217285,
        1.9010000228881836,
        1.9040000438690186,
        2.874000072479248,
        1.9040000438690186,
        1.9040000438690186,
        1.906999945640564,
        1.906999945640564,
        2.7279999256134033,
        1.909999966621399,
        1.909999966621399,
        0.7100000381469727,
        1.9140000343322754,
        2.058000087738037,
        1.9140000343322754,
        1.9140000343322754,
        1.9169999361038208,
        2.4690001010894775,
        1.9169999361038208,
        1.9200000762939453,
        2.946000099182129,
        1.9200000762939453,
        1.9230000972747803,
        1.9230000972747803,
        1.9230000972747803,
        1.9270000457763672,
        1.0069999694824219,
        2.9620001316070557,
        1.9300000667572021,
        1.9300000667572021,
        1.9300000667572021,
        1.9300000667572021,
        1.9329999685287476,
        1.9329999685287476,
        1.9329999685287476,
        2.0799999237060547,
        1.9359999895095825,
        1.9359999895095825,
        1.027000069618225,
        1.940000057220459,
        2.0869998931884766,
        1.9429999589920044,
        1.9429999589920044,
        1.9429999589920044,
        1.9429999589920044,
        1.9459999799728394,
        1.9459999799728394,
        1.9459999799728394,
        1.9499999284744263,
        1.9499999284744263,
        1.9499999284744263,
        2.500999927520752,
        1.9529999494552612,
        1.9529999494552612,
        1.9560000896453857,
        1.9560000896453857,
        1.9560000896453857,
        1.725000023841858,
        1.9589998722076416,
        1.9589998722076416,
        1.9589998722076416,
        1.9630000591278076,
        1.9630000591278076,
        1.9630000591278076,
        1.9660000801086426,
        1.9660000801086426,
        1.9660000801086426,
        1.9660000801086426,
        1.968999981880188,
        1.968999981880188,
        2.941999912261963,
        1.972000002861023,
        1.972000002861023,
        1.972000002861023,
        1.9760000705718994,
        3.578000068664551,
        1.9760000705718994,
        1.9789999723434448,
        1.9789999723434448,
        1.9789999723434448,
        1.9789999723434448,
        1.9819999933242798,
        1.9819999933242798,
        1.9819999933242798,
        3.072999954223633
    ],
    "Generations needed": 51,
    "Population 1": 198.11000061035156,
    "Population 10": 1764.0899658203125,
    "Population 11": 1752.0250244140625,
    "Population 12": 1827.1600341796875,
    "Population 13": 1758.5350341796875,
    "Population 14": 1757.0350341796875,
    "Population 15": 1781.875,
    "Population 16": 1739.280029296875,
    "Population 17": 1719.43505859375,
    "Population 18": 1775.1199951171875,
    "Population 19": 2084.949951171875,
    "Population 2": 865.6300048828125,
    "Population 20": 2097.0,
    "Population 21": 2059.830078125,
    "Population 22": 2439.405029296875,
    "Population 23": 2415.909912109375,
    "Population 24": 2569.014892578125,
    "Population 25": 2557.324951171875,
    "Population 26": 2595.22998046875,
    "Population 27": 2556.7451171875,
    "Population 28": 2578.300048828125,
    "Population 29": 2520.949951171875,
    "Population 3": 852.760009765625,
    "Population 30": 2823.27001953125,
    "Population 31": 3180.514892578125,
    "Population 32": 3303.264892578125,
    "Population 33": 3257.4150390625,
    "Population 34": 3186.375,
    "Population 35": 3541.8701171875,
    "Population 36": 3477.074951171875,
    "Population 37": 3551.300048828125,
    "Population 38": 3619.534912109375,
    "Population 39": 3413.544921875,
    "Population 4": 1460.2049560546875,
    "Population 40": 3552.75,
    "Population 41": 3438.9150390625,
    "Population 42": 3545.760009765625,
    "Population 43": 3422.969970703125,
    "Population 44": 3542.60009765625,
    "Population 45": 3535.06494140625,
    "Population 46": 3483.044921875,
    "Population 47": 3566.0048828125,
    "Population 48": 3625.885009765625,
    "Population 49": 3752.080078125,
    "Population 5": 1723.5,
    "Population 50": 3821.719970703125,
    "Population 6": 1760.530029296875,
    "Population 7": 1770.824951171875,
    "Population 8": 1746.800048828125,
    "Population 9": 1695.9549560546875,
    "start": "today"
}
