{
    "Champ at 1": 805.0,
    "Champ at 10": 1911.0,
    "Champ at 11": 1911.0,
    "Champ at 12": 1911.0,
    "Champ at 13": 1911.0,
    "Champ at 14": 1911.0,
    "Champ at 15": 1911.0,
    "Champ at 16": 2306.0,
    "Champ at 17": 2306.0,
    "Champ at 18": 2562.0,
    "Champ at 19": 2647.0,
    "Champ at 2": 887.0,
    "Champ at 20": 2647.0,
    "Champ at 21": 2935.0,
    "Champ at 22": 2935.0,
    "Champ at 23": 2935.0,
    "Champ at 24": 2935.0,
    "Champ at 25": 2935.0,
    "Champ at 26": 3298.0,
    "Champ at 27": 3330.0,
    "Champ at 28": 3332.0,
    "Champ at 29": 3447.0,
    "Champ at 3": 887.0,
    "Champ at 30": 3507.0,
    "Champ at 31": 3671.0,
    "Champ at 32": 3671.0,
    "Champ at 33": 3671.0,
    "Champ at 34": 3762.0,
    "Champ at 35": 3762.0,
    "Champ at 36": 3762.0,
    "Champ at 37": 3762.0,
    "Champ at 38": 3762.0,
    "Champ at 39": 3762.0,
    "Champ at 4": 887.0,
    "Champ at 40": 3959.0,
    "Champ at 41": 3959.0,
    "Champ at 42": 3959.0,
    "Champ at 43": 3959.0,
    "Champ at 44": 3959.0,
    "Champ at 45": 3959.0,
    "Champ at 46": 3959.0,
    "Champ at 47": 3959.0,
    "Champ at 48": 4322.0,
    "Champ at 49": 4349.0,
    "Champ at 5": 1270.0,
    "Champ at 50": 4350.0,
    "Champ at 51": 4354.0,
    "Champ at 52": 4695.0,
    "Champ at 53": 4695.0,
    "Champ at 54": 4920.0,
    "Champ at 55": 4983.0,
    "Champ at 56": 5114.0,
    "Champ at 6": 1282.0,
    "Champ at 7": 1538.0,
    "Champ at 8": 1623.0,
    "Champ at 9": 1851.0,
    "ChampFitness": 5114.0,
    "ChampInputs": [
        1.8000000715255737,
        1.8029999732971191,
        1.8029999732971191,
        1.8029999732971191,
        1.805999994277954,
        1.805999994277954,
        3.4739999771118164,
        1.8089998960494995,
        1.8089998960494995,
        0.5799999833106995,
        1.812999963760376,
        1.8240000009536743,
        1.815999984741211,
        0.5979999899864197,
        1.819000005722046,
        1.7760000228881836,
        3.1570000648498535,
        1.8220000267028809,
        1.8260000944137573,
        2.800999879837036,
        1.8260000944137573,
        2.5810000896453857,
        1.315000057220459,
        1.8320000171661377,
        1.8320000171661377,
        0.715999960899353,
        1.8350000381469727,
        2.058000087738037,
        0.5600000023841858,
        1.8389999866485596,
        1.2080000638961792,
        0.6430000066757202,
        1.8420000076293945,
        0.6190000176429749,
        1.84499990940094,
        1.84499990940094,
        2.071000099182129,
        0.546999990940094,
        1.8519999980926514,
        1.8519999980926514,
        3.192000150680542,
        1.8550000190734863,
        1.8550000190734863,
        1.8220000267028809,
        1.8580000400543213,
        2.5909998416900635,
        1.8619999885559082,
        1.8619999885559082,
        2.619999885559082,
        1.8650000095367432,
        1.8650000095367432,
        0.6620000600814819,
        1.8680000305175781,
        1.8709999322891235,
        1.8709999322891235,
        0.7689999938011169,
        2.0900001525878906,
        1.875,
        3.7929999828338623,
        1.878000020980835,
        1.878000020980835,
        0.6700000166893005,
        1.8809999227523804,
        1.8840000629425049,
        1.8840000629425049,
        1.8840000629425049,
        1.8880000114440918,
        5.873000144958496,
        1.8910000324249268,
        1.8910000324249268,
        1.8940000534057617,
        1.8940000534057617,
        1.8940000534057617,
        1.8980000019073486,
        1.9279999732971191,
        3.9610002040863037,
        2.6589999198913574,
        3.819000244140625,
        1.9040000438690186,
        1.9040000438690186,
        7.003999710083008,
        1.906999945640564,
        1.906999945640564,
        1.9110000133514404,
        8.328999519348145,
        1.9140000343322754,
        1.9140000343322754,
        1.9140000343322754,
        1.9169999361038208,
        1.9169999361038208,
        1.9200000762939453,
        1.9200000762939453,
        1.9200000762939453,
        1.9239999055862427,
        1.9239999055862427,
        1.9270000457763672,
        1.9270000457763672,
        1.9270000457763672,
        1.9300000667572021,
        1.9300000667572021
    ],
    "Generations needed": 57,
    "Population 1": 188.56500244140625,
    "Population 10": 1737.3349609375,
    "Population 11": 1787.2950439453125,
    "Population 12": 1772.2349853515625,
    "Population 13": 1743.614990234375,
    "Population 14": 1770.1500244140625,
    "Population 15": 1718.8399658203125,
    "Population 16": 1710.5699462890625,
    "Population 17": 2075.4951171875,
    "Population 18": 2150.554931640625,
    "Population 19": 2284.715087890625,
    "Population 2": 783.0999755859375,
    "Population 20": 2342.239990234375,
    "Population 21": 2408.219970703125,
    "Population 22": 2601.64501953125,
    "Population 23": 2550.885009765625,
    "Population 24": 2600.7099609375,
    "Population 25": 2521.159912109375,
    "Population 26": 2571.945068359375,
    "Population 27": 2757.735107421875,
    "Population 28": 2904.72998046875,
    "Population 29": 2876.489990234375,
    "Population 3": 854.7999877929688,
    "Population 30": 2933.219970703125,
    "Population 31": 2877.469970703125,
    "Population 32": 3050.304931640625,
    "Population 33": 2949.715087890625,
    "Population 34": 3068.875,
    "Population 35": 3288.0048828125,
    "Population 36": 3208.52490234375,
    "Population 37": 3091.090087890625,
    "Population 38": 3031.235107421875,
    "Population 39": 3136.090087890625,
    "Population 4": 857.364990234375,
    "Population 40": 3145.945068359375,
    "Population 41": 3220.050048828125,
    "Population 42": 3350.52490234375,
    "Population 43": 3133.260009765625,
    "Population 44": 3362.60009765625,
    "Population 45": 3408.10498046875,
    "Population 46": 3327.7548828125,
    "Population 47": 3340.6201171875,
    "Population 48": 3221.260009765625,
    "Population 49": 3561.06494140625,
    "Population 5": 866.0750122070313,
    "Population 50": 3603.804931640625,
    "Population 51": 3541.31494140625,
    "Population 52": 3539.300048828125,
    "Population 53": 3688.955078125,
    "Population 54": 3877.1650390625,
    "Population 55": 3672.3349609375,
    "Population 56": 3876.6650390625,
    "Population 6": 1195.6300048828125,
    "Population 7": 1217.81005859375,
    "Population 8": 1466.0150146484375,
    "Population 9": 1521.85498046875,
    "start": "today"
}
