{
    "Champ at 1": 887.0,
    "Champ at 10": 2878.0,
    "Champ at 11": 2935.0,
    "Champ at 12": 2935.0,
    "Champ at 13": 2935.0,
    "Champ at 14": 2935.0,
    "Champ at 15": 2935.0,
    "Champ at 16": 3325.0,
    "Champ at 17": 3671.0,
    "Champ at 18": 3860.0,
    "Champ at 19": 3959.0,
    "Champ at 2": 887.0,
    "Champ at 20": 3959.0,
    "Champ at 21": 4331.0,
    "Champ at 22": 4354.0,
    "Champ at 23": 4354.0,
    "Champ at 24": 4354.0,
    "Champ at 25": 4354.0,
    "Champ at 26": 4913.0,
    "Champ at 27": 4983.0,
    "Champ at 28": 4983.0,
    "Champ at 29": 5141.0,
    "Champ at 3": 887.0,
    "Champ at 4": 1538.0,
    "Champ at 5": 1623.0,
    "Champ at 6": 1911.0,
    "Champ at 7": 2298.0,
    "Champ at 8": 2307.0,
    "Champ at 9": 2562.0,
    "ChampFitness": 5141.0,
    "ChampInputs": [
        1.8639999628067017,
        1.8669999837875366,
        1.8669999837875366,
        1.8669999837875366,
        1.8700001239776611,
        1.8700001239776611,
        1.872999906539917,
        1.3459999561309814,
        1.4609999656677246,
        2.9600000381469727,
        1.877000093460083,
        1.8799998760223389,
        1.8799998760223389,
        1.8830000162124634,
        1.8830000162124634,
        1.8830000162124634,
        1.0119999647140503,
        1.8860000371932983,
        0.6710000038146973,
        1.8899999856948853,
        1.444000005722046,
        1.8899999856948853,
        2.4519999027252197,
        1.8930000066757202,
        1.902999997138977,
        1.9059998989105225,
        1.0290000438690186,
        1.9089999198913574,
        2.4140000343322754,
        1.9089999198913574,
        1.9130001068115234,
        1.9130001068115234,
        0.3530000150203705,
        1.9159998893737793,
        1.9159998893737793,
        0.5239999890327454,
        1.9190000295639038,
        1.9220000505447388,
        1.9220000505447388,
        2.5870001316070557,
        1.9259999990463257,
        1.9259999990463257,
        1.9290000200271606,
        1.9290000200271606,
        2.430000066757202,
        0.6859999895095825,
        1.9320000410079956,
        1.934999942779541,
        1.934999942779541,
        1.9390000104904175,
        1.9390000104904175,
        1.0520000457763672,
        1.941999912261963,
        1.941999912261963,
        1.9449999332427979,
        1.9449999332427979,
        1.9490001201629639,
        1.9490001201629639,
        1.9490001201629639,
        1.402000069618225,
        1.9519999027252197,
        0.7029999494552612,
        2.6100001335144043,
        1.9550000429153442,
        1.9580000638961792,
        1.9580000638961792,
        1.9580000638961792,
        1.9620000123977661,
        1.0670000314712524,
        1.9620000123977661,
        1.965000033378601,
        1.965000033378601,
        2.4099998474121094,
        1.9679999351501465,
        1.9679999351501465,
        1.4179999828338623,
        1.9709999561309814,
        1.0770000219345093,
        1.0800000429153442,
        1.975000023841858,
        1.9779999256134033,
        1.9779999256134033,
        2.4660000801086426,
        2.511000156402588,
        1.9809999465942383,
        1.9840000867843628,
        1.9840000867843628,
        1.9879999160766602,
        1.430999994277954,
        1.9879999160766602,
        1.9910000562667847,
        1.9910000562667847,
        0.781999945640564,
        1.99399995803833,
        1.99399995803833,
        8.772000312805176,
        1.996999979019165,
        2.000999927520752,
        2.000999927520752,
        2.000999927520752
    ],
    "Generations needed": 30,
    "Population 1": 201.52999877929688,
    "Population 10": 2308.39990234375,
    "Population 11": 2546.02001953125,
    "Population 12": 2586.739990234375,
    "Population 13": 2567.8701171875,
    "Population 14": 2593.8798828125,
    "Population 15": 2591.2548828125,
    "Population 16": 2512.635009765625,
    "Population 17": 2856.3701171875,
    "Population 18": 3069.760009765625,
    "Population 19": 3235.14990234375,
    "Population 2": 852.030029296875,
    "Population 20": 3220.06005859375,
    "Population 21": 3218.89990234375,
    "Population 22": 3674.784912109375,
    "Population 23": 3585.945068359375,
    "Population 24": 3535.56494140625,
    "Population 25": 3510.054931640625,
    "Population 26": 3503.02001953125,
    "Population 27": 3820.2548828125,
    "Population 28": 3972.56494140625,
    "Population 29": 4067.905029296875,
    "Population 3": 868.27001953125,
    "Population 4": 871.7650146484375,
    "Population 5": 1423.77001953125,
    "Population 6": 1521.739990234375,
    "Population 7": 1826.050048828125,
    "Population 8": 2052.469970703125,
    "Population 9": 2038.719970703125,
    "start": "today"
}
