{
    "Champ at 1": 887.0,
    "Champ at 10": 3887.0,
    "Champ at 11": 3959.0,
    "Champ at 12": 3959.0,
    "Champ at 13": 3959.0,
    "Champ at 14": 3959.0,
    "Champ at 15": 3959.0,
    "Champ at 16": 3959.0,
    "Champ at 17": 3959.0,
    "Champ at 18": 3959.0,
    "Champ at 19": 3959.0,
    "Champ at 2": 1273.0,
    "Champ at 20": 3959.0,
    "Champ at 21": 3959.0,
    "Champ at 22": 3959.0,
    "Champ at 23": 3959.0,
    "Champ at 24": 3959.0,
    "Champ at 25": 3959.0,
    "Champ at 26": 4471.0,
    "Champ at 27": 4471.0,
    "Champ at 28": 4471.0,
    "Champ at 29": 4471.0,
    "Champ at 3": 1847.0,
    "Champ at 30": 4610.0,
    "Champ at 31": 4695.0,
    "Champ at 32": 4916.0,
    "Champ at 33": 4983.0,
    "Champ at 34": 4983.0,
    "Champ at 35": 4983.0,
    "Champ at 36": 5125.0,
    "Champ at 4": 1911.0,
    "Champ at 5": 1911.0,
    "Champ at 6": 1911.0,
    "Champ at 7": 2301.0,
    "Champ at 8": 2738.0,
    "Champ at 9": 3324.0,
    "ChampFitness": 5125.0,
    "ChampInputs": [
        1.8830000162124634,
        1.8830000162124634,
        1.8860000371932983,
        1.8860000371932983,
        1.8860000371932983,
        1.8899999856948853,
        1.8899999856948853,
        0.906000018119812,
        1.8930000066757202,
        0.6899999976158142,
        1.8930000066757202,
        1.8960000276565552,
        1.8960000276565552,
        1.8960000276565552,
        1.8989999294281006,
        1.8989999294281006,
        3.0789999961853027,
        1.902999997138977,
        2.434000015258789,
        1.902999997138977,
        1.9059998989105225,
        1.9059998989105225,
        2.116000175476074,
        1.9089999198913574,
        3.0880000591278076,
        1.9089999198913574,
        1.912000060081482,
        2.123000144958496,
        1.912000060081482,
        1.9159998893737793,
        1.9159998893737793,
        1.9159998893737793,
        3.4599997997283936,
        1.9190000295639038,
        2.2239999771118164,
        1.9220000505447388,
        2.1489999294281006,
        1.9220000505447388,
        1.9259999990463257,
        1.9259999990463257,
        2.4749999046325684,
        1.9259999990463257,
        1.9290000200271606,
        1.9290000200271606,
        1.9290000200271606,
        2.236999988555908,
        1.9320000410079956,
        1.9320000410079956,
        1.934999942779541,
        1.934999942779541,
        1.934999942779541,
        1.9390000104904175,
        1.9390000104904175,
        1.9390000104904175,
        2.246999979019165,
        1.941999912261963,
        1.941999912261963,
        1.9449999332427979,
        1.9449999332427979,
        1.9480000734329224,
        1.9480000734329224,
        1.9480000734329224,
        2.178999900817871,
        1.9519999027252197,
        1.9550000429153442,
        1.9580000638961792,
        1.9609999656677246,
        1.965000033378601,
        1.965000033378601,
        1.9679999351501465,
        1.9679999351501465,
        2.188999891281128,
        1.9709999561309814,
        1.9709999561309814,
        1.975000023841858,
        1.975000023841858,
        1.9779999256134033,
        3.0160000324249268,
        1.9779999256134033,
        1.9809999465942383,
        1.9809999465942383,
        1.9840000867843628,
        1.9840000867843628,
        1.9840000867843628,
        1.9879999160766602,
        1.9879999160766602,
        1.9910000562667847,
        1.9910000562667847,
        1.9910000562667847,
        1.99399995803833,
        1.99399995803833,
        1.99399995803833,
        1.996999979019165,
        1.996999979019165,
        2.000999927520752,
        4.4670000076293945,
        2.000999927520752,
        2.003999948501587,
        2.003999948501587,
        1.0
    ],
    "Generations needed": 37,
    "Population 1": 208.97000122070313,
    "Population 10": 2799.9599609375,
    "Population 11": 3239.425048828125,
    "Population 12": 3445.445068359375,
    "Population 13": 3278.330078125,
    "Population 14": 3189.56005859375,
    "Population 15": 3320.804931640625,
    "Population 16": 3400.570068359375,
    "Population 17": 3363.489990234375,
    "Population 18": 3237.22509765625,
    "Population 19": 3198.205078125,
    "Population 2": 865.3099975585938,
    "Population 20": 3250.195068359375,
    "Population 21": 3077.639892578125,
    "Population 22": 3489.5849609375,
    "Population 23": 3252.864990234375,
    "Population 24": 3437.64990234375,
    "Population 25": 3237.5849609375,
    "Population 26": 3161.85498046875,
    "Population 27": 3658.780029296875,
    "Population 28": 3684.72998046875,
    "Population 29": 3711.989990234375,
    "Population 3": 1223.135009765625,
    "Population 30": 3523.010009765625,
    "Population 31": 3883.739990234375,
    "Population 32": 3788.77490234375,
    "Population 33": 3845.409912109375,
    "Population 34": 3938.614990234375,
    "Population 35": 4051.455078125,
    "Population 36": 3791.875,
    "Population 4": 1676.074951171875,
    "Population 5": 1734.81005859375,
    "Population 6": 1730.699951171875,
    "Population 7": 1776.550048828125,
    "Population 8": 2060.81005859375,
    "Population 9": 2393.1298828125,
    "start": "today"
}
