{
    "Champ at 1": 887.0,
    "Champ at 10": 2935.0,
    "Champ at 11": 2935.0,
    "Champ at 12": 2935.0,
    "Champ at 13": 3302.0,
    "Champ at 14": 3586.0,
    "Champ at 15": 3891.0,
    "Champ at 16": 4610.0,
    "Champ at 17": 4695.0,
    "Champ at 18": 4786.0,
    "Champ at 19": 4786.0,
    "Champ at 2": 887.0,
    "Champ at 20": 4983.0,
    "Champ at 21": 4983.0,
    "Champ at 22": 5145.0,
    "Champ at 3": 1258.0,
    "Champ at 4": 1911.0,
    "Champ at 5": 1911.0,
    "Champ at 6": 1911.0,
    "Champ at 7": 1911.0,
    "Champ at 8": 1911.0,
    "Champ at 9": 1911.0,
    "ChampFitness": 5145.0,
    "ChampInputs": [
        1.8860000371932983,
        1.8899999856948853,
        1.8930000066757202,
        1.8960000276565552,
        1.8960000276565552,
        1.8989999294281006,
        0.5809999704360962,
        1.8989999294281006,
        1.902999997138977,
        1.902999997138977,
        1.128000020980835,
        1.9059998989105225,
        1.9059998989105225,
        1.9089999198913574,
        1.9089999198913574,
        1.9089999198913574,
        2.7680001258850098,
        1.912000060081482,
        2.7720000743865967,
        1.9159998893737793,
        1.9159998893737793,
        1.9190000295639038,
        1.9190000295639038,
        1.9190000295639038,
        1.9220000505447388,
        0.41200000047683716,
        1.9259999990463257,
        1.9259999990463257,
        2.5420000553131104,
        2.0869998931884766,
        1.9290000200271606,
        1.9320000410079956,
        1.9320000410079956,
        3.2769999504089355,
        1.934999942779541,
        1.934999942779541,
        1.8860000371932983,
        1.9390000104904175,
        2.5220000743865967,
        1.9390000104904175,
        1.941999912261963,
        1.941999912261963,
        0.8230000138282776,
        1.9449999332427979,
        1.9449999332427979,
        1.9480000734329224,
        1.9480000734329224,
        1.9519999027252197,
        1.9519999027252197,
        1.9519999027252197,
        1.9550000429153442,
        1.9550000429153442,
        1.9550000429153442,
        1.9580000638961792,
        1.9580000638961792,
        1.9580000638961792,
        1.9609999656677246,
        1.9609999656677246,
        1.965000033378601,
        0.8429999351501465,
        1.965000033378601,
        1.9679999351501465,
        1.9679999351501465,
        1.9679999351501465,
        1.9709999561309814,
        1.9709999561309814,
        1.975000023841858,
        1.975000023841858,
        1.975000023841858,
        1.9779999256134033,
        1.9779999256134033,
        1.9809999465942383,
        1.9809999465942383,
        1.9809999465942383,
        1.9840000867843628,
        1.9840000867843628,
        1.9840000867843628,
        1.9879999160766602,
        1.9879999160766602,
        1.9910000562667847,
        1.9910000562667847,
        1.99399995803833,
        1.99399995803833,
        1.996999979019165,
        1.996999979019165,
        2.000999927520752,
        2.000999927520752,
        2.003999948501587,
        2.006999969482422,
        0.6589999794960022,
        2.006999969482422,
        2.009999990463257,
        2.009999990463257,
        2.0139999389648438,
        2.0139999389648438,
        2.0169999599456787,
        2.0169999599456787,
        2.0199999809265137,
        2.0199999809265137,
        2.0199999809265137
    ],
    "Generations needed": 23,
    "Population 1": 208.5500030517578,
    "Population 10": 1779.9200439453125,
    "Population 11": 2629.7099609375,
    "Population 12": 2569.614990234375,
    "Population 13": 2604.840087890625,
    "Population 14": 2877.10498046875,
    "Population 15": 3034.330078125,
    "Population 16": 3485.784912109375,
    "Population 17": 3660.465087890625,
    "Population 18": 3844.574951171875,
    "Population 19": 3889.7099609375,
    "Population 2": 828.844970703125,
    "Population 20": 3822.22998046875,
    "Population 21": 4149.22509765625,
    "Population 22": 4001.89990234375,
    "Population 3": 875.864990234375,
    "Population 4": 1201.2049560546875,
    "Population 5": 1737.3900146484375,
    "Population 6": 1743.875,
    "Population 7": 1724.1099853515625,
    "Population 8": 1734.2850341796875,
    "Population 9": 1690.385009765625,
    "start": "today"
}
