{
    "Champ at 1": 815.0,
    "Champ at 10": 2272.0,
    "Champ at 11": 2306.0,
    "Champ at 12": 2306.0,
    "Champ at 13": 2935.0,
    "Champ at 14": 3323.0,
    "Champ at 15": 3893.0,
    "Champ at 16": 3959.0,
    "Champ at 17": 3959.0,
    "Champ at 18": 4610.0,
    "Champ at 19": 4786.0,
    "Champ at 2": 887.0,
    "Champ at 20": 4786.0,
    "Champ at 21": 4983.0,
    "Champ at 22": 4983.0,
    "Champ at 23": 4983.0,
    "Champ at 24": 4983.0,
    "Champ at 25": 4983.0,
    "Champ at 26": 5125.0,
    "Champ at 3": 1247.0,
    "Champ at 4": 1282.0,
    "Champ at 5": 1282.0,
    "Champ at 6": 1714.0,
    "Champ at 7": 1911.0,
    "Champ at 8": 1911.0,
    "Champ at 9": 1911.0,
    "ChampFitness": 5125.0,
    "ChampInputs": [
        1.8269999027252197,
        1.8269999027252197,
        1.8299999237060547,
        1.8299999237060547,
        1.8340001106262207,
        1.8340001106262207,
        2.8529999256134033,
        1.7879999876022339,
        1.8369998931884766,
        3.5290000438690186,
        1.840000033378601,
        1.840000033378601,
        1.8440001010894775,
        1.7890000343322754,
        2.499000072479248,
        1.847000002861023,
        1.847000002861023,
        1.1269999742507935,
        1.850000023841858,
        1.850000023841858,
        1.850000023841858,
        1.8529999256134033,
        1.7960000038146973,
        3.3590002059936523,
        1.8569999933242798,
        1.8569999933242798,
        0.7980000376701355,
        1.8600000143051147,
        1.8600000143051147,
        1.8629999160766602,
        1.8629999160766602,
        1.8659999370574951,
        2.676999807357788,
        1.8659999370574951,
        2.680000066757202,
        1.8700001239776611,
        1.8700001239776611,
        2.611999988555908,
        1.872999906539917,
        1.8760000467300415,
        2.5360000133514404,
        1.8760000467300415,
        1.8790000677108765,
        1.8790000677108765,
        1.8830000162124634,
        1.8830000162124634,
        1.8830000162124634,
        1.8860000371932983,
        1.8220000267028809,
        2.5320000648498535,
        1.8889999389648438,
        1.8889999389648438,
        1.8919999599456787,
        1.8919999599456787,
        2.632000207901001,
        1.8960000276565552,
        1.8960000276565552,
        1.8989999294281006,
        1.8989999294281006,
        1.8989999294281006,
        7.98699951171875,
        1.9019999504089355,
        1.9019999504089355,
        1.9059998989105225,
        1.9059998989105225,
        1.9089999198913574,
        1.9089999198913574,
        1.9089999198913574,
        1.912000060081482,
        1.912000060081482,
        1.912000060081482,
        1.9149999618530273,
        2.6480002403259277,
        1.9149999618530273,
        1.9190000295639038,
        1.9190000295639038,
        1.9190000295639038,
        1.9220000505447388,
        1.9220000505447388,
        1.9220000505447388,
        1.9249999523162842,
        1.9249999523162842,
        1.9249999523162842,
        1.9279999732971191,
        3.4169998168945313,
        1.9320000410079956,
        1.9320000410079956,
        1.9320000410079956,
        1.934999942779541,
        1.934999942779541,
        1.934999942779541,
        1.937999963760376,
        1.937999963760376,
        1.937999963760376,
        1.9410001039505005,
        1.9410001039505005,
        1.9449999332427979,
        1.9449999332427979,
        1.9449999332427979,
        1.9480000734329224
    ],
    "Generations needed": 27,
    "Population 1": 200.36500549316406,
    "Population 10": 1779.1949462890625,
    "Population 11": 2088.6298828125,
    "Population 12": 2088.169921875,
    "Population 13": 2054.260009765625,
    "Population 14": 2578.25,
    "Population 15": 2909.52001953125,
    "Population 16": 3448.4951171875,
    "Population 17": 3327.159912109375,
    "Population 18": 3255.385009765625,
    "Population 19": 3769.574951171875,
    "Population 2": 787.5850219726563,
    "Population 20": 3942.094970703125,
    "Population 21": 3655.14990234375,
    "Population 22": 3968.070068359375,
    "Population 23": 3729.090087890625,
    "Population 24": 4127.375,
    "Population 25": 3933.72509765625,
    "Population 26": 3798.320068359375,
    "Population 3": 863.2750244140625,
    "Population 4": 1196.885009765625,
    "Population 5": 1242.2850341796875,
    "Population 6": 1225.4599609375,
    "Population 7": 1618.135009765625,
    "Population 8": 1805.6199951171875,
    "Population 9": 1768.2249755859375,
    "start": "today"
}
