{
    "Champ at 1": 887.0,
    "Champ at 10": 1911.0,
    "Champ at 11": 1911.0,
    "Champ at 12": 1911.0,
    "Champ at 13": 1911.0,
    "Champ at 14": 1911.0,
    "Champ at 15": 2866.0,
    "Champ at 16": 2866.0,
    "Champ at 17": 2866.0,
    "Champ at 18": 2866.0,
    "Champ at 19": 2866.0,
    "Champ at 2": 1538.0,
    "Champ at 20": 3890.0,
    "Champ at 21": 3890.0,
    "Champ at 22": 3890.0,
    "Champ at 23": 3890.0,
    "Champ at 24": 3890.0,
    "Champ at 25": 3890.0,
    "Champ at 26": 4926.0,
    "Champ at 27": 4926.0,
    "Champ at 28": 4926.0,
    "Champ at 29": 4926.0,
    "Champ at 3": 1538.0,
    "Champ at 30": 4926.0,
    "Champ at 31": 4926.0,
    "Champ at 32": 5170.0,
    "Champ at 4": 1538.0,
    "Champ at 5": 1538.0,
    "Champ at 6": 1538.0,
    "Champ at 7": 1538.0,
    "Champ at 8": 1538.0,
    "Champ at 9": 1911.0,
    "ChampFitness": 5170.0,
    "ChampInputs": [
        1.8830000162124634,
        1.8830000162124634,
        1.8870000839233398,
        1.8870000839233398,
        1.8899999856948853,
        1.8899999856948853,
        1.8930000066757202,
        1.2201669216156006,
        1.8960000276565552,
        1.8960000276565552,
        1.899999976158142,
        1.899999976158142,
        0.5070000290870667,
        1.902999997138977,
        1.9059998989105225,
        1.9059998989105225,
        3.2820000648498535,
        1.9089999198913574,
        1.9130001068115234,
        1.9130001068115234,
        1.9159998893737793,
        1.9159998893737793,
        1.9190000295639038,
        1.9190000295639038,
        3.504999876022339,
        1.9220000505447388,
        1.9259999990463257,
        1.9259999990463257,
        1.9290000200271606,
        1.9290000200271606,
        1.9320000410079956,
        1.9320000410079956,
        3.61299991607666,
        1.9359999895095825,
        1.9390000104904175,
        1.9390000104904175,
        1.941999912261963,
        1.941999912261963,
        1.9449999332427979,
        1.9490001201629639,
        3.4099998474121094,
        1.9519999027252197,
        1.9519999027252197,
        1.9550000429153442,
        1.9550000429153442,
        1.9580000638961792,
        1.9580000638961792,
        1.9620000123977661,
        1.9620000123977661,
        1.965000033378601,
        1.965000033378601,
        1.9679999351501465,
        1.9679999351501465,
        1.9709999561309814,
        1.9709999561309814,
        1.975000023841858,
        1.975000023841858,
        1.9779999256134033,
        1.9779999256134033,
        1.9809999465942383,
        1.9809999465942383,
        1.9850001335144043,
        1.9850001335144043,
        1.9879999160766602,
        1.9879999160766602,
        1.9910000562667847,
        1.9910000562667847,
        1.99399995803833,
        1.99399995803833,
        1.9980000257492065,
        1.9980000257492065,
        2.000999927520752,
        2.000999927520752,
        2.003999948501587,
        2.006999969482422,
        2.006999969482422,
        2.011000156402588,
        2.011000156402588,
        2.011000156402588,
        2.0139999389648438,
        2.0139999389648438,
        2.0169999599456787,
        2.0169999599456787,
        2.0199999809265137,
        2.0199999809265137,
        2.0239999294281006,
        2.0239999294281006,
        2.0269999504089355,
        2.0299999713897705,
        2.0299999713897705,
        2.0339999198913574,
        2.0339999198913574,
        2.0370001792907715,
        2.0370001792907715,
        2.0399999618530273,
        2.0399999618530273,
        2.0429999828338623,
        2.0429999828338623,
        2.046999931335449,
        2.046999931335449
    ],
    "Generations needed": 32,
    "Population 1": 204.71499633789063,
    "Population 10": 1907.27001953125,
    "Population 11": 1911.0,
    "Population 12": 1911.0,
    "Population 13": 1911.0,
    "Population 14": 1911.0,
    "Population 15": 1941.7650146484375,
    "Population 16": 2866.0,
    "Population 17": 2866.0,
    "Population 18": 2866.0,
    "Population 19": 2866.0,
    "Population 2": 811.3200073242188,
    "Population 20": 2957.820068359375,
    "Population 21": 3884.280029296875,
    "Population 22": 3890.0,
    "Population 23": 3890.0,
    "Population 24": 3890.0,
    "Population 25": 3890.0,
    "Population 26": 3987.364990234375,
    "Population 27": 4921.56005859375,
    "Population 28": 4926.0,
    "Population 29": 4926.0,
    "Population 3": 1502.4949951171875,
    "Population 30": 4926.0,
    "Population 31": 4926.0,
    "Population 32": 4991.64501953125,
    "Population 4": 1534.7449951171875,
    "Population 5": 1538.0,
    "Population 6": 1538.0,
    "Population 7": 1538.0,
    "Population 8": 1538.0,
    "Population 9": 1582.7449951171875,
    "start": "today"
}
