{
    "Champ at 1": 887.0,
    "Champ at 10": 1911.0,
    "Champ at 11": 1911.0,
    "Champ at 12": 1911.0,
    "Champ at 13": 1911.0,
    "Champ at 14": 2862.0,
    "Champ at 15": 2862.0,
    "Champ at 16": 2862.0,
    "Champ at 17": 2862.0,
    "Champ at 18": 2862.0,
    "Champ at 19": 2862.0,
    "Champ at 2": 1538.0,
    "Champ at 20": 3893.0,
    "Champ at 21": 3893.0,
    "Champ at 22": 3893.0,
    "Champ at 23": 3893.0,
    "Champ at 24": 3893.0,
    "Champ at 25": 3893.0,
    "Champ at 26": 4926.0,
    "Champ at 27": 4926.0,
    "Champ at 28": 4926.0,
    "Champ at 29": 4926.0,
    "Champ at 3": 1538.0,
    "Champ at 30": 4926.0,
    "Champ at 31": 4926.0,
    "Champ at 32": 5163.0,
    "Champ at 4": 1538.0,
    "Champ at 5": 1538.0,
    "Champ at 6": 1538.0,
    "Champ at 7": 1538.0,
    "Champ at 8": 1911.0,
    "Champ at 9": 1911.0,
    "ChampFitness": 5163.0,
    "ChampInputs": [
        1.8700001239776611,
        1.8700001239776611,
        1.872999906539917,
        1.8760000467300415,
        1.8760000467300415,
        1.8799998760223389,
        3.173785924911499,
        1.8830000162124634,
        1.8860000371932983,
        1.8860000371932983,
        1.8889999389648438,
        0.5590000152587891,
        1.8930000066757202,
        1.8960000276565552,
        1.8960000276565552,
        3.319000005722046,
        1.9019999504089355,
        1.9019999504089355,
        1.9059998989105225,
        1.9089999198913574,
        1.9089999198913574,
        1.912000060081482,
        1.912000060081482,
        3.6399998664855957,
        1.9149999618530273,
        1.9190000295639038,
        1.9220000505447388,
        1.9220000505447388,
        1.9249999523162842,
        1.9279999732971191,
        1.9279999732971191,
        3.562000036239624,
        1.9320000410079956,
        1.934999942779541,
        1.937999963760376,
        1.937999963760376,
        1.937999963760376,
        1.941999912261963,
        1.941999912261963,
        3.3010001182556152,
        1.9449999332427979,
        1.9449999332427979,
        1.9480000734329224,
        1.9480000734329224,
        1.9509999752044678,
        1.9550000429153442,
        1.9550000429153442,
        1.9580000638961792,
        1.9580000638961792,
        1.9609999656677246,
        1.9639999866485596,
        1.9639999866485596,
        1.9679999351501465,
        1.9709999561309814,
        1.9709999561309814,
        1.9739999771118164,
        1.9769999980926514,
        1.9769999980926514,
        1.9809999465942383,
        1.9840000867843628,
        1.9840000867843628,
        1.9869999885559082,
        1.9869999885559082,
        1.9910000562667847,
        1.9910000562667847,
        1.9910000562667847,
        1.99399995803833,
        1.996999979019165,
        1.996999979019165,
        2.0,
        2.0,
        2.003999948501587,
        2.006999969482422,
        2.006999969482422,
        2.009999990463257,
        2.013000011444092,
        2.013000011444092,
        2.0169999599456787,
        2.0199999809265137,
        2.0199999809265137,
        2.0230000019073486,
        2.0260000228881836,
        2.0260000228881836,
        2.0299999713897705,
        2.0329999923706055,
        2.0329999923706055,
        2.0360000133514404,
        2.0399999618530273,
        2.0399999618530273,
        2.0429999828338623,
        2.0460000038146973,
        2.0460000038146973,
        2.0490000247955322,
        2.052999973297119,
        2.052999973297119,
        2.055999994277954,
        2.059000015258789,
        2.062000036239624,
        2.062000036239624,
        2.065999984741211
    ],
    "Generations needed": 32,
    "Population 1": 195.47999572753906,
    "Population 10": 1911.0,
    "Population 11": 1911.0,
    "Population 12": 1911.0,
    "Population 13": 1911.0,
    "Population 14": 1945.0699462890625,
    "Population 15": 2852.199951171875,
    "Population 16": 2862.0,
    "Population 17": 2862.0,
    "Population 18": 2862.0,
    "Population 19": 2862.0,
    "Population 2": 791.8350219726563,
    "Population 20": 2943.455078125,
    "Population 21": 3883.135009765625,
    "Population 22": 3893.0,
    "Population 23": 3893.0,
    "Population 24": 3893.0,
    "Population 25": 3893.0,
    "Population 26": 3992.625,
    "Population 27": 4908.03515625,
    "Population 28": 4926.0,
    "Population 29": 4926.0,
    "Population 3": 1507.4549560546875,
    "Population 30": 4926.0,
    "Population 31": 4926.0,
    "Population 32": 4986.0751953125,
    "Population 4": 1538.0,
    "Population 5": 1538.0,
    "Population 6": 1538.0,
    "Population 7": 1538.0,
    "Population 8": 1589.969970703125,
    "Population 9": 1899.6099853515625,
    "start": "today"
}
