{
    "Champ at 1": 812.0,
    "Champ at 10": 1485.0,
    "Champ at 11": 1485.0,
    "Champ at 12": 1485.0,
    "Champ at 13": 1485.0,
    "Champ at 14": 1911.0,
    "Champ at 15": 1911.0,
    "Champ at 16": 1911.0,
    "Champ at 17": 1911.0,
    "Champ at 18": 1911.0,
    "Champ at 19": 1911.0,
    "Champ at 2": 887.0,
    "Champ at 20": 2562.0,
    "Champ at 21": 2562.0,
    "Champ at 22": 2562.0,
    "Champ at 23": 2562.0,
    "Champ at 24": 2562.0,
    "Champ at 25": 2562.0,
    "Champ at 26": 2562.0,
    "Champ at 27": 2935.0,
    "Champ at 28": 2935.0,
    "Champ at 29": 2935.0,
    "Champ at 3": 1232.0,
    "Champ at 30": 2935.0,
    "Champ at 31": 2935.0,
    "Champ at 32": 2935.0,
    "Champ at 33": 3586.0,
    "Champ at 34": 3586.0,
    "Champ at 35": 3586.0,
    "Champ at 36": 3586.0,
    "Champ at 37": 3586.0,
    "Champ at 38": 3586.0,
    "Champ at 39": 3959.0,
    "Champ at 4": 1251.0,
    "Champ at 40": 3959.0,
    "Champ at 41": 3959.0,
    "Champ at 42": 3959.0,
    "Champ at 43": 3959.0,
    "Champ at 44": 3959.0,
    "Champ at 45": 4610.0,
    "Champ at 46": 4610.0,
    "Champ at 47": 4610.0,
    "Champ at 48": 4610.0,
    "Champ at 49": 4610.0,
    "Champ at 5": 1263.0,
    "Champ at 50": 4983.0,
    "Champ at 51": 4983.0,
    "Champ at 52": 4983.0,
    "Champ at 53": 4983.0,
    "Champ at 54": 4983.0,
    "Champ at 55": 4983.0,
    "Champ at 56": 5162.0,
    "Champ at 6": 1274.0,
    "Champ at 7": 1485.0,
    "Champ at 8": 1485.0,
    "Champ at 9": 1485.0,
    "ChampFitness": 5162.0,
    "ChampInputs": [
        1.8170000314712524,
        1.8170000314712524,
        1.8199999332427979,
        1.8199999332427979,
        1.8229999542236328,
        1.8229999542236328,
        3.599346399307251,
        1.8299999237060547,
        1.8299999237060547,
        1.8330000638961792,
        1.8330000638961792,
        2.73799991607666,
        1.8369998931884766,
        1.840000033378601,
        3.2350001335144043,
        1.843000054359436,
        1.843000054359436,
        1.8459999561309814,
        1.8459999561309814,
        2.7699999809265137,
        1.850000023841858,
        1.8529999256134033,
        3.0840001106262207,
        1.8559999465942383,
        1.8559999465942383,
        1.8589999675750732,
        1.8589999675750732,
        2.7090001106262207,
        1.8659999370574951,
        1.8659999370574951,
        3.2179999351501465,
        1.8690000772476196,
        1.871999979019165,
        1.871999979019165,
        1.8760000467300415,
        0.6230000257492065,
        1.8790000677108765,
        1.8790000677108765,
        1.8819999694824219,
        3.172999858856201,
        1.8860000371932983,
        1.8889999389648438,
        1.8889999389648438,
        1.8919999599456787,
        1.8919999599456787,
        1.8949999809265137,
        1.8949999809265137,
        1.8989999294281006,
        1.8989999294281006,
        1.9019999504089355,
        1.9019999504089355,
        1.90500009059906,
        1.90500009059906,
        1.9079999923706055,
        1.9079999923706055,
        1.912000060081482,
        1.912000060081482,
        1.9149999618530273,
        1.9179999828338623,
        1.9179999828338623,
        1.9210000038146973,
        1.9210000038146973,
        1.9249999523162842,
        1.9249999523162842,
        1.9279999732971191,
        1.9279999732971191,
        1.930999994277954,
        1.930999994277954,
        1.934999942779541,
        1.934999942779541,
        1.937999963760376,
        1.937999963760376,
        1.9410001039505005,
        1.9410001039505005,
        1.944000005722046,
        1.944000005722046,
        1.9480000734329224,
        1.9480000734329224,
        1.9509999752044678,
        1.9509999752044678,
        1.9539999961853027,
        1.9539999961853027,
        1.9570000171661377,
        1.9609999656677246,
        1.9609999656677246,
        1.9639999866485596,
        1.9639999866485596,
        1.9670000076293945,
        1.9670000076293945,
        1.9700000286102295,
        1.9700000286102295,
        1.9739999771118164,
        1.9739999771118164,
        1.9769999980926514,
        1.9769999980926514,
        1.9800000190734863,
        1.9800000190734863,
        1.9840000867843628,
        1.9840000867843628,
        1.9869999885559082
    ],
    "Generations needed": 56,
    "Population 1": 194.65499877929688,
    "Population 10": 1485.0,
    "Population 11": 1485.0,
    "Population 12": 1485.0,
    "Population 13": 1485.0,
    "Population 14": 1577.0999755859375,
    "Population 15": 1900.6600341796875,
    "Population 16": 1911.0,
    "Population 17": 1911.0,
    "Population 18": 1911.0,
    "Population 19": 1911.0,
    "Population 2": 738.385009765625,
    "Population 20": 1932.56494140625,
    "Population 21": 2553.760009765625,
    "Population 22": 2560.705078125,
    "Population 23": 2562.0,
    "Population 24": 2562.0,
    "Population 25": 2562.0,
    "Population 26": 2562.0,
    "Population 27": 2591.31494140625,
    "Population 28": 2933.56005859375,
    "Population 29": 2935.0,
    "Population 3": 879.905029296875,
    "Population 30": 2935.0,
    "Population 31": 2935.0,
    "Population 32": 2935.0,
    "Population 33": 2980.7900390625,
    "Population 34": 3573.449951171875,
    "Population 35": 3586.0,
    "Population 36": 3586.0,
    "Population 37": 3586.0,
    "Population 38": 3586.0,
    "Population 39": 3617.739990234375,
    "Population 4": 1228.8349609375,
    "Population 40": 3951.969970703125,
    "Population 41": 3959.0,
    "Population 42": 3959.0,
    "Population 43": 3959.0,
    "Population 44": 3959.0,
    "Population 45": 4004.3798828125,
    "Population 46": 4610.0,
    "Population 47": 4610.0,
    "Population 48": 4610.0,
    "Population 49": 4610.0,
    "Population 5": 1250.8299560546875,
    "Population 50": 4665.76513671875,
    "Population 51": 4979.69482421875,
    "Population 52": 4983.0,
    "Population 53": 4983.0,
    "Population 54": 4983.0,
    "Population 55": 4983.0,
    "Population 56": 4995.26513671875,
    "Population 6": 1262.8699951171875,
    "Population 7": 1275.155029296875,
    "Population 8": 1466.905029296875,
    "Population 9": 1482.010009765625,
    "start": "today"
}
