{
    "Champ at 1": 818.0,
    "Champ at 10": 1538.0,
    "Champ at 11": 1911.0,
    "Champ at 12": 1911.0,
    "Champ at 13": 1911.0,
    "Champ at 14": 1911.0,
    "Champ at 15": 1911.0,
    "Champ at 16": 1911.0,
    "Champ at 17": 2562.0,
    "Champ at 18": 2562.0,
    "Champ at 19": 2562.0,
    "Champ at 2": 1265.0,
    "Champ at 20": 2562.0,
    "Champ at 21": 2562.0,
    "Champ at 22": 2562.0,
    "Champ at 23": 2562.0,
    "Champ at 24": 2935.0,
    "Champ at 25": 2935.0,
    "Champ at 26": 2935.0,
    "Champ at 27": 2935.0,
    "Champ at 28": 2935.0,
    "Champ at 29": 2935.0,
    "Champ at 3": 1285.0,
    "Champ at 30": 3586.0,
    "Champ at 31": 3586.0,
    "Champ at 32": 3586.0,
    "Champ at 33": 3586.0,
    "Champ at 34": 3586.0,
    "Champ at 35": 3586.0,
    "Champ at 36": 3959.0,
    "Champ at 37": 3959.0,
    "Champ at 38": 3959.0,
    "Champ at 39": 3959.0,
    "Champ at 4": 1538.0,
    "Champ at 40": 3959.0,
    "Champ at 41": 3959.0,
    "Champ at 42": 4610.0,
    "Champ at 43": 4610.0,
    "Champ at 44": 4610.0,
    "Champ at 45": 4610.0,
    "Champ at 46": 4610.0,
    "Champ at 47": 4610.0,
    "Champ at 48": 4610.0,
    "Champ at 49": 4983.0,
    "Champ at 5": 1538.0,
    "Champ at 50": 4983.0,
    "Champ at 51": 4983.0,
    "Champ at 52": 4983.0,
    "Champ at 53": 4983.0,
    "Champ at 54": 4983.0,
    "Champ at 55": 5166.0,
    "Champ at 6": 1538.0,
    "Champ at 7": 1538.0,
    "Champ at 8": 1538.0,
    "Champ at 9": 1538.0,
    "ChampFitness": 5166.0,
    "ChampInputs": [
        1.8330000638961792,
        1.8359999656677246,
        1.8389999866485596,
        1.8389999866485596,
        1.843000054359436,
        1.843000054359436,
        3.093181610107422,
        2.276784896850586,
        1.8489999771118164,
        1.8529999256134033,
        1.8529999256134033,
        0.7630000114440918,
        1.8559999465942383,
        1.8589999675750732,
        1.8589999675750732,
        3.25600004196167,
        1.8619999885559082,
        1.8659999370574951,
        1.8690000772476196,
        1.8690000772476196,
        2.5299999713897705,
        1.871999979019165,
        1.875,
        3.1519999504089355,
        1.8790000677108765,
        1.8819999694824219,
        1.8819999694824219,
        1.8849999904632568,
        2.5900001525878906,
        1.8880000114440918,
        1.8919999599456787,
        3.122000217437744,
        1.8949999809265137,
        1.8949999809265137,
        1.8980000019073486,
        1.8980000019073486,
        0.48000001907348633,
        1.90500009059906,
        1.90500009059906,
        1.9079999923706055,
        3.2749998569488525,
        1.9110000133514404,
        1.9149999618530273,
        1.9149999618530273,
        1.9179999828338623,
        1.9179999828338623,
        1.9210000038146973,
        1.9239999055862427,
        1.9239999055862427,
        1.9279999732971191,
        1.9279999732971191,
        1.930999994277954,
        1.930999994277954,
        1.934000015258789,
        1.937000036239624,
        1.937000036239624,
        1.9410001039505005,
        1.9410001039505005,
        1.944000005722046,
        1.9470000267028809,
        1.9470000267028809,
        1.9509999752044678,
        1.9509999752044678,
        1.9539999961853027,
        1.9539999961853027,
        1.9570000171661377,
        1.959999918937683,
        1.959999918937683,
        1.9639999866485596,
        1.9639999866485596,
        1.9670000076293945,
        1.9700000286102295,
        1.9700000286102295,
        1.9730000495910645,
        1.9730000495910645,
        1.9769999980926514,
        1.9800000190734863,
        1.9800000190734863,
        1.9830000400543213,
        1.9830000400543213,
        1.9859999418258667,
        1.9859999418258667,
        1.9900000095367432,
        1.9930000305175781,
        1.9930000305175781,
        1.9959999322891235,
        1.999000072479248,
        1.999000072479248,
        2.003000020980835,
        2.00600004196167,
        2.00600004196167,
        2.009000062942505,
        2.013000011444092,
        2.0160000324249268,
        2.0190000534057617,
        2.0219998359680176,
        2.0219998359680176,
        2.0260000228881836,
        2.0260000228881836,
        2.0290000438690186
    ],
    "Generations needed": 55,
    "Population 1": 206.34500122070313,
    "Population 10": 1538.0,
    "Population 11": 1568.8199462890625,
    "Population 12": 1897.56494140625,
    "Population 13": 1911.0,
    "Population 14": 1911.0,
    "Population 15": 1911.0,
    "Population 16": 1911.0,
    "Population 17": 1935.93994140625,
    "Population 18": 2547.705078125,
    "Population 19": 2558.7451171875,
    "Population 2": 767.4099731445313,
    "Population 20": 2562.0,
    "Population 21": 2562.0,
    "Population 22": 2562.0,
    "Population 23": 2562.0,
    "Population 24": 2604.675048828125,
    "Population 25": 2930.804931640625,
    "Population 26": 2935.0,
    "Population 27": 2935.0,
    "Population 28": 2935.0,
    "Population 29": 2935.0,
    "Population 3": 1228.2249755859375,
    "Population 30": 2981.22998046875,
    "Population 31": 3574.905029296875,
    "Population 32": 3586.0,
    "Population 33": 3586.0,
    "Population 34": 3586.0,
    "Population 35": 3586.0,
    "Population 36": 3639.324951171875,
    "Population 37": 3951.965087890625,
    "Population 38": 3959.0,
    "Population 39": 3959.0,
    "Population 4": 1275.10498046875,
    "Population 40": 3959.0,
    "Population 41": 3959.0,
    "Population 42": 3995.35498046875,
    "Population 43": 4605.27490234375,
    "Population 44": 4606.7451171875,
    "Population 45": 4610.0,
    "Population 46": 4610.0,
    "Population 47": 4610.0,
    "Population 48": 4610.0,
    "Population 49": 4668.77978515625,
    "Population 5": 1528.47998046875,
    "Population 50": 4978.634765625,
    "Population 51": 4983.0,
    "Population 52": 4983.0,
    "Population 53": 4983.0,
    "Population 54": 4983.0,
    "Population 55": 4988.14990234375,
    "Population 6": 1532.56005859375,
    "Population 7": 1538.0,
    "Population 8": 1538.0,
    "Population 9": 1538.0,
    "start": "today"
}
