{
    "Champ at 1": 814.0,
    "Champ at 10": 1538.0,
    "Champ at 11": 1538.0,
    "Champ at 12": 1854.0,
    "Champ at 13": 1854.0,
    "Champ at 14": 1854.0,
    "Champ at 15": 1854.0,
    "Champ at 16": 1854.0,
    "Champ at 17": 1854.0,
    "Champ at 18": 2562.0,
    "Champ at 19": 2562.0,
    "Champ at 2": 1260.0,
    "Champ at 20": 2562.0,
    "Champ at 21": 2562.0,
    "Champ at 22": 2562.0,
    "Champ at 23": 2562.0,
    "Champ at 24": 2935.0,
    "Champ at 25": 2935.0,
    "Champ at 26": 2935.0,
    "Champ at 27": 2935.0,
    "Champ at 28": 2935.0,
    "Champ at 29": 2935.0,
    "Champ at 3": 1272.0,
    "Champ at 30": 3586.0,
    "Champ at 31": 3586.0,
    "Champ at 32": 3586.0,
    "Champ at 33": 3586.0,
    "Champ at 34": 3586.0,
    "Champ at 35": 3586.0,
    "Champ at 36": 3959.0,
    "Champ at 37": 3959.0,
    "Champ at 38": 3959.0,
    "Champ at 39": 3959.0,
    "Champ at 4": 1282.0,
    "Champ at 40": 3959.0,
    "Champ at 41": 3959.0,
    "Champ at 42": 4911.0,
    "Champ at 43": 4911.0,
    "Champ at 44": 4911.0,
    "Champ at 45": 4911.0,
    "Champ at 46": 4911.0,
    "Champ at 47": 4911.0,
    "Champ at 48": 5157.0,
    "Champ at 5": 1487.0,
    "Champ at 6": 1538.0,
    "Champ at 7": 1538.0,
    "Champ at 8": 1538.0,
    "Champ at 9": 1538.0,
    "ChampFitness": 5157.0,
    "ChampInputs": [
        2.1056997776031494,
        1.8260000944137573,
        1.8299999237060547,
        1.8330000638961792,
        1.8330000638961792,
        1.8359999656677246,
        3.292839527130127,
        1.840000033378601,
        1.843000054359436,
        1.843000054359436,
        1.8459999561309814,
        0.7329999804496765,
        1.8529999256134033,
        1.8529999256134033,
        1.8559999465942383,
        3.236999988555908,
        1.8589999675750732,
        1.8619999885559082,
        1.8659999370574951,
        1.8659999370574951,
        0.7249999642372131,
        1.871999979019165,
        1.871999979019165,
        1.875,
        3.2039999961853027,
        1.8790000677108765,
        1.8819999694824219,
        1.8849999904632568,
        1.8849999904632568,
        0.6319999694824219,
        1.8919999599456787,
        1.8949999809265137,
        1.8949999809265137,
        3.240000009536743,
        1.9019999504089355,
        1.9019999504089355,
        1.90500009059906,
        1.9079999923706055,
        1.9079999923706055,
        1.9110000133514404,
        1.9149999618530273,
        3.4570000171661377,
        1.9179999828338623,
        1.9210000038146973,
        1.9210000038146973,
        1.9239999055862427,
        1.9279999732971191,
        1.9279999732971191,
        1.930999994277954,
        1.930999994277954,
        1.934000015258789,
        1.937999963760376,
        1.937999963760376,
        1.9410001039505005,
        1.944000005722046,
        1.944000005722046,
        1.9470000267028809,
        1.9470000267028809,
        1.9509999752044678,
        1.9539999961853027,
        1.9539999961853027,
        1.9570000171661377,
        1.9570000171661377,
        1.959999918937683,
        1.9639999866485596,
        1.9639999866485596,
        1.9670000076293945,
        1.9670000076293945,
        1.9700000286102295,
        1.9730000495910645,
        1.9730000495910645,
        1.9769999980926514,
        1.9800000190734863,
        1.9800000190734863,
        1.9830000400543213,
        1.9869999885559082,
        1.9869999885559082,
        1.9900000095367432,
        1.9930000305175781,
        1.9959999322891235,
        1.9959999322891235,
        2.0,
        2.003000020980835,
        2.003000020980835,
        2.00600004196167,
        2.009000062942505,
        2.009000062942505,
        2.013000011444092,
        2.0160000324249268,
        2.0160000324249268,
        2.0190000534057617,
        2.0219998359680176,
        2.0219998359680176,
        2.0260000228881836,
        2.0290000438690186,
        2.0290000438690186,
        2.0320000648498535,
        2.0350000858306885,
        2.0390000343322754,
        2.0390000343322754
    ],
    "Generations needed": 48,
    "Population 1": 211.86000061035156,
    "Population 10": 1538.0,
    "Population 11": 1538.0,
    "Population 12": 1563.2049560546875,
    "Population 13": 1844.52001953125,
    "Population 14": 1854.0,
    "Population 15": 1854.0,
    "Population 16": 1854.0,
    "Population 17": 1854.0,
    "Population 18": 1927.52001953125,
    "Population 19": 2554.219970703125,
    "Population 2": 746.8150024414063,
    "Population 20": 2562.0,
    "Population 21": 2562.0,
    "Population 22": 2562.0,
    "Population 23": 2562.0,
    "Population 24": 2603.469970703125,
    "Population 25": 2930.93994140625,
    "Population 26": 2935.0,
    "Population 27": 2935.0,
    "Population 28": 2935.0,
    "Population 29": 2935.0,
    "Population 3": 1230.14501953125,
    "Population 30": 2987.985107421875,
    "Population 31": 3578.030029296875,
    "Population 32": 3586.0,
    "Population 33": 3586.0,
    "Population 34": 3586.0,
    "Population 35": 3586.0,
    "Population 36": 3640.610107421875,
    "Population 37": 3951.5400390625,
    "Population 38": 3959.0,
    "Population 39": 3959.0,
    "Population 4": 1268.199951171875,
    "Population 40": 3959.0,
    "Population 41": 3959.0,
    "Population 42": 4010.639892578125,
    "Population 43": 4904.73486328125,
    "Population 44": 4911.0,
    "Population 45": 4911.0,
    "Population 46": 4911.0,
    "Population 47": 4911.0,
    "Population 48": 4976.2451171875,
    "Population 5": 1283.9749755859375,
    "Population 6": 1485.2249755859375,
    "Population 7": 1534.2349853515625,
    "Population 8": 1538.0,
    "Population 9": 1538.0,
    "start": "today"
}
