{
    "Champ at 1": 887.0,
    "Champ at 10": 1911.0,
    "Champ at 11": 1911.0,
    "Champ at 12": 1911.0,
    "Champ at 13": 1911.0,
    "Champ at 14": 1911.0,
    "Champ at 15": 2562.0,
    "Champ at 16": 2562.0,
    "Champ at 17": 2562.0,
    "Champ at 18": 2562.0,
    "Champ at 19": 2562.0,
    "Champ at 2": 1284.0,
    "Champ at 20": 2562.0,
    "Champ at 21": 2562.0,
    "Champ at 22": 2935.0,
    "Champ at 23": 2935.0,
    "Champ at 24": 2935.0,
    "Champ at 25": 2935.0,
    "Champ at 26": 2935.0,
    "Champ at 27": 2935.0,
    "Champ at 28": 3889.0,
    "Champ at 29": 3889.0,
    "Champ at 3": 1538.0,
    "Champ at 30": 3889.0,
    "Champ at 31": 3889.0,
    "Champ at 32": 3889.0,
    "Champ at 33": 3889.0,
    "Champ at 34": 4917.0,
    "Champ at 35": 4919.0,
    "Champ at 36": 4919.0,
    "Champ at 37": 4919.0,
    "Champ at 38": 4919.0,
    "Champ at 39": 4919.0,
    "Champ at 4": 1538.0,
    "Champ at 40": 5168.0,
    "Champ at 5": 1538.0,
    "Champ at 6": 1538.0,
    "Champ at 7": 1538.0,
    "Champ at 8": 1538.0,
    "Champ at 9": 1911.0,
    "ChampFitness": 5168.0,
    "ChampInputs": [
        1.871999979019165,
        1.875,
        1.875,
        1.8790000677108765,
        1.8790000677108765,
        1.8819999694824219,
        1.8819999694824219,
        1.237800121307373,
        1.8849999904632568,
        1.8880000114440918,
        1.8880000114440918,
        1.8919999599456787,
        2.5099997520446777,
        1.8949999809265137,
        1.8949999809265137,
        3.1369998455047607,
        1.8980000019073486,
        1.9010000228881836,
        1.9010000228881836,
        1.90500009059906,
        0.5290000438690186,
        1.9079999923706055,
        1.9079999923706055,
        1.9110000133514404,
        3.246000051498413,
        1.9140000343322754,
        1.9140000343322754,
        1.9179999828338623,
        1.9179999828338623,
        1.9210000038146973,
        1.9210000038146973,
        1.9239999055862427,
        3.5606560707092285,
        1.9279999732971191,
        1.9279999732971191,
        1.930999994277954,
        1.930999994277954,
        1.934000015258789,
        1.934000015258789,
        1.937000036239624,
        3.510000228881836,
        1.9410001039505005,
        1.9410001039505005,
        1.944000005722046,
        1.944000005722046,
        1.9470000267028809,
        1.9470000267028809,
        1.9499999284744263,
        1.9499999284744263,
        1.9539999961853027,
        1.9570000171661377,
        1.9570000171661377,
        1.959999918937683,
        1.959999918937683,
        1.9630000591278076,
        1.9630000591278076,
        1.9670000076293945,
        1.9670000076293945,
        1.9700000286102295,
        1.9700000286102295,
        1.9730000495910645,
        1.9730000495910645,
        1.9769999980926514,
        1.9769999980926514,
        1.9800000190734863,
        1.9800000190734863,
        1.9830000400543213,
        1.9830000400543213,
        1.9859999418258667,
        1.9859999418258667,
        1.9900000095367432,
        1.9900000095367432,
        1.9930000305175781,
        1.9930000305175781,
        1.9959999322891235,
        1.9959999322891235,
        1.999000072479248,
        1.999000072479248,
        2.003000020980835,
        2.003000020980835,
        2.00600004196167,
        2.00600004196167,
        2.009000062942505,
        2.009000062942505,
        2.0119998455047607,
        2.0119998455047607,
        2.0160000324249268,
        2.0160000324249268,
        2.0190000534057617,
        2.0190000534057617,
        2.0219998359680176,
        2.0219998359680176,
        2.0260000228881836,
        2.0260000228881836,
        2.0290000438690186,
        2.0290000438690186,
        2.0320000648498535,
        2.0320000648498535,
        2.0350000858306885,
        2.0390000343322754
    ],
    "Generations needed": 40,
    "Population 1": 205.68499755859375,
    "Population 10": 1892.9449462890625,
    "Population 11": 1911.0,
    "Population 12": 1911.0,
    "Population 13": 1911.0,
    "Population 14": 1911.0,
    "Population 15": 1938.2049560546875,
    "Population 16": 2543.800048828125,
    "Population 17": 2560.659912109375,
    "Population 18": 2562.0,
    "Population 19": 2562.0,
    "Population 2": 793.6749877929688,
    "Population 20": 2562.0,
    "Population 21": 2562.0,
    "Population 22": 2615.409912109375,
    "Population 23": 2928.47998046875,
    "Population 24": 2935.0,
    "Population 25": 2935.0,
    "Population 26": 2935.0,
    "Population 27": 2935.0,
    "Population 28": 2972.409912109375,
    "Population 29": 3858.800048828125,
    "Population 3": 1260.760009765625,
    "Population 30": 3889.0,
    "Population 31": 3889.0,
    "Population 32": 3889.0,
    "Population 33": 3889.0,
    "Population 34": 3975.360107421875,
    "Population 35": 4906.7900390625,
    "Population 36": 4918.9951171875,
    "Population 37": 4919.0,
    "Population 38": 4919.0,
    "Population 39": 4919.0,
    "Population 4": 1534.1949462890625,
    "Population 40": 4980.259765625,
    "Population 5": 1538.0,
    "Population 6": 1538.0,
    "Population 7": 1538.0,
    "Population 8": 1538.0,
    "Population 9": 1564.43505859375,
    "start": "today"
}
