{
    "Champ at 1": 887.0,
    "Champ at 10": 1911.0,
    "Champ at 11": 1911.0,
    "Champ at 12": 1911.0,
    "Champ at 13": 1911.0,
    "Champ at 14": 2864.0,
    "Champ at 15": 2864.0,
    "Champ at 16": 2864.0,
    "Champ at 17": 2864.0,
    "Champ at 18": 2864.0,
    "Champ at 19": 2864.0,
    "Champ at 2": 1538.0,
    "Champ at 20": 3895.0,
    "Champ at 21": 3895.0,
    "Champ at 22": 3895.0,
    "Champ at 23": 3895.0,
    "Champ at 24": 3895.0,
    "Champ at 25": 3895.0,
    "Champ at 26": 4927.0,
    "Champ at 27": 4927.0,
    "Champ at 28": 4927.0,
    "Champ at 29": 4927.0,
    "Champ at 3": 1538.0,
    "Champ at 30": 4927.0,
    "Champ at 31": 4927.0,
    "Champ at 32": 5168.0,
    "Champ at 4": 1538.0,
    "Champ at 5": 1538.0,
    "Champ at 6": 1538.0,
    "Champ at 7": 1538.0,
    "Champ at 8": 1911.0,
    "Champ at 9": 1911.0,
    "ChampFitness": 5168.0,
    "ChampInputs": [
        1.8889999389648438,
        1.8919999599456787,
        1.8919999599456787,
        1.8919999599456787,
        1.8960000276565552,
        1.8960000276565552,
        3.039588451385498,
        1.8989999294281006,
        1.8989999294281006,
        1.9019999504089355,
        1.9019999504089355,
        0.5360000133514404,
        1.90500009059906,
        1.90500009059906,
        1.90500009059906,
        3.2789998054504395,
        1.9089999198913574,
        1.912000060081482,
        1.912000060081482,
        1.912000060081482,
        1.9149999618530273,
        1.9149999618530273,
        1.9179999828338623,
        3.63700008392334,
        1.9220000505447388,
        1.9220000505447388,
        1.9249999523162842,
        1.9249999523162842,
        1.9279999732971191,
        1.9320000410079956,
        1.9320000410079956,
        3.5229997634887695,
        1.934999942779541,
        1.934999942779541,
        1.937999963760376,
        1.937999963760376,
        1.9410001039505005,
        1.9410001039505005,
        1.9410001039505005,
        3.368000030517578,
        1.9449999332427979,
        1.9480000734329224,
        1.9480000734329224,
        1.9480000734329224,
        1.9509999752044678,
        1.9509999752044678,
        1.9539999961853027,
        1.9539999961853027,
        1.9580000638961792,
        1.9580000638961792,
        1.9609999656677246,
        1.9609999656677246,
        1.9609999656677246,
        1.9639999866485596,
        1.9639999866485596,
        1.9670000076293945,
        1.9670000076293945,
        1.9709999561309814,
        1.9709999561309814,
        1.9739999771118164,
        1.9739999771118164,
        1.9769999980926514,
        1.9769999980926514,
        1.9809999465942383,
        1.9809999465942383,
        1.9840000867843628,
        1.9840000867843628,
        1.9869999885559082,
        1.9869999885559082,
        1.9900000095367432,
        1.9900000095367432,
        1.99399995803833,
        1.99399995803833,
        1.996999979019165,
        1.996999979019165,
        1.996999979019165,
        2.0,
        2.0,
        2.003000020980835,
        2.003000020980835,
        2.006999969482422,
        2.006999969482422,
        2.009999990463257,
        2.009999990463257,
        2.013000011444092,
        2.013000011444092,
        2.0160000324249268,
        2.0160000324249268,
        2.0199999809265137,
        2.0199999809265137,
        2.0230000019073486,
        2.0230000019073486,
        2.0230000019073486,
        2.0260000228881836,
        2.0260000228881836,
        2.0299999713897705,
        2.0299999713897705,
        2.0299999713897705,
        2.0329999923706055,
        2.0329999923706055
    ],
    "Generations needed": 32,
    "Population 1": 213.5050048828125,
    "Population 10": 1911.0,
    "Population 11": 1911.0,
    "Population 12": 1911.0,
    "Population 13": 1911.0,
    "Population 14": 1960.7149658203125,
    "Population 15": 2844.639892578125,
    "Population 16": 2864.0,
    "Population 17": 2864.0,
    "Population 18": 2864.0,
    "Population 19": 2864.0,
    "Population 2": 794.219970703125,
    "Population 20": 2968.385009765625,
    "Population 21": 3875.010009765625,
    "Population 22": 3895.0,
    "Population 23": 3895.0,
    "Population 24": 3895.0,
    "Population 25": 3895.0,
    "Population 26": 3991.7451171875,
    "Population 27": 4914.3251953125,
    "Population 28": 4927.0,
    "Population 29": 4927.0,
    "Population 3": 1516.425048828125,
    "Population 30": 4927.0,
    "Population 31": 4927.0,
    "Population 32": 4978.22021484375,
    "Population 4": 1538.0,
    "Population 5": 1538.0,
    "Population 6": 1538.0,
    "Population 7": 1538.0,
    "Population 8": 1584.9449462890625,
    "Population 9": 1903.300048828125,
    "start": "today"
}
