{
    "Champ at 1": 887.0,
    "Champ at 10": 1911.0,
    "Champ at 11": 1911.0,
    "Champ at 12": 1911.0,
    "Champ at 13": 1911.0,
    "Champ at 14": 1911.0,
    "Champ at 15": 2562.0,
    "Champ at 16": 2562.0,
    "Champ at 17": 2562.0,
    "Champ at 18": 2562.0,
    "Champ at 19": 2562.0,
    "Champ at 2": 1538.0,
    "Champ at 20": 2562.0,
    "Champ at 21": 2935.0,
    "Champ at 22": 2935.0,
    "Champ at 23": 2935.0,
    "Champ at 24": 2935.0,
    "Champ at 25": 2935.0,
    "Champ at 26": 2935.0,
    "Champ at 27": 3894.0,
    "Champ at 28": 3894.0,
    "Champ at 29": 3894.0,
    "Champ at 3": 1538.0,
    "Champ at 30": 3894.0,
    "Champ at 31": 3894.0,
    "Champ at 32": 3894.0,
    "Champ at 33": 4917.0,
    "Champ at 34": 4917.0,
    "Champ at 35": 4917.0,
    "Champ at 36": 4917.0,
    "Champ at 37": 4917.0,
    "Champ at 38": 4917.0,
    "Champ at 39": 5170.0,
    "Champ at 4": 1538.0,
    "Champ at 5": 1538.0,
    "Champ at 6": 1538.0,
    "Champ at 7": 1538.0,
    "Champ at 8": 1911.0,
    "Champ at 9": 1911.0,
    "ChampFitness": 5170.0,
    "ChampInputs": [
        1.8919999599456787,
        1.8960000276565552,
        1.8960000276565552,
        1.8960000276565552,
        1.8989999294281006,
        1.8989999294281006,
        3.059504747390747,
        1.9019999504089355,
        1.9019999504089355,
        1.9019999504089355,
        1.9019999504089355,
        2.4189999103546143,
        1.9059998989105225,
        1.9059998989105225,
        3.1040000915527344,
        1.9089999198913574,
        1.9089999198913574,
        1.912000060081482,
        1.912000060081482,
        0.4390000104904175,
        1.9149999618530273,
        1.9149999618530273,
        1.9149999618530273,
        3.3379998207092285,
        1.9190000295639038,
        1.9190000295639038,
        1.9190000295639038,
        1.9220000505447388,
        1.9220000505447388,
        1.9220000505447388,
        1.9249999523162842,
        3.501000165939331,
        1.9249999523162842,
        1.9279999732971191,
        1.9279999732971191,
        1.9279999732971191,
        1.9279999732971191,
        1.9320000410079956,
        1.9320000410079956,
        3.556999921798706,
        1.934999942779541,
        1.934999942779541,
        1.934999942779541,
        1.937999963760376,
        1.937999963760376,
        1.937999963760376,
        1.9410001039505005,
        1.9410001039505005,
        1.9410001039505005,
        1.9410001039505005,
        1.9449999332427979,
        1.9449999332427979,
        1.9449999332427979,
        1.9480000734329224,
        1.9480000734329224,
        1.9480000734329224,
        1.9509999752044678,
        1.9509999752044678,
        1.9509999752044678,
        1.9509999752044678,
        1.9550000429153442,
        1.9550000429153442,
        1.9550000429153442,
        1.9580000638961792,
        1.9580000638961792,
        1.9580000638961792,
        1.9609999656677246,
        1.9609999656677246,
        1.9609999656677246,
        1.9639999866485596,
        1.9639999866485596,
        1.9639999866485596,
        1.9639999866485596,
        1.9679999351501465,
        1.9679999351501465,
        1.9679999351501465,
        1.9709999561309814,
        1.9709999561309814,
        1.9709999561309814,
        1.9739999771118164,
        1.9739999771118164,
        1.9739999771118164,
        1.9769999980926514,
        1.9769999980926514,
        1.9769999980926514,
        1.9809999465942383,
        1.9809999465942383,
        1.9809999465942383,
        1.9809999465942383,
        1.9840000867843628,
        1.9840000867843628,
        1.9840000867843628,
        1.9869999885559082,
        1.9869999885559082,
        1.9869999885559082,
        1.9900000095367432,
        1.9900000095367432,
        1.9900000095367432,
        1.9900000095367432,
        1.99399995803833
    ],
    "Generations needed": 39,
    "Population 1": 199.32000732421875,
    "Population 10": 1910.6800537109375,
    "Population 11": 1911.0,
    "Population 12": 1911.0,
    "Population 13": 1911.0,
    "Population 14": 1911.0,
    "Population 15": 1947.675048828125,
    "Population 16": 2552.235107421875,
    "Population 17": 2562.0,
    "Population 18": 2562.0,
    "Population 19": 2562.0,
    "Population 2": 785.2899780273438,
    "Population 20": 2562.0,
    "Population 21": 2607.8349609375,
    "Population 22": 2932.31005859375,
    "Population 23": 2935.0,
    "Population 24": 2935.0,
    "Population 25": 2935.0,
    "Population 26": 2935.0,
    "Population 27": 2962.8701171875,
    "Population 28": 3863.56494140625,
    "Population 29": 3894.0,
    "Population 3": 1512.8399658203125,
    "Population 30": 3894.0,
    "Population 31": 3894.0,
    "Population 32": 3894.0,
    "Population 33": 3986.18994140625,
    "Population 34": 4911.89013671875,
    "Population 35": 4917.0,
    "Population 36": 4917.0,
    "Population 37": 4917.0,
    "Population 38": 4917.0,
    "Population 39": 4978.21484375,
    "Population 4": 1538.0,
    "Population 5": 1538.0,
    "Population 6": 1538.0,
    "Population 7": 1538.0,
    "Population 8": 1585.9749755859375,
    "Population 9": 1901.6600341796875,
    "start": "today"
}
