{
    "Champ at 1": 815.0,
    "Champ at 10": 1266.0,
    "Champ at 11": 1267.0,
    "Champ at 12": 1267.0,
    "Champ at 13": 1267.0,
    "Champ at 14": 1267.0,
    "Champ at 15": 1267.0,
    "Champ at 16": 1267.0,
    "Champ at 17": 1267.0,
    "Champ at 18": 1855.0,
    "Champ at 19": 1855.0,
    "Champ at 2": 887.0,
    "Champ at 20": 1855.0,
    "Champ at 21": 1855.0,
    "Champ at 22": 1855.0,
    "Champ at 23": 1855.0,
    "Champ at 24": 2309.0,
    "Champ at 25": 2562.0,
    "Champ at 26": 2562.0,
    "Champ at 27": 2562.0,
    "Champ at 28": 2562.0,
    "Champ at 29": 2562.0,
    "Champ at 3": 1255.0,
    "Champ at 30": 2562.0,
    "Champ at 31": 2935.0,
    "Champ at 32": 2935.0,
    "Champ at 33": 2935.0,
    "Champ at 34": 2935.0,
    "Champ at 35": 2935.0,
    "Champ at 36": 2935.0,
    "Champ at 37": 2935.0,
    "Champ at 38": 3586.0,
    "Champ at 39": 3586.0,
    "Champ at 4": 1255.0,
    "Champ at 40": 3586.0,
    "Champ at 41": 3586.0,
    "Champ at 42": 3586.0,
    "Champ at 43": 3586.0,
    "Champ at 44": 3959.0,
    "Champ at 45": 3959.0,
    "Champ at 46": 3959.0,
    "Champ at 47": 3959.0,
    "Champ at 48": 3959.0,
    "Champ at 49": 3959.0,
    "Champ at 5": 1257.0,
    "Champ at 50": 4610.0,
    "Champ at 51": 4610.0,
    "Champ at 52": 4610.0,
    "Champ at 53": 4610.0,
    "Champ at 54": 4610.0,
    "Champ at 55": 4610.0,
    "Champ at 56": 4983.0,
    "Champ at 57": 4983.0,
    "Champ at 58": 4983.0,
    "Champ at 59": 4983.0,
    "Champ at 6": 1258.0,
    "Champ at 60": 4983.0,
    "Champ at 61": 4983.0,
    "Champ at 62": 5161.0,
    "Champ at 7": 1260.0,
    "Champ at 8": 1263.0,
    "Champ at 9": 1265.0,
    "ChampFitness": 5161.0,
    "ChampInputs": [
        1.8279999494552612,
        1.8279999494552612,
        1.8309999704360962,
        1.8309999704360962,
        1.8340001106262207,
        1.8340001106262207,
        3.1847221851348877,
        1.837999939918518,
        1.8410000801086426,
        2.996999979019165,
        1.8440001010894775,
        1.8480000495910645,
        1.8480000495910645,
        1.8510000705718994,
        3.2280335426330566,
        1.8539999723434448,
        1.8569999933242798,
        1.8610000610351563,
        1.8610000610351563,
        2.6100001335144043,
        1.8639999628067017,
        1.8669999837875366,
        3.249000072479248,
        1.8700001239776611,
        1.8739999532699585,
        1.8739999532699585,
        1.877000093460083,
        2.504000186920166,
        1.8799998760223389,
        1.8830000162124634,
        3.1659998893737793,
        1.8830000162124634,
        1.8870000839233398,
        1.8870000839233398,
        1.8870000839233398,
        0.5860000252723694,
        1.8899999856948853,
        1.8930000066757202,
        1.8930000066757202,
        3.24399995803833,
        1.8970000743865967,
        1.8970000743865967,
        1.899999976158142,
        1.899999976158142,
        1.902999997138977,
        1.902999997138977,
        1.9059998989105225,
        1.9059998989105225,
        1.909999966621399,
        1.909999966621399,
        1.9130001068115234,
        1.9130001068115234,
        1.9159998893737793,
        1.9159998893737793,
        1.9190000295639038,
        1.9190000295639038,
        1.9230000972747803,
        1.9230000972747803,
        1.9259999990463257,
        1.9259999990463257,
        1.9290000200271606,
        1.9290000200271606,
        1.9290000200271606,
        1.9320000410079956,
        1.9320000410079956,
        1.9359999895095825,
        1.9359999895095825,
        1.9390000104904175,
        1.9390000104904175,
        1.941999912261963,
        1.941999912261963,
        1.9459999799728394,
        1.9459999799728394,
        1.9490001201629639,
        1.9490001201629639,
        1.9519999027252197,
        1.9519999027252197,
        1.9550000429153442,
        1.9550000429153442,
        1.9589998722076416,
        1.9620000123977661,
        1.9620000123977661,
        1.965000033378601,
        1.965000033378601,
        1.9679999351501465,
        1.9679999351501465,
        1.972000002861023,
        1.972000002861023,
        1.975000023841858,
        1.975000023841858,
        1.975000023841858,
        1.9779999256134033,
        1.9779999256134033,
        1.9809999465942383,
        1.9809999465942383,
        1.9850001335144043,
        1.9850001335144043,
        1.9879999160766602,
        1.9879999160766602,
        1.9910000562667847
    ],
    "Generations needed": 62,
    "Population 1": 214.97999572753906,
    "Population 10": 1264.97998046875,
    "Population 11": 1265.989990234375,
    "Population 12": 1266.9849853515625,
    "Population 13": 1266.989990234375,
    "Population 14": 1267.0,
    "Population 15": 1267.0,
    "Population 16": 1267.0,
    "Population 17": 1267.0,
    "Population 18": 1362.050048828125,
    "Population 19": 1840.31494140625,
    "Population 2": 732.8699951171875,
    "Population 20": 1855.0,
    "Population 21": 1855.0,
    "Population 22": 1855.0,
    "Population 23": 1855.0,
    "Population 24": 1939.7349853515625,
    "Population 25": 2302.014892578125,
    "Population 26": 2560.735107421875,
    "Population 27": 2562.0,
    "Population 28": 2562.0,
    "Population 29": 2562.0,
    "Population 3": 882.0250244140625,
    "Population 30": 2562.0,
    "Population 31": 2601.02490234375,
    "Population 32": 2929.070068359375,
    "Population 33": 2934.655029296875,
    "Population 34": 2935.0,
    "Population 35": 2935.0,
    "Population 36": 2935.0,
    "Population 37": 2935.0,
    "Population 38": 2963.655029296875,
    "Population 39": 3582.7451171875,
    "Population 4": 1250.1700439453125,
    "Population 40": 3586.0,
    "Population 41": 3586.0,
    "Population 42": 3586.0,
    "Population 43": 3586.0,
    "Population 44": 3626.014892578125,
    "Population 45": 3953.405029296875,
    "Population 46": 3959.0,
    "Population 47": 3959.0,
    "Population 48": 3959.0,
    "Population 49": 3959.0,
    "Population 5": 1255.010009765625,
    "Population 50": 3997.570068359375,
    "Population 51": 4601.830078125,
    "Population 52": 4610.0,
    "Population 53": 4610.0,
    "Population 54": 4610.0,
    "Population 55": 4610.0,
    "Population 56": 4665.41015625,
    "Population 57": 4981.134765625,
    "Population 58": 4983.0,
    "Population 59": 4983.0,
    "Population 6": 1256.9849853515625,
    "Population 60": 4983.0,
    "Population 61": 4983.0,
    "Population 62": 4985.06982421875,
    "Population 7": 1257.9949951171875,
    "Population 8": 1260.0050048828125,
    "Population 9": 1262.925048828125,
    "start": "today"
}
