{
    "Champ at 1": 817.0,
    "Champ at 10": 1911.0,
    "Champ at 11": 1911.0,
    "Champ at 12": 1911.0,
    "Champ at 13": 1911.0,
    "Champ at 14": 1911.0,
    "Champ at 15": 1911.0,
    "Champ at 16": 2562.0,
    "Champ at 17": 2562.0,
    "Champ at 18": 2562.0,
    "Champ at 19": 2562.0,
    "Champ at 2": 887.0,
    "Champ at 20": 2562.0,
    "Champ at 21": 2562.0,
    "Champ at 22": 2935.0,
    "Champ at 23": 2935.0,
    "Champ at 24": 2935.0,
    "Champ at 25": 2935.0,
    "Champ at 26": 2935.0,
    "Champ at 27": 2935.0,
    "Champ at 28": 3586.0,
    "Champ at 29": 3586.0,
    "Champ at 3": 887.0,
    "Champ at 30": 3586.0,
    "Champ at 31": 3586.0,
    "Champ at 32": 3586.0,
    "Champ at 33": 3586.0,
    "Champ at 34": 3959.0,
    "Champ at 35": 3959.0,
    "Champ at 36": 3959.0,
    "Champ at 37": 3959.0,
    "Champ at 38": 3959.0,
    "Champ at 39": 3959.0,
    "Champ at 4": 1264.0,
    "Champ at 40": 4610.0,
    "Champ at 41": 4610.0,
    "Champ at 42": 4610.0,
    "Champ at 43": 4610.0,
    "Champ at 44": 4610.0,
    "Champ at 45": 4610.0,
    "Champ at 46": 4983.0,
    "Champ at 47": 4983.0,
    "Champ at 48": 4983.0,
    "Champ at 49": 4983.0,
    "Champ at 5": 1264.0,
    "Champ at 50": 4983.0,
    "Champ at 51": 4983.0,
    "Champ at 52": 5163.0,
    "Champ at 6": 1264.0,
    "Champ at 7": 1264.0,
    "Champ at 8": 1264.0,
    "Champ at 9": 1264.0,
    "ChampFitness": 5163.0,
    "ChampInputs": [
        1.8330000638961792,
        2.122993230819702,
        1.8359999656677246,
        1.8359999656677246,
        1.8359999656677246,
        1.8389999866485596,
        2.802924156188965,
        1.8389999866485596,
        1.8420000076293945,
        3.125999927520752,
        1.8420000076293945,
        1.8459999561309814,
        1.8459999561309814,
        1.8459999561309814,
        3.184000015258789,
        1.8489999771118164,
        1.8489999771118164,
        1.8489999771118164,
        1.8519999980926514,
        2.6589999198913574,
        1.8519999980926514,
        1.8559999465942383,
        3.2870001792907715,
        1.8559999465942383,
        1.8589999675750732,
        1.8589999675750732,
        1.8589999675750732,
        2.552000045776367,
        1.8619999885559082,
        1.8619999885559082,
        3.302999973297119,
        1.8650000095367432,
        1.8650000095367432,
        1.8650000095367432,
        1.8690000772476196,
        0.6010000109672546,
        1.8690000772476196,
        1.8690000772476196,
        1.871999979019165,
        3.258999824523926,
        1.871999979019165,
        1.875,
        1.875,
        1.875,
        1.878000020980835,
        1.878000020980835,
        1.878000020980835,
        1.8819999694824219,
        1.8819999694824219,
        1.8819999694824219,
        1.8819999694824219,
        1.8849999904632568,
        1.8849999904632568,
        1.8849999904632568,
        1.8880000114440918,
        1.8880000114440918,
        1.8880000114440918,
        1.8910000324249268,
        1.8910000324249268,
        1.8910000324249268,
        1.8910000324249268,
        1.8949999809265137,
        1.8949999809265137,
        1.8949999809265137,
        1.8980000019073486,
        1.8980000019073486,
        1.8980000019073486,
        1.9010000228881836,
        1.9010000228881836,
        1.9010000228881836,
        1.90500009059906,
        1.90500009059906,
        1.90500009059906,
        1.90500009059906,
        1.9079999923706055,
        1.9079999923706055,
        1.9079999923706055,
        1.9110000133514404,
        1.9110000133514404,
        1.9110000133514404,
        1.9140000343322754,
        1.9140000343322754,
        1.9140000343322754,
        1.9140000343322754,
        1.9179999828338623,
        1.9179999828338623,
        1.9179999828338623,
        1.9210000038146973,
        1.9210000038146973,
        1.9210000038146973,
        1.9239999055862427,
        1.9239999055862427,
        1.9239999055862427,
        1.9270000457763672,
        1.9270000457763672,
        1.9270000457763672,
        1.9270000457763672,
        1.930999994277954,
        1.930999994277954,
        1.930999994277954
    ],
    "Generations needed": 52,
    "Population 1": 207.88499450683594,
    "Population 10": 1360.2950439453125,
    "Population 11": 1901.60498046875,
    "Population 12": 1911.0,
    "Population 13": 1911.0,
    "Population 14": 1911.0,
    "Population 15": 1911.0,
    "Population 16": 1949.510009765625,
    "Population 17": 2546.719970703125,
    "Population 18": 2562.0,
    "Population 19": 2562.0,
    "Population 2": 731.635009765625,
    "Population 20": 2562.0,
    "Population 21": 2562.0,
    "Population 22": 2613.534912109375,
    "Population 23": 2932.429931640625,
    "Population 24": 2935.0,
    "Population 25": 2935.0,
    "Population 26": 2935.0,
    "Population 27": 2935.0,
    "Population 28": 2961.68505859375,
    "Population 29": 3574.965087890625,
    "Population 3": 868.5549926757813,
    "Population 30": 3586.0,
    "Population 31": 3586.0,
    "Population 32": 3586.0,
    "Population 33": 3586.0,
    "Population 34": 3637.800048828125,
    "Population 35": 3954.18994140625,
    "Population 36": 3959.0,
    "Population 37": 3959.0,
    "Population 38": 3959.0,
    "Population 39": 3959.0,
    "Population 4": 888.5549926757813,
    "Population 40": 3987.764892578125,
    "Population 41": 4603.490234375,
    "Population 42": 4610.0,
    "Population 43": 4610.0,
    "Population 44": 4610.0,
    "Population 45": 4610.0,
    "Population 46": 4676.28515625,
    "Population 47": 4981.134765625,
    "Population 48": 4983.0,
    "Population 49": 4983.0,
    "Population 5": 1258.25,
    "Population 50": 4983.0,
    "Population 51": 4983.0,
    "Population 52": 4980.75,
    "Population 6": 1264.0,
    "Population 7": 1264.0,
    "Population 8": 1264.0,
    "Population 9": 1264.0,
    "start": "today"
}
