{
    "Champ at 1": 887.0,
    "Champ at 10": 1911.0,
    "Champ at 11": 1911.0,
    "Champ at 12": 1911.0,
    "Champ at 13": 1911.0,
    "Champ at 14": 2562.0,
    "Champ at 15": 2562.0,
    "Champ at 16": 2562.0,
    "Champ at 17": 2562.0,
    "Champ at 18": 2562.0,
    "Champ at 19": 2562.0,
    "Champ at 2": 1538.0,
    "Champ at 20": 2935.0,
    "Champ at 21": 2935.0,
    "Champ at 22": 2935.0,
    "Champ at 23": 2935.0,
    "Champ at 24": 2935.0,
    "Champ at 25": 2935.0,
    "Champ at 26": 3586.0,
    "Champ at 27": 3586.0,
    "Champ at 28": 3586.0,
    "Champ at 29": 3586.0,
    "Champ at 3": 1538.0,
    "Champ at 30": 3586.0,
    "Champ at 31": 3586.0,
    "Champ at 32": 3959.0,
    "Champ at 33": 3959.0,
    "Champ at 34": 3959.0,
    "Champ at 35": 3959.0,
    "Champ at 36": 3959.0,
    "Champ at 37": 3959.0,
    "Champ at 38": 4919.0,
    "Champ at 39": 4919.0,
    "Champ at 4": 1538.0,
    "Champ at 40": 4919.0,
    "Champ at 41": 4919.0,
    "Champ at 42": 4919.0,
    "Champ at 43": 4919.0,
    "Champ at 44": 5165.0,
    "Champ at 5": 1538.0,
    "Champ at 6": 1538.0,
    "Champ at 7": 1538.0,
    "Champ at 8": 1911.0,
    "Champ at 9": 1911.0,
    "ChampFitness": 5165.0,
    "ChampInputs": [
        1.8760000467300415,
        1.8760000467300415,
        1.8790000677108765,
        1.8790000677108765,
        1.8790000677108765,
        1.8819999694824219,
        1.8819999694824219,
        1.2921807765960693,
        1.8849999904632568,
        1.8849999904632568,
        1.8889999389648438,
        1.8889999389648438,
        0.5419999957084656,
        1.8919999599456787,
        1.8919999599456787,
        1.8949999809265137,
        3.1670000553131104,
        1.8980000019073486,
        1.8980000019073486,
        1.8980000019073486,
        1.9019999504089355,
        2.425999879837036,
        1.90500009059906,
        1.90500009059906,
        3.072000026702881,
        1.9079999923706055,
        1.9079999923706055,
        1.9110000133514404,
        1.9110000133514404,
        2.565999984741211,
        1.9149999618530273,
        1.9149999618530273,
        3.253999948501587,
        1.9179999828338623,
        1.9179999828338623,
        1.9210000038146973,
        1.9210000038146973,
        1.9249999523162842,
        1.9249999523162842,
        1.9249999523162842,
        3.452000141143799,
        1.9279999732971191,
        1.930999994277954,
        1.930999994277954,
        1.930999994277954,
        1.934000015258789,
        1.934000015258789,
        1.937999963760376,
        1.937999963760376,
        1.937999963760376,
        1.9410001039505005,
        1.9410001039505005,
        1.944000005722046,
        1.944000005722046,
        1.944000005722046,
        1.9470000267028809,
        1.9470000267028809,
        1.9509999752044678,
        1.9509999752044678,
        1.9509999752044678,
        1.9539999961853027,
        1.9539999961853027,
        1.9570000171661377,
        1.9570000171661377,
        1.9570000171661377,
        1.959999918937683,
        1.959999918937683,
        1.9639999866485596,
        1.9639999866485596,
        1.9639999866485596,
        1.9670000076293945,
        1.9670000076293945,
        1.9670000076293945,
        1.9700000286102295,
        1.9700000286102295,
        1.9739999771118164,
        1.9739999771118164,
        1.9739999771118164,
        1.9769999980926514,
        1.9769999980926514,
        1.9800000190734863,
        1.9800000190734863,
        1.9800000190734863,
        1.9830000400543213,
        1.9830000400543213,
        1.9869999885559082,
        1.9869999885559082,
        1.9869999885559082,
        1.9900000095367432,
        1.9900000095367432,
        1.9930000305175781,
        1.9930000305175781,
        1.9930000305175781,
        1.9959999322891235,
        1.9959999322891235,
        2.0,
        2.0,
        2.0,
        2.003000020980835,
        2.003000020980835
    ],
    "Generations needed": 44,
    "Population 1": 212.9949951171875,
    "Population 10": 1911.0,
    "Population 11": 1911.0,
    "Population 12": 1911.0,
    "Population 13": 1911.0,
    "Population 14": 1944.1199951171875,
    "Population 15": 2550.85009765625,
    "Population 16": 2562.0,
    "Population 17": 2562.0,
    "Population 18": 2562.0,
    "Population 19": 2562.0,
    "Population 2": 785.510009765625,
    "Population 20": 2614.449951171875,
    "Population 21": 2929.64990234375,
    "Population 22": 2935.0,
    "Population 23": 2935.0,
    "Population 24": 2935.0,
    "Population 25": 2935.0,
    "Population 26": 2969.669921875,
    "Population 27": 3582.7451171875,
    "Population 28": 3586.0,
    "Population 29": 3586.0,
    "Population 3": 1494.6700439453125,
    "Population 30": 3586.0,
    "Population 31": 3586.0,
    "Population 32": 3618.0048828125,
    "Population 33": 3945.590087890625,
    "Population 34": 3959.0,
    "Population 35": 3959.0,
    "Population 36": 3959.0,
    "Population 37": 3959.0,
    "Population 38": 4000.114990234375,
    "Population 39": 4896.625,
    "Population 4": 1538.0,
    "Population 40": 4919.0,
    "Population 41": 4919.0,
    "Population 42": 4919.0,
    "Population 43": 4919.0,
    "Population 44": 4977.4248046875,
    "Population 5": 1538.0,
    "Population 6": 1538.0,
    "Population 7": 1538.0,
    "Population 8": 1575.0350341796875,
    "Population 9": 1909.135009765625,
    "start": "today"
}
