{
    "Champ at 1": 731.0,
    "Champ at 10": 1280.0,
    "Champ at 11": 1280.0,
    "Champ at 12": 1280.0,
    "Champ at 13": 1280.0,
    "Champ at 14": 1280.0,
    "Champ at 15": 1911.0,
    "Champ at 16": 1911.0,
    "Champ at 17": 1911.0,
    "Champ at 18": 1911.0,
    "Champ at 19": 1911.0,
    "Champ at 2": 887.0,
    "Champ at 20": 1911.0,
    "Champ at 21": 2510.0,
    "Champ at 22": 2510.0,
    "Champ at 23": 2510.0,
    "Champ at 24": 2510.0,
    "Champ at 25": 2510.0,
    "Champ at 26": 2510.0,
    "Champ at 27": 2876.0,
    "Champ at 28": 2876.0,
    "Champ at 29": 2876.0,
    "Champ at 3": 887.0,
    "Champ at 30": 2876.0,
    "Champ at 31": 2876.0,
    "Champ at 32": 2876.0,
    "Champ at 33": 3586.0,
    "Champ at 34": 3586.0,
    "Champ at 35": 3586.0,
    "Champ at 36": 3586.0,
    "Champ at 37": 3586.0,
    "Champ at 38": 3586.0,
    "Champ at 39": 3959.0,
    "Champ at 4": 887.0,
    "Champ at 40": 3959.0,
    "Champ at 41": 3959.0,
    "Champ at 42": 3959.0,
    "Champ at 43": 3959.0,
    "Champ at 44": 3959.0,
    "Champ at 45": 4610.0,
    "Champ at 46": 4610.0,
    "Champ at 47": 4610.0,
    "Champ at 48": 4610.0,
    "Champ at 49": 4610.0,
    "Champ at 5": 887.0,
    "Champ at 50": 4610.0,
    "Champ at 51": 4610.0,
    "Champ at 52": 4983.0,
    "Champ at 53": 4983.0,
    "Champ at 54": 4983.0,
    "Champ at 55": 4983.0,
    "Champ at 56": 4983.0,
    "Champ at 57": 5158.0,
    "Champ at 6": 887.0,
    "Champ at 7": 887.0,
    "Champ at 8": 887.0,
    "Champ at 9": 1279.0,
    "ChampFitness": 5158.0,
    "ChampInputs": [
        1.7919999361038208,
        1.7949999570846558,
        1.7980000972747803,
        1.8019999265670776,
        0.5345206260681152,
        1.8050000667572021,
        1.808000087738037,
        3.134885311126709,
        1.8109999895095825,
        1.815000057220459,
        1.0549999475479126,
        1.8179999589920044,
        1.8209999799728394,
        1.8209999799728394,
        1.8240000009536743,
        1.8279999494552612,
        3.1999998092651367,
        1.8309999704360962,
        1.8340001106262207,
        1.8340001106262207,
        1.837999939918518,
        2.6550002098083496,
        1.8410000801086426,
        1.8410000801086426,
        3.3469998836517334,
        1.8440001010894775,
        1.847000002861023,
        1.847000002861023,
        1.8510000705718994,
        2.7230000495910645,
        1.8539999723434448,
        1.8569999933242798,
        3.197999954223633,
        1.8639999628067017,
        1.8639999628067017,
        1.8669999837875366,
        1.8669999837875366,
        0.6179999709129333,
        1.872999906539917,
        1.872999906539917,
        1.877000093460083,
        3.1449999809265137,
        1.8799998760223389,
        1.8830000162124634,
        1.8830000162124634,
        1.8830000162124634,
        1.8870000839233398,
        1.8870000839233398,
        1.8899999856948853,
        1.8899999856948853,
        1.8930000066757202,
        1.8930000066757202,
        1.8960000276565552,
        1.8960000276565552,
        1.899999976158142,
        1.899999976158142,
        1.902999997138977,
        1.902999997138977,
        1.902999997138977,
        1.9059998989105225,
        1.9059998989105225,
        1.9089999198913574,
        1.9089999198913574,
        1.9130001068115234,
        1.9130001068115234,
        1.9130001068115234,
        1.9159998893737793,
        1.9159998893737793,
        1.9190000295639038,
        1.9190000295639038,
        1.9220000505447388,
        1.9220000505447388,
        1.9259999990463257,
        1.9259999990463257,
        1.9259999990463257,
        1.9290000200271606,
        1.9290000200271606,
        1.9320000410079956,
        1.9320000410079956,
        1.9359999895095825,
        1.9359999895095825,
        1.9390000104904175,
        1.9390000104904175,
        1.941999912261963,
        1.9449999332427979,
        1.9449999332427979,
        1.9490001201629639,
        1.9519999027252197,
        1.9519999027252197,
        1.9550000429153442,
        1.9580000638961792,
        1.9580000638961792,
        1.9620000123977661,
        1.9620000123977661,
        1.965000033378601,
        1.9679999351501465,
        1.9679999351501465,
        1.9709999561309814,
        1.975000023841858,
        1.975000023841858
    ],
    "Generations needed": 57,
    "Population 1": 198.85000610351563,
    "Population 10": 1273.050048828125,
    "Population 11": 1279.9949951171875,
    "Population 12": 1280.0,
    "Population 13": 1280.0,
    "Population 14": 1280.0,
    "Population 15": 1394.0,
    "Population 16": 1904.125,
    "Population 17": 1911.0,
    "Population 18": 1911.0,
    "Population 19": 1911.0,
    "Population 2": 667.5150146484375,
    "Population 20": 1911.0,
    "Population 21": 1943.7850341796875,
    "Population 22": 2497.639892578125,
    "Population 23": 2510.0,
    "Population 24": 2510.0,
    "Population 25": 2510.0,
    "Population 26": 2510.0,
    "Population 27": 2593.909912109375,
    "Population 28": 2874.375,
    "Population 29": 2876.0,
    "Population 3": 871.3499755859375,
    "Population 30": 2876.0,
    "Population 31": 2876.0,
    "Population 32": 2876.0,
    "Population 33": 2967.56494140625,
    "Population 34": 3572.97998046875,
    "Population 35": 3586.0,
    "Population 36": 3586.0,
    "Population 37": 3586.0,
    "Population 38": 3586.0,
    "Population 39": 3636.919921875,
    "Population 4": 886.7000122070313,
    "Population 40": 3951.14501953125,
    "Population 41": 3959.0,
    "Population 42": 3959.0,
    "Population 43": 3959.0,
    "Population 44": 3959.0,
    "Population 45": 4002.919921875,
    "Population 46": 4601.59521484375,
    "Population 47": 4606.35498046875,
    "Population 48": 4610.0,
    "Population 49": 4610.0,
    "Population 5": 887.0,
    "Population 50": 4610.0,
    "Population 51": 4610.0,
    "Population 52": 4657.71484375,
    "Population 53": 4983.0,
    "Population 54": 4983.0,
    "Population 55": 4983.0,
    "Population 56": 4983.0,
    "Population 57": 4982.14501953125,
    "Population 6": 887.0,
    "Population 7": 887.0,
    "Population 8": 887.0,
    "Population 9": 927.9149780273438,
    "start": "today"
}
