{
    "Champ at 1": 690.0,
    "Champ at 10": 1846.0,
    "Champ at 11": 1846.0,
    "Champ at 12": 1846.0,
    "Champ at 13": 1846.0,
    "Champ at 14": 2562.0,
    "Champ at 15": 2871.0,
    "Champ at 16": 2935.0,
    "Champ at 17": 2935.0,
    "Champ at 18": 2935.0,
    "Champ at 19": 2935.0,
    "Champ at 2": 887.0,
    "Champ at 20": 2935.0,
    "Champ at 21": 2935.0,
    "Champ at 22": 3959.0,
    "Champ at 23": 3959.0,
    "Champ at 24": 3959.0,
    "Champ at 25": 3959.0,
    "Champ at 26": 3959.0,
    "Champ at 27": 3959.0,
    "Champ at 28": 4920.0,
    "Champ at 29": 4920.0,
    "Champ at 3": 887.0,
    "Champ at 30": 4920.0,
    "Champ at 31": 4920.0,
    "Champ at 32": 4920.0,
    "Champ at 33": 4920.0,
    "Champ at 34": 5164.0,
    "Champ at 4": 887.0,
    "Champ at 5": 887.0,
    "Champ at 6": 887.0,
    "Champ at 7": 887.0,
    "Champ at 8": 1846.0,
    "Champ at 9": 1846.0,
    "ChampFitness": 5164.0,
    "ChampInputs": [
        1.9200000762939453,
        1.9239999055862427,
        1.9239999055862427,
        1.6126315593719482,
        1.9270000457763672,
        1.9270000457763672,
        3.255000114440918,
        1.9300000667572021,
        1.9300000667572021,
        1.9329999685287476,
        1.9329999685287476,
        1.9329999685287476,
        1.937000036239624,
        1.937000036239624,
        3.558051109313965,
        1.940000057220459,
        1.940000057220459,
        1.9429999589920044,
        1.9429999589920044,
        1.9429999589920044,
        1.9459999799728394,
        1.9459999799728394,
        3.4150002002716064,
        1.9499999284744263,
        1.9499999284744263,
        1.9529999494552612,
        1.9529999494552612,
        1.9529999494552612,
        1.9560000896453857,
        1.9560000896453857,
        3.0169999599456787,
        1.959999918937683,
        1.959999918937683,
        1.9630000591278076,
        1.9630000591278076,
        1.9660000801086426,
        1.9660000801086426,
        1.9660000801086426,
        3.427000045776367,
        1.968999981880188,
        1.9730000495910645,
        1.9730000495910645,
        1.9760000705718994,
        1.9760000705718994,
        1.9789999723434448,
        1.9789999723434448,
        1.9789999723434448,
        1.9819999933242798,
        1.9819999933242798,
        1.9859999418258667,
        1.9859999418258667,
        1.9889999628067017,
        1.9889999628067017,
        1.9889999628067017,
        1.9920001029968262,
        1.9920001029968262,
        1.994999885559082,
        1.994999885559082,
        1.999000072479248,
        1.999000072479248,
        1.999000072479248,
        2.002000093460083,
        2.002000093460083,
        2.004999876022339,
        2.004999876022339,
        2.009000062942505,
        2.009000062942505,
        2.009000062942505,
        2.0119998455047607,
        2.0119998455047607,
        2.0149998664855957,
        2.0149998664855957,
        2.0180001258850098,
        2.0180001258850098,
        2.0219998359680176,
        2.0250000953674316,
        2.0250000953674316,
        2.0280001163482666,
        2.0280001163482666,
        2.0309998989105225,
        2.0350000858306885,
        2.0350000858306885,
        2.0379998683929443,
        2.0379998683929443,
        2.0379998683929443,
        2.0409998893737793,
        2.0409998893737793,
        2.0440001487731934,
        2.0440001487731934,
        2.047999858856201,
        2.047999858856201,
        2.0510001182556152,
        2.0510001182556152,
        2.05400013923645,
        2.05400013923645,
        2.056999921798706,
        2.056999921798706,
        2.061000108718872,
        2.061000108718872,
        2.061000108718872
    ],
    "Generations needed": 34,
    "Population 1": 184.5050048828125,
    "Population 10": 1846.0,
    "Population 11": 1846.0,
    "Population 12": 1846.0,
    "Population 13": 1846.0,
    "Population 14": 1937.449951171875,
    "Population 15": 2551.0400390625,
    "Population 16": 2871.31494140625,
    "Population 17": 2934.0849609375,
    "Population 18": 2935.0,
    "Population 19": 2935.0,
    "Population 2": 641.8049926757813,
    "Population 20": 2935.0,
    "Population 21": 2935.0,
    "Population 22": 2962.945068359375,
    "Population 23": 3953.8798828125,
    "Population 24": 3959.0,
    "Population 25": 3959.0,
    "Population 26": 3959.0,
    "Population 27": 3959.0,
    "Population 28": 3991.800048828125,
    "Population 29": 4910.10498046875,
    "Population 3": 875.8599853515625,
    "Population 30": 4920.0,
    "Population 31": 4920.0,
    "Population 32": 4920.0,
    "Population 33": 4920.0,
    "Population 34": 4976.10498046875,
    "Population 4": 887.0,
    "Population 5": 887.0,
    "Population 6": 887.0,
    "Population 7": 887.0,
    "Population 8": 926.405029296875,
    "Population 9": 1823.93505859375,
    "start": "today"
}
