{
    "Champ at 1": 729.0,
    "Champ at 10": 1283.0,
    "Champ at 11": 1283.0,
    "Champ at 12": 1283.0,
    "Champ at 13": 1283.0,
    "Champ at 14": 1283.0,
    "Champ at 15": 1283.0,
    "Champ at 16": 1911.0,
    "Champ at 17": 1911.0,
    "Champ at 18": 1911.0,
    "Champ at 19": 1911.0,
    "Champ at 2": 887.0,
    "Champ at 20": 1911.0,
    "Champ at 21": 1911.0,
    "Champ at 22": 1911.0,
    "Champ at 23": 2305.0,
    "Champ at 24": 2305.0,
    "Champ at 25": 2305.0,
    "Champ at 26": 2305.0,
    "Champ at 27": 2305.0,
    "Champ at 28": 2305.0,
    "Champ at 29": 2935.0,
    "Champ at 3": 887.0,
    "Champ at 30": 2935.0,
    "Champ at 31": 2935.0,
    "Champ at 32": 2935.0,
    "Champ at 33": 2935.0,
    "Champ at 34": 2935.0,
    "Champ at 35": 3331.0,
    "Champ at 36": 3331.0,
    "Champ at 37": 3331.0,
    "Champ at 38": 3331.0,
    "Champ at 39": 3331.0,
    "Champ at 4": 887.0,
    "Champ at 40": 3331.0,
    "Champ at 41": 3959.0,
    "Champ at 42": 3959.0,
    "Champ at 43": 3959.0,
    "Champ at 44": 3959.0,
    "Champ at 45": 3959.0,
    "Champ at 46": 3959.0,
    "Champ at 47": 4558.0,
    "Champ at 48": 4558.0,
    "Champ at 49": 4610.0,
    "Champ at 5": 887.0,
    "Champ at 50": 4610.0,
    "Champ at 51": 4610.0,
    "Champ at 52": 4610.0,
    "Champ at 53": 4610.0,
    "Champ at 54": 4610.0,
    "Champ at 55": 4983.0,
    "Champ at 56": 4983.0,
    "Champ at 57": 4983.0,
    "Champ at 58": 4983.0,
    "Champ at 59": 4983.0,
    "Champ at 6": 887.0,
    "Champ at 60": 4983.0,
    "Champ at 61": 5163.0,
    "Champ at 7": 887.0,
    "Champ at 8": 887.0,
    "Champ at 9": 1283.0,
    "ChampFitness": 5163.0,
    "ChampInputs": [
        1.7939999103546143,
        1.7939999103546143,
        1.7970000505447388,
        1.7970000505447388,
        2.3939785957336426,
        1.8000000715255737,
        3.1679999828338623,
        1.8029999732971191,
        1.8029999732971191,
        1.0980000495910645,
        1.8070000410079956,
        1.8070000410079956,
        1.809999942779541,
        1.809999942779541,
        1.809999942779541,
        3.2159998416900635,
        1.812999963760376,
        1.815999984741211,
        1.0410000085830688,
        1.815999984741211,
        1.8199999332427979,
        1.8199999332427979,
        1.8229999542236328,
        1.8229999542236328,
        3.2019999027252197,
        1.8260000944137573,
        1.8260000944137573,
        2.9139997959136963,
        1.8289999961853027,
        1.8289999961853027,
        1.8330000638961792,
        1.8330000638961792,
        3.203538179397583,
        1.8359999656677246,
        1.8359999656677246,
        1.8389999866485596,
        1.8389999866485596,
        2.7070000171661377,
        1.843000054359436,
        1.843000054359436,
        3.2200000286102295,
        1.8459999561309814,
        1.8489999771118164,
        1.8489999771118164,
        1.8489999771118164,
        1.8519999980926514,
        1.8519999980926514,
        1.8559999465942383,
        1.8559999465942383,
        1.8559999465942383,
        1.8589999675750732,
        1.8589999675750732,
        1.8619999885559082,
        1.8619999885559082,
        1.8619999885559082,
        1.8650000095367432,
        1.8650000095367432,
        1.8690000772476196,
        1.8690000772476196,
        1.8690000772476196,
        1.871999979019165,
        1.871999979019165,
        1.875,
        1.875,
        1.875,
        1.878000020980835,
        1.878000020980835,
        1.878000020980835,
        1.8819999694824219,
        1.8819999694824219,
        1.8849999904632568,
        1.8849999904632568,
        1.8849999904632568,
        1.8880000114440918,
        1.8880000114440918,
        1.8910000324249268,
        1.8910000324249268,
        1.8910000324249268,
        1.8949999809265137,
        1.8949999809265137,
        1.8980000019073486,
        1.8980000019073486,
        1.8980000019073486,
        1.9010000228881836,
        1.9010000228881836,
        1.90500009059906,
        1.90500009059906,
        1.90500009059906,
        1.9079999923706055,
        1.9079999923706055,
        1.9110000133514404,
        1.9110000133514404,
        1.9110000133514404,
        1.9140000343322754,
        1.9140000343322754,
        1.9179999828338623,
        1.9179999828338623,
        1.9179999828338623,
        1.9210000038146973,
        1.9210000038146973
    ],
    "Generations needed": 61,
    "Population 1": 197.02999877929688,
    "Population 10": 1270.5550537109375,
    "Population 11": 1281.02001953125,
    "Population 12": 1283.0,
    "Population 13": 1283.0,
    "Population 14": 1283.0,
    "Population 15": 1283.0,
    "Population 16": 1378.655029296875,
    "Population 17": 1894.8800048828125,
    "Population 18": 1907.864990234375,
    "Population 19": 1911.0,
    "Population 2": 690.9450073242188,
    "Population 20": 1911.0,
    "Population 21": 1911.0,
    "Population 22": 1911.0,
    "Population 23": 1941.8399658203125,
    "Population 24": 2292.409912109375,
    "Population 25": 2305.0,
    "Population 26": 2305.0,
    "Population 27": 2305.0,
    "Population 28": 2305.0,
    "Population 29": 2422.050048828125,
    "Population 3": 861.4949951171875,
    "Population 30": 2928.195068359375,
    "Population 31": 2935.0,
    "Population 32": 2935.0,
    "Population 33": 2935.0,
    "Population 34": 2935.0,
    "Population 35": 2959.324951171875,
    "Population 36": 3328.47509765625,
    "Population 37": 3331.0,
    "Population 38": 3331.0,
    "Population 39": 3331.0,
    "Population 4": 885.5599975585938,
    "Population 40": 3331.0,
    "Population 41": 3484.659912109375,
    "Population 42": 3957.719970703125,
    "Population 43": 3959.0,
    "Population 44": 3959.0,
    "Population 45": 3959.0,
    "Population 46": 3959.0,
    "Population 47": 3997.719970703125,
    "Population 48": 4550.43994140625,
    "Population 49": 4558.259765625,
    "Population 5": 887.0,
    "Population 50": 4602.97509765625,
    "Population 51": 4610.0,
    "Population 52": 4610.0,
    "Population 53": 4610.0,
    "Population 54": 4610.0,
    "Population 55": 4641.09521484375,
    "Population 56": 4977.40478515625,
    "Population 57": 4983.0,
    "Population 58": 4983.0,
    "Population 59": 4983.0,
    "Population 6": 887.0,
    "Population 60": 4983.0,
    "Population 61": 4985.1748046875,
    "Population 7": 887.0,
    "Population 8": 887.0,
    "Population 9": 924.2999877929688,
    "start": "today"
}
