{
    "Champ at 1": 887.0,
    "Champ at 10": 1911.0,
    "Champ at 11": 1911.0,
    "Champ at 12": 1911.0,
    "Champ at 13": 1911.0,
    "Champ at 14": 1911.0,
    "Champ at 15": 2562.0,
    "Champ at 16": 2562.0,
    "Champ at 17": 2562.0,
    "Champ at 18": 2562.0,
    "Champ at 19": 2562.0,
    "Champ at 2": 1538.0,
    "Champ at 20": 2562.0,
    "Champ at 21": 2935.0,
    "Champ at 22": 2935.0,
    "Champ at 23": 2935.0,
    "Champ at 24": 2935.0,
    "Champ at 25": 2935.0,
    "Champ at 26": 2935.0,
    "Champ at 27": 3890.0,
    "Champ at 28": 3890.0,
    "Champ at 29": 3890.0,
    "Champ at 3": 1538.0,
    "Champ at 30": 3890.0,
    "Champ at 31": 3890.0,
    "Champ at 32": 3890.0,
    "Champ at 33": 4917.0,
    "Champ at 34": 4917.0,
    "Champ at 35": 4917.0,
    "Champ at 36": 4917.0,
    "Champ at 37": 4917.0,
    "Champ at 38": 4917.0,
    "Champ at 39": 5169.0,
    "Champ at 4": 1538.0,
    "Champ at 5": 1538.0,
    "Champ at 6": 1538.0,
    "Champ at 7": 1538.0,
    "Champ at 8": 1911.0,
    "Champ at 9": 1911.0,
    "ChampFitness": 5169.0,
    "ChampInputs": [
        1.8949999809265137,
        1.8949999809265137,
        1.8980000019073486,
        1.8980000019073486,
        1.8980000019073486,
        1.9019999504089355,
        1.9019999504089355,
        1.1270883083343506,
        1.90500009059906,
        1.90500009059906,
        1.90500009059906,
        1.9079999923706055,
        2.486999988555908,
        1.9079999923706055,
        1.9079999923706055,
        2.9769997596740723,
        1.912000060081482,
        1.912000060081482,
        1.9149999618530273,
        1.9149999618530273,
        0.5789999961853027,
        1.9179999828338623,
        1.9179999828338623,
        1.9179999828338623,
        3.1600000858306885,
        1.9210000038146973,
        1.9210000038146973,
        1.9210000038146973,
        1.9249999523162842,
        1.9249999523162842,
        1.9249999523162842,
        1.9279999732971191,
        3.5220000743865967,
        1.9279999732971191,
        1.930999994277954,
        1.930999994277954,
        1.930999994277954,
        1.930999994277954,
        1.934000015258789,
        1.934000015258789,
        3.555000066757202,
        1.937999963760376,
        1.937999963760376,
        1.937999963760376,
        1.9410001039505005,
        1.9410001039505005,
        1.9410001039505005,
        1.944000005722046,
        1.944000005722046,
        1.944000005722046,
        1.944000005722046,
        1.9470000267028809,
        1.9470000267028809,
        1.9470000267028809,
        1.9509999752044678,
        1.9509999752044678,
        1.9509999752044678,
        1.9539999961853027,
        1.9539999961853027,
        1.9539999961853027,
        1.9539999961853027,
        1.9570000171661377,
        1.9570000171661377,
        1.9570000171661377,
        1.9609999656677246,
        1.9609999656677246,
        1.9609999656677246,
        1.9639999866485596,
        1.9639999866485596,
        1.9639999866485596,
        1.9670000076293945,
        1.9670000076293945,
        1.9670000076293945,
        1.9670000076293945,
        1.9700000286102295,
        1.9700000286102295,
        1.9700000286102295,
        1.9739999771118164,
        1.9739999771118164,
        1.9739999771118164,
        1.9769999980926514,
        1.9769999980926514,
        1.9769999980926514,
        1.9769999980926514,
        1.9800000190734863,
        1.9800000190734863,
        1.9800000190734863,
        1.9830000400543213,
        1.9830000400543213,
        1.9830000400543213,
        1.9869999885559082,
        1.9869999885559082,
        1.9869999885559082,
        1.9900000095367432,
        1.9900000095367432,
        1.9900000095367432,
        1.9900000095367432,
        1.9930000305175781,
        1.9930000305175781,
        1.9930000305175781
    ],
    "Generations needed": 39,
    "Population 1": 200.1649932861328,
    "Population 10": 1910.635009765625,
    "Population 11": 1911.0,
    "Population 12": 1911.0,
    "Population 13": 1911.0,
    "Population 14": 1911.0,
    "Population 15": 1959.4300537109375,
    "Population 16": 2553.764892578125,
    "Population 17": 2562.0,
    "Population 18": 2562.0,
    "Population 19": 2562.0,
    "Population 2": 770.655029296875,
    "Population 20": 2562.0,
    "Population 21": 2586.39501953125,
    "Population 22": 2930.9951171875,
    "Population 23": 2935.0,
    "Population 24": 2935.0,
    "Population 25": 2935.0,
    "Population 26": 2935.0,
    "Population 27": 2977.0048828125,
    "Population 28": 3873.820068359375,
    "Population 29": 3890.0,
    "Population 3": 1512.72998046875,
    "Population 30": 3890.0,
    "Population 31": 3890.0,
    "Population 32": 3890.0,
    "Population 33": 3985.610107421875,
    "Population 34": 4906.51513671875,
    "Population 35": 4917.0,
    "Population 36": 4917.0,
    "Population 37": 4917.0,
    "Population 38": 4917.0,
    "Population 39": 4972.59521484375,
    "Population 4": 1538.0,
    "Population 5": 1538.0,
    "Population 6": 1538.0,
    "Population 7": 1538.0,
    "Population 8": 1582.780029296875,
    "Population 9": 1899.949951171875,
    "start": "today"
}
