{
    "Champ at 1": 820.0,
    "Champ at 10": 1911.0,
    "Champ at 11": 1911.0,
    "Champ at 12": 1911.0,
    "Champ at 13": 1911.0,
    "Champ at 14": 1911.0,
    "Champ at 15": 2562.0,
    "Champ at 16": 2562.0,
    "Champ at 17": 2562.0,
    "Champ at 18": 2562.0,
    "Champ at 19": 2562.0,
    "Champ at 2": 1283.0,
    "Champ at 20": 2562.0,
    "Champ at 21": 2935.0,
    "Champ at 22": 2935.0,
    "Champ at 23": 2935.0,
    "Champ at 24": 2935.0,
    "Champ at 25": 2935.0,
    "Champ at 26": 2935.0,
    "Champ at 27": 3586.0,
    "Champ at 28": 3586.0,
    "Champ at 29": 3586.0,
    "Champ at 3": 1538.0,
    "Champ at 30": 3586.0,
    "Champ at 31": 3586.0,
    "Champ at 32": 3586.0,
    "Champ at 33": 3959.0,
    "Champ at 34": 3959.0,
    "Champ at 35": 3959.0,
    "Champ at 36": 3959.0,
    "Champ at 37": 3959.0,
    "Champ at 38": 3959.0,
    "Champ at 39": 4610.0,
    "Champ at 4": 1538.0,
    "Champ at 40": 4610.0,
    "Champ at 41": 4610.0,
    "Champ at 42": 4610.0,
    "Champ at 43": 4610.0,
    "Champ at 44": 4610.0,
    "Champ at 45": 4983.0,
    "Champ at 46": 4983.0,
    "Champ at 47": 4983.0,
    "Champ at 48": 4983.0,
    "Champ at 49": 4983.0,
    "Champ at 5": 1538.0,
    "Champ at 50": 4983.0,
    "Champ at 51": 5165.0,
    "Champ at 6": 1538.0,
    "Champ at 7": 1538.0,
    "Champ at 8": 1538.0,
    "Champ at 9": 1911.0,
    "ChampFitness": 5165.0,
    "ChampInputs": [
        1.8459999561309814,
        1.8459999561309814,
        1.8459999561309814,
        1.8489999771118164,
        1.8489999771118164,
        1.8489999771118164,
        3.411785125732422,
        1.8519999980926514,
        1.8519999980926514,
        1.8559999465942383,
        1.8559999465942383,
        2.680000066757202,
        1.8559999465942383,
        1.8589999675750732,
        3.2739999294281006,
        1.8589999675750732,
        1.8619999885559082,
        1.8619999885559082,
        1.8619999885559082,
        2.6559998989105225,
        1.8650000095367432,
        1.8650000095367432,
        3.0500001907348633,
        1.8690000772476196,
        1.8690000772476196,
        1.8690000772476196,
        1.871999979019165,
        0.715999960899353,
        1.871999979019165,
        1.875,
        1.875,
        3.136000156402588,
        1.8790000677108765,
        1.8790000677108765,
        1.8790000677108765,
        1.8819999694824219,
        0.7620000243186951,
        1.8819999694824219,
        1.8819999694824219,
        1.8849999904632568,
        3.2049999237060547,
        1.8849999904632568,
        1.8880000114440918,
        1.8880000114440918,
        1.8880000114440918,
        1.8919999599456787,
        1.8919999599456787,
        1.8919999599456787,
        1.8919999599456787,
        1.8949999809265137,
        1.8949999809265137,
        1.8949999809265137,
        1.8980000019073486,
        1.8980000019073486,
        1.8980000019073486,
        1.9010000228881836,
        1.9010000228881836,
        1.9010000228881836,
        1.9010000228881836,
        1.90500009059906,
        1.90500009059906,
        1.90500009059906,
        1.9079999923706055,
        1.9079999923706055,
        1.9079999923706055,
        1.9110000133514404,
        1.9110000133514404,
        1.9110000133514404,
        1.9140000343322754,
        1.9140000343322754,
        1.9140000343322754,
        1.9140000343322754,
        1.9179999828338623,
        1.9179999828338623,
        1.9179999828338623,
        1.9210000038146973,
        1.9210000038146973,
        1.9210000038146973,
        1.9239999055862427,
        1.9239999055862427,
        1.9239999055862427,
        1.9279999732971191,
        1.9279999732971191,
        1.9279999732971191,
        1.9279999732971191,
        1.930999994277954,
        1.930999994277954,
        1.930999994277954,
        1.934000015258789,
        1.934000015258789,
        1.934000015258789,
        1.937000036239624,
        1.937000036239624,
        1.937000036239624,
        1.937000036239624,
        1.9410001039505005,
        1.9410001039505005,
        1.9410001039505005,
        1.944000005722046,
        1.944000005722046
    ],
    "Generations needed": 51,
    "Population 1": 189.3350067138672,
    "Population 10": 1900.1600341796875,
    "Population 11": 1911.0,
    "Population 12": 1911.0,
    "Population 13": 1911.0,
    "Population 14": 1911.0,
    "Population 15": 1925.77001953125,
    "Population 16": 2535.97998046875,
    "Population 17": 2562.0,
    "Population 18": 2562.0,
    "Population 19": 2562.0,
    "Population 2": 742.969970703125,
    "Population 20": 2562.0,
    "Population 21": 2609.7548828125,
    "Population 22": 2925.465087890625,
    "Population 23": 2935.0,
    "Population 24": 2935.0,
    "Population 25": 2935.0,
    "Population 26": 2935.0,
    "Population 27": 2977.580078125,
    "Population 28": 3567.625,
    "Population 29": 3586.0,
    "Population 3": 1243.449951171875,
    "Population 30": 3586.0,
    "Population 31": 3586.0,
    "Population 32": 3586.0,
    "Population 33": 3635.544921875,
    "Population 34": 3955.27001953125,
    "Population 35": 3959.0,
    "Population 36": 3959.0,
    "Population 37": 3959.0,
    "Population 38": 3959.0,
    "Population 39": 4012.385009765625,
    "Population 4": 1527.3900146484375,
    "Population 40": 4603.205078125,
    "Population 41": 4610.0,
    "Population 42": 4610.0,
    "Population 43": 4610.0,
    "Population 44": 4610.0,
    "Population 45": 4653.71484375,
    "Population 46": 4982.01513671875,
    "Population 47": 4983.0,
    "Population 48": 4983.0,
    "Population 49": 4983.0,
    "Population 5": 1538.0,
    "Population 50": 4983.0,
    "Population 51": 4981.0048828125,
    "Population 6": 1538.0,
    "Population 7": 1538.0,
    "Population 8": 1538.0,
    "Population 9": 1579.4849853515625,
    "start": "today"
}
