{
    "Champ at 1": 887.0,
    "Champ at 10": 1911.0,
    "Champ at 11": 1911.0,
    "Champ at 12": 1911.0,
    "Champ at 13": 1911.0,
    "Champ at 14": 1911.0,
    "Champ at 15": 2863.0,
    "Champ at 16": 2863.0,
    "Champ at 17": 2863.0,
    "Champ at 18": 2863.0,
    "Champ at 19": 2863.0,
    "Champ at 2": 1258.0,
    "Champ at 20": 2863.0,
    "Champ at 21": 3891.0,
    "Champ at 22": 3891.0,
    "Champ at 23": 3891.0,
    "Champ at 24": 3891.0,
    "Champ at 25": 3891.0,
    "Champ at 26": 3891.0,
    "Champ at 27": 4921.0,
    "Champ at 28": 4921.0,
    "Champ at 29": 4921.0,
    "Champ at 3": 1538.0,
    "Champ at 30": 4921.0,
    "Champ at 31": 4921.0,
    "Champ at 32": 4921.0,
    "Champ at 33": 5170.0,
    "Champ at 4": 1538.0,
    "Champ at 5": 1538.0,
    "Champ at 6": 1538.0,
    "Champ at 7": 1538.0,
    "Champ at 8": 1538.0,
    "Champ at 9": 1911.0,
    "ChampFitness": 5170.0,
    "ChampInputs": [
        1.875,
        1.878000020980835,
        1.878000020980835,
        1.8809999227523804,
        1.8809999227523804,
        1.8849999904632568,
        3.1687355041503906,
        1.8880000114440918,
        1.8880000114440918,
        1.8910000324249268,
        1.8910000324249268,
        0.5339999794960022,
        1.8980000019073486,
        1.8980000019073486,
        1.9010000228881836,
        3.307000160217285,
        1.9040000438690186,
        1.9040000438690186,
        1.906999945640564,
        1.906999945640564,
        1.9110000133514404,
        1.9110000133514404,
        1.9140000343322754,
        3.552999973297119,
        1.9169999361038208,
        1.9200000762939453,
        1.9200000762939453,
        1.9239999055862427,
        1.9270000457763672,
        1.9300000667572021,
        1.9300000667572021,
        3.515000104904175,
        1.934000015258789,
        1.937000036239624,
        1.937000036239624,
        1.940000057220459,
        1.9429999589920044,
        1.9429999589920044,
        1.9470000267028809,
        3.499000072479248,
        1.9499999284744263,
        1.9499999284744263,
        1.9529999494552612,
        1.9529999494552612,
        1.9560000896453857,
        1.9560000896453857,
        1.959999918937683,
        1.959999918937683,
        1.9630000591278076,
        1.9630000591278076,
        1.9660000801086426,
        1.968999981880188,
        1.968999981880188,
        1.9730000495910645,
        1.9730000495910645,
        1.9760000705718994,
        1.9760000705718994,
        1.9789999723434448,
        1.9789999723434448,
        1.9830000400543213,
        1.9830000400543213,
        1.9859999418258667,
        1.9889999628067017,
        1.9889999628067017,
        1.9920001029968262,
        1.9920001029968262,
        1.9959999322891235,
        1.9959999322891235,
        1.999000072479248,
        2.002000093460083,
        2.002000093460083,
        2.004999876022339,
        2.004999876022339,
        2.009000062942505,
        2.009000062942505,
        2.0119998455047607,
        2.0119998455047607,
        2.0149998664855957,
        2.0149998664855957,
        2.0180001258850098,
        2.0180001258850098,
        2.0219998359680176,
        2.0250000953674316,
        2.0250000953674316,
        2.0280001163482666,
        2.0280001163482666,
        2.0320000648498535,
        2.0320000648498535,
        2.0350000858306885,
        2.0350000858306885,
        2.0379998683929443,
        2.0379998683929443,
        2.0409998893737793,
        2.0450000762939453,
        2.0450000762939453,
        2.047999858856201,
        2.047999858856201,
        2.0510001182556152,
        2.05400013923645,
        2.05400013923645
    ],
    "Generations needed": 33,
    "Population 1": 207.82000732421875,
    "Population 10": 1900.949951171875,
    "Population 11": 1911.0,
    "Population 12": 1911.0,
    "Population 13": 1911.0,
    "Population 14": 1911.0,
    "Population 15": 1939.1300048828125,
    "Population 16": 2838.820068359375,
    "Population 17": 2863.0,
    "Population 18": 2863.0,
    "Population 19": 2863.0,
    "Population 2": 794.4149780273438,
    "Population 20": 2863.0,
    "Population 21": 2979.344970703125,
    "Population 22": 3867.10009765625,
    "Population 23": 3891.0,
    "Population 24": 3891.0,
    "Population 25": 3891.0,
    "Population 26": 3891.0,
    "Population 27": 3972.35498046875,
    "Population 28": 4910.47998046875,
    "Population 29": 4921.0,
    "Population 3": 1242.64501953125,
    "Population 30": 4921.0,
    "Population 31": 4921.0,
    "Population 32": 4921.0,
    "Population 33": 4977.89501953125,
    "Population 4": 1525.449951171875,
    "Population 5": 1538.0,
    "Population 6": 1538.0,
    "Population 7": 1538.0,
    "Population 8": 1538.0,
    "Population 9": 1568.1600341796875,
    "start": "today"
}
