{
    "Champ at 1": 887.0,
    "Champ at 10": 1911.0,
    "Champ at 11": 1911.0,
    "Champ at 12": 1911.0,
    "Champ at 13": 1911.0,
    "Champ at 14": 1911.0,
    "Champ at 15": 2869.0,
    "Champ at 16": 2869.0,
    "Champ at 17": 2869.0,
    "Champ at 18": 2869.0,
    "Champ at 19": 2869.0,
    "Champ at 2": 1538.0,
    "Champ at 20": 2869.0,
    "Champ at 21": 3901.0,
    "Champ at 22": 3901.0,
    "Champ at 23": 3901.0,
    "Champ at 24": 3901.0,
    "Champ at 25": 3901.0,
    "Champ at 26": 3901.0,
    "Champ at 27": 3901.0,
    "Champ at 28": 4924.0,
    "Champ at 29": 4927.0,
    "Champ at 3": 1538.0,
    "Champ at 30": 4983.0,
    "Champ at 31": 4983.0,
    "Champ at 32": 4983.0,
    "Champ at 33": 4983.0,
    "Champ at 34": 4983.0,
    "Champ at 35": 4983.0,
    "Champ at 36": 5168.0,
    "Champ at 4": 1538.0,
    "Champ at 5": 1538.0,
    "Champ at 6": 1538.0,
    "Champ at 7": 1538.0,
    "Champ at 8": 1538.0,
    "Champ at 9": 1911.0,
    "ChampFitness": 5168.0,
    "ChampInputs": [
        1.8669999837875366,
        1.8669999837875366,
        1.8700001239776611,
        1.8700001239776611,
        1.877000093460083,
        1.8799998760223389,
        1.8799998760223389,
        1.3378992080688477,
        1.8899999856948853,
        1.8899999856948853,
        1.8930000066757202,
        1.8960000276565552,
        0.562999963760376,
        1.902999997138977,
        1.902999997138977,
        1.902999997138977,
        3.2309999465942383,
        1.9130001068115234,
        1.9130001068115234,
        1.9190000295639038,
        1.9220000505447388,
        1.9220000505447388,
        1.9290000200271606,
        1.9290000200271606,
        3.5380001068115234,
        1.9320000410079956,
        1.934999942779541,
        1.934999942779541,
        1.934999942779541,
        1.9390000104904175,
        1.9390000104904175,
        1.941999912261963,
        3.4284329414367676,
        1.941999912261963,
        1.9449999332427979,
        1.9449999332427979,
        1.9490001201629639,
        1.9490001201629639,
        1.9550000429153442,
        1.9550000429153442,
        3.3450002670288086,
        1.9580000638961792,
        1.9620000123977661,
        1.9620000123977661,
        1.9620000123977661,
        1.965000033378601,
        1.965000033378601,
        1.9679999351501465,
        1.9679999351501465,
        1.9679999351501465,
        1.9709999561309814,
        1.9709999561309814,
        1.975000023841858,
        1.975000023841858,
        1.975000023841858,
        1.9779999256134033,
        1.9779999256134033,
        1.9809999465942383,
        1.9809999465942383,
        1.9809999465942383,
        1.9840000867843628,
        1.9840000867843628,
        1.9840000867843628,
        1.9879999160766602,
        1.9879999160766602,
        1.9910000562667847,
        1.9910000562667847,
        1.9910000562667847,
        1.99399995803833,
        1.99399995803833,
        1.9980000257492065,
        1.9980000257492065,
        1.9980000257492065,
        2.000999927520752,
        2.000999927520752,
        2.003999948501587,
        2.003999948501587,
        2.003999948501587,
        2.006999969482422,
        2.006999969482422,
        2.006999969482422,
        2.011000156402588,
        2.011000156402588,
        2.0139999389648438,
        2.0139999389648438,
        2.0139999389648438,
        2.0169999599456787,
        2.0169999599456787,
        2.0199999809265137,
        2.0199999809265137,
        2.0199999809265137,
        2.0239999294281006,
        2.0239999294281006,
        2.0239999294281006,
        2.0269999504089355,
        2.0269999504089355,
        2.0299999713897705,
        2.0299999713897705,
        2.0299999713897705,
        2.0329999923706055
    ],
    "Generations needed": 36,
    "Population 1": 208.0399932861328,
    "Population 10": 1899.094970703125,
    "Population 11": 1911.0,
    "Population 12": 1911.0,
    "Population 13": 1911.0,
    "Population 14": 1911.0,
    "Population 15": 1954.1650390625,
    "Population 16": 2844.655029296875,
    "Population 17": 2869.0,
    "Population 18": 2869.0,
    "Population 19": 2869.0,
    "Population 2": 802.6749877929688,
    "Population 20": 2869.0,
    "Population 21": 2952.610107421875,
    "Population 22": 3891.340087890625,
    "Population 23": 3900.985107421875,
    "Population 24": 3901.0,
    "Population 25": 3901.0,
    "Population 26": 3901.0,
    "Population 27": 3901.0,
    "Population 28": 3984.905029296875,
    "Population 29": 4914.365234375,
    "Population 3": 1498.0999755859375,
    "Population 30": 4927.56005859375,
    "Population 31": 4977.8798828125,
    "Population 32": 4983.0,
    "Population 33": 4983.0,
    "Population 34": 4983.0,
    "Population 35": 4983.0,
    "Population 36": 4989.43505859375,
    "Population 4": 1533.385009765625,
    "Population 5": 1538.0,
    "Population 6": 1538.0,
    "Population 7": 1538.0,
    "Population 8": 1538.0,
    "Population 9": 1582.625,
    "start": "today"
}
