{
    "Champ at 1": 823.0,
    "Champ at 10": 1911.0,
    "Champ at 11": 1911.0,
    "Champ at 12": 1911.0,
    "Champ at 13": 1911.0,
    "Champ at 14": 1911.0,
    "Champ at 15": 2562.0,
    "Champ at 16": 2562.0,
    "Champ at 17": 2562.0,
    "Champ at 18": 2562.0,
    "Champ at 19": 2562.0,
    "Champ at 2": 1256.0,
    "Champ at 20": 2562.0,
    "Champ at 21": 2935.0,
    "Champ at 22": 2935.0,
    "Champ at 23": 2935.0,
    "Champ at 24": 2935.0,
    "Champ at 25": 2935.0,
    "Champ at 26": 2935.0,
    "Champ at 27": 3586.0,
    "Champ at 28": 3586.0,
    "Champ at 29": 3586.0,
    "Champ at 3": 1285.0,
    "Champ at 30": 3586.0,
    "Champ at 31": 3586.0,
    "Champ at 32": 3586.0,
    "Champ at 33": 3959.0,
    "Champ at 34": 3959.0,
    "Champ at 35": 3959.0,
    "Champ at 36": 3959.0,
    "Champ at 37": 3959.0,
    "Champ at 38": 3959.0,
    "Champ at 39": 4610.0,
    "Champ at 4": 1285.0,
    "Champ at 40": 4610.0,
    "Champ at 41": 4610.0,
    "Champ at 42": 4610.0,
    "Champ at 43": 4610.0,
    "Champ at 44": 4610.0,
    "Champ at 45": 4983.0,
    "Champ at 46": 4983.0,
    "Champ at 47": 4983.0,
    "Champ at 48": 4983.0,
    "Champ at 49": 4983.0,
    "Champ at 5": 1285.0,
    "Champ at 50": 4983.0,
    "Champ at 51": 5162.0,
    "Champ at 6": 1285.0,
    "Champ at 7": 1285.0,
    "Champ at 8": 1285.0,
    "Champ at 9": 1911.0,
    "ChampFitness": 5162.0,
    "ChampInputs": [
        1.847000002861023,
        1.847000002861023,
        1.847000002861023,
        1.850000023841858,
        1.850000023841858,
        1.850000023841858,
        3.329772710800171,
        1.8529999256134033,
        1.8529999256134033,
        0.8340000510215759,
        1.8569999933242798,
        1.8569999933242798,
        1.8569999933242798,
        1.8600000143051147,
        1.8600000143051147,
        3.1659998893737793,
        1.8629999160766602,
        1.8629999160766602,
        1.8629999160766602,
        1.8629999160766602,
        2.736999988555908,
        1.8659999370574951,
        1.8659999370574951,
        3.174999952316284,
        1.8700001239776611,
        1.8700001239776611,
        1.872999906539917,
        1.872999906539917,
        0.593999981880188,
        1.8760000467300415,
        1.8760000467300415,
        1.8760000467300415,
        3.2100000381469727,
        1.8790000677108765,
        1.8790000677108765,
        1.8790000677108765,
        1.8830000162124634,
        2.6449999809265137,
        1.8830000162124634,
        1.8860000371932983,
        3.118000030517578,
        1.8860000371932983,
        1.8860000371932983,
        1.8889999389648438,
        1.8889999389648438,
        1.8889999389648438,
        1.8919999599456787,
        1.8919999599456787,
        1.8919999599456787,
        1.8960000276565552,
        1.8960000276565552,
        1.8960000276565552,
        1.8989999294281006,
        1.8989999294281006,
        1.8989999294281006,
        1.8989999294281006,
        1.9019999504089355,
        1.9019999504089355,
        1.9019999504089355,
        1.9059998989105225,
        1.9059998989105225,
        1.9059998989105225,
        1.9089999198913574,
        1.9089999198913574,
        1.9089999198913574,
        1.9089999198913574,
        1.912000060081482,
        1.912000060081482,
        1.912000060081482,
        1.9149999618530273,
        1.9149999618530273,
        1.9149999618530273,
        1.9190000295639038,
        1.9190000295639038,
        1.9190000295639038,
        1.9190000295639038,
        1.9220000505447388,
        1.9220000505447388,
        1.9220000505447388,
        1.9249999523162842,
        1.9249999523162842,
        1.9249999523162842,
        1.9279999732971191,
        1.9279999732971191,
        1.9279999732971191,
        1.9320000410079956,
        1.9320000410079956,
        1.9320000410079956,
        1.9320000410079956,
        1.934999942779541,
        1.934999942779541,
        1.934999942779541,
        1.937999963760376,
        1.937999963760376,
        1.937999963760376,
        1.9410001039505005,
        1.9410001039505005,
        1.9410001039505005,
        1.9410001039505005,
        1.9449999332427979
    ],
    "Generations needed": 51,
    "Population 1": 203.0800018310547,
    "Population 10": 1897.3800048828125,
    "Population 11": 1911.0,
    "Population 12": 1911.0,
    "Population 13": 1911.0,
    "Population 14": 1911.0,
    "Population 15": 1956.6400146484375,
    "Population 16": 2552.7099609375,
    "Population 17": 2562.0,
    "Population 18": 2562.0,
    "Population 19": 2562.0,
    "Population 2": 745.9249877929688,
    "Population 20": 2562.0,
    "Population 21": 2596.5,
    "Population 22": 2932.719970703125,
    "Population 23": 2935.0,
    "Population 24": 2935.0,
    "Population 25": 2935.0,
    "Population 26": 2935.0,
    "Population 27": 2970.735107421875,
    "Population 28": 3573.3349609375,
    "Population 29": 3586.0,
    "Population 3": 1222.0899658203125,
    "Population 30": 3586.0,
    "Population 31": 3586.0,
    "Population 32": 3586.0,
    "Population 33": 3635.9150390625,
    "Population 34": 3953.0400390625,
    "Population 35": 3959.0,
    "Population 36": 3959.0,
    "Population 37": 3959.0,
    "Population 38": 3959.0,
    "Population 39": 3994.655029296875,
    "Population 4": 1276.864990234375,
    "Population 40": 4599.4599609375,
    "Population 41": 4610.0,
    "Population 42": 4610.0,
    "Population 43": 4610.0,
    "Population 44": 4610.0,
    "Population 45": 4655.1748046875,
    "Population 46": 4980.21484375,
    "Population 47": 4983.0,
    "Population 48": 4983.0,
    "Population 49": 4983.0,
    "Population 5": 1285.0,
    "Population 50": 4983.0,
    "Population 51": 4985.34521484375,
    "Population 6": 1285.0,
    "Population 7": 1285.0,
    "Population 8": 1285.0,
    "Population 9": 1398.5400390625,
    "start": "today"
}
