{
    "Champ at 1": 826.0,
    "Champ at 10": 1538.0,
    "Champ at 11": 1538.0,
    "Champ at 12": 1538.0,
    "Champ at 13": 1538.0,
    "Champ at 14": 1538.0,
    "Champ at 15": 1911.0,
    "Champ at 16": 1911.0,
    "Champ at 17": 1911.0,
    "Champ at 18": 1911.0,
    "Champ at 19": 1911.0,
    "Champ at 2": 887.0,
    "Champ at 20": 1911.0,
    "Champ at 21": 2562.0,
    "Champ at 22": 2562.0,
    "Champ at 23": 2562.0,
    "Champ at 24": 2562.0,
    "Champ at 25": 2562.0,
    "Champ at 26": 2562.0,
    "Champ at 27": 2935.0,
    "Champ at 28": 2935.0,
    "Champ at 29": 2935.0,
    "Champ at 3": 887.0,
    "Champ at 30": 2935.0,
    "Champ at 31": 2935.0,
    "Champ at 32": 2935.0,
    "Champ at 33": 3586.0,
    "Champ at 34": 3586.0,
    "Champ at 35": 3586.0,
    "Champ at 36": 3586.0,
    "Champ at 37": 3586.0,
    "Champ at 38": 3586.0,
    "Champ at 39": 3586.0,
    "Champ at 4": 887.0,
    "Champ at 40": 3959.0,
    "Champ at 41": 3959.0,
    "Champ at 42": 3959.0,
    "Champ at 43": 3959.0,
    "Champ at 44": 3959.0,
    "Champ at 45": 3959.0,
    "Champ at 46": 3959.0,
    "Champ at 47": 4610.0,
    "Champ at 48": 4610.0,
    "Champ at 49": 4610.0,
    "Champ at 5": 887.0,
    "Champ at 50": 4610.0,
    "Champ at 51": 4610.0,
    "Champ at 52": 4610.0,
    "Champ at 53": 4983.0,
    "Champ at 54": 4983.0,
    "Champ at 55": 4983.0,
    "Champ at 56": 4983.0,
    "Champ at 57": 4983.0,
    "Champ at 58": 5166.0,
    "Champ at 6": 887.0,
    "Champ at 7": 887.0,
    "Champ at 8": 887.0,
    "Champ at 9": 1538.0,
    "ChampFitness": 5166.0,
    "ChampInputs": [
        1.8510000705718994,
        1.8510000705718994,
        1.8539999723434448,
        1.8539999723434448,
        1.8539999723434448,
        1.8569999933242798,
        3.3570001125335693,
        1.8610000610351563,
        1.8610000610351563,
        1.8610000610351563,
        1.8639999628067017,
        2.6460001468658447,
        1.8669999837875366,
        1.8669999837875366,
        3.0500001907348633,
        1.8700001239776611,
        1.8700001239776611,
        1.8739999532699585,
        1.8739999532699585,
        0.7089999914169312,
        1.877000093460083,
        1.877000093460083,
        1.8799998760223389,
        3.186999797821045,
        1.8799998760223389,
        1.8830000162124634,
        1.8830000162124634,
        1.8870000839233398,
        2.5769999027252197,
        1.8870000839233398,
        1.8899999856948853,
        3.1130001544952393,
        1.8899999856948853,
        1.8930000066757202,
        1.8930000066757202,
        1.8960000276565552,
        0.675000011920929,
        1.8960000276565552,
        1.899999976158142,
        1.899999976158142,
        3.1640000343322754,
        1.902999997138977,
        1.902999997138977,
        1.9059998989105225,
        1.9059998989105225,
        1.909999966621399,
        1.909999966621399,
        1.909999966621399,
        1.9130001068115234,
        1.9130001068115234,
        1.9130001068115234,
        1.9159998893737793,
        1.9159998893737793,
        1.9190000295639038,
        1.9190000295639038,
        1.9230000972747803,
        1.9230000972747803,
        1.9230000972747803,
        1.9259999990463257,
        1.9259999990463257,
        1.9290000200271606,
        1.9290000200271606,
        1.9290000200271606,
        1.9320000410079956,
        1.9320000410079956,
        1.9359999895095825,
        1.9359999895095825,
        1.9390000104904175,
        1.9390000104904175,
        1.941999912261963,
        1.941999912261963,
        1.9449999332427979,
        1.9449999332427979,
        1.9490001201629639,
        1.9490001201629639,
        1.9519999027252197,
        1.9519999027252197,
        1.9550000429153442,
        1.9550000429153442,
        1.9589998722076416,
        1.9589998722076416,
        1.9620000123977661,
        1.965000033378601,
        1.965000033378601,
        1.9679999351501465,
        1.9679999351501465,
        1.972000002861023,
        1.972000002861023,
        1.975000023841858,
        1.975000023841858,
        1.9779999256134033,
        1.9779999256134033,
        1.9809999465942383,
        1.9809999465942383,
        1.9809999465942383,
        1.9850001335144043,
        1.9850001335144043,
        1.9879999160766602,
        1.9879999160766602,
        1.9879999160766602
    ],
    "Generations needed": 58,
    "Population 1": 204.3800048828125,
    "Population 10": 1515.2550048828125,
    "Population 11": 1538.0,
    "Population 12": 1538.0,
    "Population 13": 1538.0,
    "Population 14": 1538.0,
    "Population 15": 1584.385009765625,
    "Population 16": 1895.0450439453125,
    "Population 17": 1911.0,
    "Population 18": 1911.0,
    "Population 19": 1911.0,
    "Population 2": 726.9299926757813,
    "Population 20": 1911.0,
    "Population 21": 1959.81005859375,
    "Population 22": 2544.389892578125,
    "Population 23": 2562.0,
    "Population 24": 2562.0,
    "Population 25": 2562.0,
    "Population 26": 2562.0,
    "Population 27": 2600.675048828125,
    "Population 28": 2929.094970703125,
    "Population 29": 2935.0,
    "Population 3": 867.2899780273438,
    "Population 30": 2935.0,
    "Population 31": 2935.0,
    "Population 32": 2935.0,
    "Population 33": 2955.2451171875,
    "Population 34": 3582.7451171875,
    "Population 35": 3582.7451171875,
    "Population 36": 3586.0,
    "Population 37": 3586.0,
    "Population 38": 3586.0,
    "Population 39": 3586.0,
    "Population 4": 886.0150146484375,
    "Population 40": 3616.6298828125,
    "Population 41": 3954.97509765625,
    "Population 42": 3958.625,
    "Population 43": 3959.0,
    "Population 44": 3959.0,
    "Population 45": 3959.0,
    "Population 46": 3959.0,
    "Population 47": 3994.56494140625,
    "Population 48": 4601.77978515625,
    "Population 49": 4610.0,
    "Population 5": 887.0,
    "Population 50": 4610.0,
    "Population 51": 4610.0,
    "Population 52": 4610.0,
    "Population 53": 4646.5048828125,
    "Population 54": 4983.0,
    "Population 55": 4983.0,
    "Population 56": 4983.0,
    "Population 57": 4983.0,
    "Population 58": 4991.73486328125,
    "Population 6": 887.0,
    "Population 7": 887.0,
    "Population 8": 887.0,
    "Population 9": 918.8400268554688,
    "start": "today"
}
