{
    "Champ at 1": 817.0,
    "Champ at 10": 1282.0,
    "Champ at 11": 1911.0,
    "Champ at 12": 1911.0,
    "Champ at 13": 1911.0,
    "Champ at 14": 1911.0,
    "Champ at 15": 2309.0,
    "Champ at 16": 2309.0,
    "Champ at 17": 2309.0,
    "Champ at 18": 2309.0,
    "Champ at 19": 2935.0,
    "Champ at 2": 1249.0,
    "Champ at 20": 2935.0,
    "Champ at 21": 2935.0,
    "Champ at 22": 2935.0,
    "Champ at 23": 2935.0,
    "Champ at 24": 3586.0,
    "Champ at 25": 3586.0,
    "Champ at 26": 3586.0,
    "Champ at 27": 3586.0,
    "Champ at 28": 3959.0,
    "Champ at 29": 3959.0,
    "Champ at 3": 1265.0,
    "Champ at 30": 3959.0,
    "Champ at 31": 3959.0,
    "Champ at 32": 4610.0,
    "Champ at 33": 4610.0,
    "Champ at 34": 4610.0,
    "Champ at 35": 4610.0,
    "Champ at 36": 4983.0,
    "Champ at 37": 4983.0,
    "Champ at 38": 4983.0,
    "Champ at 39": 4983.0,
    "Champ at 4": 1275.0,
    "Champ at 40": 5167.0,
    "Champ at 5": 1278.0,
    "Champ at 6": 1280.0,
    "Champ at 7": 1281.0,
    "Champ at 8": 1282.0,
    "Champ at 9": 1282.0,
    "ChampFitness": 5167.0,
    "ChampInputs": [
        1.8279999494552612,
        1.8320000171661377,
        1.8350000381469727,
        1.8350000381469727,
        1.837999939918518,
        1.837999939918518,
        3.403093099594116,
        1.8420000076293945,
        1.84499990940094,
        0.8700000047683716,
        1.8480000495910645,
        1.8510000705718994,
        1.8510000705718994,
        1.8550000190734863,
        1.8550000190734863,
        3.1500000953674316,
        1.8610000610351563,
        1.8610000610351563,
        0.8519999980926514,
        1.8639999628067017,
        1.8680000305175781,
        1.8709999322891235,
        1.8709999322891235,
        1.8739999532699585,
        3.0929999351501465,
        1.877000093460083,
        1.8809999227523804,
        1.8809999227523804,
        1.8840000629425049,
        0.6190000176429749,
        1.8870000839233398,
        1.8910000324249268,
        1.8910000324249268,
        3.25600004196167,
        1.8940000534057617,
        1.8970000743865967,
        1.899999976158142,
        1.899999976158142,
        2.327000141143799,
        1.9040000438690186,
        1.906999945640564,
        3.259999990463257,
        1.909999966621399,
        1.9130001068115234,
        1.9130001068115234,
        1.9169999361038208,
        1.9169999361038208,
        1.9200000762939453,
        1.9230000972747803,
        1.9230000972747803,
        1.9259999990463257,
        1.9259999990463257,
        1.9300000667572021,
        1.9329999685287476,
        1.9329999685287476,
        1.9359999895095825,
        1.9359999895095825,
        1.9390000104904175,
        1.9390000104904175,
        1.9429999589920044,
        1.9459999799728394,
        1.9459999799728394,
        1.9490001201629639,
        1.9490001201629639,
        1.9529999494552612,
        1.9560000896453857,
        1.9560000896453857,
        1.9589998722076416,
        1.9589998722076416,
        1.9620000123977661,
        1.9620000123977661,
        1.9660000801086426,
        1.968999981880188,
        1.968999981880188,
        1.972000002861023,
        1.972000002861023,
        1.975000023841858,
        1.975000023841858,
        1.9789999723434448,
        1.9819999933242798,
        1.9819999933242798,
        1.9850001335144043,
        1.9850001335144043,
        1.9879999160766602,
        1.9879999160766602,
        1.9920001029968262,
        1.994999885559082,
        1.994999885559082,
        1.9980000257492065,
        1.9980000257492065,
        2.002000093460083,
        2.004999876022339,
        2.004999876022339,
        2.007999897003174,
        2.007999897003174,
        2.011000156402588,
        2.011000156402588,
        2.0149998664855957,
        2.0149998664855957,
        2.0180001258850098
    ],
    "Generations needed": 40,
    "Population 1": 206.06500244140625,
    "Population 10": 1282.0,
    "Population 11": 1418.030029296875,
    "Population 12": 1903.969970703125,
    "Population 13": 1911.0,
    "Population 14": 1911.0,
    "Population 15": 1953.239990234375,
    "Population 16": 2298.875,
    "Population 17": 2309.0,
    "Population 18": 2309.0,
    "Population 19": 2425.114990234375,
    "Population 2": 735.6749877929688,
    "Population 20": 2931.429931640625,
    "Population 21": 2934.014892578125,
    "Population 22": 2935.0,
    "Population 23": 2935.0,
    "Population 24": 2975.514892578125,
    "Population 25": 3584.594970703125,
    "Population 26": 3586.0,
    "Population 27": 3586.0,
    "Population 28": 3626.550048828125,
    "Population 29": 3955.27001953125,
    "Population 3": 1227.4100341796875,
    "Population 30": 3959.0,
    "Population 31": 3959.0,
    "Population 32": 4004.580078125,
    "Population 33": 4603.490234375,
    "Population 34": 4610.0,
    "Population 35": 4610.0,
    "Population 36": 4666.89501953125,
    "Population 37": 4977.0,
    "Population 38": 4983.0,
    "Population 39": 4983.0,
    "Population 4": 1264.81494140625,
    "Population 40": 4998.1298828125,
    "Population 5": 1274.9000244140625,
    "Population 6": 1277.9649658203125,
    "Population 7": 1280.0,
    "Population 8": 1280.9849853515625,
    "Population 9": 1281.9949951171875,
    "start": "today"
}
