{
    "Champ at 1": 830.0,
    "Champ at 10": 1911.0,
    "Champ at 11": 1911.0,
    "Champ at 12": 2562.0,
    "Champ at 13": 2562.0,
    "Champ at 14": 2562.0,
    "Champ at 15": 2562.0,
    "Champ at 16": 2562.0,
    "Champ at 17": 2935.0,
    "Champ at 18": 2935.0,
    "Champ at 19": 2935.0,
    "Champ at 2": 1538.0,
    "Champ at 20": 2935.0,
    "Champ at 21": 3586.0,
    "Champ at 22": 3586.0,
    "Champ at 23": 3586.0,
    "Champ at 24": 3586.0,
    "Champ at 25": 3959.0,
    "Champ at 26": 3959.0,
    "Champ at 27": 3959.0,
    "Champ at 28": 3959.0,
    "Champ at 29": 4919.0,
    "Champ at 3": 1538.0,
    "Champ at 30": 4919.0,
    "Champ at 31": 4919.0,
    "Champ at 32": 4919.0,
    "Champ at 33": 5167.0,
    "Champ at 4": 1538.0,
    "Champ at 5": 1538.0,
    "Champ at 6": 1538.0,
    "Champ at 7": 1538.0,
    "Champ at 8": 1911.0,
    "Champ at 9": 1911.0,
    "ChampFitness": 5167.0,
    "ChampInputs": [
        1.8619999885559082,
        1.8650000095367432,
        1.8650000095367432,
        1.8680000305175781,
        1.8680000305175781,
        1.871999979019165,
        3.2073211669921875,
        1.875,
        1.875,
        1.878000020980835,
        1.878000020980835,
        2.5929999351501465,
        1.8819999694824219,
        1.8849999904632568,
        3.1490001678466797,
        1.8880000114440918,
        1.8880000114440918,
        1.8910000324249268,
        1.8949999809265137,
        2.5460000038146973,
        1.8980000019073486,
        1.8980000019073486,
        3.077000141143799,
        1.9010000228881836,
        1.9040000438690186,
        1.9079999923706055,
        1.9079999923706055,
        2.374000072479248,
        1.9110000133514404,
        1.9110000133514404,
        3.3509998321533203,
        1.9169999361038208,
        1.9169999361038208,
        1.9210000038146973,
        1.9210000038146973,
        1.9239999055862427,
        1.9239999055862427,
        1.9270000457763672,
        3.493000030517578,
        1.9300000667572021,
        1.9300000667572021,
        1.934000015258789,
        1.934000015258789,
        1.937000036239624,
        1.937000036239624,
        1.940000057220459,
        1.940000057220459,
        1.944000005722046,
        1.944000005722046,
        1.9470000267028809,
        1.9470000267028809,
        1.9499999284744263,
        1.9499999284744263,
        1.9529999494552612,
        1.9529999494552612,
        1.9570000171661377,
        1.9570000171661377,
        1.959999918937683,
        1.959999918937683,
        1.9630000591278076,
        1.9630000591278076,
        1.9660000801086426,
        1.9660000801086426,
        1.9700000286102295,
        1.9730000495910645,
        1.9730000495910645,
        1.9760000705718994,
        1.9760000705718994,
        1.9789999723434448,
        1.9789999723434448,
        1.9830000400543213,
        1.9830000400543213,
        1.9859999418258667,
        1.9859999418258667,
        1.9889999628067017,
        1.9889999628067017,
        1.9930000305175781,
        1.9930000305175781,
        1.9959999322891235,
        1.999000072479248,
        1.999000072479248,
        2.002000093460083,
        2.002000093460083,
        2.00600004196167,
        2.00600004196167,
        2.009000062942505,
        2.009000062942505,
        2.0119998455047607,
        2.0119998455047607,
        2.0149998664855957,
        2.0149998664855957,
        2.0190000534057617,
        2.0190000534057617,
        2.0219998359680176,
        2.0219998359680176,
        2.0250000953674316,
        2.0250000953674316,
        2.0280001163482666,
        2.0320000648498535,
        2.0320000648498535
    ],
    "Generations needed": 33,
    "Population 1": 200.72000122070313,
    "Population 10": 1911.0,
    "Population 11": 1911.0,
    "Population 12": 1953.4649658203125,
    "Population 13": 2546.7900390625,
    "Population 14": 2557.405029296875,
    "Population 15": 2562.0,
    "Population 16": 2562.0,
    "Population 17": 2605.610107421875,
    "Population 18": 2932.830078125,
    "Population 19": 2935.0,
    "Population 2": 769.9949951171875,
    "Population 20": 2935.0,
    "Population 21": 2991.22509765625,
    "Population 22": 3569.125,
    "Population 23": 3586.0,
    "Population 24": 3586.0,
    "Population 25": 3625.2451171875,
    "Population 26": 3953.830078125,
    "Population 27": 3959.0,
    "Population 28": 3959.0,
    "Population 29": 3975.0849609375,
    "Population 3": 1505.0550537109375,
    "Population 30": 4901.64013671875,
    "Population 31": 4919.0,
    "Population 32": 4919.0,
    "Population 33": 4981.28515625,
    "Population 4": 1535.3599853515625,
    "Population 5": 1536.72998046875,
    "Population 6": 1538.0,
    "Population 7": 1538.0,
    "Population 8": 1577.14501953125,
    "Population 9": 1903.175048828125,
    "start": "today"
}
