{
    "Champ at 1": 887.0,
    "Champ at 10": 1911.0,
    "Champ at 11": 1911.0,
    "Champ at 12": 1911.0,
    "Champ at 13": 2562.0,
    "Champ at 14": 2562.0,
    "Champ at 15": 2562.0,
    "Champ at 16": 2562.0,
    "Champ at 17": 2562.0,
    "Champ at 18": 2935.0,
    "Champ at 19": 2935.0,
    "Champ at 2": 1285.0,
    "Champ at 20": 2935.0,
    "Champ at 21": 2935.0,
    "Champ at 22": 3586.0,
    "Champ at 23": 3586.0,
    "Champ at 24": 3586.0,
    "Champ at 25": 3959.0,
    "Champ at 26": 3959.0,
    "Champ at 27": 3959.0,
    "Champ at 28": 3959.0,
    "Champ at 29": 3959.0,
    "Champ at 3": 1538.0,
    "Champ at 30": 4610.0,
    "Champ at 31": 4610.0,
    "Champ at 32": 4610.0,
    "Champ at 33": 4983.0,
    "Champ at 34": 4983.0,
    "Champ at 35": 4983.0,
    "Champ at 36": 4983.0,
    "Champ at 37": 5163.0,
    "Champ at 4": 1538.0,
    "Champ at 5": 1538.0,
    "Champ at 6": 1538.0,
    "Champ at 7": 1538.0,
    "Champ at 8": 1911.0,
    "Champ at 9": 1911.0,
    "ChampFitness": 5163.0,
    "ChampInputs": [
        1.8832967281341553,
        1.877000093460083,
        1.877000093460083,
        1.8809999227523804,
        1.8809999227523804,
        1.8809999227523804,
        3.0666544437408447,
        1.8840000629425049,
        1.8840000629425049,
        1.8870000839233398,
        1.8870000839233398,
        2.5440001487731934,
        1.8899999856948853,
        1.8899999856948853,
        3.181999921798706,
        1.8940000534057617,
        1.8940000534057617,
        1.8940000534057617,
        1.8940000534057617,
        2.4769999980926514,
        1.8970000743865967,
        1.8970000743865967,
        3.1060001850128174,
        1.899999976158142,
        1.899999976158142,
        1.9040000438690186,
        1.9040000438690186,
        2.50600004196167,
        1.9040000438690186,
        1.906999945640564,
        3.0410001277923584,
        1.906999945640564,
        1.909999966621399,
        1.909999966621399,
        1.909999966621399,
        2.511000156402588,
        1.9130001068115234,
        1.9130001068115234,
        3.1510000228881836,
        1.9169999361038208,
        1.9169999361038208,
        1.9169999361038208,
        1.9200000762939453,
        1.9200000762939453,
        1.9200000762939453,
        1.9230000972747803,
        1.9230000972747803,
        1.9230000972747803,
        1.9259999990463257,
        1.9259999990463257,
        1.9259999990463257,
        1.9259999990463257,
        1.9300000667572021,
        1.9300000667572021,
        1.9300000667572021,
        1.9329999685287476,
        1.9329999685287476,
        1.9329999685287476,
        1.9359999895095825,
        1.9359999895095825,
        1.9359999895095825,
        1.9390000104904175,
        1.9390000104904175,
        1.9390000104904175,
        1.9390000104904175,
        1.9429999589920044,
        1.9429999589920044,
        1.9429999589920044,
        1.9459999799728394,
        1.9459999799728394,
        1.9459999799728394,
        1.9490001201629639,
        1.9490001201629639,
        1.9490001201629639,
        1.9490001201629639,
        1.9529999494552612,
        1.9529999494552612,
        1.9529999494552612,
        1.9560000896453857,
        1.9560000896453857,
        1.9560000896453857,
        1.9589998722076416,
        1.9589998722076416,
        1.9589998722076416,
        1.9620000123977661,
        1.9620000123977661,
        1.9620000123977661,
        1.9620000123977661,
        1.9660000801086426,
        1.9660000801086426,
        1.9660000801086426,
        1.968999981880188,
        1.968999981880188,
        1.968999981880188,
        1.972000002861023,
        1.972000002861023,
        1.972000002861023,
        1.975000023841858,
        1.975000023841858,
        1.975000023841858
    ],
    "Generations needed": 37,
    "Population 1": 196.26499938964844,
    "Population 10": 1908.875,
    "Population 11": 1911.0,
    "Population 12": 1911.0,
    "Population 13": 1937.5699462890625,
    "Population 14": 2540.699951171875,
    "Population 15": 2558.7451171875,
    "Population 16": 2562.0,
    "Population 17": 2562.0,
    "Population 18": 2616.4951171875,
    "Population 19": 2931.844970703125,
    "Population 2": 800.4000244140625,
    "Population 20": 2935.0,
    "Population 21": 2935.0,
    "Population 22": 2963.0849609375,
    "Population 23": 3586.0,
    "Population 24": 3586.0,
    "Population 25": 3620.469970703125,
    "Population 26": 3953.530029296875,
    "Population 27": 3957.56005859375,
    "Population 28": 3959.0,
    "Population 29": 3959.0,
    "Population 3": 1263.1300048828125,
    "Population 30": 4000.10009765625,
    "Population 31": 4610.0,
    "Population 32": 4610.0,
    "Population 33": 4658.47021484375,
    "Population 34": 4977.40478515625,
    "Population 35": 4983.0,
    "Population 36": 4983.0,
    "Population 37": 4988.52001953125,
    "Population 4": 1526.85498046875,
    "Population 5": 1533.760009765625,
    "Population 6": 1538.0,
    "Population 7": 1538.0,
    "Population 8": 1590.4449462890625,
    "Population 9": 1894.364990234375,
    "start": "today"
}
