{
    "Champ at 1": 819.0,
    "Champ at 10": 1911.0,
    "Champ at 11": 1911.0,
    "Champ at 12": 2562.0,
    "Champ at 13": 2562.0,
    "Champ at 14": 2562.0,
    "Champ at 15": 2562.0,
    "Champ at 16": 2935.0,
    "Champ at 17": 2935.0,
    "Champ at 18": 2935.0,
    "Champ at 19": 2935.0,
    "Champ at 2": 1246.0,
    "Champ at 20": 3586.0,
    "Champ at 21": 3586.0,
    "Champ at 22": 3586.0,
    "Champ at 23": 3586.0,
    "Champ at 24": 3959.0,
    "Champ at 25": 3959.0,
    "Champ at 26": 3959.0,
    "Champ at 27": 3959.0,
    "Champ at 28": 4610.0,
    "Champ at 29": 4610.0,
    "Champ at 3": 1275.0,
    "Champ at 30": 4610.0,
    "Champ at 31": 4610.0,
    "Champ at 32": 4983.0,
    "Champ at 33": 4983.0,
    "Champ at 34": 4983.0,
    "Champ at 35": 4983.0,
    "Champ at 36": 5164.0,
    "Champ at 4": 1486.0,
    "Champ at 5": 1486.0,
    "Champ at 6": 1486.0,
    "Champ at 7": 1486.0,
    "Champ at 8": 1911.0,
    "Champ at 9": 1911.0,
    "ChampFitness": 5164.0,
    "ChampInputs": [
        1.8359999656677246,
        1.8359999656677246,
        1.8389999866485596,
        1.8389999866485596,
        1.8389999866485596,
        1.8420000076293945,
        3.441495656967163,
        1.8459999561309814,
        1.8459999561309814,
        1.8459999561309814,
        1.8489999771118164,
        2.800999879837036,
        1.8489999771118164,
        1.8519999980926514,
        3.0829999446868896,
        1.8550000190734863,
        1.8550000190734863,
        1.8550000190734863,
        1.8589999675750732,
        2.6710000038146973,
        1.8619999885559082,
        1.8619999885559082,
        3.2350001335144043,
        1.8650000095367432,
        1.8650000095367432,
        1.8650000095367432,
        1.8680000305175781,
        0.7260000109672546,
        1.871999979019165,
        1.871999979019165,
        1.871999979019165,
        3.2239999771118164,
        1.875,
        1.878000020980835,
        1.878000020980835,
        1.878000020980835,
        2.502999782562256,
        1.8809999227523804,
        1.8809999227523804,
        3.2049999237060547,
        1.8849999904632568,
        1.8880000114440918,
        1.8880000114440918,
        1.8880000114440918,
        1.8910000324249268,
        1.8910000324249268,
        1.8949999809265137,
        1.8949999809265137,
        1.8949999809265137,
        1.8980000019073486,
        1.8980000019073486,
        1.9010000228881836,
        1.9010000228881836,
        1.9010000228881836,
        1.9040000438690186,
        1.9040000438690186,
        1.9079999923706055,
        1.9079999923706055,
        1.9110000133514404,
        1.9110000133514404,
        1.9110000133514404,
        1.9140000343322754,
        1.9140000343322754,
        1.9169999361038208,
        1.9169999361038208,
        1.9169999361038208,
        1.9210000038146973,
        1.9210000038146973,
        1.9210000038146973,
        1.9239999055862427,
        1.9239999055862427,
        1.9270000457763672,
        1.9270000457763672,
        1.9270000457763672,
        1.9300000667572021,
        1.9300000667572021,
        1.934000015258789,
        1.934000015258789,
        1.934000015258789,
        1.937000036239624,
        1.937000036239624,
        1.937000036239624,
        1.940000057220459,
        1.940000057220459,
        1.9429999589920044,
        1.9429999589920044,
        1.9429999589920044,
        1.9470000267028809,
        1.9470000267028809,
        1.9470000267028809,
        1.9499999284744263,
        1.9499999284744263,
        1.9529999494552612,
        1.9529999494552612,
        1.9529999494552612,
        1.9570000171661377,
        1.9570000171661377,
        1.959999918937683,
        1.959999918937683,
        1.959999918937683
    ],
    "Generations needed": 36,
    "Population 1": 200.19500732421875,
    "Population 10": 1911.0,
    "Population 11": 1911.0,
    "Population 12": 1948.489990234375,
    "Population 13": 2551.4599609375,
    "Population 14": 2562.0,
    "Population 15": 2562.0,
    "Population 16": 2593.419921875,
    "Population 17": 2929.955078125,
    "Population 18": 2935.0,
    "Population 19": 2935.0,
    "Population 2": 783.4949951171875,
    "Population 20": 2956.72998046875,
    "Population 21": 3575.905029296875,
    "Population 22": 3586.0,
    "Population 23": 3586.0,
    "Population 24": 3631.264892578125,
    "Population 25": 3954.905029296875,
    "Population 26": 3959.0,
    "Population 27": 3959.0,
    "Population 28": 4016.14501953125,
    "Population 29": 4605.39501953125,
    "Population 3": 1237.0,
    "Population 30": 4610.0,
    "Population 31": 4610.0,
    "Population 32": 4654.97021484375,
    "Population 33": 4980.14990234375,
    "Population 34": 4983.0,
    "Population 35": 4983.0,
    "Population 36": 4989.51513671875,
    "Population 4": 1275.530029296875,
    "Population 5": 1480.905029296875,
    "Population 6": 1486.0,
    "Population 7": 1486.0,
    "Population 8": 1570.0,
    "Population 9": 1900.5550537109375,
    "start": "today"
}
