{
    "Champ at 1": 823.0,
    "Champ at 10": 2562.0,
    "Champ at 11": 2562.0,
    "Champ at 12": 2562.0,
    "Champ at 13": 2562.0,
    "Champ at 14": 2935.0,
    "Champ at 15": 2935.0,
    "Champ at 16": 2935.0,
    "Champ at 17": 2935.0,
    "Champ at 18": 3586.0,
    "Champ at 19": 3586.0,
    "Champ at 2": 1257.0,
    "Champ at 20": 3586.0,
    "Champ at 21": 3586.0,
    "Champ at 22": 3959.0,
    "Champ at 23": 3959.0,
    "Champ at 24": 3959.0,
    "Champ at 25": 3959.0,
    "Champ at 26": 4610.0,
    "Champ at 27": 4610.0,
    "Champ at 28": 4610.0,
    "Champ at 29": 4610.0,
    "Champ at 3": 1265.0,
    "Champ at 30": 4983.0,
    "Champ at 31": 4983.0,
    "Champ at 32": 4983.0,
    "Champ at 33": 4983.0,
    "Champ at 34": 5167.0,
    "Champ at 4": 1272.0,
    "Champ at 5": 1272.0,
    "Champ at 6": 1911.0,
    "Champ at 7": 1911.0,
    "Champ at 8": 1911.0,
    "Champ at 9": 1911.0,
    "ChampFitness": 5167.0,
    "ChampInputs": [
        1.8440001010894775,
        1.847000002861023,
        1.847000002861023,
        1.850000023841858,
        1.850000023841858,
        2.115058660507202,
        2.8591079711914063,
        1.8569999933242798,
        1.8569999933242798,
        0.9990000128746033,
        1.8600000143051147,
        1.8600000143051147,
        1.8629999160766602,
        1.8629999160766602,
        1.8669999837875366,
        3.246999979019165,
        1.8700001239776611,
        1.8700001239776611,
        1.872999906539917,
        1.872999906539917,
        2.515000104904175,
        1.8760000467300415,
        1.8760000467300415,
        3.2769999504089355,
        1.8799998760223389,
        1.8830000162124634,
        1.8830000162124634,
        1.8830000162124634,
        2.572000026702881,
        1.8860000371932983,
        1.8889999389648438,
        3.0379998683929443,
        1.8930000066757202,
        1.8930000066757202,
        1.8930000066757202,
        1.8960000276565552,
        2.5220000743865967,
        1.8989999294281006,
        1.8989999294281006,
        3.2659997940063477,
        1.902999997138977,
        1.902999997138977,
        1.9059998989105225,
        1.9059998989105225,
        1.9089999198913574,
        1.9089999198913574,
        1.912000060081482,
        1.9159998893737793,
        1.9159998893737793,
        1.9190000295639038,
        1.9220000505447388,
        1.9220000505447388,
        1.9249999523162842,
        1.9290000200271606,
        1.9290000200271606,
        1.9320000410079956,
        1.9320000410079956,
        1.934999942779541,
        1.937999963760376,
        1.937999963760376,
        1.941999912261963,
        1.9449999332427979,
        1.9449999332427979,
        1.9449999332427979,
        1.9480000734329224,
        1.9480000734329224,
        1.9519999027252197,
        1.9519999027252197,
        1.9550000429153442,
        1.9550000429153442,
        1.9580000638961792,
        1.9580000638961792,
        1.9580000638961792,
        1.9609999656677246,
        1.9609999656677246,
        1.965000033378601,
        1.965000033378601,
        1.9679999351501465,
        1.9679999351501465,
        1.9679999351501465,
        1.9709999561309814,
        1.9709999561309814,
        1.9739999771118164,
        1.9739999771118164,
        1.9779999256134033,
        1.9779999256134033,
        1.9779999256134033,
        1.9809999465942383,
        1.9809999465942383,
        1.9840000867843628,
        1.9840000867843628,
        1.9869999885559082,
        1.9869999885559082,
        1.9910000562667847,
        1.9910000562667847,
        1.9910000562667847,
        1.99399995803833,
        1.99399995803833,
        1.996999979019165,
        1.996999979019165
    ],
    "Generations needed": 34,
    "Population 1": 203.35000610351563,
    "Population 10": 1936.4449462890625,
    "Population 11": 2549.594970703125,
    "Population 12": 2562.0,
    "Population 13": 2562.0,
    "Population 14": 2606.56494140625,
    "Population 15": 2929.550048828125,
    "Population 16": 2935.0,
    "Population 17": 2935.0,
    "Population 18": 2962.550048828125,
    "Population 19": 3567.824951171875,
    "Population 2": 758.094970703125,
    "Population 20": 3586.0,
    "Population 21": 3586.0,
    "Population 22": 3631.574951171875,
    "Population 23": 3954.284912109375,
    "Population 24": 3959.0,
    "Population 25": 3959.0,
    "Population 26": 4004.35009765625,
    "Population 27": 4605.4248046875,
    "Population 28": 4610.0,
    "Population 29": 4610.0,
    "Population 3": 1226.3399658203125,
    "Population 30": 4641.8349609375,
    "Population 31": 4981.73486328125,
    "Population 32": 4983.0,
    "Population 33": 4983.0,
    "Population 34": 4985.09521484375,
    "Population 4": 1265.0400390625,
    "Population 5": 1254.530029296875,
    "Population 6": 1390.9449462890625,
    "Population 7": 1893.9849853515625,
    "Population 8": 1911.0,
    "Population 9": 1911.0,
    "start": "today"
}
