{
    "Champ at 1": 887.0,
    "Champ at 10": 1911.0,
    "Champ at 11": 2562.0,
    "Champ at 12": 2562.0,
    "Champ at 13": 2562.0,
    "Champ at 14": 2562.0,
    "Champ at 15": 2935.0,
    "Champ at 16": 2935.0,
    "Champ at 17": 2935.0,
    "Champ at 18": 2935.0,
    "Champ at 19": 3586.0,
    "Champ at 2": 1538.0,
    "Champ at 20": 3586.0,
    "Champ at 21": 3586.0,
    "Champ at 22": 3586.0,
    "Champ at 23": 3959.0,
    "Champ at 24": 3959.0,
    "Champ at 25": 3959.0,
    "Champ at 26": 3959.0,
    "Champ at 27": 3959.0,
    "Champ at 28": 4920.0,
    "Champ at 29": 4920.0,
    "Champ at 3": 1538.0,
    "Champ at 30": 4920.0,
    "Champ at 31": 4920.0,
    "Champ at 32": 5164.0,
    "Champ at 4": 1538.0,
    "Champ at 5": 1538.0,
    "Champ at 6": 1538.0,
    "Champ at 7": 1911.0,
    "Champ at 8": 1911.0,
    "Champ at 9": 1911.0,
    "ChampFitness": 5164.0,
    "ChampInputs": [
        1.8870000839233398,
        1.8870000839233398,
        1.8899999856948853,
        1.8899999856948853,
        1.8899999856948853,
        1.8930000066757202,
        1.8930000066757202,
        1.1384165287017822,
        1.8960000276565552,
        1.8960000276565552,
        1.899999976158142,
        1.899999976158142,
        2.4779999256134033,
        1.902999997138977,
        1.902999997138977,
        3.1069998741149902,
        1.9059998989105225,
        1.9059998989105225,
        1.909999966621399,
        1.909999966621399,
        2.3559999465942383,
        1.9130001068115234,
        1.9130001068115234,
        3.239000082015991,
        1.9159998893737793,
        1.9190000295639038,
        1.9190000295639038,
        1.9190000295639038,
        2.2209999561309814,
        1.9230000972747803,
        1.9259999990463257,
        3.3489999771118164,
        1.9259999990463257,
        1.9290000200271606,
        1.9290000200271606,
        1.9290000200271606,
        1.9320000410079956,
        1.9320000410079956,
        1.9359999895095825,
        3.4240002632141113,
        1.9359999895095825,
        1.9390000104904175,
        1.9390000104904175,
        1.941999912261963,
        1.941999912261963,
        1.941999912261963,
        1.9449999332427979,
        1.9449999332427979,
        1.9490001201629639,
        1.9490001201629639,
        1.9490001201629639,
        1.9519999027252197,
        1.9519999027252197,
        1.9519999027252197,
        1.9550000429153442,
        1.9550000429153442,
        1.9580000638961792,
        1.9580000638961792,
        1.9580000638961792,
        1.9620000123977661,
        1.9620000123977661,
        1.965000033378601,
        1.965000033378601,
        1.965000033378601,
        1.9679999351501465,
        1.9679999351501465,
        1.972000002861023,
        1.972000002861023,
        1.972000002861023,
        1.975000023841858,
        1.975000023841858,
        1.975000023841858,
        1.9779999256134033,
        1.9779999256134033,
        1.9809999465942383,
        1.9809999465942383,
        1.9809999465942383,
        1.9850001335144043,
        1.9850001335144043,
        1.9879999160766602,
        1.9879999160766602,
        1.9879999160766602,
        1.9910000562667847,
        1.9910000562667847,
        1.99399995803833,
        1.99399995803833,
        1.99399995803833,
        1.9980000257492065,
        1.9980000257492065,
        2.000999927520752,
        2.000999927520752,
        2.000999927520752,
        2.003999948501587,
        2.003999948501587,
        2.003999948501587,
        2.006999969482422,
        2.006999969482422,
        2.011000156402588,
        2.011000156402588,
        2.011000156402588
    ],
    "Generations needed": 32,
    "Population 1": 207.8699951171875,
    "Population 10": 1911.0,
    "Population 11": 1958.4449462890625,
    "Population 12": 2550.945068359375,
    "Population 13": 2562.0,
    "Population 14": 2562.0,
    "Population 15": 2602.85009765625,
    "Population 16": 2933.56005859375,
    "Population 17": 2935.0,
    "Population 18": 2935.0,
    "Population 19": 2944.550048828125,
    "Population 2": 829.7550048828125,
    "Population 20": 3579.97998046875,
    "Population 21": 3586.0,
    "Population 22": 3586.0,
    "Population 23": 3620.1650390625,
    "Population 24": 3951.860107421875,
    "Population 25": 3958.014892578125,
    "Population 26": 3959.0,
    "Population 27": 3959.0,
    "Population 28": 4001.75,
    "Population 29": 4915.19482421875,
    "Population 3": 1518.4949951171875,
    "Population 30": 4920.0,
    "Population 31": 4920.0,
    "Population 32": 4977.8798828125,
    "Population 4": 1533.760009765625,
    "Population 5": 1538.0,
    "Population 6": 1538.0,
    "Population 7": 1575.31005859375,
    "Population 8": 1901.72998046875,
    "Population 9": 1911.0,
    "start": "today"
}
