{
    "Champ at 1": 822.0,
    "Champ at 10": 1911.0,
    "Champ at 11": 2562.0,
    "Champ at 12": 2562.0,
    "Champ at 13": 2562.0,
    "Champ at 14": 2562.0,
    "Champ at 15": 2935.0,
    "Champ at 16": 2935.0,
    "Champ at 17": 2935.0,
    "Champ at 18": 2935.0,
    "Champ at 19": 3586.0,
    "Champ at 2": 887.0,
    "Champ at 20": 3586.0,
    "Champ at 21": 3586.0,
    "Champ at 22": 3586.0,
    "Champ at 23": 3959.0,
    "Champ at 24": 3959.0,
    "Champ at 25": 3959.0,
    "Champ at 26": 3959.0,
    "Champ at 27": 4610.0,
    "Champ at 28": 4610.0,
    "Champ at 29": 4610.0,
    "Champ at 3": 1241.0,
    "Champ at 30": 4610.0,
    "Champ at 31": 4983.0,
    "Champ at 32": 4983.0,
    "Champ at 33": 4983.0,
    "Champ at 34": 4983.0,
    "Champ at 35": 4983.0,
    "Champ at 36": 5162.0,
    "Champ at 4": 1245.0,
    "Champ at 5": 1246.0,
    "Champ at 6": 1246.0,
    "Champ at 7": 1911.0,
    "Champ at 8": 1911.0,
    "Champ at 9": 1911.0,
    "ChampFitness": 5162.0,
    "ChampInputs": [
        1.8440001010894775,
        1.8480000495910645,
        1.8480000495910645,
        1.8480000495910645,
        2.1444859504699707,
        1.8510000705718994,
        0.5465835332870483,
        1.8510000705718994,
        1.8539999723434448,
        1.8539999723434448,
        3.3910000324249268,
        1.8569999933242798,
        1.8569999933242798,
        1.8569999933242798,
        1.8610000610351563,
        3.118000030517578,
        1.8610000610351563,
        1.8639999628067017,
        1.8639999628067017,
        1.8639999628067017,
        2.678999900817871,
        1.8669999837875366,
        1.8669999837875366,
        3.192000150680542,
        1.8709999322891235,
        1.8709999322891235,
        1.8709999322891235,
        1.8739999532699585,
        2.6110000610351563,
        1.8739999532699585,
        1.877000093460083,
        3.0889999866485596,
        1.877000093460083,
        1.877000093460083,
        1.8799998760223389,
        1.8799998760223389,
        0.6930000185966492,
        1.8840000629425049,
        1.8840000629425049,
        1.8840000629425049,
        3.1649999618530273,
        1.8870000839233398,
        1.8870000839233398,
        1.8870000839233398,
        1.8899999856948853,
        1.8899999856948853,
        1.8930000066757202,
        1.8930000066757202,
        1.8930000066757202,
        1.8930000066757202,
        1.8970000743865967,
        1.8970000743865967,
        1.8970000743865967,
        1.899999976158142,
        1.899999976158142,
        1.899999976158142,
        1.902999997138977,
        1.902999997138977,
        1.902999997138977,
        1.902999997138977,
        1.9059998989105225,
        1.9059998989105225,
        1.9059998989105225,
        1.909999966621399,
        1.909999966621399,
        1.909999966621399,
        1.9130001068115234,
        1.9130001068115234,
        1.9130001068115234,
        1.9159998893737793,
        1.9159998893737793,
        1.9159998893737793,
        1.9159998893737793,
        1.9200000762939453,
        1.9200000762939453,
        1.9200000762939453,
        1.9230000972747803,
        1.9230000972747803,
        1.9230000972747803,
        1.9259999990463257,
        1.9259999990463257,
        1.9259999990463257,
        1.9290000200271606,
        1.9290000200271606,
        1.9290000200271606,
        1.9329999685287476,
        1.9329999685287476,
        1.9329999685287476,
        1.9359999895095825,
        1.9359999895095825,
        1.9359999895095825,
        1.9359999895095825,
        1.9390000104904175,
        1.9390000104904175,
        1.941999912261963,
        1.941999912261963,
        1.941999912261963,
        1.941999912261963,
        1.9459999799728394,
        1.9459999799728394
    ],
    "Generations needed": 36,
    "Population 1": 202.7899932861328,
    "Population 10": 1911.0,
    "Population 11": 1953.125,
    "Population 12": 2550.9150390625,
    "Population 13": 2562.0,
    "Population 14": 2562.0,
    "Population 15": 2608.919921875,
    "Population 16": 2933.175048828125,
    "Population 17": 2935.0,
    "Population 18": 2935.0,
    "Population 19": 2965.43994140625,
    "Population 2": 752.02001953125,
    "Population 20": 3578.014892578125,
    "Population 21": 3586.0,
    "Population 22": 3586.0,
    "Population 23": 3637.044921875,
    "Population 24": 3955.695068359375,
    "Population 25": 3959.0,
    "Population 26": 3959.0,
    "Population 27": 3994.3701171875,
    "Population 28": 4603.134765625,
    "Population 29": 4610.0,
    "Population 3": 870.4299926757813,
    "Population 30": 4610.0,
    "Population 31": 4657.5498046875,
    "Population 32": 4976.169921875,
    "Population 33": 4982.68994140625,
    "Population 34": 4983.0,
    "Population 35": 4983.0,
    "Population 36": 4987.2548828125,
    "Population 4": 1224.675048828125,
    "Population 5": 1237.0050048828125,
    "Population 6": 1232.06005859375,
    "Population 7": 1322.06005859375,
    "Population 8": 1890.824951171875,
    "Population 9": 1911.0,
    "start": "today"
}
