{
    "Champ at 1": 690.0,
    "Champ at 10": 1911.0,
    "Champ at 11": 1911.0,
    "Champ at 12": 2935.0,
    "Champ at 13": 2935.0,
    "Champ at 14": 2935.0,
    "Champ at 15": 2935.0,
    "Champ at 16": 3959.0,
    "Champ at 17": 3959.0,
    "Champ at 18": 3959.0,
    "Champ at 19": 3959.0,
    "Champ at 2": 887.0,
    "Champ at 20": 4983.0,
    "Champ at 21": 4983.0,
    "Champ at 22": 4983.0,
    "Champ at 23": 4983.0,
    "Champ at 24": 5173.0,
    "Champ at 3": 887.0,
    "Champ at 4": 887.0,
    "Champ at 5": 887.0,
    "Champ at 6": 887.0,
    "Champ at 7": 1911.0,
    "Champ at 8": 1911.0,
    "Champ at 9": 1911.0,
    "ChampFitness": 5173.0,
    "ChampInputs": [
        1.9490001201629639,
        1.9519999027252197,
        1.595529556274414,
        1.9519999027252197,
        1.9560000896453857,
        1.9560000896453857,
        3.0929999351501465,
        1.9560000896453857,
        1.9589998722076416,
        1.9589998722076416,
        1.9589998722076416,
        1.9620000123977661,
        1.9620000123977661,
        1.9620000123977661,
        3.3399999141693115,
        1.965000033378601,
        1.965000033378601,
        1.968999981880188,
        1.968999981880188,
        1.968999981880188,
        1.968999981880188,
        1.972000002861023,
        3.192999839782715,
        1.972000002861023,
        1.975000023841858,
        1.975000023841858,
        1.975000023841858,
        1.9789999723434448,
        1.9789999723434448,
        1.9789999723434448,
        3.0320000648498535,
        1.9819999933242798,
        1.9819999933242798,
        1.9819999933242798,
        1.9850001335144043,
        1.9850001335144043,
        1.9850001335144043,
        1.9879999160766602,
        3.321000099182129,
        1.9879999160766602,
        1.9920001029968262,
        1.9920001029968262,
        1.9920001029968262,
        1.9920001029968262,
        1.994999885559082,
        1.994999885559082,
        1.994999885559082,
        1.9980000257492065,
        1.9980000257492065,
        1.9980000257492065,
        2.000999927520752,
        2.000999927520752,
        2.000999927520752,
        2.004999876022339,
        2.004999876022339,
        2.004999876022339,
        2.004999876022339,
        2.007999897003174,
        2.007999897003174,
        2.007999897003174,
        2.011000156402588,
        2.011000156402588,
        2.011000156402588,
        2.0139999389648438,
        2.0139999389648438,
        2.0139999389648438,
        2.0139999389648438,
        2.0180001258850098,
        2.0180001258850098,
        2.0180001258850098,
        2.0209999084472656,
        2.0209999084472656,
        2.0209999084472656,
        2.0239999294281006,
        2.0239999294281006,
        2.0239999294281006,
        2.0280001163482666,
        2.0280001163482666,
        2.0280001163482666,
        2.0280001163482666,
        2.0309998989105225,
        2.0309998989105225,
        2.0309998989105225,
        2.0339999198913574,
        2.0339999198913574,
        2.0339999198913574,
        2.0370001792907715,
        2.0370001792907715,
        2.0370001792907715,
        2.0370001792907715,
        2.0409998893737793,
        2.0409998893737793,
        2.0409998893737793,
        2.0440001487731934,
        2.0440001487731934,
        2.0440001487731934,
        2.046999931335449,
        2.046999931335449,
        2.046999931335449,
        2.049999952316284
    ],
    "Generations needed": 24,
    "Population 1": 205.36500549316406,
    "Population 10": 1911.0,
    "Population 11": 1911.0,
    "Population 12": 1956.1650390625,
    "Population 13": 2921.6201171875,
    "Population 14": 2935.0,
    "Population 15": 2935.0,
    "Population 16": 2991.510009765625,
    "Population 17": 3943.639892578125,
    "Population 18": 3959.0,
    "Population 19": 3959.0,
    "Population 2": 623.2249755859375,
    "Population 20": 4023.22509765625,
    "Population 21": 4970.4599609375,
    "Population 22": 4983.0,
    "Population 23": 4983.0,
    "Population 24": 4990.2099609375,
    "Population 3": 874.1199951171875,
    "Population 4": 885.030029296875,
    "Population 5": 887.0,
    "Population 6": 887.0,
    "Population 7": 950.3250122070313,
    "Population 8": 1892.1099853515625,
    "Population 9": 1906.1099853515625,
    "start": "today"
}
