{
    "Champ at 1": 887.0,
    "Champ at 10": 1911.0,
    "Champ at 11": 2863.0,
    "Champ at 12": 2863.0,
    "Champ at 13": 2863.0,
    "Champ at 14": 2863.0,
    "Champ at 15": 3586.0,
    "Champ at 16": 3586.0,
    "Champ at 17": 3586.0,
    "Champ at 18": 3586.0,
    "Champ at 19": 3959.0,
    "Champ at 2": 1538.0,
    "Champ at 20": 3959.0,
    "Champ at 21": 3959.0,
    "Champ at 22": 3959.0,
    "Champ at 23": 4610.0,
    "Champ at 24": 4610.0,
    "Champ at 25": 4610.0,
    "Champ at 26": 4610.0,
    "Champ at 27": 4983.0,
    "Champ at 28": 4983.0,
    "Champ at 29": 4983.0,
    "Champ at 3": 1538.0,
    "Champ at 30": 4983.0,
    "Champ at 31": 5169.0,
    "Champ at 4": 1538.0,
    "Champ at 5": 1538.0,
    "Champ at 6": 1538.0,
    "Champ at 7": 1911.0,
    "Champ at 8": 1911.0,
    "Champ at 9": 1911.0,
    "ChampFitness": 5169.0,
    "ChampInputs": [
        1.8880000114440918,
        1.8880000114440918,
        1.8910000324249268,
        1.8910000324249268,
        1.8910000324249268,
        1.8910000324249268,
        1.8940000534057617,
        1.2294399738311768,
        1.8940000534057617,
        1.8970000743865967,
        1.8970000743865967,
        1.8970000743865967,
        0.4309999942779541,
        1.9010000228881836,
        1.9010000228881836,
        1.9040000438690186,
        3.3500001430511475,
        1.9040000438690186,
        1.906999945640564,
        1.906999945640564,
        1.906999945640564,
        1.906999945640564,
        1.9110000133514404,
        1.9110000133514404,
        3.4679999351501465,
        1.9140000343322754,
        1.9140000343322754,
        1.9140000343322754,
        1.9169999361038208,
        2.437999963760376,
        1.9169999361038208,
        1.9200000762939453,
        2.992999792098999,
        1.9200000762939453,
        1.9200000762939453,
        1.9239999055862427,
        1.9239999055862427,
        2.4570000171661377,
        1.9270000457763672,
        1.9270000457763672,
        3.2249999046325684,
        1.9300000667572021,
        1.9300000667572021,
        1.9300000667572021,
        1.9300000667572021,
        1.9329999685287476,
        1.9329999685287476,
        1.9329999685287476,
        1.937000036239624,
        1.937000036239624,
        1.937000036239624,
        1.940000057220459,
        1.940000057220459,
        1.940000057220459,
        1.9429999589920044,
        1.9429999589920044,
        1.9429999589920044,
        1.9429999589920044,
        1.9459999799728394,
        1.9459999799728394,
        1.9459999799728394,
        1.9499999284744263,
        1.9499999284744263,
        1.9499999284744263,
        1.9529999494552612,
        1.9529999494552612,
        1.9529999494552612,
        1.9529999494552612,
        1.9560000896453857,
        1.9560000896453857,
        1.9560000896453857,
        1.959999918937683,
        1.959999918937683,
        1.959999918937683,
        1.9630000591278076,
        1.9630000591278076,
        1.9630000591278076,
        1.9660000801086426,
        1.9660000801086426,
        1.9660000801086426,
        1.9660000801086426,
        1.968999981880188,
        1.968999981880188,
        1.968999981880188,
        1.9730000495910645,
        1.9730000495910645,
        1.9730000495910645,
        1.9760000705718994,
        1.9760000705718994,
        1.9760000705718994,
        1.9789999723434448,
        1.9789999723434448,
        1.9789999723434448,
        1.9789999723434448,
        1.9819999933242798,
        1.9819999933242798,
        1.9819999933242798,
        1.9859999418258667,
        1.9859999418258667,
        1.9859999418258667
    ],
    "Generations needed": 31,
    "Population 1": 200.28500366210938,
    "Population 10": 1911.0,
    "Population 11": 1952.3050537109375,
    "Population 12": 2833.60498046875,
    "Population 13": 2863.0,
    "Population 14": 2863.0,
    "Population 15": 2926.580078125,
    "Population 16": 3576.235107421875,
    "Population 17": 3586.0,
    "Population 18": 3586.0,
    "Population 19": 3630.090087890625,
    "Population 2": 782.8150024414063,
    "Population 20": 3955.0,
    "Population 21": 3959.0,
    "Population 22": 3959.0,
    "Population 23": 3989.1650390625,
    "Population 24": 4599.40478515625,
    "Population 25": 4610.0,
    "Population 26": 4610.0,
    "Population 27": 4654.53515625,
    "Population 28": 4974.419921875,
    "Population 29": 4983.0,
    "Population 3": 1499.0250244140625,
    "Population 30": 4983.0,
    "Population 31": 4993.125,
    "Population 4": 1533.760009765625,
    "Population 5": 1538.0,
    "Population 6": 1538.0,
    "Population 7": 1580.4000244140625,
    "Population 8": 1903.2049560546875,
    "Population 9": 1911.0,
    "start": "today"
}
