{
    "Champ at 1": 887.0,
    "Champ at 10": 2562.0,
    "Champ at 11": 2562.0,
    "Champ at 12": 2562.0,
    "Champ at 13": 2562.0,
    "Champ at 14": 2935.0,
    "Champ at 15": 2935.0,
    "Champ at 16": 2935.0,
    "Champ at 17": 2935.0,
    "Champ at 18": 3586.0,
    "Champ at 19": 3586.0,
    "Champ at 2": 1262.0,
    "Champ at 20": 3586.0,
    "Champ at 21": 3586.0,
    "Champ at 22": 3586.0,
    "Champ at 23": 3959.0,
    "Champ at 24": 3959.0,
    "Champ at 25": 3959.0,
    "Champ at 26": 3959.0,
    "Champ at 27": 4610.0,
    "Champ at 28": 4610.0,
    "Champ at 29": 4610.0,
    "Champ at 3": 1262.0,
    "Champ at 30": 4610.0,
    "Champ at 31": 4983.0,
    "Champ at 32": 4983.0,
    "Champ at 33": 4983.0,
    "Champ at 34": 4983.0,
    "Champ at 35": 5165.0,
    "Champ at 4": 1262.0,
    "Champ at 5": 1262.0,
    "Champ at 6": 1911.0,
    "Champ at 7": 1911.0,
    "Champ at 8": 1911.0,
    "Champ at 9": 1911.0,
    "ChampFitness": 5165.0,
    "ChampInputs": [
        1.8739999532699585,
        1.878000020980835,
        1.878000020980835,
        1.878000020980835,
        1.8809999227523804,
        1.8809999227523804,
        2.6924526691436768,
        1.8840000629425049,
        1.8840000629425049,
        3.007999897003174,
        1.8870000839233398,
        1.8870000839233398,
        1.8870000839233398,
        1.8870000839233398,
        3.1610000133514404,
        1.8910000324249268,
        1.8910000324249268,
        1.8940000534057617,
        1.8940000534057617,
        0.5299999713897705,
        1.8970000743865967,
        1.8970000743865967,
        1.8970000743865967,
        3.1050000190734863,
        1.899999976158142,
        1.899999976158142,
        1.9040000438690186,
        1.9040000438690186,
        2.5490000247955322,
        1.906999945640564,
        1.906999945640564,
        2.9710001945495605,
        1.909999966621399,
        1.909999966621399,
        1.909999966621399,
        1.9140000343322754,
        0.5979999899864197,
        1.9140000343322754,
        1.9169999361038208,
        1.9169999361038208,
        3.18500018119812,
        1.9200000762939453,
        1.9200000762939453,
        1.9200000762939453,
        1.9200000762939453,
        1.9230000972747803,
        1.9230000972747803,
        1.9230000972747803,
        1.9270000457763672,
        1.9270000457763672,
        1.9270000457763672,
        1.9300000667572021,
        1.9300000667572021,
        1.9300000667572021,
        1.9329999685287476,
        1.9329999685287476,
        1.9329999685287476,
        1.9359999895095825,
        1.9359999895095825,
        1.9359999895095825,
        1.940000057220459,
        1.940000057220459,
        1.940000057220459,
        1.9429999589920044,
        1.9429999589920044,
        1.9429999589920044,
        1.9429999589920044,
        1.9459999799728394,
        1.9459999799728394,
        1.9459999799728394,
        1.9490001201629639,
        1.9490001201629639,
        1.9490001201629639,
        1.9529999494552612,
        1.9529999494552612,
        1.9529999494552612,
        1.9560000896453857,
        1.9560000896453857,
        1.9560000896453857,
        1.9589998722076416,
        1.9589998722076416,
        1.9589998722076416,
        1.9630000591278076,
        1.9630000591278076,
        1.9630000591278076,
        1.9660000801086426,
        1.9660000801086426,
        1.9660000801086426,
        1.9660000801086426,
        1.968999981880188,
        1.968999981880188,
        1.968999981880188,
        1.972000002861023,
        1.972000002861023,
        1.972000002861023,
        1.9760000705718994,
        1.9760000705718994,
        1.9760000705718994,
        1.9789999723434448,
        1.9789999723434448
    ],
    "Generations needed": 35,
    "Population 1": 198.38499450683594,
    "Population 10": 1952.2650146484375,
    "Population 11": 2546.820068359375,
    "Population 12": 2562.0,
    "Population 13": 2562.0,
    "Population 14": 2609.4599609375,
    "Population 15": 2930.969970703125,
    "Population 16": 2935.0,
    "Population 17": 2935.0,
    "Population 18": 2968.9599609375,
    "Population 19": 3572.469970703125,
    "Population 2": 802.0850219726563,
    "Population 20": 3582.7451171875,
    "Population 21": 3586.0,
    "Population 22": 3586.0,
    "Population 23": 3624.929931640625,
    "Population 24": 3954.989990234375,
    "Population 25": 3959.0,
    "Population 26": 3959.0,
    "Population 27": 4015.205078125,
    "Population 28": 4606.22509765625,
    "Population 29": 4610.0,
    "Population 3": 1241.81005859375,
    "Population 30": 4610.0,
    "Population 31": 4652.68505859375,
    "Population 32": 4981.134765625,
    "Population 33": 4983.0,
    "Population 34": 4983.0,
    "Population 35": 4986.33984375,
    "Population 4": 1262.0,
    "Population 5": 1262.0,
    "Population 6": 1366.1650390625,
    "Population 7": 1898.135009765625,
    "Population 8": 1911.0,
    "Population 9": 1911.0,
    "start": "today"
}
