{
    "Champ at 1": 887.0,
    "Champ at 10": 1911.0,
    "Champ at 11": 2562.0,
    "Champ at 12": 2562.0,
    "Champ at 13": 2562.0,
    "Champ at 14": 2562.0,
    "Champ at 15": 2935.0,
    "Champ at 16": 2935.0,
    "Champ at 17": 2935.0,
    "Champ at 18": 2935.0,
    "Champ at 19": 3889.0,
    "Champ at 2": 1253.0,
    "Champ at 20": 3889.0,
    "Champ at 21": 3889.0,
    "Champ at 22": 3889.0,
    "Champ at 23": 4919.0,
    "Champ at 24": 4919.0,
    "Champ at 25": 4919.0,
    "Champ at 26": 4919.0,
    "Champ at 27": 5169.0,
    "Champ at 3": 1538.0,
    "Champ at 4": 1538.0,
    "Champ at 5": 1538.0,
    "Champ at 6": 1538.0,
    "Champ at 7": 1911.0,
    "Champ at 8": 1911.0,
    "Champ at 9": 1911.0,
    "ChampFitness": 5169.0,
    "ChampInputs": [
        1.8739999532699585,
        1.878000020980835,
        1.878000020980835,
        1.8809999227523804,
        1.8809999227523804,
        1.8809999227523804,
        2.5496604442596436,
        2.6199605464935303,
        1.8870000839233398,
        1.8870000839233398,
        1.8870000839233398,
        0.43799999356269836,
        1.8910000324249268,
        1.8940000534057617,
        1.8940000534057617,
        3.3489999771118164,
        1.8970000743865967,
        1.8970000743865967,
        1.9010000228881836,
        1.9010000228881836,
        2.2269999980926514,
        1.9040000438690186,
        1.9040000438690186,
        3.3610000610351563,
        1.906999945640564,
        1.909999966621399,
        1.909999966621399,
        1.909999966621399,
        1.9140000343322754,
        1.9140000343322754,
        1.9169999361038208,
        3.623000144958496,
        1.9200000762939453,
        1.9200000762939453,
        1.9200000762939453,
        1.9230000972747803,
        1.9230000972747803,
        1.9270000457763672,
        1.9270000457763672,
        3.5240001678466797,
        1.9300000667572021,
        1.9329999685287476,
        1.9329999685287476,
        1.9329999685287476,
        1.9359999895095825,
        1.9359999895095825,
        1.940000057220459,
        1.940000057220459,
        1.9429999589920044,
        1.9429999589920044,
        1.9459999799728394,
        1.9459999799728394,
        1.9459999799728394,
        1.9499999284744263,
        1.9499999284744263,
        1.9529999494552612,
        1.9529999494552612,
        1.9560000896453857,
        1.9560000896453857,
        1.9589998722076416,
        1.9589998722076416,
        1.9630000591278076,
        1.9630000591278076,
        1.9630000591278076,
        1.9660000801086426,
        1.9660000801086426,
        1.968999981880188,
        1.968999981880188,
        1.972000002861023,
        1.972000002861023,
        1.9760000705718994,
        1.9760000705718994,
        1.9789999723434448,
        1.9789999723434448,
        1.9819999933242798,
        1.9819999933242798,
        1.994999885559082,
        1.994999885559082,
        1.999000072479248,
        1.999000072479248,
        2.002000093460083,
        2.002000093460083,
        2.004999876022339,
        2.004999876022339,
        2.007999897003174,
        2.007999897003174,
        2.007999897003174,
        2.0119998455047607,
        2.0119998455047607,
        2.0149998664855957,
        2.0149998664855957,
        2.0149998664855957,
        2.0180001258850098,
        2.0180001258850098,
        2.0209999084472656,
        2.0209999084472656,
        2.0250000953674316,
        2.0250000953674316,
        2.0280001163482666,
        2.0280001163482666
    ],
    "Generations needed": 27,
    "Population 1": 208.03500366210938,
    "Population 10": 1911.0,
    "Population 11": 1949.3399658203125,
    "Population 12": 2543.010009765625,
    "Population 13": 2562.0,
    "Population 14": 2562.0,
    "Population 15": 2611.4150390625,
    "Population 16": 2928.8349609375,
    "Population 17": 2935.0,
    "Population 18": 2935.0,
    "Population 19": 2974.639892578125,
    "Population 2": 788.1699829101563,
    "Population 20": 3884.625,
    "Population 21": 3889.0,
    "Population 22": 3889.0,
    "Population 23": 3997.85009765625,
    "Population 24": 4914.2001953125,
    "Population 25": 4919.0,
    "Population 26": 4919.0,
    "Population 27": 4983.27978515625,
    "Population 3": 1231.0,
    "Population 4": 1530.7900390625,
    "Population 5": 1538.0,
    "Population 6": 1538.0,
    "Population 7": 1601.7349853515625,
    "Population 8": 1894.5050048828125,
    "Population 9": 1911.0,
    "start": "today"
}
