{
    "Champ at 1": 887.0,
    "Champ at 10": 1911.0,
    "Champ at 11": 2562.0,
    "Champ at 12": 2562.0,
    "Champ at 13": 2562.0,
    "Champ at 14": 2562.0,
    "Champ at 15": 2935.0,
    "Champ at 16": 2935.0,
    "Champ at 17": 2935.0,
    "Champ at 18": 2935.0,
    "Champ at 19": 3586.0,
    "Champ at 2": 1277.0,
    "Champ at 20": 3586.0,
    "Champ at 21": 3586.0,
    "Champ at 22": 3586.0,
    "Champ at 23": 3586.0,
    "Champ at 24": 3959.0,
    "Champ at 25": 3959.0,
    "Champ at 26": 3959.0,
    "Champ at 27": 3959.0,
    "Champ at 28": 4913.0,
    "Champ at 29": 4913.0,
    "Champ at 3": 1538.0,
    "Champ at 30": 4913.0,
    "Champ at 31": 4913.0,
    "Champ at 32": 4913.0,
    "Champ at 33": 5161.0,
    "Champ at 4": 1538.0,
    "Champ at 5": 1538.0,
    "Champ at 6": 1538.0,
    "Champ at 7": 1911.0,
    "Champ at 8": 1911.0,
    "Champ at 9": 1911.0,
    "ChampFitness": 5161.0,
    "ChampInputs": [
        1.8650000095367432,
        1.8680000305175781,
        1.8680000305175781,
        1.8680000305175781,
        1.871999979019165,
        1.871999979019165,
        3.0063323974609375,
        2.046565055847168,
        1.875,
        1.878000020980835,
        1.878000020980835,
        2.6409997940063477,
        1.8819999694824219,
        1.8849999904632568,
        3.172999858856201,
        1.8849999904632568,
        1.8880000114440918,
        1.8880000114440918,
        1.8910000324249268,
        2.370000123977661,
        1.8910000324249268,
        1.8949999809265137,
        3.301999807357788,
        1.8980000019073486,
        1.8980000019073486,
        1.9010000228881836,
        1.9010000228881836,
        0.3779999911785126,
        1.9040000438690186,
        1.9040000438690186,
        1.9079999923706055,
        3.327000141143799,
        1.9079999923706055,
        1.9110000133514404,
        1.9110000133514404,
        1.9140000343322754,
        1.9140000343322754,
        1.9140000343322754,
        1.9169999361038208,
        3.494999885559082,
        1.9210000038146973,
        1.9210000038146973,
        1.9239999055862427,
        1.9239999055862427,
        1.9270000457763672,
        1.9270000457763672,
        1.9270000457763672,
        1.930999994277954,
        1.930999994277954,
        1.934000015258789,
        1.934000015258789,
        1.934000015258789,
        1.937000036239624,
        1.937000036239624,
        1.940000057220459,
        1.940000057220459,
        1.940000057220459,
        1.944000005722046,
        1.944000005722046,
        1.9470000267028809,
        1.9470000267028809,
        1.9499999284744263,
        1.9499999284744263,
        1.9499999284744263,
        1.9529999494552612,
        1.9529999494552612,
        1.9570000171661377,
        1.9570000171661377,
        1.9570000171661377,
        1.959999918937683,
        1.959999918937683,
        1.9630000591278076,
        1.9630000591278076,
        1.9630000591278076,
        1.9660000801086426,
        1.9660000801086426,
        1.9700000286102295,
        1.9700000286102295,
        1.9730000495910645,
        1.9730000495910645,
        1.9730000495910645,
        1.9760000705718994,
        1.9760000705718994,
        1.9800000190734863,
        1.9800000190734863,
        1.9800000190734863,
        1.9830000400543213,
        1.9830000400543213,
        1.9859999418258667,
        1.9859999418258667,
        1.9859999418258667,
        1.9889999628067017,
        1.9889999628067017,
        1.9930000305175781,
        1.9930000305175781,
        1.9959999322891235,
        1.9959999322891235,
        1.9959999322891235,
        1.999000072479248,
        1.999000072479248
    ],
    "Generations needed": 33,
    "Population 1": 194.94000244140625,
    "Population 10": 1911.0,
    "Population 11": 1952.56494140625,
    "Population 12": 2542.074951171875,
    "Population 13": 2562.0,
    "Population 14": 2562.0,
    "Population 15": 2600.260009765625,
    "Population 16": 2922.550048828125,
    "Population 17": 2935.0,
    "Population 18": 2935.0,
    "Population 19": 2990.965087890625,
    "Population 2": 805.6400146484375,
    "Population 20": 3565.0400390625,
    "Population 21": 3582.7451171875,
    "Population 22": 3586.0,
    "Population 23": 3586.0,
    "Population 24": 3636.340087890625,
    "Population 25": 3953.094970703125,
    "Population 26": 3959.0,
    "Population 27": 3959.0,
    "Population 28": 3990.81494140625,
    "Population 29": 4893.634765625,
    "Population 3": 1259.510009765625,
    "Population 30": 4908.22998046875,
    "Population 31": 4913.0,
    "Population 32": 4913.0,
    "Population 33": 4977.490234375,
    "Population 4": 1535.43505859375,
    "Population 5": 1538.0,
    "Population 6": 1538.0,
    "Population 7": 1571.675048828125,
    "Population 8": 1903.5150146484375,
    "Population 9": 1911.0,
    "start": "today"
}
