{
    "Champ at 1": 887.0,
    "Champ at 10": 1911.0,
    "Champ at 11": 1911.0,
    "Champ at 12": 2562.0,
    "Champ at 13": 2562.0,
    "Champ at 14": 2562.0,
    "Champ at 15": 2562.0,
    "Champ at 16": 2935.0,
    "Champ at 17": 2935.0,
    "Champ at 18": 2935.0,
    "Champ at 19": 2935.0,
    "Champ at 2": 1267.0,
    "Champ at 20": 3894.0,
    "Champ at 21": 3894.0,
    "Champ at 22": 3894.0,
    "Champ at 23": 3894.0,
    "Champ at 24": 4925.0,
    "Champ at 25": 4925.0,
    "Champ at 26": 4925.0,
    "Champ at 27": 5169.0,
    "Champ at 3": 1267.0,
    "Champ at 4": 1267.0,
    "Champ at 5": 1267.0,
    "Champ at 6": 1267.0,
    "Champ at 7": 1911.0,
    "Champ at 8": 1911.0,
    "Champ at 9": 1911.0,
    "ChampFitness": 5169.0,
    "ChampInputs": [
        1.8910000324249268,
        1.8949999809265137,
        1.8949999809265137,
        1.8980000019073486,
        1.8980000019073486,
        1.8980000019073486,
        2.6256613731384277,
        1.9010000228881836,
        1.9040000438690186,
        0.949999988079071,
        1.9040000438690186,
        1.9079999923706055,
        1.9079999923706055,
        1.9110000133514404,
        1.9110000133514404,
        3.1690001487731934,
        1.9140000343322754,
        1.9140000343322754,
        1.9169999361038208,
        1.9169999361038208,
        2.382999897003174,
        1.9210000038146973,
        1.9210000038146973,
        3.1560001373291016,
        1.9239999055862427,
        1.9239999055862427,
        1.9270000457763672,
        1.9270000457763672,
        1.930999994277954,
        1.930999994277954,
        1.930999994277954,
        3.5190000534057617,
        1.934000015258789,
        1.937000036239624,
        1.937000036239624,
        1.937000036239624,
        1.940000057220459,
        1.940000057220459,
        1.944000005722046,
        3.4240002632141113,
        1.944000005722046,
        1.9470000267028809,
        1.9470000267028809,
        1.9499999284744263,
        1.9499999284744263,
        1.9529999494552612,
        1.9529999494552612,
        1.9529999494552612,
        1.9570000171661377,
        1.9570000171661377,
        1.959999918937683,
        1.959999918937683,
        1.959999918937683,
        1.9630000591278076,
        1.9630000591278076,
        1.9660000801086426,
        1.9660000801086426,
        1.9700000286102295,
        1.9700000286102295,
        1.9700000286102295,
        1.9730000495910645,
        1.9730000495910645,
        1.9760000705718994,
        1.9760000705718994,
        1.9760000705718994,
        1.9800000190734863,
        1.9800000190734863,
        1.9830000400543213,
        1.9830000400543213,
        1.9830000400543213,
        1.9859999418258667,
        1.9859999418258667,
        1.9889999628067017,
        1.9889999628067017,
        1.9889999628067017,
        1.9930000305175781,
        1.9930000305175781,
        1.9930000305175781,
        1.9959999322891235,
        1.9959999322891235,
        1.999000072479248,
        1.999000072479248,
        1.999000072479248,
        2.002000093460083,
        2.002000093460083,
        2.00600004196167,
        2.00600004196167,
        2.00600004196167,
        2.009000062942505,
        2.009000062942505,
        2.0119998455047607,
        2.0119998455047607,
        2.0119998455047607,
        2.0149998664855957,
        2.0149998664855957,
        2.0190000534057617,
        2.0190000534057617,
        2.0190000534057617,
        2.0219998359680176,
        2.0219998359680176
    ],
    "Generations needed": 27,
    "Population 1": 200.18499755859375,
    "Population 10": 1911.0,
    "Population 11": 1911.0,
    "Population 12": 1943.1199951171875,
    "Population 13": 2552.7099609375,
    "Population 14": 2562.0,
    "Population 15": 2562.0,
    "Population 16": 2610.27001953125,
    "Population 17": 2932.844970703125,
    "Population 18": 2935.0,
    "Population 19": 2935.0,
    "Population 2": 759.2899780273438,
    "Population 20": 2970.235107421875,
    "Population 21": 3872.300048828125,
    "Population 22": 3894.0,
    "Population 23": 3894.0,
    "Population 24": 3989.074951171875,
    "Population 25": 4925.0,
    "Population 26": 4925.0,
    "Population 27": 4985.27978515625,
    "Population 3": 1249.56494140625,
    "Population 4": 1264.114990234375,
    "Population 5": 1267.0,
    "Population 6": 1267.0,
    "Population 7": 1370.239990234375,
    "Population 8": 1891.9300537109375,
    "Population 9": 1907.5849609375,
    "start": "today"
}
