{
    "Champ at 1": 887.0,
    "Champ at 10": 1911.0,
    "Champ at 11": 1911.0,
    "Champ at 12": 1911.0,
    "Champ at 13": 2562.0,
    "Champ at 14": 2562.0,
    "Champ at 15": 2562.0,
    "Champ at 16": 2562.0,
    "Champ at 17": 2935.0,
    "Champ at 18": 2935.0,
    "Champ at 19": 2935.0,
    "Champ at 2": 1273.0,
    "Champ at 20": 2935.0,
    "Champ at 21": 3586.0,
    "Champ at 22": 3586.0,
    "Champ at 23": 3586.0,
    "Champ at 24": 3586.0,
    "Champ at 25": 3959.0,
    "Champ at 26": 3959.0,
    "Champ at 27": 3959.0,
    "Champ at 28": 3959.0,
    "Champ at 29": 4910.0,
    "Champ at 3": 1281.0,
    "Champ at 30": 4910.0,
    "Champ at 31": 4910.0,
    "Champ at 32": 4910.0,
    "Champ at 33": 5162.0,
    "Champ at 4": 1283.0,
    "Champ at 5": 1285.0,
    "Champ at 6": 1538.0,
    "Champ at 7": 1538.0,
    "Champ at 8": 1538.0,
    "Champ at 9": 1911.0,
    "ChampFitness": 5162.0,
    "ChampInputs": [
        1.8639999628067017,
        1.8669999837875366,
        1.8669999837875366,
        1.8669999837875366,
        1.8700001239776611,
        1.8700001239776611,
        3.1785402297973633,
        1.872999906539917,
        1.872999906539917,
        1.877000093460083,
        1.877000093460083,
        0.7240000367164612,
        1.8799998760223389,
        1.8799998760223389,
        1.8799998760223389,
        3.197999954223633,
        1.8830000162124634,
        1.8830000162124634,
        1.8860000371932983,
        1.8860000371932983,
        2.5220000743865967,
        1.8899999856948853,
        1.8899999856948853,
        3.1369998455047607,
        1.8930000066757202,
        1.8930000066757202,
        1.8960000276565552,
        1.8960000276565552,
        0.5130000114440918,
        1.899999976158142,
        1.899999976158142,
        1.899999976158142,
        3.2839999198913574,
        1.902999997138977,
        1.9059998989105225,
        1.9059998989105225,
        1.9059998989105225,
        1.9089999198913574,
        1.9089999198913574,
        1.9089999198913574,
        3.559000015258789,
        1.9130001068115234,
        1.9130001068115234,
        1.9159998893737793,
        1.9159998893737793,
        1.9159998893737793,
        1.9190000295639038,
        1.9190000295639038,
        1.9220000505447388,
        1.9220000505447388,
        1.9220000505447388,
        1.9259999990463257,
        1.9259999990463257,
        1.9259999990463257,
        1.9290000200271606,
        1.9290000200271606,
        1.9290000200271606,
        1.9320000410079956,
        1.9320000410079956,
        1.9320000410079956,
        1.934999942779541,
        1.934999942779541,
        1.934999942779541,
        1.9390000104904175,
        1.9390000104904175,
        1.941999912261963,
        1.941999912261963,
        1.941999912261963,
        1.9449999332427979,
        1.9449999332427979,
        1.9449999332427979,
        1.9490001201629639,
        1.9490001201629639,
        1.9490001201629639,
        1.9519999027252197,
        1.9519999027252197,
        1.9519999027252197,
        1.9550000429153442,
        1.9550000429153442,
        1.9550000429153442,
        1.9580000638961792,
        1.9580000638961792,
        1.9580000638961792,
        1.9620000123977661,
        1.9620000123977661,
        1.965000033378601,
        1.965000033378601,
        1.965000033378601,
        1.9679999351501465,
        1.9679999351501465,
        1.9679999351501465,
        1.9709999561309814,
        1.9709999561309814,
        1.9709999561309814,
        1.975000023841858,
        1.975000023841858,
        1.975000023841858,
        1.9779999256134033,
        1.9779999256134033,
        1.9779999256134033
    ],
    "Generations needed": 33,
    "Population 1": 205.2949981689453,
    "Population 10": 1902.449951171875,
    "Population 11": 1911.0,
    "Population 12": 1911.0,
    "Population 13": 1959.1199951171875,
    "Population 14": 2555.489990234375,
    "Population 15": 2562.0,
    "Population 16": 2562.0,
    "Population 17": 2607.219970703125,
    "Population 18": 2932.14990234375,
    "Population 19": 2935.0,
    "Population 2": 799.7750244140625,
    "Population 20": 2935.0,
    "Population 21": 2986.719970703125,
    "Population 22": 3572.614990234375,
    "Population 23": 3586.0,
    "Population 24": 3586.0,
    "Population 25": 3623.425048828125,
    "Population 26": 3954.52001953125,
    "Population 27": 3959.0,
    "Population 28": 3959.0,
    "Population 29": 3993.840087890625,
    "Population 3": 1245.675048828125,
    "Population 30": 4881.47021484375,
    "Population 31": 4910.0,
    "Population 32": 4910.0,
    "Population 33": 4974.544921875,
    "Population 4": 1272.780029296875,
    "Population 5": 1282.85498046875,
    "Population 6": 1290.02001953125,
    "Population 7": 1538.0,
    "Population 8": 1538.0,
    "Population 9": 1586.0250244140625,
    "start": "today"
}
