{
    "Champ at 1": 831.0,
    "Champ at 10": 1538.0,
    "Champ at 11": 1911.0,
    "Champ at 12": 1911.0,
    "Champ at 13": 1911.0,
    "Champ at 14": 1911.0,
    "Champ at 15": 2562.0,
    "Champ at 16": 2562.0,
    "Champ at 17": 2562.0,
    "Champ at 18": 2562.0,
    "Champ at 19": 2935.0,
    "Champ at 2": 887.0,
    "Champ at 20": 2935.0,
    "Champ at 21": 2935.0,
    "Champ at 22": 2935.0,
    "Champ at 23": 3586.0,
    "Champ at 24": 3586.0,
    "Champ at 25": 3586.0,
    "Champ at 26": 3586.0,
    "Champ at 27": 3959.0,
    "Champ at 28": 3959.0,
    "Champ at 29": 3959.0,
    "Champ at 3": 887.0,
    "Champ at 30": 3959.0,
    "Champ at 31": 4924.0,
    "Champ at 32": 4924.0,
    "Champ at 33": 4924.0,
    "Champ at 34": 4924.0,
    "Champ at 35": 5169.0,
    "Champ at 4": 887.0,
    "Champ at 5": 887.0,
    "Champ at 6": 1282.0,
    "Champ at 7": 1538.0,
    "Champ at 8": 1538.0,
    "Champ at 9": 1538.0,
    "ChampFitness": 5169.0,
    "ChampInputs": [
        1.8639999628067017,
        1.983242154121399,
        1.8680000305175781,
        1.8709999322891235,
        1.8709999322891235,
        1.8739999532699585,
        3.0639758110046387,
        1.877000093460083,
        1.8809999227523804,
        1.8809999227523804,
        1.8840000629425049,
        0.6710000038146973,
        1.8870000839233398,
        1.8899999856948853,
        1.8899999856948853,
        3.2109999656677246,
        1.8940000534057617,
        1.8970000743865967,
        1.8970000743865967,
        1.899999976158142,
        0.5110000371932983,
        1.902999997138977,
        1.906999945640564,
        1.906999945640564,
        3.072000026702881,
        1.9130001068115234,
        1.9130001068115234,
        1.9169999361038208,
        1.9169999361038208,
        0.46299999952316284,
        1.9230000972747803,
        1.9230000972747803,
        1.9259999990463257,
        3.2730002403259277,
        1.9300000667572021,
        1.9329999685287476,
        1.9329999685287476,
        1.9359999895095825,
        1.9359999895095825,
        1.9390000104904175,
        1.9429999589920044,
        3.445000171661377,
        1.9459999799728394,
        1.9459999799728394,
        1.9490001201629639,
        1.9519999027252197,
        1.9519999027252197,
        1.9560000896453857,
        1.9560000896453857,
        1.9589998722076416,
        1.9620000123977661,
        1.9620000123977661,
        1.9660000801086426,
        1.9660000801086426,
        1.968999981880188,
        1.972000002861023,
        1.972000002861023,
        1.975000023841858,
        1.975000023841858,
        1.9789999723434448,
        1.9819999933242798,
        1.9819999933242798,
        1.9850001335144043,
        1.9850001335144043,
        1.9879999160766602,
        1.9879999160766602,
        1.9920001029968262,
        1.994999885559082,
        1.994999885559082,
        1.9980000257492065,
        1.9980000257492065,
        2.000999927520752,
        2.000999927520752,
        2.004999876022339,
        2.007999897003174,
        2.007999897003174,
        2.011000156402588,
        2.011000156402588,
        2.0149998664855957,
        2.0180001258850098,
        2.0180001258850098,
        2.0209999084472656,
        2.0209999084472656,
        2.0239999294281006,
        2.0239999294281006,
        2.0280001163482666,
        2.0280001163482666,
        2.0309998989105225,
        2.0339999198913574,
        2.0339999198913574,
        2.0370001792907715,
        2.0370001792907715,
        2.0409998893737793,
        2.0409998893737793,
        2.0440001487731934,
        2.0440001487731934,
        2.046999931335449,
        2.049999952316284,
        2.049999952316284,
        2.05400013923645
    ],
    "Generations needed": 35,
    "Population 1": 197.52999877929688,
    "Population 10": 1538.0,
    "Population 11": 1584.8199462890625,
    "Population 12": 1901.7049560546875,
    "Population 13": 1911.0,
    "Population 14": 1911.0,
    "Population 15": 1954.4549560546875,
    "Population 16": 2557.47998046875,
    "Population 17": 2562.0,
    "Population 18": 2562.0,
    "Population 19": 2610.534912109375,
    "Population 2": 757.135009765625,
    "Population 20": 2934.054931640625,
    "Population 21": 2935.0,
    "Population 22": 2935.0,
    "Population 23": 2975.675048828125,
    "Population 24": 3582.7451171875,
    "Population 25": 3586.0,
    "Population 26": 3586.0,
    "Population 27": 3633.77001953125,
    "Population 28": 3957.135009765625,
    "Population 29": 3959.0,
    "Population 3": 867.469970703125,
    "Population 30": 3959.0,
    "Population 31": 3992.68994140625,
    "Population 32": 4918.134765625,
    "Population 33": 4924.0,
    "Population 34": 4924.0,
    "Population 35": 4976.56005859375,
    "Population 4": 887.0,
    "Population 5": 887.0,
    "Population 6": 918.2949829101563,
    "Population 7": 1272.7049560546875,
    "Population 8": 1534.18994140625,
    "Population 9": 1538.0,
    "start": "today"
}
