{
    "Champ at 1": 826.0,
    "Champ at 10": 2562.0,
    "Champ at 11": 2562.0,
    "Champ at 12": 2562.0,
    "Champ at 13": 2562.0,
    "Champ at 14": 2935.0,
    "Champ at 15": 2935.0,
    "Champ at 16": 2935.0,
    "Champ at 17": 2935.0,
    "Champ at 18": 3586.0,
    "Champ at 19": 3586.0,
    "Champ at 2": 1538.0,
    "Champ at 20": 3586.0,
    "Champ at 21": 3586.0,
    "Champ at 22": 3959.0,
    "Champ at 23": 3959.0,
    "Champ at 24": 3959.0,
    "Champ at 25": 3959.0,
    "Champ at 26": 4610.0,
    "Champ at 27": 4610.0,
    "Champ at 28": 4610.0,
    "Champ at 29": 4610.0,
    "Champ at 3": 1538.0,
    "Champ at 30": 4983.0,
    "Champ at 31": 4983.0,
    "Champ at 32": 4983.0,
    "Champ at 33": 4983.0,
    "Champ at 34": 5162.0,
    "Champ at 4": 1538.0,
    "Champ at 5": 1538.0,
    "Champ at 6": 1911.0,
    "Champ at 7": 1911.0,
    "Champ at 8": 1911.0,
    "Champ at 9": 1911.0,
    "ChampFitness": 5162.0,
    "ChampInputs": [
        1.850000023841858,
        1.850000023841858,
        1.8529999256134033,
        1.8529999256134033,
        1.8529999256134033,
        1.8559999465942383,
        3.408154249191284,
        1.8559999465942383,
        1.8559999465942383,
        1.8600000143051147,
        1.8600000143051147,
        0.6920000314712524,
        1.8629999160766602,
        1.8629999160766602,
        1.8629999160766602,
        3.2789998054504395,
        1.8659999370574951,
        1.8659999370574951,
        1.8659999370574951,
        1.8690000772476196,
        0.6050000190734863,
        1.8690000772476196,
        1.872999906539917,
        1.872999906539917,
        3.181999921798706,
        1.8760000467300415,
        1.8760000467300415,
        1.8760000467300415,
        1.8790000677108765,
        0.7730000019073486,
        1.8790000677108765,
        1.8790000677108765,
        1.8819999694824219,
        3.1579999923706055,
        1.8819999694824219,
        1.8860000371932983,
        1.8860000371932983,
        1.8860000371932983,
        0.6299999952316284,
        1.8889999389648438,
        1.8889999389648438,
        1.8889999389648438,
        3.1430001258850098,
        1.8919999599456787,
        1.8919999599456787,
        1.8960000276565552,
        1.8960000276565552,
        1.8960000276565552,
        1.8989999294281006,
        1.8989999294281006,
        1.8989999294281006,
        1.9019999504089355,
        1.9019999504089355,
        1.9019999504089355,
        1.9019999504089355,
        1.90500009059906,
        1.90500009059906,
        1.90500009059906,
        1.9089999198913574,
        1.9089999198913574,
        1.9089999198913574,
        1.912000060081482,
        1.912000060081482,
        1.912000060081482,
        1.912000060081482,
        1.9149999618530273,
        1.9149999618530273,
        1.9149999618530273,
        1.9179999828338623,
        1.9179999828338623,
        1.9179999828338623,
        1.9220000505447388,
        1.9220000505447388,
        1.9220000505447388,
        1.9220000505447388,
        1.9249999523162842,
        1.9249999523162842,
        1.9249999523162842,
        1.9279999732971191,
        1.9279999732971191,
        1.9279999732971191,
        1.930999994277954,
        1.930999994277954,
        1.930999994277954,
        1.934999942779541,
        1.934999942779541,
        1.934999942779541,
        1.934999942779541,
        1.937999963760376,
        1.937999963760376,
        1.937999963760376,
        1.9410001039505005,
        1.9410001039505005,
        1.9410001039505005,
        1.9449999332427979,
        1.9449999332427979,
        1.9449999332427979,
        1.9449999332427979,
        1.9480000734329224,
        1.9480000734329224
    ],
    "Generations needed": 34,
    "Population 1": 199.85499572753906,
    "Population 10": 1942.4000244140625,
    "Population 11": 2541.06005859375,
    "Population 12": 2562.0,
    "Population 13": 2562.0,
    "Population 14": 2619.02490234375,
    "Population 15": 2927.60498046875,
    "Population 16": 2935.0,
    "Population 17": 2935.0,
    "Population 18": 2955.885009765625,
    "Population 19": 3582.195068359375,
    "Population 2": 754.7100219726563,
    "Population 20": 3586.0,
    "Population 21": 3586.0,
    "Population 22": 3623.570068359375,
    "Population 23": 3957.239990234375,
    "Population 24": 3959.0,
    "Population 25": 3959.0,
    "Population 26": 3988.14990234375,
    "Population 27": 4596.97998046875,
    "Population 28": 4610.0,
    "Population 29": 4610.0,
    "Population 3": 1499.510009765625,
    "Population 30": 4667.02490234375,
    "Population 31": 4980.14990234375,
    "Population 32": 4983.0,
    "Population 33": 4983.0,
    "Population 34": 4983.93505859375,
    "Population 4": 1538.0,
    "Population 5": 1538.0,
    "Population 6": 1586.6650390625,
    "Population 7": 1905.4949951171875,
    "Population 8": 1911.0,
    "Population 9": 1911.0,
    "start": "today"
}
