{
    "Champ at 1": 887.0,
    "Champ at 10": 2562.0,
    "Champ at 11": 2562.0,
    "Champ at 12": 2562.0,
    "Champ at 13": 2562.0,
    "Champ at 14": 2562.0,
    "Champ at 15": 2935.0,
    "Champ at 16": 2935.0,
    "Champ at 17": 2935.0,
    "Champ at 18": 2935.0,
    "Champ at 19": 3891.0,
    "Champ at 2": 1538.0,
    "Champ at 20": 3891.0,
    "Champ at 21": 3891.0,
    "Champ at 22": 3891.0,
    "Champ at 23": 4924.0,
    "Champ at 24": 4924.0,
    "Champ at 25": 4924.0,
    "Champ at 26": 4924.0,
    "Champ at 27": 5168.0,
    "Champ at 3": 1538.0,
    "Champ at 4": 1538.0,
    "Champ at 5": 1538.0,
    "Champ at 6": 1911.0,
    "Champ at 7": 1911.0,
    "Champ at 8": 1911.0,
    "Champ at 9": 1911.0,
    "ChampFitness": 5168.0,
    "ChampInputs": [
        1.8830000162124634,
        1.8860000371932983,
        1.8860000371932983,
        1.8889999389648438,
        1.8889999389648438,
        1.8930000066757202,
        1.8930000066757202,
        1.2392064332962036,
        1.8960000276565552,
        1.8960000276565552,
        1.8989999294281006,
        1.8989999294281006,
        2.4630000591278076,
        1.902999997138977,
        1.902999997138977,
        3.0399999618530273,
        1.9059998989105225,
        1.9059998989105225,
        1.9059998989105225,
        1.9089999198913574,
        2.4679999351501465,
        1.912000060081482,
        1.9159998893737793,
        3.2080001831054688,
        1.9190000295639038,
        1.9190000295639038,
        1.9220000505447388,
        1.9220000505447388,
        1.9249999523162842,
        1.9249999523162842,
        1.9290000200271606,
        3.569000005722046,
        1.9320000410079956,
        1.9320000410079956,
        1.934999942779541,
        1.934999942779541,
        1.937999963760376,
        1.937999963760376,
        1.937999963760376,
        3.4169998168945313,
        1.941999912261963,
        1.9449999332427979,
        1.9449999332427979,
        1.9449999332427979,
        1.9480000734329224,
        1.9480000734329224,
        1.9480000734329224,
        1.9509999752044678,
        1.9509999752044678,
        1.9550000429153442,
        1.9580000638961792,
        1.9580000638961792,
        1.9609999656677246,
        1.9609999656677246,
        1.9609999656677246,
        1.965000033378601,
        1.965000033378601,
        1.9679999351501465,
        1.9709999561309814,
        1.9709999561309814,
        1.9739999771118164,
        1.9739999771118164,
        1.9779999256134033,
        1.9779999256134033,
        1.9809999465942383,
        1.9809999465942383,
        1.9840000867843628,
        1.9869999885559082,
        1.9869999885559082,
        1.9869999885559082,
        1.9910000562667847,
        1.9910000562667847,
        1.99399995803833,
        1.99399995803833,
        1.99399995803833,
        1.996999979019165,
        1.996999979019165,
        2.0,
        2.0,
        2.0,
        2.003999948501587,
        2.003999948501587,
        2.006999969482422,
        2.006999969482422,
        2.009999990463257,
        2.009999990463257,
        2.0139999389648438,
        2.0139999389648438,
        2.0169999599456787,
        2.0169999599456787,
        2.0199999809265137,
        2.0199999809265137,
        2.0230000019073486,
        2.0230000019073486,
        2.0269999504089355,
        2.0269999504089355,
        2.0299999713897705,
        2.0299999713897705,
        2.0329999923706055,
        2.0329999923706055
    ],
    "Generations needed": 27,
    "Population 1": 205.57000732421875,
    "Population 10": 1943.52001953125,
    "Population 11": 2552.235107421875,
    "Population 12": 2558.7451171875,
    "Population 13": 2562.0,
    "Population 14": 2562.0,
    "Population 15": 2591.14990234375,
    "Population 16": 2930.85009765625,
    "Population 17": 2935.0,
    "Population 18": 2935.0,
    "Population 19": 2973.35498046875,
    "Population 2": 800.1599731445313,
    "Population 20": 3886.219970703125,
    "Population 21": 3891.0,
    "Population 22": 3891.0,
    "Population 23": 3990.260009765625,
    "Population 24": 4916.240234375,
    "Population 25": 4924.0,
    "Population 26": 4924.0,
    "Population 27": 4976.84521484375,
    "Population 3": 1508.9949951171875,
    "Population 4": 1538.0,
    "Population 5": 1538.0,
    "Population 6": 1587.969970703125,
    "Population 7": 1905.7249755859375,
    "Population 8": 1911.0,
    "Population 9": 1911.0,
    "start": "today"
}
