{
    "Champ at 1": 826.0,
    "Champ at 10": 1911.0,
    "Champ at 11": 1911.0,
    "Champ at 12": 2562.0,
    "Champ at 13": 2562.0,
    "Champ at 14": 2562.0,
    "Champ at 15": 2562.0,
    "Champ at 16": 2935.0,
    "Champ at 17": 2935.0,
    "Champ at 18": 2935.0,
    "Champ at 19": 2935.0,
    "Champ at 2": 887.0,
    "Champ at 20": 3586.0,
    "Champ at 21": 3586.0,
    "Champ at 22": 3586.0,
    "Champ at 23": 3586.0,
    "Champ at 24": 3959.0,
    "Champ at 25": 3959.0,
    "Champ at 26": 3959.0,
    "Champ at 27": 3959.0,
    "Champ at 28": 4610.0,
    "Champ at 29": 4610.0,
    "Champ at 3": 1244.0,
    "Champ at 30": 4610.0,
    "Champ at 31": 4610.0,
    "Champ at 32": 4983.0,
    "Champ at 33": 4983.0,
    "Champ at 34": 4983.0,
    "Champ at 35": 4983.0,
    "Champ at 36": 5163.0,
    "Champ at 4": 1244.0,
    "Champ at 5": 1244.0,
    "Champ at 6": 1244.0,
    "Champ at 7": 1244.0,
    "Champ at 8": 1911.0,
    "Champ at 9": 1911.0,
    "ChampFitness": 5163.0,
    "ChampInputs": [
        1.8510000705718994,
        1.8539999723434448,
        1.8539999723434448,
        1.8569999933242798,
        1.8569999933242798,
        1.8569999933242798,
        2.599783420562744,
        1.8600000143051147,
        1.8600000143051147,
        3.316999912261963,
        1.8639999628067017,
        1.8639999628067017,
        1.8669999837875366,
        1.8669999837875366,
        3.246999979019165,
        1.8700001239776611,
        1.8700001239776611,
        1.872999906539917,
        1.872999906539917,
        2.56000018119812,
        1.877000093460083,
        1.877000093460083,
        3.259999990463257,
        1.8799998760223389,
        1.8799998760223389,
        1.8799998760223389,
        1.8830000162124634,
        2.5490000247955322,
        1.8830000162124634,
        1.8870000839233398,
        3.046999931335449,
        1.8870000839233398,
        1.8899999856948853,
        1.8899999856948853,
        1.8899999856948853,
        0.6380000114440918,
        1.8930000066757202,
        1.8930000066757202,
        1.8960000276565552,
        3.197999954223633,
        1.8960000276565552,
        1.899999976158142,
        1.899999976158142,
        1.899999976158142,
        1.902999997138977,
        1.902999997138977,
        1.902999997138977,
        1.9059998989105225,
        1.9059998989105225,
        1.9059998989105225,
        1.9059998989105225,
        1.9089999198913574,
        1.9089999198913574,
        1.9089999198913574,
        1.9130001068115234,
        1.9130001068115234,
        1.9130001068115234,
        1.9159998893737793,
        1.9159998893737793,
        1.9159998893737793,
        1.9190000295639038,
        1.9190000295639038,
        1.9190000295639038,
        1.9220000505447388,
        1.9220000505447388,
        1.9220000505447388,
        1.9259999990463257,
        1.9259999990463257,
        1.9259999990463257,
        1.9290000200271606,
        1.9290000200271606,
        1.9320000410079956,
        1.9320000410079956,
        1.9320000410079956,
        1.9359999895095825,
        1.9359999895095825,
        1.9359999895095825,
        1.9390000104904175,
        1.9390000104904175,
        1.9390000104904175,
        1.941999912261963,
        1.941999912261963,
        1.941999912261963,
        1.941999912261963,
        1.9449999332427979,
        1.9449999332427979,
        1.9490001201629639,
        1.9490001201629639,
        1.9490001201629639,
        1.9519999027252197,
        1.9550000429153442,
        1.9550000429153442,
        1.9550000429153442,
        1.9580000638961792,
        1.9580000638961792,
        1.9580000638961792,
        1.9620000123977661,
        1.9620000123977661,
        1.9620000123977661,
        1.965000033378601
    ],
    "Generations needed": 36,
    "Population 1": 202.625,
    "Population 10": 1911.0,
    "Population 11": 1911.0,
    "Population 12": 1931.0999755859375,
    "Population 13": 2553.919921875,
    "Population 14": 2562.0,
    "Population 15": 2562.0,
    "Population 16": 2602.2900390625,
    "Population 17": 2929.405029296875,
    "Population 18": 2935.0,
    "Population 19": 2935.0,
    "Population 2": 746.4600219726563,
    "Population 20": 2978.735107421875,
    "Population 21": 3576.235107421875,
    "Population 22": 3586.0,
    "Population 23": 3586.0,
    "Population 24": 3652.6298828125,
    "Population 25": 3948.235107421875,
    "Population 26": 3959.0,
    "Population 27": 3959.0,
    "Population 28": 4009.195068359375,
    "Population 29": 4602.06982421875,
    "Population 3": 880.719970703125,
    "Population 30": 4610.0,
    "Population 31": 4610.0,
    "Population 32": 4653.16015625,
    "Population 33": 4978.9501953125,
    "Population 34": 4983.0,
    "Population 35": 4983.0,
    "Population 36": 4991.01513671875,
    "Population 4": 1218.5150146484375,
    "Population 5": 1241.22998046875,
    "Population 6": 1244.0,
    "Population 7": 1244.0,
    "Population 8": 1360.85498046875,
    "Population 9": 1891.949951171875,
    "start": "today"
}
