{
    "Champ at 1": 887.0,
    "Champ at 10": 2562.0,
    "Champ at 11": 2562.0,
    "Champ at 12": 2562.0,
    "Champ at 13": 2562.0,
    "Champ at 14": 2935.0,
    "Champ at 15": 2935.0,
    "Champ at 16": 2935.0,
    "Champ at 17": 2935.0,
    "Champ at 18": 2935.0,
    "Champ at 19": 3586.0,
    "Champ at 2": 1284.0,
    "Champ at 20": 3586.0,
    "Champ at 21": 3586.0,
    "Champ at 22": 3586.0,
    "Champ at 23": 3959.0,
    "Champ at 24": 3959.0,
    "Champ at 25": 3959.0,
    "Champ at 26": 3959.0,
    "Champ at 27": 4610.0,
    "Champ at 28": 4610.0,
    "Champ at 29": 4610.0,
    "Champ at 3": 1538.0,
    "Champ at 30": 4610.0,
    "Champ at 31": 4983.0,
    "Champ at 32": 4983.0,
    "Champ at 33": 4983.0,
    "Champ at 34": 4983.0,
    "Champ at 35": 5167.0,
    "Champ at 4": 1538.0,
    "Champ at 5": 1538.0,
    "Champ at 6": 1911.0,
    "Champ at 7": 1911.0,
    "Champ at 8": 1911.0,
    "Champ at 9": 1911.0,
    "ChampFitness": 5167.0,
    "ChampInputs": [
        1.8690000772476196,
        1.871999979019165,
        1.871999979019165,
        1.871999979019165,
        1.9277244806289673,
        1.875,
        1.875,
        1.224640130996704,
        1.8790000677108765,
        1.8790000677108765,
        1.8790000677108765,
        1.8819999694824219,
        2.6040000915527344,
        1.8819999694824219,
        1.8849999904632568,
        3.24399995803833,
        1.8849999904632568,
        1.8880000114440918,
        1.8880000114440918,
        1.8880000114440918,
        2.440000057220459,
        1.8919999599456787,
        1.8919999599456787,
        3.0239999294281006,
        1.8949999809265137,
        1.8949999809265137,
        1.8949999809265137,
        1.8980000019073486,
        0.699999988079071,
        1.8980000019073486,
        1.9010000228881836,
        1.9010000228881836,
        3.0250000953674316,
        1.90500009059906,
        1.90500009059906,
        1.90500009059906,
        1.9079999923706055,
        0.5460000038146973,
        1.9079999923706055,
        1.9110000133514404,
        1.9110000133514404,
        3.2749998569488525,
        1.9110000133514404,
        1.9140000343322754,
        1.9140000343322754,
        1.9140000343322754,
        1.9179999828338623,
        1.9179999828338623,
        1.9179999828338623,
        1.9210000038146973,
        1.9210000038146973,
        1.9210000038146973,
        1.9239999055862427,
        1.9239999055862427,
        1.9239999055862427,
        1.9239999055862427,
        1.9279999732971191,
        1.9279999732971191,
        1.9279999732971191,
        1.930999994277954,
        1.930999994277954,
        1.930999994277954,
        1.934000015258789,
        1.934000015258789,
        1.934000015258789,
        1.937000036239624,
        1.937000036239624,
        1.937000036239624,
        1.9410001039505005,
        1.9410001039505005,
        1.9410001039505005,
        1.9410001039505005,
        1.944000005722046,
        1.944000005722046,
        1.944000005722046,
        1.9470000267028809,
        1.9470000267028809,
        1.9470000267028809,
        1.9499999284744263,
        1.9499999284744263,
        1.9499999284744263,
        1.9539999961853027,
        1.9539999961853027,
        1.9539999961853027,
        1.9570000171661377,
        1.9570000171661377,
        1.9570000171661377,
        1.9570000171661377,
        1.959999918937683,
        1.959999918937683,
        1.959999918937683,
        1.9630000591278076,
        1.9630000591278076,
        1.9630000591278076,
        1.9670000076293945,
        1.9670000076293945,
        1.9670000076293945,
        1.9700000286102295,
        1.9700000286102295,
        1.9700000286102295
    ],
    "Generations needed": 35,
    "Population 1": 205.55499267578125,
    "Population 10": 1949.3199462890625,
    "Population 11": 2552.235107421875,
    "Population 12": 2562.0,
    "Population 13": 2562.0,
    "Population 14": 2611.72998046875,
    "Population 15": 2931.27001953125,
    "Population 16": 2934.014892578125,
    "Population 17": 2935.0,
    "Population 18": 2935.0,
    "Population 19": 2985.89990234375,
    "Population 2": 815.3350219726563,
    "Population 20": 3575.820068359375,
    "Population 21": 3586.0,
    "Population 22": 3586.0,
    "Population 23": 3624.614990234375,
    "Population 24": 3951.77001953125,
    "Population 25": 3959.0,
    "Population 26": 3959.0,
    "Population 27": 4010.885009765625,
    "Population 28": 4602.10498046875,
    "Population 29": 4610.0,
    "Population 3": 1252.074951171875,
    "Population 30": 4610.0,
    "Population 31": 4657.6650390625,
    "Population 32": 4979.69482421875,
    "Population 33": 4983.0,
    "Population 34": 4983.0,
    "Population 35": 4986.9150390625,
    "Population 4": 1538.0,
    "Population 5": 1538.0,
    "Population 6": 1574.469970703125,
    "Population 7": 1903.3499755859375,
    "Population 8": 1911.0,
    "Population 9": 1911.0,
    "start": "today"
}
