{
    "Champ at 1": 812.0,
    "Champ at 10": 2309.0,
    "Champ at 11": 2309.0,
    "Champ at 12": 2309.0,
    "Champ at 13": 2309.0,
    "Champ at 14": 2935.0,
    "Champ at 15": 2935.0,
    "Champ at 16": 2935.0,
    "Champ at 17": 2935.0,
    "Champ at 18": 3586.0,
    "Champ at 19": 3586.0,
    "Champ at 2": 1279.0,
    "Champ at 20": 3586.0,
    "Champ at 21": 3586.0,
    "Champ at 22": 3959.0,
    "Champ at 23": 3959.0,
    "Champ at 24": 3959.0,
    "Champ at 25": 3959.0,
    "Champ at 26": 4610.0,
    "Champ at 27": 4610.0,
    "Champ at 28": 4610.0,
    "Champ at 29": 4610.0,
    "Champ at 3": 1279.0,
    "Champ at 30": 4983.0,
    "Champ at 31": 4983.0,
    "Champ at 32": 4983.0,
    "Champ at 33": 4983.0,
    "Champ at 34": 5159.0,
    "Champ at 4": 1279.0,
    "Champ at 5": 1279.0,
    "Champ at 6": 1911.0,
    "Champ at 7": 1911.0,
    "Champ at 8": 1911.0,
    "Champ at 9": 1911.0,
    "ChampFitness": 5159.0,
    "ChampInputs": [
        1.8209999799728394,
        1.8240000009536743,
        1.8240000009536743,
        1.8240000009536743,
        1.8269999027252197,
        1.8269999027252197,
        3.4804928302764893,
        1.8299999237060547,
        1.8299999237060547,
        0.9769999980926514,
        1.8340001106262207,
        1.8340001106262207,
        1.8340001106262207,
        1.8369998931884766,
        1.8369998931884766,
        3.2139997482299805,
        1.840000033378601,
        1.840000033378601,
        0.9819999933242798,
        1.843000054359436,
        1.843000054359436,
        1.843000054359436,
        1.847000002861023,
        1.847000002861023,
        3.1019999980926514,
        1.850000023841858,
        1.850000023841858,
        1.8529999256134033,
        1.8529999256134033,
        2.6640000343322754,
        1.8529999256134033,
        1.8569999933242798,
        3.236999988555908,
        1.8569999933242798,
        1.8600000143051147,
        1.8600000143051147,
        1.8600000143051147,
        2.6519999504089355,
        1.8629999160766602,
        1.8629999160766602,
        3.1449999809265137,
        1.8659999370574951,
        1.8659999370574951,
        1.8700001239776611,
        1.8700001239776611,
        1.872999906539917,
        1.872999906539917,
        1.872999906539917,
        1.8760000467300415,
        1.8760000467300415,
        1.8760000467300415,
        1.8790000677108765,
        1.8790000677108765,
        1.8790000677108765,
        1.8790000677108765,
        1.8830000162124634,
        1.8830000162124634,
        1.8830000162124634,
        1.8860000371932983,
        1.8860000371932983,
        1.8860000371932983,
        1.8889999389648438,
        1.8889999389648438,
        1.8889999389648438,
        1.8889999389648438,
        1.8919999599456787,
        1.8919999599456787,
        1.8960000276565552,
        1.8960000276565552,
        1.8960000276565552,
        1.8989999294281006,
        1.8989999294281006,
        1.8989999294281006,
        1.8989999294281006,
        1.9019999504089355,
        1.9019999504089355,
        1.9059998989105225,
        1.9059998989105225,
        1.9059998989105225,
        1.9089999198913574,
        1.9089999198913574,
        1.9089999198913574,
        1.9089999198913574,
        1.912000060081482,
        1.912000060081482,
        1.912000060081482,
        1.9149999618530273,
        1.9149999618530273,
        1.9149999618530273,
        1.9190000295639038,
        1.9190000295639038,
        1.9190000295639038,
        1.9220000505447388,
        1.9220000505447388,
        1.9220000505447388,
        1.9249999523162842,
        1.9249999523162842,
        1.9279999732971191,
        1.9279999732971191,
        1.9279999732971191
    ],
    "Generations needed": 34,
    "Population 1": 200.77499389648438,
    "Population 10": 1929.9150390625,
    "Population 11": 2303.014892578125,
    "Population 12": 2309.0,
    "Population 13": 2309.0,
    "Population 14": 2427.284912109375,
    "Population 15": 2921.114990234375,
    "Population 16": 2935.0,
    "Population 17": 2935.0,
    "Population 18": 2981.364990234375,
    "Population 19": 3572.97998046875,
    "Population 2": 746.9849853515625,
    "Population 20": 3586.0,
    "Population 21": 3586.0,
    "Population 22": 3613.925048828125,
    "Population 23": 3953.175048828125,
    "Population 24": 3959.0,
    "Population 25": 3959.0,
    "Population 26": 3997.800048828125,
    "Population 27": 4605.47021484375,
    "Population 28": 4610.0,
    "Population 29": 4610.0,
    "Population 3": 1250.094970703125,
    "Population 30": 4631.48486328125,
    "Population 31": 4981.134765625,
    "Population 32": 4983.0,
    "Population 33": 4983.0,
    "Population 34": 4980.33984375,
    "Population 4": 1279.0,
    "Population 5": 1279.0,
    "Population 6": 1402.81005859375,
    "Population 7": 1894.6400146484375,
    "Population 8": 1911.0,
    "Population 9": 1911.0,
    "start": "today"
}
