{
    "Champ at 1": 729.0,
    "Champ at 10": 1273.0,
    "Champ at 11": 1273.0,
    "Champ at 12": 1273.0,
    "Champ at 13": 1273.0,
    "Champ at 14": 1273.0,
    "Champ at 15": 1273.0,
    "Champ at 16": 1273.0,
    "Champ at 17": 1911.0,
    "Champ at 18": 1911.0,
    "Champ at 19": 1911.0,
    "Champ at 2": 887.0,
    "Champ at 20": 1911.0,
    "Champ at 21": 1911.0,
    "Champ at 22": 1911.0,
    "Champ at 23": 1911.0,
    "Champ at 24": 2508.0,
    "Champ at 25": 2508.0,
    "Champ at 26": 2508.0,
    "Champ at 27": 2508.0,
    "Champ at 28": 2508.0,
    "Champ at 29": 2508.0,
    "Champ at 3": 887.0,
    "Champ at 30": 2508.0,
    "Champ at 31": 2935.0,
    "Champ at 32": 2935.0,
    "Champ at 33": 2935.0,
    "Champ at 34": 2935.0,
    "Champ at 35": 2935.0,
    "Champ at 36": 2935.0,
    "Champ at 37": 2935.0,
    "Champ at 38": 3333.0,
    "Champ at 39": 3333.0,
    "Champ at 4": 887.0,
    "Champ at 40": 3333.0,
    "Champ at 41": 3333.0,
    "Champ at 42": 3333.0,
    "Champ at 43": 3333.0,
    "Champ at 44": 3959.0,
    "Champ at 45": 3959.0,
    "Champ at 46": 3959.0,
    "Champ at 47": 3959.0,
    "Champ at 48": 3959.0,
    "Champ at 49": 3959.0,
    "Champ at 5": 887.0,
    "Champ at 50": 4610.0,
    "Champ at 51": 4610.0,
    "Champ at 52": 4610.0,
    "Champ at 53": 4610.0,
    "Champ at 54": 4610.0,
    "Champ at 55": 4610.0,
    "Champ at 56": 4926.0,
    "Champ at 57": 4926.0,
    "Champ at 58": 4926.0,
    "Champ at 59": 4926.0,
    "Champ at 6": 887.0,
    "Champ at 60": 4926.0,
    "Champ at 61": 4926.0,
    "Champ at 62": 4926.0,
    "Champ at 63": 5160.0,
    "Champ at 7": 887.0,
    "Champ at 8": 887.0,
    "Champ at 9": 887.0,
    "ChampFitness": 5160.0,
    "ChampInputs": [
        1.7910001277923584,
        1.7939999103546143,
        1.7939999103546143,
        1.7980000972747803,
        1.7980000972747803,
        2.3564624786376953,
        3.052999973297119,
        1.8040000200271606,
        1.8040000200271606,
        3.1009998321533203,
        1.8070000410079956,
        1.8109999895095825,
        1.8109999895095825,
        1.8140000104904175,
        3.2139997482299805,
        1.8170000314712524,
        1.8170000314712524,
        1.8199999332427979,
        1.8199999332427979,
        2.8400001525878906,
        1.8240000009536743,
        1.8240000009536743,
        3.18500018119812,
        1.8269999027252197,
        1.8269999027252197,
        1.0140000581741333,
        1.8299999237060547,
        1.8330000638961792,
        1.8330000638961792,
        1.8330000638961792,
        1.8369998931884766,
        3.2330000400543213,
        1.840000033378601,
        1.840000033378601,
        1.840000033378601,
        1.843000054359436,
        0.7509999871253967,
        1.843000054359436,
        1.8459999561309814,
        1.8459999561309814,
        3.258999824523926,
        1.850000023841858,
        1.850000023841858,
        1.8529999256134033,
        1.8529999256134033,
        1.8559999465942383,
        1.8559999465942383,
        1.8559999465942383,
        1.8600000143051147,
        1.8600000143051147,
        1.8600000143051147,
        1.8629999160766602,
        1.8629999160766602,
        1.8659999370574951,
        1.8659999370574951,
        1.8690000772476196,
        1.8690000772476196,
        1.872999906539917,
        1.8760000467300415,
        1.8760000467300415,
        1.8790000677108765,
        1.8819999694824219,
        1.8819999694824219,
        1.8860000371932983,
        1.8860000371932983,
        1.8889999389648438,
        1.8889999389648438,
        1.8919999599456787,
        1.8919999599456787,
        1.8949999809265137,
        1.8949999809265137,
        1.8949999809265137,
        1.8989999294281006,
        1.8989999294281006,
        1.9019999504089355,
        1.9019999504089355,
        1.9019999504089355,
        1.90500009059906,
        1.90500009059906,
        1.9089999198913574,
        1.9089999198913574,
        1.9089999198913574,
        1.912000060081482,
        1.912000060081482,
        1.9149999618530273,
        1.9149999618530273,
        1.9149999618530273,
        1.9179999828338623,
        1.9179999828338623,
        1.9220000505447388,
        1.9220000505447388,
        1.9220000505447388,
        1.9249999523162842,
        1.9249999523162842,
        1.9249999523162842,
        1.9279999732971191,
        1.9279999732971191,
        1.9279999732971191,
        1.930999994277954,
        1.930999994277954
    ],
    "Generations needed": 63,
    "Population 1": 193.8249969482422,
    "Population 10": 920.0599975585938,
    "Population 11": 1257.3699951171875,
    "Population 12": 1271.0699462890625,
    "Population 13": 1273.0,
    "Population 14": 1273.0,
    "Population 15": 1273.0,
    "Population 16": 1273.0,
    "Population 17": 1367.2249755859375,
    "Population 18": 1899.699951171875,
    "Population 19": 1907.85498046875,
    "Population 2": 670.27001953125,
    "Population 20": 1911.0,
    "Population 21": 1911.0,
    "Population 22": 1911.0,
    "Population 23": 1911.0,
    "Population 24": 1938.7850341796875,
    "Population 25": 2488.014892578125,
    "Population 26": 2505.739990234375,
    "Population 27": 2508.0,
    "Population 28": 2508.0,
    "Population 29": 2508.0,
    "Population 3": 858.2650146484375,
    "Population 30": 2508.0,
    "Population 31": 2585.840087890625,
    "Population 32": 2932.47998046875,
    "Population 33": 2934.014892578125,
    "Population 34": 2935.0,
    "Population 35": 2935.0,
    "Population 36": 2935.0,
    "Population 37": 2935.0,
    "Population 38": 2976.3701171875,
    "Population 39": 3331.010009765625,
    "Population 4": 884.635009765625,
    "Population 40": 3333.0,
    "Population 41": 3333.0,
    "Population 42": 3333.0,
    "Population 43": 3333.0,
    "Population 44": 3427.679931640625,
    "Population 45": 3958.22509765625,
    "Population 46": 3959.0,
    "Population 47": 3959.0,
    "Population 48": 3959.0,
    "Population 49": 3959.0,
    "Population 5": 886.6300048828125,
    "Population 50": 3989.860107421875,
    "Population 51": 4600.23486328125,
    "Population 52": 4610.0,
    "Population 53": 4610.0,
    "Population 54": 4610.0,
    "Population 55": 4610.0,
    "Population 56": 4641.865234375,
    "Population 57": 4924.294921875,
    "Population 58": 4924.365234375,
    "Population 59": 4926.0,
    "Population 6": 887.0,
    "Population 60": 4926.0,
    "Population 61": 4926.0,
    "Population 62": 4926.0,
    "Population 63": 4984.31005859375,
    "Population 7": 887.0,
    "Population 8": 887.0,
    "Population 9": 887.0,
    "start": "today"
}
