{
    "Champ at 1": 887.0,
    "Champ at 10": 1911.0,
    "Champ at 11": 1911.0,
    "Champ at 12": 1911.0,
    "Champ at 13": 1911.0,
    "Champ at 14": 1911.0,
    "Champ at 15": 2863.0,
    "Champ at 16": 2863.0,
    "Champ at 17": 2863.0,
    "Champ at 18": 2863.0,
    "Champ at 19": 2863.0,
    "Champ at 2": 1262.0,
    "Champ at 20": 2863.0,
    "Champ at 21": 3586.0,
    "Champ at 22": 3586.0,
    "Champ at 23": 3586.0,
    "Champ at 24": 3586.0,
    "Champ at 25": 3586.0,
    "Champ at 26": 3586.0,
    "Champ at 27": 3959.0,
    "Champ at 28": 3959.0,
    "Champ at 29": 3959.0,
    "Champ at 3": 1538.0,
    "Champ at 30": 3959.0,
    "Champ at 31": 3959.0,
    "Champ at 32": 4918.0,
    "Champ at 33": 4918.0,
    "Champ at 34": 4918.0,
    "Champ at 35": 4918.0,
    "Champ at 36": 4918.0,
    "Champ at 37": 4918.0,
    "Champ at 38": 5167.0,
    "Champ at 4": 1538.0,
    "Champ at 5": 1538.0,
    "Champ at 6": 1538.0,
    "Champ at 7": 1538.0,
    "Champ at 8": 1538.0,
    "Champ at 9": 1911.0,
    "ChampFitness": 5167.0,
    "ChampInputs": [
        1.8860000371932983,
        1.8889999389648438,
        1.8889999389648438,
        1.8889999389648438,
        1.8919999599456787,
        1.8919999599456787,
        1.8919999599456787,
        1.2696635723114014,
        1.8960000276565552,
        1.8960000276565552,
        1.8989999294281006,
        1.8989999294281006,
        2.361999988555908,
        1.8989999294281006,
        1.9019999504089355,
        3.314000129699707,
        1.9019999504089355,
        1.90500009059906,
        1.90500009059906,
        1.90500009059906,
        1.9089999198913574,
        1.9089999198913574,
        1.9089999198913574,
        3.4140000343322754,
        1.912000060081482,
        1.912000060081482,
        1.9149999618530273,
        1.9149999618530273,
        2.446000099182129,
        1.9149999618530273,
        1.9179999828338623,
        3.315000057220459,
        1.9179999828338623,
        1.9220000505447388,
        1.9220000505447388,
        1.9220000505447388,
        1.9249999523162842,
        1.9249999523162842,
        1.9249999523162842,
        3.515000104904175,
        1.9279999732971191,
        1.9279999732971191,
        1.930999994277954,
        1.930999994277954,
        1.930999994277954,
        1.930999994277954,
        1.934999942779541,
        1.934999942779541,
        1.934999942779541,
        1.937999963760376,
        1.937999963760376,
        1.937999963760376,
        1.9410001039505005,
        1.9410001039505005,
        1.9410001039505005,
        1.9449999332427979,
        1.9449999332427979,
        1.9449999332427979,
        1.9480000734329224,
        1.9480000734329224,
        1.9480000734329224,
        1.9480000734329224,
        1.9509999752044678,
        1.9509999752044678,
        1.9509999752044678,
        1.9539999961853027,
        1.9539999961853027,
        1.9539999961853027,
        1.9580000638961792,
        1.9580000638961792,
        1.9580000638961792,
        1.9609999656677246,
        1.9609999656677246,
        1.9609999656677246,
        1.9639999866485596,
        1.9639999866485596,
        1.9639999866485596,
        1.9670000076293945,
        1.9670000076293945,
        1.9670000076293945,
        1.9670000076293945,
        1.9709999561309814,
        1.9709999561309814,
        1.9709999561309814,
        1.9739999771118164,
        1.9739999771118164,
        1.9739999771118164,
        1.9769999980926514,
        1.9769999980926514,
        1.9769999980926514,
        1.9800000190734863,
        1.9800000190734863,
        1.9800000190734863,
        1.9840000867843628,
        1.9840000867843628,
        1.9840000867843628,
        1.9840000867843628,
        1.9869999885559082,
        1.9869999885559082,
        1.9869999885559082
    ],
    "Generations needed": 38,
    "Population 1": 204.9199981689453,
    "Population 10": 1904.6949462890625,
    "Population 11": 1911.0,
    "Population 12": 1911.0,
    "Population 13": 1911.0,
    "Population 14": 1911.0,
    "Population 15": 1960.5999755859375,
    "Population 16": 2841.8349609375,
    "Population 17": 2863.0,
    "Population 18": 2863.0,
    "Population 19": 2863.0,
    "Population 2": 772.530029296875,
    "Population 20": 2863.0,
    "Population 21": 2947.625,
    "Population 22": 3574.574951171875,
    "Population 23": 3586.0,
    "Population 24": 3586.0,
    "Population 25": 3586.0,
    "Population 26": 3586.0,
    "Population 27": 3627.14990234375,
    "Population 28": 3959.0,
    "Population 29": 3959.0,
    "Population 3": 1228.2049560546875,
    "Population 30": 3959.0,
    "Population 31": 3959.0,
    "Population 32": 4022.889892578125,
    "Population 33": 4911.6650390625,
    "Population 34": 4918.0,
    "Population 35": 4918.0,
    "Population 36": 4918.0,
    "Population 37": 4918.0,
    "Population 38": 4983.72509765625,
    "Population 4": 1518.5699462890625,
    "Population 5": 1538.0,
    "Population 6": 1538.0,
    "Population 7": 1538.0,
    "Population 8": 1538.0,
    "Population 9": 1580.85498046875,
    "start": "today"
}
