{
    "Champ at 1": 887.0,
    "Champ at 10": 1911.0,
    "Champ at 11": 1911.0,
    "Champ at 12": 1911.0,
    "Champ at 13": 1911.0,
    "Champ at 14": 1911.0,
    "Champ at 15": 2562.0,
    "Champ at 16": 2562.0,
    "Champ at 17": 2562.0,
    "Champ at 18": 2562.0,
    "Champ at 19": 2562.0,
    "Champ at 2": 1285.0,
    "Champ at 20": 2935.0,
    "Champ at 21": 2935.0,
    "Champ at 22": 2935.0,
    "Champ at 23": 2935.0,
    "Champ at 24": 2935.0,
    "Champ at 25": 2935.0,
    "Champ at 26": 3586.0,
    "Champ at 27": 3586.0,
    "Champ at 28": 3586.0,
    "Champ at 29": 3586.0,
    "Champ at 3": 1538.0,
    "Champ at 30": 3586.0,
    "Champ at 31": 3586.0,
    "Champ at 32": 3959.0,
    "Champ at 33": 3959.0,
    "Champ at 34": 3959.0,
    "Champ at 35": 3959.0,
    "Champ at 36": 3959.0,
    "Champ at 37": 3959.0,
    "Champ at 38": 4915.0,
    "Champ at 39": 4915.0,
    "Champ at 4": 1538.0,
    "Champ at 40": 4915.0,
    "Champ at 41": 4915.0,
    "Champ at 42": 4915.0,
    "Champ at 43": 4915.0,
    "Champ at 44": 5167.0,
    "Champ at 5": 1538.0,
    "Champ at 6": 1538.0,
    "Champ at 7": 1538.0,
    "Champ at 8": 1538.0,
    "Champ at 9": 1911.0,
    "ChampFitness": 5167.0,
    "ChampInputs": [
        1.8659999370574951,
        1.8690000772476196,
        1.8690000772476196,
        1.871999979019165,
        1.871999979019165,
        1.8760000467300415,
        1.8760000467300415,
        1.2807433605194092,
        1.8790000677108765,
        1.8790000677108765,
        1.8819999694824219,
        1.8819999694824219,
        0.7800000309944153,
        1.8860000371932983,
        1.8860000371932983,
        1.8889999389648438,
        3.007999897003174,
        1.8889999389648438,
        1.8919999599456787,
        1.8919999599456787,
        1.8949999809265137,
        0.5889999866485596,
        1.8949999809265137,
        1.8989999294281006,
        1.8989999294281006,
        3.2920000553131104,
        1.9019999504089355,
        1.9019999504089355,
        1.90500009059906,
        1.90500009059906,
        2.3420000076293945,
        1.9079999923706055,
        1.9079999923706055,
        3.2699999809265137,
        1.912000060081482,
        1.912000060081482,
        1.9149999618530273,
        1.9149999618530273,
        1.9179999828338623,
        1.9179999828338623,
        1.9210000038146973,
        3.564000129699707,
        1.9210000038146973,
        1.9249999523162842,
        1.9249999523162842,
        1.9249999523162842,
        1.9279999732971191,
        1.9279999732971191,
        1.930999994277954,
        1.930999994277954,
        1.930999994277954,
        1.934999942779541,
        1.934999942779541,
        1.937999963760376,
        1.937999963760376,
        1.9410001039505005,
        1.9410001039505005,
        1.9410001039505005,
        1.944000005722046,
        1.944000005722046,
        1.944000005722046,
        1.9480000734329224,
        1.9480000734329224,
        1.9509999752044678,
        1.9509999752044678,
        1.9539999961853027,
        1.9539999961853027,
        1.9539999961853027,
        1.9570000171661377,
        1.9570000171661377,
        1.9609999656677246,
        1.9609999656677246,
        1.9639999866485596,
        1.9639999866485596,
        1.9639999866485596,
        1.9670000076293945,
        1.9670000076293945,
        1.9700000286102295,
        1.9700000286102295,
        1.9739999771118164,
        1.9739999771118164,
        1.9739999771118164,
        1.9769999980926514,
        1.9769999980926514,
        1.9800000190734863,
        1.9800000190734863,
        1.9830000400543213,
        1.9830000400543213,
        1.9830000400543213,
        1.9869999885559082,
        1.9869999885559082,
        1.9900000095367432,
        1.9900000095367432,
        1.9900000095367432,
        1.9930000305175781,
        1.9930000305175781,
        1.996999979019165,
        1.996999979019165,
        1.996999979019165,
        2.0
    ],
    "Generations needed": 44,
    "Population 1": 200.6999969482422,
    "Population 10": 1907.27001953125,
    "Population 11": 1911.0,
    "Population 12": 1911.0,
    "Population 13": 1911.0,
    "Population 14": 1911.0,
    "Population 15": 1957.4849853515625,
    "Population 16": 2562.0,
    "Population 17": 2562.0,
    "Population 18": 2562.0,
    "Population 19": 2562.0,
    "Population 2": 769.1799926757813,
    "Population 20": 2596.469970703125,
    "Population 21": 2928.985107421875,
    "Population 22": 2935.0,
    "Population 23": 2935.0,
    "Population 24": 2935.0,
    "Population 25": 2935.0,
    "Population 26": 2958.52001953125,
    "Population 27": 3571.614990234375,
    "Population 28": 3586.0,
    "Population 29": 3586.0,
    "Population 3": 1243.2449951171875,
    "Population 30": 3586.0,
    "Population 31": 3586.0,
    "Population 32": 3633.60498046875,
    "Population 33": 3957.56005859375,
    "Population 34": 3959.0,
    "Population 35": 3959.0,
    "Population 36": 3959.0,
    "Population 37": 3959.0,
    "Population 38": 3985.044921875,
    "Population 39": 4907.330078125,
    "Population 4": 1530.72998046875,
    "Population 40": 4915.0,
    "Population 41": 4915.0,
    "Population 42": 4915.0,
    "Population 43": 4915.0,
    "Population 44": 4977.5400390625,
    "Population 5": 1538.0,
    "Population 6": 1538.0,
    "Population 7": 1538.0,
    "Population 8": 1538.0,
    "Population 9": 1583.4200439453125,
    "start": "today"
}
