{
    "Champ at 1": 722.0,
    "Champ at 10": 887.0,
    "Champ at 11": 1275.0,
    "Champ at 12": 1275.0,
    "Champ at 13": 1275.0,
    "Champ at 14": 1275.0,
    "Champ at 15": 1275.0,
    "Champ at 16": 1275.0,
    "Champ at 17": 1911.0,
    "Champ at 18": 1911.0,
    "Champ at 19": 1911.0,
    "Champ at 2": 887.0,
    "Champ at 20": 1911.0,
    "Champ at 21": 1911.0,
    "Champ at 22": 1911.0,
    "Champ at 23": 2304.0,
    "Champ at 24": 2304.0,
    "Champ at 25": 2304.0,
    "Champ at 26": 2304.0,
    "Champ at 27": 2304.0,
    "Champ at 28": 2304.0,
    "Champ at 29": 2935.0,
    "Champ at 3": 887.0,
    "Champ at 30": 2935.0,
    "Champ at 31": 2935.0,
    "Champ at 32": 2935.0,
    "Champ at 33": 2935.0,
    "Champ at 34": 2935.0,
    "Champ at 35": 3331.0,
    "Champ at 36": 3331.0,
    "Champ at 37": 3331.0,
    "Champ at 38": 3331.0,
    "Champ at 39": 3331.0,
    "Champ at 4": 887.0,
    "Champ at 40": 3959.0,
    "Champ at 41": 3959.0,
    "Champ at 42": 3959.0,
    "Champ at 43": 3959.0,
    "Champ at 44": 3959.0,
    "Champ at 45": 3959.0,
    "Champ at 46": 4341.0,
    "Champ at 47": 4341.0,
    "Champ at 48": 4341.0,
    "Champ at 49": 4341.0,
    "Champ at 5": 887.0,
    "Champ at 50": 4341.0,
    "Champ at 51": 4341.0,
    "Champ at 52": 4983.0,
    "Champ at 53": 4983.0,
    "Champ at 54": 4983.0,
    "Champ at 55": 4983.0,
    "Champ at 56": 4983.0,
    "Champ at 57": 4983.0,
    "Champ at 58": 5163.0,
    "Champ at 6": 887.0,
    "Champ at 7": 887.0,
    "Champ at 8": 887.0,
    "Champ at 9": 887.0,
    "ChampFitness": 5163.0,
    "ChampInputs": [
        1.7690000534057617,
        1.7720000743865967,
        1.7720000743865967,
        1.7720000743865967,
        1.774999976158142,
        2.4952499866485596,
        3.1490001678466797,
        1.7790000438690186,
        1.7790000438690186,
        3.0999999046325684,
        1.7820000648498535,
        1.784999966621399,
        1.784999966621399,
        1.784999966621399,
        3.2239999771118164,
        1.7879999876022339,
        1.7879999876022339,
        3.0369999408721924,
        1.7919999361038208,
        1.7949999570846558,
        1.7949999570846558,
        1.7949999570846558,
        3.2269999980926514,
        1.7980000972747803,
        1.8009998798370361,
        2.9089999198913574,
        1.8009998798370361,
        1.8050000667572021,
        1.8050000667572021,
        1.8050000667572021,
        3.0,
        1.808000087738037,
        1.8109999895095825,
        3.133000135421753,
        1.8109999895095825,
        1.815000057220459,
        1.815000057220459,
        1.8179999589920044,
        3.25600004196167,
        1.8179999589920044,
        1.8209999799728394,
        1.8209999799728394,
        1.8240000009536743,
        1.8240000009536743,
        1.8240000009536743,
        1.8279999494552612,
        1.8279999494552612,
        1.8309999704360962,
        1.8309999704360962,
        1.8309999704360962,
        1.8340001106262207,
        1.8340001106262207,
        1.8340001106262207,
        1.8369998931884766,
        1.8369998931884766,
        1.8410000801086426,
        1.8410000801086426,
        1.8410000801086426,
        1.8440001010894775,
        1.8440001010894775,
        1.847000002861023,
        1.847000002861023,
        1.847000002861023,
        1.850000023841858,
        1.850000023841858,
        1.850000023841858,
        1.8539999723434448,
        1.8539999723434448,
        1.8569999933242798,
        1.8569999933242798,
        1.8569999933242798,
        1.8600000143051147,
        1.8600000143051147,
        1.8639999628067017,
        1.8639999628067017,
        1.8639999628067017,
        1.8669999837875366,
        1.8669999837875366,
        1.8669999837875366,
        1.8700001239776611,
        1.8700001239776611,
        1.872999906539917,
        1.872999906539917,
        1.872999906539917,
        1.877000093460083,
        1.877000093460083,
        1.877000093460083,
        1.8799998760223389,
        1.8799998760223389,
        1.8830000162124634,
        1.8830000162124634,
        1.8830000162124634,
        1.8860000371932983,
        1.8860000371932983,
        1.8899999856948853,
        1.8899999856948853,
        1.8899999856948853,
        1.8930000066757202,
        1.8930000066757202,
        1.8960000276565552
    ],
    "Generations needed": 58,
    "Population 1": 191.5850067138672,
    "Population 10": 887.0,
    "Population 11": 923.1099853515625,
    "Population 12": 1260.7349853515625,
    "Population 13": 1274.9949951171875,
    "Population 14": 1275.0,
    "Population 15": 1275.0,
    "Population 16": 1275.0,
    "Population 17": 1395.93505859375,
    "Population 18": 1901.219970703125,
    "Population 19": 1911.0,
    "Population 2": 675.4500122070313,
    "Population 20": 1911.0,
    "Population 21": 1911.0,
    "Population 22": 1911.0,
    "Population 23": 1944.0,
    "Population 24": 2293.205078125,
    "Population 25": 2304.0,
    "Population 26": 2304.0,
    "Population 27": 2304.0,
    "Population 28": 2304.0,
    "Population 29": 2404.4951171875,
    "Population 3": 869.385009765625,
    "Population 30": 2922.22998046875,
    "Population 31": 2935.0,
    "Population 32": 2935.0,
    "Population 33": 2935.0,
    "Population 34": 2935.0,
    "Population 35": 2960.875,
    "Population 36": 3331.0,
    "Population 37": 3331.0,
    "Population 38": 3331.0,
    "Population 39": 3331.0,
    "Population 4": 886.4099731445313,
    "Population 40": 3431.739990234375,
    "Population 41": 3947.639892578125,
    "Population 42": 3959.0,
    "Population 43": 3959.0,
    "Population 44": 3959.0,
    "Population 45": 3959.0,
    "Population 46": 3976.340087890625,
    "Population 47": 4337.06494140625,
    "Population 48": 4341.0,
    "Population 49": 4341.0,
    "Population 5": 886.0150146484375,
    "Population 50": 4341.0,
    "Population 51": 4341.0,
    "Population 52": 4439.48486328125,
    "Population 53": 4973.56494140625,
    "Population 54": 4983.0,
    "Population 55": 4983.0,
    "Population 56": 4983.0,
    "Population 57": 4983.0,
    "Population 58": 4987.91015625,
    "Population 6": 886.0150146484375,
    "Population 7": 887.0,
    "Population 8": 887.0,
    "Population 9": 887.0,
    "start": "today"
}
