{
    "Champ at 1": 826.0,
    "Champ at 10": 1911.0,
    "Champ at 11": 1911.0,
    "Champ at 12": 1911.0,
    "Champ at 13": 1911.0,
    "Champ at 14": 1911.0,
    "Champ at 15": 1911.0,
    "Champ at 16": 2562.0,
    "Champ at 17": 2562.0,
    "Champ at 18": 2562.0,
    "Champ at 19": 2562.0,
    "Champ at 2": 1270.0,
    "Champ at 20": 2562.0,
    "Champ at 21": 2562.0,
    "Champ at 22": 2935.0,
    "Champ at 23": 2935.0,
    "Champ at 24": 2935.0,
    "Champ at 25": 2935.0,
    "Champ at 26": 2935.0,
    "Champ at 27": 2935.0,
    "Champ at 28": 3586.0,
    "Champ at 29": 3586.0,
    "Champ at 3": 1538.0,
    "Champ at 30": 3586.0,
    "Champ at 31": 3586.0,
    "Champ at 32": 3586.0,
    "Champ at 33": 3586.0,
    "Champ at 34": 3959.0,
    "Champ at 35": 3959.0,
    "Champ at 36": 3959.0,
    "Champ at 37": 3959.0,
    "Champ at 38": 3959.0,
    "Champ at 39": 3959.0,
    "Champ at 4": 1538.0,
    "Champ at 40": 4911.0,
    "Champ at 41": 4911.0,
    "Champ at 42": 4911.0,
    "Champ at 43": 4911.0,
    "Champ at 44": 4911.0,
    "Champ at 45": 4911.0,
    "Champ at 46": 5164.0,
    "Champ at 5": 1538.0,
    "Champ at 6": 1538.0,
    "Champ at 7": 1538.0,
    "Champ at 8": 1538.0,
    "Champ at 9": 1538.0,
    "ChampFitness": 5164.0,
    "ChampInputs": [
        1.8550000190734863,
        1.8580000400543213,
        1.8610000610351563,
        1.8610000610351563,
        1.8610000610351563,
        1.8639999628067017,
        3.2865514755249023,
        1.8680000305175781,
        1.8680000305175781,
        1.8709999322891235,
        1.8709999322891235,
        0.7020000219345093,
        1.8739999532699585,
        1.8739999532699585,
        1.878000020980835,
        3.2730002403259277,
        1.8809999227523804,
        1.8809999227523804,
        1.8809999227523804,
        1.8840000629425049,
        2.4679999351501465,
        1.8870000839233398,
        1.8870000839233398,
        3.0419998168945313,
        1.8910000324249268,
        1.8940000534057617,
        1.8940000534057617,
        1.8940000534057617,
        2.4690001010894775,
        1.8970000743865967,
        1.899999976158142,
        3.3399999141693115,
        1.9040000438690186,
        1.9040000438690186,
        1.906999945640564,
        1.906999945640564,
        1.909999966621399,
        1.909999966621399,
        1.9130001068115234,
        3.571000099182129,
        1.9130001068115234,
        1.9169999361038208,
        1.9169999361038208,
        1.9200000762939453,
        1.9200000762939453,
        1.9230000972747803,
        1.9230000972747803,
        1.9259999990463257,
        1.9259999990463257,
        1.9300000667572021,
        1.9300000667572021,
        1.9300000667572021,
        1.9329999685287476,
        1.9329999685287476,
        1.9359999895095825,
        1.9359999895095825,
        1.940000057220459,
        1.940000057220459,
        1.9429999589920044,
        1.9429999589920044,
        1.9459999799728394,
        1.9459999799728394,
        1.9490001201629639,
        1.9490001201629639,
        1.9529999494552612,
        1.9529999494552612,
        1.9560000896453857,
        1.9560000896453857,
        1.9589998722076416,
        1.9589998722076416,
        1.9620000123977661,
        1.9620000123977661,
        1.9660000801086426,
        1.9660000801086426,
        1.968999981880188,
        1.968999981880188,
        1.972000002861023,
        1.972000002861023,
        1.975000023841858,
        1.975000023841858,
        1.9789999723434448,
        1.9789999723434448,
        1.9819999933242798,
        1.9819999933242798,
        1.9850001335144043,
        1.9850001335144043,
        1.9889999628067017,
        1.9889999628067017,
        1.9920001029968262,
        1.9920001029968262,
        1.994999885559082,
        1.994999885559082,
        1.9980000257492065,
        1.9980000257492065,
        2.002000093460083,
        2.002000093460083,
        2.004999876022339,
        2.004999876022339,
        2.007999897003174,
        2.007999897003174
    ],
    "Generations needed": 46,
    "Population 1": 197.0850067138672,
    "Population 10": 1578.760009765625,
    "Population 11": 1902.7900390625,
    "Population 12": 1911.0,
    "Population 13": 1911.0,
    "Population 14": 1911.0,
    "Population 15": 1911.0,
    "Population 16": 1948.114990234375,
    "Population 17": 2550.304931640625,
    "Population 18": 2562.0,
    "Population 19": 2562.0,
    "Population 2": 755.635009765625,
    "Population 20": 2562.0,
    "Population 21": 2562.0,
    "Population 22": 2601.639892578125,
    "Population 23": 2927.340087890625,
    "Population 24": 2935.0,
    "Population 25": 2935.0,
    "Population 26": 2935.0,
    "Population 27": 2935.0,
    "Population 28": 2962.840087890625,
    "Population 29": 3575.614990234375,
    "Population 3": 1256.02001953125,
    "Population 30": 3586.0,
    "Population 31": 3586.0,
    "Population 32": 3586.0,
    "Population 33": 3586.0,
    "Population 34": 3620.139892578125,
    "Population 35": 3954.885009765625,
    "Population 36": 3959.0,
    "Population 37": 3959.0,
    "Population 38": 3959.0,
    "Population 39": 3959.0,
    "Population 4": 1521.594970703125,
    "Population 40": 4004.360107421875,
    "Population 41": 4895.21484375,
    "Population 42": 4911.0,
    "Population 43": 4911.0,
    "Population 44": 4911.0,
    "Population 45": 4911.0,
    "Population 46": 4974.81494140625,
    "Population 5": 1536.7249755859375,
    "Population 6": 1538.0,
    "Population 7": 1538.0,
    "Population 8": 1538.0,
    "Population 9": 1538.0,
    "start": "today"
}
