{
    "Champ at 1": 887.0,
    "Champ at 10": 1911.0,
    "Champ at 11": 1911.0,
    "Champ at 12": 1911.0,
    "Champ at 13": 1911.0,
    "Champ at 14": 1911.0,
    "Champ at 15": 2562.0,
    "Champ at 16": 2562.0,
    "Champ at 17": 2562.0,
    "Champ at 18": 2562.0,
    "Champ at 19": 2562.0,
    "Champ at 2": 1538.0,
    "Champ at 20": 2562.0,
    "Champ at 21": 2935.0,
    "Champ at 22": 2935.0,
    "Champ at 23": 2935.0,
    "Champ at 24": 2935.0,
    "Champ at 25": 2935.0,
    "Champ at 26": 2935.0,
    "Champ at 27": 3887.0,
    "Champ at 28": 3887.0,
    "Champ at 29": 3887.0,
    "Champ at 3": 1538.0,
    "Champ at 30": 3887.0,
    "Champ at 31": 3887.0,
    "Champ at 32": 3887.0,
    "Champ at 33": 4915.0,
    "Champ at 34": 4915.0,
    "Champ at 35": 4915.0,
    "Champ at 36": 4915.0,
    "Champ at 37": 4915.0,
    "Champ at 38": 4915.0,
    "Champ at 39": 5167.0,
    "Champ at 4": 1538.0,
    "Champ at 5": 1538.0,
    "Champ at 6": 1538.0,
    "Champ at 7": 1538.0,
    "Champ at 8": 1538.0,
    "Champ at 9": 1911.0,
    "ChampFitness": 5167.0,
    "ChampInputs": [
        1.8700001239776611,
        1.8700001239776611,
        1.872999906539917,
        1.872999906539917,
        1.8760000467300415,
        1.8760000467300415,
        1.8760000467300415,
        1.415374755859375,
        1.8799998760223389,
        1.8830000162124634,
        1.8830000162124634,
        1.8830000162124634,
        0.6019999980926514,
        1.8860000371932983,
        1.8860000371932983,
        1.8899999856948853,
        3.1600000858306885,
        1.8930000066757202,
        1.8930000066757202,
        1.8930000066757202,
        1.8960000276565552,
        0.49300000071525574,
        1.8989999294281006,
        1.8989999294281006,
        1.8989999294281006,
        3.321000099182129,
        1.902999997138977,
        1.902999997138977,
        1.9059998989105225,
        1.9059998989105225,
        1.9089999198913574,
        1.9089999198913574,
        1.9089999198913574,
        3.6389999389648438,
        1.912000060081482,
        1.9159998893737793,
        1.9159998893737793,
        1.9159998893737793,
        1.9190000295639038,
        1.9190000295639038,
        1.9220000505447388,
        3.558000087738037,
        1.9220000505447388,
        1.9249999523162842,
        1.9249999523162842,
        1.9249999523162842,
        1.9290000200271606,
        1.9290000200271606,
        1.9320000410079956,
        1.9320000410079956,
        1.9320000410079956,
        1.934999942779541,
        1.934999942779541,
        1.9390000104904175,
        1.9390000104904175,
        1.9390000104904175,
        1.941999912261963,
        1.941999912261963,
        1.941999912261963,
        1.9449999332427979,
        1.9449999332427979,
        1.9480000734329224,
        1.9480000734329224,
        1.9480000734329224,
        1.9519999027252197,
        1.9519999027252197,
        1.9550000429153442,
        1.9550000429153442,
        1.9550000429153442,
        1.9580000638961792,
        1.9580000638961792,
        1.9580000638961792,
        1.9609999656677246,
        1.9609999656677246,
        1.965000033378601,
        1.965000033378601,
        1.965000033378601,
        1.9679999351501465,
        1.9679999351501465,
        1.9679999351501465,
        1.9709999561309814,
        1.9709999561309814,
        1.9739999771118164,
        1.9739999771118164,
        1.9739999771118164,
        1.9779999256134033,
        1.9779999256134033,
        1.9809999465942383,
        1.9809999465942383,
        1.9809999465942383,
        1.9840000867843628,
        1.9840000867843628,
        1.9840000867843628,
        1.9869999885559082,
        1.9869999885559082,
        1.9910000562667847,
        1.9910000562667847,
        1.9910000562667847,
        1.99399995803833,
        1.99399995803833
    ],
    "Generations needed": 39,
    "Population 1": 204.8000030517578,
    "Population 10": 1909.135009765625,
    "Population 11": 1911.0,
    "Population 12": 1911.0,
    "Population 13": 1911.0,
    "Population 14": 1911.0,
    "Population 15": 1933.864990234375,
    "Population 16": 2558.7451171875,
    "Population 17": 2562.0,
    "Population 18": 2562.0,
    "Population 19": 2562.0,
    "Population 2": 799.0150146484375,
    "Population 20": 2562.0,
    "Population 21": 2630.60009765625,
    "Population 22": 2923.389892578125,
    "Population 23": 2935.0,
    "Population 24": 2935.0,
    "Population 25": 2935.0,
    "Population 26": 2935.0,
    "Population 27": 2976.989990234375,
    "Population 28": 3877.47998046875,
    "Population 29": 3887.0,
    "Population 3": 1500.75,
    "Population 30": 3887.0,
    "Population 31": 3887.0,
    "Population 32": 3887.0,
    "Population 33": 3984.550048828125,
    "Population 34": 4909.8798828125,
    "Population 35": 4915.0,
    "Population 36": 4915.0,
    "Population 37": 4915.0,
    "Population 38": 4915.0,
    "Population 39": 4980.68017578125,
    "Population 4": 1533.760009765625,
    "Population 5": 1538.0,
    "Population 6": 1538.0,
    "Population 7": 1538.0,
    "Population 8": 1538.0,
    "Population 9": 1583.7650146484375,
    "start": "today"
}
