{
    "Champ at 1": 887.0,
    "Champ at 10": 1911.0,
    "Champ at 11": 2862.0,
    "Champ at 12": 2862.0,
    "Champ at 13": 2862.0,
    "Champ at 14": 2862.0,
    "Champ at 15": 2862.0,
    "Champ at 16": 2862.0,
    "Champ at 17": 3888.0,
    "Champ at 18": 3888.0,
    "Champ at 19": 3888.0,
    "Champ at 2": 1538.0,
    "Champ at 20": 3888.0,
    "Champ at 21": 3888.0,
    "Champ at 22": 3888.0,
    "Champ at 23": 4915.0,
    "Champ at 24": 4915.0,
    "Champ at 25": 4915.0,
    "Champ at 26": 4915.0,
    "Champ at 27": 4915.0,
    "Champ at 28": 4915.0,
    "Champ at 29": 5166.0,
    "Champ at 3": 1844.0,
    "Champ at 4": 1911.0,
    "Champ at 5": 1911.0,
    "Champ at 6": 1911.0,
    "Champ at 7": 1911.0,
    "Champ at 8": 1911.0,
    "Champ at 9": 1911.0,
    "ChampFitness": 5166.0,
    "ChampInputs": [
        1.8860000371932983,
        1.8860000371932983,
        1.8860000371932983,
        1.8889999389648438,
        1.8889999389648438,
        1.8889999389648438,
        1.8919999599456787,
        1.2207505702972412,
        1.8919999599456787,
        1.8960000276565552,
        2.4655392169952393,
        1.8960000276565552,
        1.8989999294281006,
        1.8989999294281006,
        1.8989999294281006,
        3.255000114440918,
        1.9019999504089355,
        1.9019999504089355,
        1.9019999504089355,
        1.90500009059906,
        1.90500009059906,
        1.90500009059906,
        1.9089999198913574,
        3.6510000228881836,
        1.9089999198913574,
        1.912000060081482,
        1.912000060081482,
        1.912000060081482,
        1.912000060081482,
        1.9149999618530273,
        1.9149999618530273,
        3.567999839782715,
        1.9179999828338623,
        1.9179999828338623,
        1.9220000505447388,
        1.9220000505447388,
        1.9220000505447388,
        1.9249999523162842,
        1.9249999523162842,
        3.5460000038146973,
        1.9279999732971191,
        1.9279999732971191,
        1.9279999732971191,
        1.930999994277954,
        1.930999994277954,
        1.930999994277954,
        1.934999942779541,
        1.934999942779541,
        1.934999942779541,
        1.937999963760376,
        1.937999963760376,
        1.937999963760376,
        1.9410001039505005,
        1.9410001039505005,
        1.9410001039505005,
        1.9449999332427979,
        1.9449999332427979,
        1.9449999332427979,
        1.9480000734329224,
        1.9480000734329224,
        1.9480000734329224,
        1.9509999752044678,
        1.9509999752044678,
        1.9509999752044678,
        1.9509999752044678,
        1.9539999961853027,
        1.9539999961853027,
        1.9539999961853027,
        1.9580000638961792,
        1.9580000638961792,
        1.9580000638961792,
        1.9609999656677246,
        1.9609999656677246,
        1.9609999656677246,
        1.9639999866485596,
        1.9639999866485596,
        1.9639999866485596,
        1.9670000076293945,
        1.9670000076293945,
        1.9670000076293945,
        1.9709999561309814,
        1.9709999561309814,
        1.9709999561309814,
        1.9709999561309814,
        1.9739999771118164,
        1.9739999771118164,
        1.9739999771118164,
        1.9769999980926514,
        1.9769999980926514,
        1.9769999980926514,
        1.9800000190734863,
        1.9800000190734863,
        1.9800000190734863,
        1.9840000867843628,
        1.9840000867843628,
        1.9840000867843628,
        1.9869999885559082,
        1.9869999885559082,
        1.9869999885559082,
        1.9900000095367432
    ],
    "Generations needed": 29,
    "Population 1": 203.5,
    "Population 10": 1911.0,
    "Population 11": 1953.2099609375,
    "Population 12": 2840.2099609375,
    "Population 13": 2862.0,
    "Population 14": 2862.0,
    "Population 15": 2862.0,
    "Population 16": 2862.0,
    "Population 17": 2933.06494140625,
    "Population 18": 3862.885009765625,
    "Population 19": 3888.0,
    "Population 2": 777.030029296875,
    "Population 20": 3888.0,
    "Population 21": 3888.0,
    "Population 22": 3888.0,
    "Population 23": 3989.360107421875,
    "Population 24": 4905.43994140625,
    "Population 25": 4915.0,
    "Population 26": 4915.0,
    "Population 27": 4915.0,
    "Population 28": 4915.0,
    "Population 29": 4982.419921875,
    "Population 3": 1505.594970703125,
    "Population 4": 1841.2900390625,
    "Population 5": 1906.469970703125,
    "Population 6": 1910.719970703125,
    "Population 7": 1911.0,
    "Population 8": 1911.0,
    "Population 9": 1911.0,
    "start": "today"
}
