{
    "Champ at 1": 727.0,
    "Champ at 10": 1280.0,
    "Champ at 11": 1280.0,
    "Champ at 12": 1280.0,
    "Champ at 13": 1280.0,
    "Champ at 14": 1911.0,
    "Champ at 15": 1911.0,
    "Champ at 16": 1911.0,
    "Champ at 17": 1911.0,
    "Champ at 18": 1911.0,
    "Champ at 19": 1911.0,
    "Champ at 2": 887.0,
    "Champ at 20": 2305.0,
    "Champ at 21": 2308.0,
    "Champ at 22": 2308.0,
    "Champ at 23": 2308.0,
    "Champ at 24": 2308.0,
    "Champ at 25": 2308.0,
    "Champ at 26": 2935.0,
    "Champ at 27": 2935.0,
    "Champ at 28": 2935.0,
    "Champ at 29": 2935.0,
    "Champ at 3": 887.0,
    "Champ at 30": 2935.0,
    "Champ at 31": 3332.0,
    "Champ at 32": 3332.0,
    "Champ at 33": 3332.0,
    "Champ at 34": 3332.0,
    "Champ at 35": 3332.0,
    "Champ at 36": 3959.0,
    "Champ at 37": 3959.0,
    "Champ at 38": 3959.0,
    "Champ at 39": 3959.0,
    "Champ at 4": 887.0,
    "Champ at 40": 3959.0,
    "Champ at 41": 4355.0,
    "Champ at 42": 4355.0,
    "Champ at 43": 4355.0,
    "Champ at 44": 4355.0,
    "Champ at 45": 4355.0,
    "Champ at 46": 4983.0,
    "Champ at 47": 4983.0,
    "Champ at 48": 4983.0,
    "Champ at 49": 4983.0,
    "Champ at 5": 887.0,
    "Champ at 50": 4983.0,
    "Champ at 51": 5165.0,
    "Champ at 6": 887.0,
    "Champ at 7": 887.0,
    "Champ at 8": 887.0,
    "Champ at 9": 1280.0,
    "ChampFitness": 5165.0,
    "ChampInputs": [
        1.7829999923706055,
        1.7860000133514404,
        1.7860000133514404,
        1.7890000343322754,
        1.7919999361038208,
        2.3955905437469482,
        3.2039999961853027,
        1.7960000038146973,
        1.7990000247955322,
        3.001999855041504,
        1.8019999265670776,
        1.805999994277954,
        1.805999994277954,
        1.8089998960494995,
        3.198052167892456,
        1.812000036239624,
        1.812000036239624,
        1.0729999542236328,
        1.815000057220459,
        1.819000005722046,
        1.8220000267028809,
        1.8220000267028809,
        1.8250000476837158,
        3.134000062942505,
        1.8279999494552612,
        1.8320000171661377,
        0.902999997138977,
        1.8350000381469727,
        1.8350000381469727,
        1.837999939918518,
        1.8410000801086426,
        1.8410000801086426,
        3.1529998779296875,
        1.84499990940094,
        1.8480000495910645,
        0.8479999899864197,
        1.8510000705718994,
        1.8539999723434448,
        1.8539999723434448,
        1.8580000400543213,
        1.8580000400543213,
        3.2990000247955322,
        1.8639999628067017,
        1.8639999628067017,
        1.8680000305175781,
        1.8680000305175781,
        1.8709999322891235,
        1.8739999532699585,
        1.8739999532699585,
        1.877000093460083,
        1.877000093460083,
        1.8809999227523804,
        1.9300000667572021,
        1.9300000667572021,
        1.9329999685287476,
        1.9329999685287476,
        1.9359999895095825,
        1.9390000104904175,
        1.9459999799728394,
        1.9459999799728394,
        1.9490001201629639,
        1.9490001201629639,
        1.9519999027252197,
        1.9519999027252197,
        1.9560000896453857,
        1.9560000896453857,
        1.9589998722076416,
        1.9589998722076416,
        1.9620000123977661,
        1.9620000123977661,
        1.9620000123977661,
        1.9660000801086426,
        1.9660000801086426,
        1.9660000801086426,
        1.968999981880188,
        1.968999981880188,
        1.968999981880188,
        1.972000002861023,
        1.972000002861023,
        1.972000002861023,
        1.975000023841858,
        1.975000023841858,
        1.975000023841858,
        1.975000023841858,
        1.9789999723434448,
        1.9789999723434448,
        1.9789999723434448,
        1.9819999933242798,
        1.9819999933242798,
        1.9819999933242798,
        1.9850001335144043,
        1.9850001335144043,
        1.9850001335144043,
        1.9879999160766602,
        1.9879999160766602,
        1.9879999160766602,
        1.9920001029968262,
        1.9920001029968262,
        1.9920001029968262,
        1.9920001029968262
    ],
    "Generations needed": 51,
    "Population 1": 196.4600067138672,
    "Population 10": 1264.0350341796875,
    "Population 11": 1280.0,
    "Population 12": 1280.0,
    "Population 13": 1280.0,
    "Population 14": 1398.8599853515625,
    "Population 15": 1899.7850341796875,
    "Population 16": 1910.0150146484375,
    "Population 17": 1911.0,
    "Population 18": 1911.0,
    "Population 19": 1911.0,
    "Population 2": 673.760009765625,
    "Population 20": 1942.0450439453125,
    "Population 21": 2301.35498046875,
    "Population 22": 2300.044921875,
    "Population 23": 2308.0,
    "Population 24": 2308.0,
    "Population 25": 2308.0,
    "Population 26": 2396.679931640625,
    "Population 27": 2924.610107421875,
    "Population 28": 2935.0,
    "Population 29": 2935.0,
    "Population 3": 871.0399780273438,
    "Population 30": 2935.0,
    "Population 31": 2980.574951171875,
    "Population 32": 3324.014892578125,
    "Population 33": 3332.0,
    "Population 34": 3332.0,
    "Population 35": 3332.0,
    "Population 36": 3443.530029296875,
    "Population 37": 3952.544921875,
    "Population 38": 3959.0,
    "Population 39": 3959.0,
    "Population 4": 881.6599731445313,
    "Population 40": 3959.0,
    "Population 41": 3985.030029296875,
    "Population 42": 4348.43994140625,
    "Population 43": 4355.0,
    "Population 44": 4355.0,
    "Population 45": 4355.0,
    "Population 46": 4469.89013671875,
    "Population 47": 4978.0048828125,
    "Population 48": 4983.0,
    "Population 49": 4983.0,
    "Population 5": 886.719970703125,
    "Population 50": 4983.0,
    "Population 51": 4987.14501953125,
    "Population 6": 887.0,
    "Population 7": 887.0,
    "Population 8": 887.0,
    "Population 9": 914.864990234375,
    "start": "today"
}
