{
    "Champ at 1": 816.0,
    "Champ at 10": 1538.0,
    "Champ at 11": 1911.0,
    "Champ at 12": 1911.0,
    "Champ at 13": 1911.0,
    "Champ at 14": 1911.0,
    "Champ at 15": 1911.0,
    "Champ at 16": 2562.0,
    "Champ at 17": 2562.0,
    "Champ at 18": 2562.0,
    "Champ at 19": 2562.0,
    "Champ at 2": 887.0,
    "Champ at 20": 2562.0,
    "Champ at 21": 2935.0,
    "Champ at 22": 2935.0,
    "Champ at 23": 2935.0,
    "Champ at 24": 2935.0,
    "Champ at 25": 2935.0,
    "Champ at 26": 2935.0,
    "Champ at 27": 3586.0,
    "Champ at 28": 3586.0,
    "Champ at 29": 3586.0,
    "Champ at 3": 1254.0,
    "Champ at 30": 3586.0,
    "Champ at 31": 3586.0,
    "Champ at 32": 3959.0,
    "Champ at 33": 3959.0,
    "Champ at 34": 3959.0,
    "Champ at 35": 3959.0,
    "Champ at 36": 3959.0,
    "Champ at 37": 4610.0,
    "Champ at 38": 4610.0,
    "Champ at 39": 4610.0,
    "Champ at 4": 1280.0,
    "Champ at 40": 4610.0,
    "Champ at 41": 4610.0,
    "Champ at 42": 4983.0,
    "Champ at 43": 4983.0,
    "Champ at 44": 4983.0,
    "Champ at 45": 4983.0,
    "Champ at 46": 4983.0,
    "Champ at 47": 5167.0,
    "Champ at 5": 1538.0,
    "Champ at 6": 1538.0,
    "Champ at 7": 1538.0,
    "Champ at 8": 1538.0,
    "Champ at 9": 1538.0,
    "ChampFitness": 5167.0,
    "ChampInputs": [
        1.8289999961853027,
        1.8330000638961792,
        1.8330000638961792,
        1.8359999656677246,
        1.8359999656677246,
        1.8389999866485596,
        3.543680429458618,
        1.8459999561309814,
        1.8459999561309814,
        1.8489999771118164,
        1.8519999980926514,
        2.7059998512268066,
        1.8550000190734863,
        1.8589999675750732,
        3.0950000286102295,
        1.8619999885559082,
        1.8650000095367432,
        1.8690000772476196,
        1.8690000772476196,
        0.6909999847412109,
        1.871999979019165,
        1.875,
        1.878000020980835,
        3.197000026702881,
        1.8819999694824219,
        1.8819999694824219,
        1.8849999904632568,
        1.8849999904632568,
        0.6840000152587891,
        1.8880000114440918,
        1.8910000324249268,
        1.8910000324249268,
        3.1579999923706055,
        1.8949999809265137,
        1.8949999809265137,
        1.8980000019073486,
        1.8980000019073486,
        0.41600000858306885,
        1.9010000228881836,
        1.9040000438690186,
        1.9040000438690186,
        3.3360002040863037,
        1.9079999923706055,
        1.9110000133514404,
        1.9110000133514404,
        1.9110000133514404,
        1.9140000343322754,
        1.9140000343322754,
        1.9179999828338623,
        1.9179999828338623,
        1.9210000038146973,
        1.9210000038146973,
        1.9210000038146973,
        1.9239999055862427,
        1.9239999055862427,
        1.9270000457763672,
        1.9270000457763672,
        1.930999994277954,
        1.930999994277954,
        1.934000015258789,
        1.934000015258789,
        1.934000015258789,
        1.937000036239624,
        1.937000036239624,
        1.940000057220459,
        1.940000057220459,
        1.944000005722046,
        1.944000005722046,
        1.9470000267028809,
        1.9470000267028809,
        1.9499999284744263,
        1.9529999494552612,
        1.9529999494552612,
        1.9570000171661377,
        1.959999918937683,
        1.959999918937683,
        1.9630000591278076,
        1.9660000801086426,
        1.9660000801086426,
        1.9660000801086426,
        1.9700000286102295,
        1.9730000495910645,
        1.9730000495910645,
        1.9760000705718994,
        1.9800000190734863,
        1.9800000190734863,
        1.9830000400543213,
        1.9859999418258667,
        1.9859999418258667,
        1.9889999628067017,
        1.9889999628067017,
        1.9889999628067017,
        1.9930000305175781,
        1.9930000305175781,
        1.9959999322891235,
        1.9959999322891235,
        1.999000072479248,
        1.999000072479248,
        1.999000072479248,
        2.002000093460083
    ],
    "Generations needed": 47,
    "Population 1": 197.68499755859375,
    "Population 10": 1538.0,
    "Population 11": 1568.7249755859375,
    "Population 12": 1905.10498046875,
    "Population 13": 1911.0,
    "Population 14": 1911.0,
    "Population 15": 1911.0,
    "Population 16": 1956.7950439453125,
    "Population 17": 2546.39990234375,
    "Population 18": 2562.0,
    "Population 19": 2562.0,
    "Population 2": 750.2999877929688,
    "Population 20": 2562.0,
    "Population 21": 2599.7900390625,
    "Population 22": 2929.010009765625,
    "Population 23": 2932.705078125,
    "Population 24": 2935.0,
    "Population 25": 2935.0,
    "Population 26": 2935.0,
    "Population 27": 2953.60498046875,
    "Population 28": 3573.375,
    "Population 29": 3586.0,
    "Population 3": 887.8099975585938,
    "Population 30": 3586.0,
    "Population 31": 3586.0,
    "Population 32": 3641.4150390625,
    "Population 33": 3955.27001953125,
    "Population 34": 3959.0,
    "Population 35": 3959.0,
    "Population 36": 3959.0,
    "Population 37": 4026.81005859375,
    "Population 38": 4605.419921875,
    "Population 39": 4610.0,
    "Population 4": 1248.550048828125,
    "Population 40": 4610.0,
    "Population 41": 4610.0,
    "Population 42": 4645.0400390625,
    "Population 43": 4973.8701171875,
    "Population 44": 4983.0,
    "Population 45": 4983.0,
    "Population 46": 4983.0,
    "Population 47": 4983.0751953125,
    "Population 5": 1276.425048828125,
    "Population 6": 1513.93505859375,
    "Population 7": 1534.7449951171875,
    "Population 8": 1538.0,
    "Population 9": 1538.0,
    "start": "today"
}
