{
    "Champ at 1": 887.0,
    "Champ at 10": 1911.0,
    "Champ at 11": 1911.0,
    "Champ at 12": 1911.0,
    "Champ at 13": 2863.0,
    "Champ at 14": 2863.0,
    "Champ at 15": 2863.0,
    "Champ at 16": 2863.0,
    "Champ at 17": 2863.0,
    "Champ at 18": 3586.0,
    "Champ at 19": 3892.0,
    "Champ at 2": 1538.0,
    "Champ at 20": 3894.0,
    "Champ at 21": 3895.0,
    "Champ at 22": 3895.0,
    "Champ at 23": 3895.0,
    "Champ at 24": 3895.0,
    "Champ at 25": 3895.0,
    "Champ at 26": 4918.0,
    "Champ at 27": 4918.0,
    "Champ at 28": 4918.0,
    "Champ at 29": 4918.0,
    "Champ at 3": 1538.0,
    "Champ at 30": 4918.0,
    "Champ at 31": 5169.0,
    "Champ at 4": 1538.0,
    "Champ at 5": 1538.0,
    "Champ at 6": 1538.0,
    "Champ at 7": 1538.0,
    "Champ at 8": 1911.0,
    "Champ at 9": 1911.0,
    "ChampFitness": 5169.0,
    "ChampInputs": [
        1.8949999809265137,
        1.8949999809265137,
        1.8980000019073486,
        1.8980000019073486,
        1.8980000019073486,
        1.9010000228881836,
        3.0470805168151855,
        1.9010000228881836,
        1.9040000438690186,
        1.9040000438690186,
        1.9040000438690186,
        2.4619998931884766,
        1.9079999923706055,
        1.9079999923706055,
        3.2210001945495605,
        1.9110000133514404,
        1.9110000133514404,
        1.9110000133514404,
        1.9140000343322754,
        1.9140000343322754,
        1.9140000343322754,
        1.9140000343322754,
        3.664961576461792,
        1.9169999361038208,
        1.9169999361038208,
        1.9210000038146973,
        1.9210000038146973,
        1.9210000038146973,
        1.9239999055862427,
        1.9239999055862427,
        3.490000009536743,
        1.9239999055862427,
        1.9270000457763672,
        1.9270000457763672,
        1.9270000457763672,
        1.9300000667572021,
        1.9300000667572021,
        1.9300000667572021,
        3.5409998893737793,
        1.934000015258789,
        1.934000015258789,
        1.937000036239624,
        1.937000036239624,
        1.937000036239624,
        1.937000036239624,
        1.940000057220459,
        1.940000057220459,
        1.940000057220459,
        1.944000005722046,
        1.944000005722046,
        1.944000005722046,
        1.9470000267028809,
        1.9470000267028809,
        1.9470000267028809,
        1.9470000267028809,
        1.9499999284744263,
        1.9499999284744263,
        1.9499999284744263,
        1.9529999494552612,
        1.9529999494552612,
        1.9529999494552612,
        1.9570000171661377,
        1.9570000171661377,
        1.9570000171661377,
        1.9570000171661377,
        1.959999918937683,
        1.959999918937683,
        1.959999918937683,
        1.9630000591278076,
        1.9630000591278076,
        1.9630000591278076,
        1.9660000801086426,
        1.9660000801086426,
        1.9660000801086426,
        1.9700000286102295,
        1.9700000286102295,
        1.9700000286102295,
        1.9700000286102295,
        1.9730000495910645,
        1.9730000495910645,
        1.9730000495910645,
        1.9760000705718994,
        1.9760000705718994,
        1.9760000705718994,
        1.9789999723434448,
        1.9789999723434448,
        1.9789999723434448,
        1.9789999723434448,
        1.9830000400543213,
        1.9830000400543213,
        1.9830000400543213,
        1.9859999418258667,
        1.9859999418258667,
        1.9859999418258667,
        1.9889999628067017,
        1.9889999628067017,
        1.9889999628067017,
        1.9889999628067017,
        1.9930000305175781,
        1.9930000305175781
    ],
    "Generations needed": 31,
    "Population 1": 200.07000732421875,
    "Population 10": 1911.0,
    "Population 11": 1911.0,
    "Population 12": 1911.0,
    "Population 13": 1964.760009765625,
    "Population 14": 2845.18994140625,
    "Population 15": 2863.0,
    "Population 16": 2863.0,
    "Population 17": 2863.0,
    "Population 18": 2947.0400390625,
    "Population 19": 3580.6650390625,
    "Population 2": 810.4099731445313,
    "Population 20": 3885.889892578125,
    "Population 21": 3894.0048828125,
    "Population 22": 3885.39501953125,
    "Population 23": 3895.0,
    "Population 24": 3895.0,
    "Population 25": 3895.0,
    "Population 26": 3997.195068359375,
    "Population 27": 4911.66015625,
    "Population 28": 4918.0,
    "Population 29": 4918.0,
    "Population 3": 1486.114990234375,
    "Population 30": 4918.0,
    "Population 31": 4970.8251953125,
    "Population 4": 1532.3499755859375,
    "Population 5": 1538.0,
    "Population 6": 1538.0,
    "Population 7": 1538.0,
    "Population 8": 1589.8499755859375,
    "Population 9": 1902.9300537109375,
    "start": "today"
}
