{
    "Champ at 1": 887.0,
    "Champ at 10": 1911.0,
    "Champ at 11": 1911.0,
    "Champ at 12": 1911.0,
    "Champ at 13": 1911.0,
    "Champ at 14": 2562.0,
    "Champ at 15": 2562.0,
    "Champ at 16": 2562.0,
    "Champ at 17": 2562.0,
    "Champ at 18": 2562.0,
    "Champ at 19": 2935.0,
    "Champ at 2": 1261.0,
    "Champ at 20": 2935.0,
    "Champ at 21": 2935.0,
    "Champ at 22": 2935.0,
    "Champ at 23": 2935.0,
    "Champ at 24": 3897.0,
    "Champ at 25": 3897.0,
    "Champ at 26": 3897.0,
    "Champ at 27": 3897.0,
    "Champ at 28": 3897.0,
    "Champ at 29": 4983.0,
    "Champ at 3": 1279.0,
    "Champ at 30": 4983.0,
    "Champ at 31": 4983.0,
    "Champ at 32": 4983.0,
    "Champ at 33": 4983.0,
    "Champ at 34": 5171.0,
    "Champ at 4": 1538.0,
    "Champ at 5": 1538.0,
    "Champ at 6": 1538.0,
    "Champ at 7": 1538.0,
    "Champ at 8": 1538.0,
    "Champ at 9": 1911.0,
    "ChampFitness": 5171.0,
    "ChampInputs": [
        1.8809999227523804,
        1.8809999227523804,
        1.8840000629425049,
        1.8880000114440918,
        1.8880000114440918,
        1.8910000324249268,
        1.8910000324249268,
        1.1405620574951172,
        1.8940000534057617,
        1.8970000743865967,
        1.8970000743865967,
        1.9010000228881836,
        2.5880000591278076,
        1.9040000438690186,
        1.906999945640564,
        3.0789999961853027,
        1.909999966621399,
        1.909999966621399,
        1.9140000343322754,
        1.9140000343322754,
        0.41499999165534973,
        1.9169999361038208,
        1.9200000762939453,
        1.9230000972747803,
        3.2960000038146973,
        1.9270000457763672,
        1.9270000457763672,
        1.9300000667572021,
        1.9300000667572021,
        1.9329999685287476,
        1.937000036239624,
        1.937000036239624,
        3.4809999465942383,
        1.940000057220459,
        1.9429999589920044,
        1.9429999589920044,
        1.9459999799728394,
        1.9459999799728394,
        1.9499999284744263,
        1.9529999494552612,
        3.4000000953674316,
        1.9560000896453857,
        1.9560000896453857,
        1.9589998722076416,
        1.9589998722076416,
        1.9630000591278076,
        1.9630000591278076,
        1.9660000801086426,
        1.968999981880188,
        1.968999981880188,
        1.972000002861023,
        1.972000002861023,
        1.9760000705718994,
        1.9789999723434448,
        1.9789999723434448,
        1.9819999933242798,
        1.9819999933242798,
        1.9859999418258667,
        1.9859999418258667,
        1.994999885559082,
        1.999000072479248,
        1.999000072479248,
        2.002000093460083,
        2.002000093460083,
        2.004999876022339,
        2.004999876022339,
        2.007999897003174,
        2.007999897003174,
        2.0119998455047607,
        2.0149998664855957,
        2.0149998664855957,
        2.0180001258850098,
        2.0209999084472656,
        2.0209999084472656,
        2.0250000953674316,
        2.0250000953674316,
        2.0280001163482666,
        2.0309998989105225,
        2.0309998989105225,
        2.0350000858306885,
        2.0350000858306885,
        2.0379998683929443,
        2.0379998683929443,
        2.0409998893737793,
        2.0440001487731934,
        2.0440001487731934,
        2.047999858856201,
        2.047999858856201,
        2.0510001182556152,
        2.05400013923645,
        2.056999921798706,
        2.061000108718872,
        2.061000108718872,
        2.064000129699707,
        2.064000129699707,
        2.066999912261963,
        2.069999933242798,
        2.069999933242798,
        2.0739998817443848,
        2.0739998817443848
    ],
    "Generations needed": 34,
    "Population 1": 193.75999450683594,
    "Population 10": 1906.844970703125,
    "Population 11": 1911.0,
    "Population 12": 1911.0,
    "Population 13": 1911.0,
    "Population 14": 1949.2750244140625,
    "Population 15": 2548.419921875,
    "Population 16": 2562.0,
    "Population 17": 2562.0,
    "Population 18": 2562.0,
    "Population 19": 2618.5,
    "Population 2": 798.1599731445313,
    "Population 20": 2928.5400390625,
    "Population 21": 2935.0,
    "Population 22": 2935.0,
    "Population 23": 2935.0,
    "Population 24": 2979.7451171875,
    "Population 25": 3885.824951171875,
    "Population 26": 3897.0,
    "Population 27": 3897.0,
    "Population 28": 3897.0,
    "Population 29": 3992.219970703125,
    "Population 3": 1237.8199462890625,
    "Population 30": 4972.759765625,
    "Population 31": 4983.0,
    "Population 32": 4983.0,
    "Population 33": 4983.0,
    "Population 34": 4982.06005859375,
    "Population 4": 1281.4150390625,
    "Population 5": 1529.06005859375,
    "Population 6": 1538.0,
    "Population 7": 1538.0,
    "Population 8": 1538.0,
    "Population 9": 1581.0450439453125,
    "start": "today"
}
