{
    "Champ at 1": 828.0,
    "Champ at 10": 1911.0,
    "Champ at 11": 1911.0,
    "Champ at 12": 1911.0,
    "Champ at 13": 1911.0,
    "Champ at 14": 2562.0,
    "Champ at 15": 2562.0,
    "Champ at 16": 2562.0,
    "Champ at 17": 2562.0,
    "Champ at 18": 2562.0,
    "Champ at 19": 2935.0,
    "Champ at 2": 1279.0,
    "Champ at 20": 2935.0,
    "Champ at 21": 2935.0,
    "Champ at 22": 2935.0,
    "Champ at 23": 2935.0,
    "Champ at 24": 3586.0,
    "Champ at 25": 3586.0,
    "Champ at 26": 3586.0,
    "Champ at 27": 3586.0,
    "Champ at 28": 3586.0,
    "Champ at 29": 3586.0,
    "Champ at 3": 1538.0,
    "Champ at 30": 3959.0,
    "Champ at 31": 3959.0,
    "Champ at 32": 3959.0,
    "Champ at 33": 3959.0,
    "Champ at 34": 3959.0,
    "Champ at 35": 3959.0,
    "Champ at 36": 4920.0,
    "Champ at 37": 4920.0,
    "Champ at 38": 4920.0,
    "Champ at 39": 4920.0,
    "Champ at 4": 1538.0,
    "Champ at 40": 4920.0,
    "Champ at 41": 5168.0,
    "Champ at 5": 1538.0,
    "Champ at 6": 1538.0,
    "Champ at 7": 1538.0,
    "Champ at 8": 1538.0,
    "Champ at 9": 1911.0,
    "ChampFitness": 5168.0,
    "ChampInputs": [
        1.8559999465942383,
        1.8600000143051147,
        1.8629999160766602,
        1.8629999160766602,
        1.8659999370574951,
        1.8690000772476196,
        3.352363109588623,
        1.872999906539917,
        1.8760000467300415,
        1.8760000467300415,
        1.8790000677108765,
        2.427999973297119,
        1.8830000162124634,
        1.8860000371932983,
        3.2249999046325684,
        1.8889999389648438,
        1.8919999599456787,
        1.8919999599456787,
        1.8919999599456787,
        2.4250001907348633,
        1.8989999294281006,
        1.8989999294281006,
        3.171999931335449,
        1.90500009059906,
        1.9089999198913574,
        1.9089999198913574,
        1.912000060081482,
        2.439000129699707,
        1.9149999618530273,
        1.9179999828338623,
        3.2210001945495605,
        1.9249999523162842,
        1.9249999523162842,
        1.9279999732971191,
        1.9279999732971191,
        1.9320000410079956,
        1.934999942779541,
        1.934999942779541,
        3.4839999675750732,
        1.9410001039505005,
        1.9410001039505005,
        1.9449999332427979,
        1.9449999332427979,
        1.9449999332427979,
        1.9480000734329224,
        1.9480000734329224,
        1.9509999752044678,
        1.9509999752044678,
        1.9539999961853027,
        1.9539999961853027,
        1.9539999961853027,
        1.9580000638961792,
        1.9580000638961792,
        1.9609999656677246,
        1.9609999656677246,
        1.9639999866485596,
        1.9639999866485596,
        1.9670000076293945,
        1.9670000076293945,
        1.9709999561309814,
        1.9709999561309814,
        1.9709999561309814,
        1.9739999771118164,
        1.9739999771118164,
        1.9769999980926514,
        1.9769999980926514,
        1.9809999465942383,
        1.9809999465942383,
        1.9809999465942383,
        1.9840000867843628,
        1.9840000867843628,
        1.9869999885559082,
        1.9869999885559082,
        1.9900000095367432,
        1.9900000095367432,
        1.9900000095367432,
        1.99399995803833,
        1.99399995803833,
        1.996999979019165,
        1.996999979019165,
        2.0,
        2.0,
        2.0,
        2.003000020980835,
        2.006999969482422,
        2.006999969482422,
        2.009999990463257,
        2.013000011444092,
        2.013000011444092,
        2.0160000324249268,
        2.0199999809265137,
        2.0199999809265137,
        2.0230000019073486,
        2.0230000019073486,
        2.0260000228881836,
        2.0299999713897705,
        2.0299999713897705,
        2.0329999923706055,
        2.0360000133514404,
        2.0390000343322754
    ],
    "Generations needed": 41,
    "Population 1": 206.0850067138672,
    "Population 10": 1901.800048828125,
    "Population 11": 1911.0,
    "Population 12": 1911.0,
    "Population 13": 1911.0,
    "Population 14": 1930.074951171875,
    "Population 15": 2548.64990234375,
    "Population 16": 2562.0,
    "Population 17": 2562.0,
    "Population 18": 2562.0,
    "Population 19": 2620.695068359375,
    "Population 2": 761.6950073242188,
    "Population 20": 2931.179931640625,
    "Population 21": 2935.0,
    "Population 22": 2935.0,
    "Population 23": 2935.0,
    "Population 24": 2969.330078125,
    "Population 25": 3571.68505859375,
    "Population 26": 3584.719970703125,
    "Population 27": 3586.0,
    "Population 28": 3586.0,
    "Population 29": 3586.0,
    "Population 3": 1258.9549560546875,
    "Population 30": 3623.9150390625,
    "Population 31": 3955.695068359375,
    "Population 32": 3958.014892578125,
    "Population 33": 3959.0,
    "Population 34": 3959.0,
    "Population 35": 3959.0,
    "Population 36": 4010.125,
    "Population 37": 4904.96484375,
    "Population 38": 4920.0,
    "Population 39": 4920.0,
    "Population 4": 1530.2099609375,
    "Population 40": 4920.0,
    "Population 41": 4980.85986328125,
    "Population 5": 1536.7249755859375,
    "Population 6": 1538.0,
    "Population 7": 1538.0,
    "Population 8": 1538.0,
    "Population 9": 1576.260009765625,
    "start": "today"
}
