{
    "Champ at 1": 812.0,
    "Champ at 10": 1911.0,
    "Champ at 11": 1911.0,
    "Champ at 12": 1911.0,
    "Champ at 13": 2309.0,
    "Champ at 14": 2309.0,
    "Champ at 15": 2309.0,
    "Champ at 16": 2309.0,
    "Champ at 17": 2309.0,
    "Champ at 18": 2935.0,
    "Champ at 19": 2935.0,
    "Champ at 2": 1257.0,
    "Champ at 20": 2935.0,
    "Champ at 21": 2935.0,
    "Champ at 22": 2935.0,
    "Champ at 23": 3586.0,
    "Champ at 24": 3586.0,
    "Champ at 25": 3586.0,
    "Champ at 26": 3586.0,
    "Champ at 27": 3586.0,
    "Champ at 28": 3959.0,
    "Champ at 29": 3959.0,
    "Champ at 3": 1282.0,
    "Champ at 30": 3959.0,
    "Champ at 31": 3959.0,
    "Champ at 32": 3959.0,
    "Champ at 33": 4610.0,
    "Champ at 34": 4610.0,
    "Champ at 35": 4610.0,
    "Champ at 36": 4610.0,
    "Champ at 37": 4610.0,
    "Champ at 38": 4983.0,
    "Champ at 39": 4983.0,
    "Champ at 4": 1282.0,
    "Champ at 40": 4983.0,
    "Champ at 41": 4983.0,
    "Champ at 42": 4983.0,
    "Champ at 43": 5165.0,
    "Champ at 5": 1282.0,
    "Champ at 6": 1282.0,
    "Champ at 7": 1282.0,
    "Champ at 8": 1911.0,
    "Champ at 9": 1911.0,
    "ChampFitness": 5165.0,
    "ChampInputs": [
        1.8209999799728394,
        1.8209999799728394,
        1.8240000009536743,
        1.8240000009536743,
        1.8240000009536743,
        1.8269999027252197,
        3.5185959339141846,
        1.8269999027252197,
        1.8269999027252197,
        2.883999824523926,
        1.8309999704360962,
        1.8340001106262207,
        1.8340001106262207,
        1.8340001106262207,
        3.1060001850128174,
        1.8369998931884766,
        1.8369998931884766,
        2.757999897003174,
        1.8410000801086426,
        1.8410000801086426,
        1.8410000801086426,
        1.8440001010894775,
        3.246000051498413,
        1.8440001010894775,
        1.847000002861023,
        1.847000002861023,
        1.847000002861023,
        2.689000129699707,
        1.850000023841858,
        1.850000023841858,
        3.23799991607666,
        1.8539999723434448,
        1.8539999723434448,
        1.8539999723434448,
        1.8569999933242798,
        2.5989999771118164,
        1.8569999933242798,
        1.8600000143051147,
        3.2789998054504395,
        1.8600000143051147,
        1.8629999160766602,
        1.8629999160766602,
        1.8629999160766602,
        1.8629999160766602,
        1.8669999837875366,
        1.8669999837875366,
        1.8669999837875366,
        1.8700001239776611,
        1.8700001239776611,
        1.8700001239776611,
        1.872999906539917,
        1.872999906539917,
        1.872999906539917,
        1.872999906539917,
        1.8760000467300415,
        1.8760000467300415,
        1.8760000467300415,
        1.8799998760223389,
        1.8799998760223389,
        1.8799998760223389,
        1.8830000162124634,
        1.8830000162124634,
        1.8830000162124634,
        1.8830000162124634,
        1.8860000371932983,
        1.8860000371932983,
        1.8860000371932983,
        1.8889999389648438,
        1.8889999389648438,
        1.8889999389648438,
        1.8930000066757202,
        1.8930000066757202,
        1.8930000066757202,
        1.8960000276565552,
        1.8960000276565552,
        1.8960000276565552,
        1.8960000276565552,
        1.8989999294281006,
        1.8989999294281006,
        1.8989999294281006,
        1.902999997138977,
        1.902999997138977,
        1.902999997138977,
        1.9059998989105225,
        1.9059998989105225,
        1.9059998989105225,
        1.9089999198913574,
        1.9089999198913574,
        1.9089999198913574,
        1.9089999198913574,
        1.912000060081482,
        1.912000060081482,
        1.912000060081482,
        1.9159998893737793,
        1.9159998893737793,
        1.9159998893737793,
        1.9190000295639038,
        1.9190000295639038,
        1.9190000295639038,
        1.9220000505447388
    ],
    "Generations needed": 43,
    "Population 1": 207.22999572753906,
    "Population 10": 1911.0,
    "Population 11": 1911.0,
    "Population 12": 1911.0,
    "Population 13": 1921.6400146484375,
    "Population 14": 2298.554931640625,
    "Population 15": 2309.0,
    "Population 16": 2309.0,
    "Population 17": 2309.0,
    "Population 18": 2446.56005859375,
    "Population 19": 2918.949951171875,
    "Population 2": 738.260009765625,
    "Population 20": 2935.0,
    "Population 21": 2935.0,
    "Population 22": 2935.0,
    "Population 23": 2966.320068359375,
    "Population 24": 3575.625,
    "Population 25": 3586.0,
    "Population 26": 3586.0,
    "Population 27": 3586.0,
    "Population 28": 3615.715087890625,
    "Population 29": 3952.419921875,
    "Population 3": 1217.739990234375,
    "Population 30": 3959.0,
    "Population 31": 3959.0,
    "Population 32": 3959.0,
    "Population 33": 3991.9951171875,
    "Population 34": 4602.19482421875,
    "Population 35": 4610.0,
    "Population 36": 4610.0,
    "Population 37": 4610.0,
    "Population 38": 4643.59521484375,
    "Population 39": 4981.134765625,
    "Population 4": 1275.6600341796875,
    "Population 40": 4983.0,
    "Population 41": 4983.0,
    "Population 42": 4983.0,
    "Population 43": 4986.83984375,
    "Population 5": 1282.0,
    "Population 6": 1282.0,
    "Population 7": 1282.0,
    "Population 8": 1389.7249755859375,
    "Population 9": 1891.3299560546875,
    "start": "today"
}
