{
    "Champ at 1": 814.0,
    "Champ at 10": 1911.0,
    "Champ at 11": 1911.0,
    "Champ at 12": 2562.0,
    "Champ at 13": 2562.0,
    "Champ at 14": 2562.0,
    "Champ at 15": 2562.0,
    "Champ at 16": 2562.0,
    "Champ at 17": 2935.0,
    "Champ at 18": 2935.0,
    "Champ at 19": 2935.0,
    "Champ at 2": 1538.0,
    "Champ at 20": 2935.0,
    "Champ at 21": 2935.0,
    "Champ at 22": 3586.0,
    "Champ at 23": 3586.0,
    "Champ at 24": 3586.0,
    "Champ at 25": 3586.0,
    "Champ at 26": 3586.0,
    "Champ at 27": 3959.0,
    "Champ at 28": 3959.0,
    "Champ at 29": 3959.0,
    "Champ at 3": 1538.0,
    "Champ at 30": 3959.0,
    "Champ at 31": 3959.0,
    "Champ at 32": 4610.0,
    "Champ at 33": 4610.0,
    "Champ at 34": 4610.0,
    "Champ at 35": 4610.0,
    "Champ at 36": 4610.0,
    "Champ at 37": 4983.0,
    "Champ at 38": 4983.0,
    "Champ at 39": 4983.0,
    "Champ at 4": 1538.0,
    "Champ at 40": 4983.0,
    "Champ at 41": 5166.0,
    "Champ at 5": 1538.0,
    "Champ at 6": 1538.0,
    "Champ at 7": 1911.0,
    "Champ at 8": 1911.0,
    "Champ at 9": 1911.0,
    "ChampFitness": 5166.0,
    "ChampInputs": [
        1.8229999542236328,
        1.8260000944137573,
        1.8289999961853027,
        1.8330000638961792,
        1.8330000638961792,
        1.8359999656677246,
        3.5948190689086914,
        1.8389999866485596,
        1.8420000076293945,
        1.8459999561309814,
        1.8459999561309814,
        2.7259998321533203,
        1.8489999771118164,
        1.8519999980926514,
        3.1740000247955322,
        1.8550000190734863,
        1.8589999675750732,
        1.8619999885559082,
        1.8619999885559082,
        2.552000045776367,
        1.8680000305175781,
        1.8680000305175781,
        3.1760001182556152,
        1.875,
        1.875,
        1.878000020980835,
        1.8809999227523804,
        2.490000009536743,
        1.8849999904632568,
        1.8880000114440918,
        3.122999906539917,
        1.8910000324249268,
        1.8910000324249268,
        1.8949999809265137,
        1.8949999809265137,
        0.590999960899353,
        1.9010000228881836,
        1.9010000228881836,
        1.9040000438690186,
        3.2890000343322754,
        1.9040000438690186,
        1.9079999923706055,
        1.9079999923706055,
        1.9110000133514404,
        1.9140000343322754,
        1.9140000343322754,
        1.9169999361038208,
        1.9210000038146973,
        1.9210000038146973,
        1.9239999055862427,
        1.9239999055862427,
        1.9270000457763672,
        1.9300000667572021,
        1.934000015258789,
        1.934000015258789,
        1.937000036239624,
        1.937000036239624,
        1.940000057220459,
        1.940000057220459,
        1.944000005722046,
        1.9470000267028809,
        1.9470000267028809,
        1.9499999284744263,
        1.9529999494552612,
        1.9529999494552612,
        1.9529999494552612,
        1.9570000171661377,
        1.9570000171661377,
        1.9570000171661377,
        1.959999918937683,
        1.959999918937683,
        1.9630000591278076,
        1.9660000801086426,
        1.9660000801086426,
        1.9700000286102295,
        1.9730000495910645,
        1.9730000495910645,
        1.9760000705718994,
        1.9760000705718994,
        1.9789999723434448,
        1.9830000400543213,
        1.9830000400543213,
        1.9859999418258667,
        1.9859999418258667,
        1.9889999628067017,
        1.9889999628067017,
        1.9930000305175781,
        1.9959999322891235,
        1.9959999322891235,
        1.999000072479248,
        2.002000093460083,
        2.002000093460083,
        2.00600004196167,
        2.009000062942505,
        2.009000062942505,
        2.0119998455047607,
        2.0119998455047607,
        2.0149998664855957,
        2.0149998664855957,
        2.0190000534057617
    ],
    "Generations needed": 41,
    "Population 1": 193.1199951171875,
    "Population 10": 1911.0,
    "Population 11": 1911.0,
    "Population 12": 1935.3499755859375,
    "Population 13": 2544.35498046875,
    "Population 14": 2562.0,
    "Population 15": 2562.0,
    "Population 16": 2562.0,
    "Population 17": 2599.580078125,
    "Population 18": 2925.570068359375,
    "Population 19": 2935.0,
    "Population 2": 753.4849853515625,
    "Population 20": 2935.0,
    "Population 21": 2935.0,
    "Population 22": 2961.72509765625,
    "Population 23": 3571.1650390625,
    "Population 24": 3586.0,
    "Population 25": 3586.0,
    "Population 26": 3586.0,
    "Population 27": 3636.235107421875,
    "Population 28": 3950.030029296875,
    "Population 29": 3959.0,
    "Population 3": 1493.5050048828125,
    "Population 30": 3959.0,
    "Population 31": 3959.0,
    "Population 32": 3989.344970703125,
    "Population 33": 4592.97509765625,
    "Population 34": 4610.0,
    "Population 35": 4610.0,
    "Population 36": 4610.0,
    "Population 37": 4645.91015625,
    "Population 38": 4983.0,
    "Population 39": 4983.0,
    "Population 4": 1538.0,
    "Population 40": 4983.0,
    "Population 41": 4983.5400390625,
    "Population 5": 1538.0,
    "Population 6": 1538.0,
    "Population 7": 1585.3599853515625,
    "Population 8": 1908.75,
    "Population 9": 1911.0,
    "start": "today"
}
