{
    "Champ at 1": 887.0,
    "Champ at 10": 1911.0,
    "Champ at 11": 1911.0,
    "Champ at 12": 1911.0,
    "Champ at 13": 1911.0,
    "Champ at 14": 2562.0,
    "Champ at 15": 2562.0,
    "Champ at 16": 2562.0,
    "Champ at 17": 2562.0,
    "Champ at 18": 2562.0,
    "Champ at 19": 2935.0,
    "Champ at 2": 1255.0,
    "Champ at 20": 2935.0,
    "Champ at 21": 2935.0,
    "Champ at 22": 2935.0,
    "Champ at 23": 2935.0,
    "Champ at 24": 3586.0,
    "Champ at 25": 3586.0,
    "Champ at 26": 3586.0,
    "Champ at 27": 3586.0,
    "Champ at 28": 3586.0,
    "Champ at 29": 3959.0,
    "Champ at 3": 1538.0,
    "Champ at 30": 3959.0,
    "Champ at 31": 3959.0,
    "Champ at 32": 3959.0,
    "Champ at 33": 3959.0,
    "Champ at 34": 4923.0,
    "Champ at 35": 4923.0,
    "Champ at 36": 4923.0,
    "Champ at 37": 4923.0,
    "Champ at 38": 4923.0,
    "Champ at 39": 5166.0,
    "Champ at 4": 1538.0,
    "Champ at 5": 1538.0,
    "Champ at 6": 1538.0,
    "Champ at 7": 1538.0,
    "Champ at 8": 1911.0,
    "Champ at 9": 1911.0,
    "ChampFitness": 5166.0,
    "ChampInputs": [
        1.8760000467300415,
        1.8799998760223389,
        1.8799998760223389,
        1.8830000162124634,
        1.8860000371932983,
        1.8860000371932983,
        3.099231004714966,
        1.8889999389648438,
        1.8930000066757202,
        1.8960000276565552,
        1.8960000276565552,
        0.5600000023841858,
        1.9019999504089355,
        1.9019999504089355,
        1.9059998989105225,
        3.059999942779541,
        1.9089999198913574,
        1.9089999198913574,
        1.912000060081482,
        1.912000060081482,
        0.6599999666213989,
        1.9159998893737793,
        1.9190000295639038,
        1.9190000295639038,
        2.922999858856201,
        1.9220000505447388,
        1.9249999523162842,
        1.9249999523162842,
        1.9290000200271606,
        0.45899999141693115,
        1.9320000410079956,
        1.9320000410079956,
        1.934999942779541,
        3.243000030517578,
        1.937999963760376,
        1.937999963760376,
        1.941999912261963,
        1.941999912261963,
        1.9449999332427979,
        1.9449999332427979,
        1.9480000734329224,
        3.4010000228881836,
        1.9509999752044678,
        1.9550000429153442,
        1.9580000638961792,
        1.9580000638961792,
        1.9609999656677246,
        1.9609999656677246,
        1.965000033378601,
        1.965000033378601,
        1.9679999351501465,
        1.9679999351501465,
        1.9709999561309814,
        1.9709999561309814,
        1.9739999771118164,
        1.9739999771118164,
        1.9779999256134033,
        1.9779999256134033,
        1.9809999465942383,
        1.9809999465942383,
        1.9840000867843628,
        1.9840000867843628,
        1.9869999885559082,
        1.9869999885559082,
        1.996999979019165,
        1.996999979019165,
        2.0,
        2.003999948501587,
        2.003999948501587,
        2.006999969482422,
        2.006999969482422,
        2.009999990463257,
        2.0139999389648438,
        2.0139999389648438,
        2.0169999599456787,
        2.0169999599456787,
        2.0199999809265137,
        2.0199999809265137,
        2.0199999809265137,
        2.0230000019073486,
        2.0230000019073486,
        2.0230000019073486,
        2.0269999504089355,
        2.0269999504089355,
        2.0299999713897705,
        2.0299999713897705,
        2.0299999713897705,
        2.0329999923706055,
        2.0329999923706055,
        2.0360000133514404,
        2.0360000133514404,
        2.0360000133514404,
        2.0399999618530273,
        2.0399999618530273,
        2.0399999618530273,
        2.0429999828338623,
        2.0429999828338623,
        2.0460000038146973,
        2.0460000038146973,
        2.0460000038146973
    ],
    "Generations needed": 39,
    "Population 1": 197.375,
    "Population 10": 1910.6650390625,
    "Population 11": 1911.0,
    "Population 12": 1911.0,
    "Population 13": 1911.0,
    "Population 14": 1963.3050537109375,
    "Population 15": 2547.695068359375,
    "Population 16": 2562.0,
    "Population 17": 2562.0,
    "Population 18": 2562.0,
    "Population 19": 2598.304931640625,
    "Population 2": 787.6900024414063,
    "Population 20": 2933.135009765625,
    "Population 21": 2935.0,
    "Population 22": 2935.0,
    "Population 23": 2935.0,
    "Population 24": 2985.405029296875,
    "Population 25": 3582.7451171875,
    "Population 26": 3586.0,
    "Population 27": 3586.0,
    "Population 28": 3586.0,
    "Population 29": 3627.294921875,
    "Population 3": 1241.97998046875,
    "Population 30": 3956.14990234375,
    "Population 31": 3959.0,
    "Population 32": 3959.0,
    "Population 33": 3959.0,
    "Population 34": 3990.929931640625,
    "Population 35": 4917.60986328125,
    "Population 36": 4923.0,
    "Population 37": 4923.0,
    "Population 38": 4923.0,
    "Population 39": 4976.3349609375,
    "Population 4": 1525.675048828125,
    "Population 5": 1538.0,
    "Population 6": 1538.0,
    "Population 7": 1538.0,
    "Population 8": 1580.7950439453125,
    "Population 9": 1904.5999755859375,
    "start": "today"
}
