{
    "Champ at 1": 827.0,
    "Champ at 10": 1911.0,
    "Champ at 11": 1911.0,
    "Champ at 12": 2562.0,
    "Champ at 13": 2562.0,
    "Champ at 14": 2562.0,
    "Champ at 15": 2562.0,
    "Champ at 16": 2562.0,
    "Champ at 17": 2935.0,
    "Champ at 18": 2935.0,
    "Champ at 19": 2935.0,
    "Champ at 2": 1242.0,
    "Champ at 20": 2935.0,
    "Champ at 21": 2935.0,
    "Champ at 22": 3586.0,
    "Champ at 23": 3586.0,
    "Champ at 24": 3586.0,
    "Champ at 25": 3586.0,
    "Champ at 26": 3586.0,
    "Champ at 27": 3959.0,
    "Champ at 28": 3959.0,
    "Champ at 29": 3959.0,
    "Champ at 3": 1538.0,
    "Champ at 30": 3959.0,
    "Champ at 31": 3959.0,
    "Champ at 32": 4910.0,
    "Champ at 33": 4910.0,
    "Champ at 34": 4910.0,
    "Champ at 35": 4910.0,
    "Champ at 36": 4910.0,
    "Champ at 37": 5168.0,
    "Champ at 4": 1538.0,
    "Champ at 5": 1538.0,
    "Champ at 6": 1538.0,
    "Champ at 7": 1538.0,
    "Champ at 8": 1911.0,
    "Champ at 9": 1911.0,
    "ChampFitness": 5168.0,
    "ChampInputs": [
        1.8539999723434448,
        1.8580000400543213,
        1.8580000400543213,
        1.8610000610351563,
        1.8639999628067017,
        1.8639999628067017,
        2.5062034130096436,
        2.755082607269287,
        1.8709999322891235,
        1.8709999322891235,
        1.8709999322891235,
        0.5770000219345093,
        1.8739999532699585,
        1.8739999532699585,
        1.877000093460083,
        3.2760000228881836,
        1.877000093460083,
        1.8809999227523804,
        1.8809999227523804,
        1.8809999227523804,
        2.565999984741211,
        1.8870000839233398,
        1.8870000839233398,
        3.006999969482422,
        1.8899999856948853,
        1.8899999856948853,
        1.8940000534057617,
        1.8970000743865967,
        2.628999948501587,
        1.8970000743865967,
        1.899999976158142,
        3.1670000553131104,
        1.902999997138977,
        1.902999997138977,
        1.906999945640564,
        1.906999945640564,
        1.906999945640564,
        1.909999966621399,
        1.909999966621399,
        3.6660001277923584,
        1.9159998893737793,
        1.9159998893737793,
        1.9200000762939453,
        1.9200000762939453,
        1.9230000972747803,
        1.9259999990463257,
        1.9259999990463257,
        1.9300000667572021,
        1.9300000667572021,
        1.9359999895095825,
        1.9390000104904175,
        1.9390000104904175,
        1.9429999589920044,
        1.9429999589920044,
        1.9459999799728394,
        1.9459999799728394,
        1.9490001201629639,
        1.9490001201629639,
        1.9519999027252197,
        1.9519999027252197,
        1.9560000896453857,
        1.9560000896453857,
        1.9589998722076416,
        1.9589998722076416,
        1.9620000123977661,
        1.9620000123977661,
        1.9620000123977661,
        1.965000033378601,
        1.965000033378601,
        1.968999981880188,
        1.968999981880188,
        1.972000002861023,
        1.972000002861023,
        1.975000023841858,
        1.975000023841858,
        1.9779999256134033,
        1.9779999256134033,
        1.9819999933242798,
        1.9819999933242798,
        1.9819999933242798,
        1.9850001335144043,
        1.9850001335144043,
        1.9879999160766602,
        1.9879999160766602,
        1.9920001029968262,
        1.9920001029968262,
        1.994999885559082,
        1.994999885559082,
        1.9980000257492065,
        1.9980000257492065,
        2.000999927520752,
        2.000999927520752,
        2.004999876022339,
        2.004999876022339,
        2.007999897003174,
        2.007999897003174,
        2.011000156402588,
        2.011000156402588,
        2.0139999389648438,
        2.0139999389648438
    ],
    "Generations needed": 37,
    "Population 1": 203.5749969482422,
    "Population 10": 1911.0,
    "Population 11": 1911.0,
    "Population 12": 1937.5999755859375,
    "Population 13": 2548.97998046875,
    "Population 14": 2562.0,
    "Population 15": 2562.0,
    "Population 16": 2562.0,
    "Population 17": 2614.739990234375,
    "Population 18": 2929.965087890625,
    "Population 19": 2935.0,
    "Population 2": 761.4749755859375,
    "Population 20": 2935.0,
    "Population 21": 2935.0,
    "Population 22": 2979.2548828125,
    "Population 23": 3579.489990234375,
    "Population 24": 3586.0,
    "Population 25": 3586.0,
    "Population 26": 3586.0,
    "Population 27": 3639.955078125,
    "Population 28": 3957.135009765625,
    "Population 29": 3959.0,
    "Population 3": 1218.405029296875,
    "Population 30": 3959.0,
    "Population 31": 3959.0,
    "Population 32": 4012.264892578125,
    "Population 33": 4907.0849609375,
    "Population 34": 4910.0,
    "Population 35": 4910.0,
    "Population 36": 4910.0,
    "Population 37": 4979.669921875,
    "Population 4": 1515.72998046875,
    "Population 5": 1538.0,
    "Population 6": 1538.0,
    "Population 7": 1538.0,
    "Population 8": 1583.739990234375,
    "Population 9": 1911.0,
    "start": "today"
}
