{
    "Champ at 1": 818.0,
    "Champ at 10": 1538.0,
    "Champ at 11": 1911.0,
    "Champ at 12": 1911.0,
    "Champ at 13": 1911.0,
    "Champ at 14": 1911.0,
    "Champ at 15": 1911.0,
    "Champ at 16": 2562.0,
    "Champ at 17": 2562.0,
    "Champ at 18": 2562.0,
    "Champ at 19": 2562.0,
    "Champ at 2": 887.0,
    "Champ at 20": 2562.0,
    "Champ at 21": 2562.0,
    "Champ at 22": 2935.0,
    "Champ at 23": 2935.0,
    "Champ at 24": 2935.0,
    "Champ at 25": 2935.0,
    "Champ at 26": 2935.0,
    "Champ at 27": 3586.0,
    "Champ at 28": 3586.0,
    "Champ at 29": 3586.0,
    "Champ at 3": 1259.0,
    "Champ at 30": 3586.0,
    "Champ at 31": 3586.0,
    "Champ at 32": 3586.0,
    "Champ at 33": 3959.0,
    "Champ at 34": 3959.0,
    "Champ at 35": 3959.0,
    "Champ at 36": 3959.0,
    "Champ at 37": 3959.0,
    "Champ at 38": 3959.0,
    "Champ at 39": 4610.0,
    "Champ at 4": 1274.0,
    "Champ at 40": 4610.0,
    "Champ at 41": 4610.0,
    "Champ at 42": 4610.0,
    "Champ at 43": 4610.0,
    "Champ at 44": 4983.0,
    "Champ at 45": 4983.0,
    "Champ at 46": 4983.0,
    "Champ at 47": 4983.0,
    "Champ at 48": 4983.0,
    "Champ at 49": 5163.0,
    "Champ at 5": 1538.0,
    "Champ at 6": 1538.0,
    "Champ at 7": 1538.0,
    "Champ at 8": 1538.0,
    "Champ at 9": 1538.0,
    "ChampFitness": 5163.0,
    "ChampInputs": [
        1.8309999704360962,
        1.8350000381469727,
        1.8350000381469727,
        1.837999939918518,
        1.837999939918518,
        1.8410000801086426,
        3.4768567085266113,
        1.8440001010894775,
        1.8480000495910645,
        1.8510000705718994,
        1.8510000705718994,
        2.682000160217285,
        1.8539999723434448,
        1.8580000400543213,
        3.253000020980835,
        1.8610000610351563,
        1.8639999628067017,
        1.8639999628067017,
        1.8669999837875366,
        2.492000102996826,
        1.8709999322891235,
        1.8739999532699585,
        3.2229998111724854,
        1.877000093460083,
        1.877000093460083,
        1.8799998760223389,
        1.8840000629425049,
        0.6369999647140503,
        1.8870000839233398,
        1.8899999856948853,
        1.8899999856948853,
        3.184000015258789,
        1.8930000066757202,
        1.8970000743865967,
        1.899999976158142,
        1.899999976158142,
        0.5070000290870667,
        1.902999997138977,
        1.906999945640564,
        1.909999966621399,
        3.13100004196167,
        1.9130001068115234,
        1.9159998893737793,
        1.9159998893737793,
        1.9200000762939453,
        1.9200000762939453,
        1.9230000972747803,
        1.9230000972747803,
        1.9259999990463257,
        1.9290000200271606,
        1.9290000200271606,
        1.9329999685287476,
        1.9359999895095825,
        1.9359999895095825,
        1.9390000104904175,
        1.9390000104904175,
        1.941999912261963,
        1.9459999799728394,
        1.9459999799728394,
        1.9490001201629639,
        1.9490001201629639,
        1.9519999027252197,
        1.9519999027252197,
        1.9550000429153442,
        1.9550000429153442,
        1.9589998722076416,
        1.9589998722076416,
        1.9620000123977661,
        1.9620000123977661,
        1.965000033378601,
        1.965000033378601,
        1.968999981880188,
        1.968999981880188,
        1.972000002861023,
        1.972000002861023,
        1.975000023841858,
        1.9779999256134033,
        1.9779999256134033,
        1.9819999933242798,
        1.9850001335144043,
        1.9850001335144043,
        1.9879999160766602,
        1.9879999160766602,
        1.9910000562667847,
        1.9910000562667847,
        1.994999885559082,
        1.9980000257492065,
        1.9980000257492065,
        2.000999927520752,
        2.000999927520752,
        2.003999948501587,
        2.003999948501587,
        2.007999897003174,
        2.011000156402588,
        2.011000156402588,
        2.0139999389648438,
        2.0139999389648438,
        2.0180001258850098,
        2.0209999084472656,
        2.0209999084472656
    ],
    "Generations needed": 49,
    "Population 1": 204.25,
    "Population 10": 1538.0,
    "Population 11": 1585.2850341796875,
    "Population 12": 1903.175048828125,
    "Population 13": 1911.0,
    "Population 14": 1911.0,
    "Population 15": 1911.0,
    "Population 16": 1945.43994140625,
    "Population 17": 2550.925048828125,
    "Population 18": 2558.7451171875,
    "Population 19": 2562.0,
    "Population 2": 751.9099731445313,
    "Population 20": 2562.0,
    "Population 21": 2562.0,
    "Population 22": 2607.635009765625,
    "Population 23": 2926.97998046875,
    "Population 24": 2935.0,
    "Population 25": 2935.0,
    "Population 26": 2935.0,
    "Population 27": 2963.5,
    "Population 28": 3582.7451171875,
    "Population 29": 3584.639892578125,
    "Population 3": 872.5650024414063,
    "Population 30": 3586.0,
    "Population 31": 3586.0,
    "Population 32": 3586.0,
    "Population 33": 3629.205078125,
    "Population 34": 3949.885009765625,
    "Population 35": 3958.715087890625,
    "Population 36": 3959.0,
    "Population 37": 3959.0,
    "Population 38": 3959.0,
    "Population 39": 4009.419921875,
    "Population 4": 1239.5699462890625,
    "Population 40": 4598.78515625,
    "Population 41": 4610.0,
    "Population 42": 4610.0,
    "Population 43": 4610.0,
    "Population 44": 4666.0751953125,
    "Population 45": 4981.134765625,
    "Population 46": 4983.0,
    "Population 47": 4983.0,
    "Population 48": 4983.0,
    "Population 49": 4985.89990234375,
    "Population 5": 1275.1099853515625,
    "Population 6": 1529.5400390625,
    "Population 7": 1534.7449951171875,
    "Population 8": 1538.0,
    "Population 9": 1538.0,
    "start": "today"
}
