{
    "Champ at 1": 887.0,
    "Champ at 10": 1911.0,
    "Champ at 11": 1911.0,
    "Champ at 12": 1911.0,
    "Champ at 13": 2864.0,
    "Champ at 14": 2864.0,
    "Champ at 15": 2864.0,
    "Champ at 16": 2864.0,
    "Champ at 17": 2864.0,
    "Champ at 18": 3892.0,
    "Champ at 19": 3892.0,
    "Champ at 2": 1256.0,
    "Champ at 20": 3892.0,
    "Champ at 21": 3892.0,
    "Champ at 22": 3892.0,
    "Champ at 23": 4921.0,
    "Champ at 24": 4921.0,
    "Champ at 25": 4921.0,
    "Champ at 26": 4921.0,
    "Champ at 27": 5167.0,
    "Champ at 3": 1538.0,
    "Champ at 4": 1538.0,
    "Champ at 5": 1538.0,
    "Champ at 6": 1538.0,
    "Champ at 7": 1538.0,
    "Champ at 8": 1911.0,
    "Champ at 9": 1911.0,
    "ChampFitness": 5167.0,
    "ChampInputs": [
        1.8809999227523804,
        1.8840000629425049,
        1.8840000629425049,
        1.8870000839233398,
        1.8870000839233398,
        1.8870000839233398,
        1.8910000324249268,
        1.2004284858703613,
        1.8940000534057617,
        1.8940000534057617,
        1.8940000534057617,
        1.8970000743865967,
        0.6140000224113464,
        1.9010000228881836,
        1.9010000228881836,
        1.9010000228881836,
        3.2049999237060547,
        1.9040000438690186,
        1.906999945640564,
        1.906999945640564,
        1.909999966621399,
        1.909999966621399,
        1.9140000343322754,
        1.9140000343322754,
        3.5839998722076416,
        1.9169999361038208,
        1.9169999361038208,
        1.9200000762939453,
        1.9230000972747803,
        1.9230000972747803,
        1.9270000457763672,
        1.9270000457763672,
        3.5339999198913574,
        1.9300000667572021,
        1.9329999685287476,
        1.9329999685287476,
        1.9329999685287476,
        1.9359999895095825,
        1.9359999895095825,
        1.940000057220459,
        3.4609999656677246,
        1.9429999589920044,
        1.9429999589920044,
        1.9459999799728394,
        1.9459999799728394,
        1.9499999284744263,
        1.9499999284744263,
        1.9529999494552612,
        1.9529999494552612,
        1.9560000896453857,
        1.9560000896453857,
        1.9589998722076416,
        1.9589998722076416,
        1.9630000591278076,
        1.9630000591278076,
        1.9660000801086426,
        1.9660000801086426,
        1.9660000801086426,
        1.968999981880188,
        1.968999981880188,
        1.972000002861023,
        1.972000002861023,
        1.9760000705718994,
        1.9760000705718994,
        1.9760000705718994,
        1.9789999723434448,
        1.9789999723434448,
        1.9819999933242798,
        1.9819999933242798,
        1.9850001335144043,
        1.9850001335144043,
        1.9889999628067017,
        1.9889999628067017,
        1.9920001029968262,
        1.9920001029968262,
        1.994999885559082,
        1.994999885559082,
        1.994999885559082,
        1.999000072479248,
        1.999000072479248,
        2.002000093460083,
        2.002000093460083,
        2.004999876022339,
        2.004999876022339,
        2.007999897003174,
        2.007999897003174,
        2.0119998455047607,
        2.0119998455047607,
        2.0149998664855957,
        2.0149998664855957,
        2.0180001258850098,
        2.0180001258850098,
        2.0209999084472656,
        2.0209999084472656,
        2.0250000953674316,
        2.0250000953674316,
        2.0280001163482666,
        2.0280001163482666,
        2.0309998989105225,
        2.0309998989105225
    ],
    "Generations needed": 27,
    "Population 1": 205.34500122070313,
    "Population 10": 1911.0,
    "Population 11": 1911.0,
    "Population 12": 1911.0,
    "Population 13": 1949.969970703125,
    "Population 14": 2854.469970703125,
    "Population 15": 2864.0,
    "Population 16": 2864.0,
    "Population 17": 2864.0,
    "Population 18": 2972.705078125,
    "Population 19": 3881.5,
    "Population 2": 784.72998046875,
    "Population 20": 3892.0,
    "Population 21": 3892.0,
    "Population 22": 3892.0,
    "Population 23": 4005.64501953125,
    "Population 24": 4921.0,
    "Population 25": 4921.0,
    "Population 26": 4921.0,
    "Population 27": 4984.27978515625,
    "Population 3": 1230.5550537109375,
    "Population 4": 1518.0150146484375,
    "Population 5": 1538.0,
    "Population 6": 1538.0,
    "Population 7": 1538.0,
    "Population 8": 1585.0699462890625,
    "Population 9": 1898.375,
    "start": "today"
}
