{
    "Champ at 1": 887.0,
    "Champ at 10": 1911.0,
    "Champ at 11": 1911.0,
    "Champ at 12": 2862.0,
    "Champ at 13": 2862.0,
    "Champ at 14": 2862.0,
    "Champ at 15": 2862.0,
    "Champ at 16": 2862.0,
    "Champ at 17": 2862.0,
    "Champ at 18": 3586.0,
    "Champ at 19": 3586.0,
    "Champ at 2": 1538.0,
    "Champ at 20": 3586.0,
    "Champ at 21": 3586.0,
    "Champ at 22": 3586.0,
    "Champ at 23": 3959.0,
    "Champ at 24": 3959.0,
    "Champ at 25": 3959.0,
    "Champ at 26": 3959.0,
    "Champ at 27": 3959.0,
    "Champ at 28": 4918.0,
    "Champ at 29": 4918.0,
    "Champ at 3": 1538.0,
    "Champ at 30": 4918.0,
    "Champ at 31": 4918.0,
    "Champ at 32": 4918.0,
    "Champ at 33": 5158.0,
    "Champ at 4": 1538.0,
    "Champ at 5": 1538.0,
    "Champ at 6": 1538.0,
    "Champ at 7": 1911.0,
    "Champ at 8": 1911.0,
    "Champ at 9": 1911.0,
    "ChampFitness": 5158.0,
    "ChampInputs": [
        1.8830000162124634,
        1.8830000162124634,
        1.8830000162124634,
        1.8870000839233398,
        1.8870000839233398,
        1.8899999856948853,
        1.8899999856948853,
        1.137152910232544,
        1.8930000066757202,
        1.8930000066757202,
        1.8930000066757202,
        1.8960000276565552,
        2.61899995803833,
        1.8960000276565552,
        1.899999976158142,
        3.203000068664551,
        1.899999976158142,
        1.902999997138977,
        1.902999997138977,
        1.902999997138977,
        1.9059998989105225,
        1.9059998989105225,
        1.9059998989105225,
        3.5429999828338623,
        1.9089999198913574,
        1.9089999198913574,
        1.9130001068115234,
        1.9130001068115234,
        0.5320000052452087,
        1.9159998893737793,
        1.9159998893737793,
        1.9159998893737793,
        3.2039999961853027,
        1.9190000295639038,
        1.9190000295639038,
        1.9230000972747803,
        1.9230000972747803,
        1.9230000972747803,
        1.9259999990463257,
        1.9259999990463257,
        3.3559999465942383,
        1.9290000200271606,
        1.9290000200271606,
        1.9290000200271606,
        1.9320000410079956,
        1.9320000410079956,
        1.9320000410079956,
        1.9359999895095825,
        1.9359999895095825,
        1.9359999895095825,
        1.9390000104904175,
        1.9390000104904175,
        1.9390000104904175,
        1.941999912261963,
        1.941999912261963,
        1.941999912261963,
        1.9449999332427979,
        1.9449999332427979,
        1.9449999332427979,
        1.9490001201629639,
        1.9490001201629639,
        1.9490001201629639,
        1.9519999027252197,
        1.9519999027252197,
        1.9519999027252197,
        1.9550000429153442,
        1.9550000429153442,
        1.9550000429153442,
        1.9580000638961792,
        1.9580000638961792,
        1.9580000638961792,
        1.9620000123977661,
        1.9620000123977661,
        1.9620000123977661,
        1.965000033378601,
        1.965000033378601,
        1.965000033378601,
        1.9679999351501465,
        1.9679999351501465,
        1.9679999351501465,
        1.972000002861023,
        1.972000002861023,
        1.972000002861023,
        1.975000023841858,
        1.975000023841858,
        1.975000023841858,
        1.9779999256134033,
        1.9779999256134033,
        1.9779999256134033,
        1.9809999465942383,
        1.9809999465942383,
        1.9809999465942383,
        1.9850001335144043,
        1.9850001335144043,
        1.9850001335144043,
        1.9879999160766602,
        1.9879999160766602,
        1.9879999160766602,
        1.9910000562667847,
        1.9910000562667847
    ],
    "Generations needed": 33,
    "Population 1": 193.6300048828125,
    "Population 10": 1911.0,
    "Population 11": 1911.0,
    "Population 12": 1965.635009765625,
    "Population 13": 2852.489990234375,
    "Population 14": 2859.219970703125,
    "Population 15": 2862.0,
    "Population 16": 2862.0,
    "Population 17": 2862.0,
    "Population 18": 2967.735107421875,
    "Population 19": 3571.72509765625,
    "Population 2": 813.0250244140625,
    "Population 20": 3586.0,
    "Population 21": 3586.0,
    "Population 22": 3586.0,
    "Population 23": 3635.9150390625,
    "Population 24": 3954.284912109375,
    "Population 25": 3959.0,
    "Population 26": 3959.0,
    "Population 27": 3959.0,
    "Population 28": 4010.014892578125,
    "Population 29": 4905.27001953125,
    "Population 3": 1498.9000244140625,
    "Population 30": 4918.0,
    "Population 31": 4918.0,
    "Population 32": 4918.0,
    "Population 33": 4975.615234375,
    "Population 4": 1538.0,
    "Population 5": 1538.0,
    "Population 6": 1538.0,
    "Population 7": 1563.7149658203125,
    "Population 8": 1904.5150146484375,
    "Population 9": 1911.0,
    "start": "today"
}
