{
    "Champ at 1": 819.0,
    "Champ at 10": 1911.0,
    "Champ at 11": 1911.0,
    "Champ at 12": 1911.0,
    "Champ at 13": 1911.0,
    "Champ at 14": 1911.0,
    "Champ at 15": 2562.0,
    "Champ at 16": 2562.0,
    "Champ at 17": 2562.0,
    "Champ at 18": 2562.0,
    "Champ at 19": 2562.0,
    "Champ at 2": 887.0,
    "Champ at 20": 2562.0,
    "Champ at 21": 2935.0,
    "Champ at 22": 2935.0,
    "Champ at 23": 2935.0,
    "Champ at 24": 2935.0,
    "Champ at 25": 2935.0,
    "Champ at 26": 3586.0,
    "Champ at 27": 3586.0,
    "Champ at 28": 3586.0,
    "Champ at 29": 3586.0,
    "Champ at 3": 1268.0,
    "Champ at 30": 3586.0,
    "Champ at 31": 3959.0,
    "Champ at 32": 3959.0,
    "Champ at 33": 3959.0,
    "Champ at 34": 3959.0,
    "Champ at 35": 3959.0,
    "Champ at 36": 4610.0,
    "Champ at 37": 4610.0,
    "Champ at 38": 4610.0,
    "Champ at 39": 4610.0,
    "Champ at 4": 1284.0,
    "Champ at 40": 4610.0,
    "Champ at 41": 4983.0,
    "Champ at 42": 4983.0,
    "Champ at 43": 4983.0,
    "Champ at 44": 4983.0,
    "Champ at 45": 4983.0,
    "Champ at 46": 5167.0,
    "Champ at 5": 1538.0,
    "Champ at 6": 1538.0,
    "Champ at 7": 1538.0,
    "Champ at 8": 1538.0,
    "Champ at 9": 1538.0,
    "ChampFitness": 5167.0,
    "ChampInputs": [
        1.8359999656677246,
        1.8389999866485596,
        1.8389999866485596,
        1.8420000076293945,
        1.8420000076293945,
        2.105210304260254,
        3.2167110443115234,
        1.8489999771118164,
        1.8489999771118164,
        1.8519999980926514,
        1.8519999980926514,
        2.611999988555908,
        1.8550000190734863,
        1.8589999675750732,
        3.2360000610351563,
        1.8619999885559082,
        1.8619999885559082,
        1.8650000095367432,
        1.8650000095367432,
        2.61299991607666,
        1.8690000772476196,
        1.871999979019165,
        3.1040000915527344,
        1.875,
        1.875,
        1.878000020980835,
        1.878000020980835,
        0.7209999561309814,
        1.8819999694824219,
        1.8819999694824219,
        1.8849999904632568,
        3.1589999198913574,
        1.8880000114440918,
        1.8880000114440918,
        1.8910000324249268,
        1.8910000324249268,
        2.442000150680542,
        1.8949999809265137,
        1.8980000019073486,
        3.312999963760376,
        1.9010000228881836,
        1.9010000228881836,
        1.9040000438690186,
        1.9040000438690186,
        1.9079999923706055,
        1.9079999923706055,
        1.9110000133514404,
        1.9110000133514404,
        1.9140000343322754,
        1.9140000343322754,
        1.9179999828338623,
        1.9179999828338623,
        1.9210000038146973,
        1.9210000038146973,
        1.9239999055862427,
        1.9239999055862427,
        1.9270000457763672,
        1.9270000457763672,
        1.930999994277954,
        1.934000015258789,
        1.934000015258789,
        1.937000036239624,
        1.937000036239624,
        1.940000057220459,
        1.940000057220459,
        1.944000005722046,
        1.944000005722046,
        1.9470000267028809,
        1.9470000267028809,
        1.9499999284744263,
        1.9499999284744263,
        1.9529999494552612,
        1.9529999494552612,
        1.9570000171661377,
        1.9570000171661377,
        1.959999918937683,
        1.959999918937683,
        1.9630000591278076,
        1.9660000801086426,
        1.9660000801086426,
        1.9700000286102295,
        1.9700000286102295,
        1.9730000495910645,
        1.9730000495910645,
        1.9760000705718994,
        1.9760000705718994,
        1.9800000190734863,
        1.9800000190734863,
        1.9830000400543213,
        1.9830000400543213,
        1.9859999418258667,
        1.9859999418258667,
        1.9889999628067017,
        1.9889999628067017,
        1.9930000305175781,
        1.9930000305175781,
        1.9959999322891235,
        1.999000072479248,
        1.999000072479248,
        2.002000093460083
    ],
    "Generations needed": 46,
    "Population 1": 209.1649932861328,
    "Population 10": 1569.905029296875,
    "Population 11": 1900.0350341796875,
    "Population 12": 1911.0,
    "Population 13": 1911.0,
    "Population 14": 1911.0,
    "Population 15": 1941.72998046875,
    "Population 16": 2548.97998046875,
    "Population 17": 2558.7451171875,
    "Population 18": 2562.0,
    "Population 19": 2562.0,
    "Population 2": 755.8350219726563,
    "Population 20": 2562.0,
    "Population 21": 2608.215087890625,
    "Population 22": 2933.135009765625,
    "Population 23": 2935.0,
    "Population 24": 2935.0,
    "Population 25": 2935.0,
    "Population 26": 2962.719970703125,
    "Population 27": 3576.235107421875,
    "Population 28": 3586.0,
    "Population 29": 3586.0,
    "Population 3": 873.2349853515625,
    "Population 30": 3586.0,
    "Population 31": 3618.635009765625,
    "Population 32": 3958.679931640625,
    "Population 33": 3959.0,
    "Population 34": 3959.0,
    "Population 35": 3959.0,
    "Population 36": 3996.590087890625,
    "Population 37": 4596.97998046875,
    "Population 38": 4610.0,
    "Population 39": 4610.0,
    "Population 4": 1256.5150146484375,
    "Population 40": 4610.0,
    "Population 41": 4648.69482421875,
    "Population 42": 4975.5400390625,
    "Population 43": 4983.0,
    "Population 44": 4983.0,
    "Population 45": 4983.0,
    "Population 46": 4986.18017578125,
    "Population 5": 1284.2049560546875,
    "Population 6": 1532.2149658203125,
    "Population 7": 1538.0,
    "Population 8": 1538.0,
    "Population 9": 1538.0,
    "start": "today"
}
