{
    "Champ at 1": 887.0,
    "Champ at 10": 1911.0,
    "Champ at 11": 1911.0,
    "Champ at 12": 1911.0,
    "Champ at 13": 2562.0,
    "Champ at 14": 2562.0,
    "Champ at 15": 2562.0,
    "Champ at 16": 2562.0,
    "Champ at 17": 2562.0,
    "Champ at 18": 2935.0,
    "Champ at 19": 2935.0,
    "Champ at 2": 1281.0,
    "Champ at 20": 2935.0,
    "Champ at 21": 2935.0,
    "Champ at 22": 2935.0,
    "Champ at 23": 3887.0,
    "Champ at 24": 3887.0,
    "Champ at 25": 3887.0,
    "Champ at 26": 3887.0,
    "Champ at 27": 3887.0,
    "Champ at 28": 4918.0,
    "Champ at 29": 4918.0,
    "Champ at 3": 1538.0,
    "Champ at 30": 4918.0,
    "Champ at 31": 4918.0,
    "Champ at 32": 5169.0,
    "Champ at 4": 1538.0,
    "Champ at 5": 1538.0,
    "Champ at 6": 1538.0,
    "Champ at 7": 1538.0,
    "Champ at 8": 1911.0,
    "Champ at 9": 1911.0,
    "ChampFitness": 5169.0,
    "ChampInputs": [
        1.8760000467300415,
        1.8790000677108765,
        1.8790000677108765,
        1.8819999694824219,
        1.8819999694824219,
        1.8819999694824219,
        3.1887948513031006,
        1.8860000371932983,
        1.8889999389648438,
        1.8889999389648438,
        1.8919999599456787,
        2.430999994277954,
        1.8919999599456787,
        1.8949999809265137,
        3.185999870300293,
        1.8989999294281006,
        1.8989999294281006,
        1.8989999294281006,
        1.9019999504089355,
        2.486999988555908,
        1.90500009059906,
        1.90500009059906,
        3.23799991607666,
        1.9089999198913574,
        1.9089999198913574,
        1.912000060081482,
        1.912000060081482,
        1.9149999618530273,
        1.9149999618530273,
        1.9149999618530273,
        3.6459999084472656,
        1.9179999828338623,
        1.9220000505447388,
        1.9220000505447388,
        1.9249999523162842,
        1.9249999523162842,
        1.9249999523162842,
        1.9279999732971191,
        3.5490000247955322,
        1.930999994277954,
        1.930999994277954,
        1.930999994277954,
        1.934999942779541,
        1.934999942779541,
        1.934999942779541,
        1.937999963760376,
        1.937999963760376,
        1.9410001039505005,
        1.9410001039505005,
        1.944000005722046,
        1.944000005722046,
        1.9480000734329224,
        1.9509999752044678,
        1.9509999752044678,
        1.9539999961853027,
        1.9539999961853027,
        1.9570000171661377,
        1.9570000171661377,
        1.9609999656677246,
        1.9609999656677246,
        1.9639999866485596,
        1.9670000076293945,
        1.9670000076293945,
        1.9709999561309814,
        1.9709999561309814,
        1.9739999771118164,
        1.9739999771118164,
        1.9769999980926514,
        1.9769999980926514,
        1.9800000190734863,
        1.9840000867843628,
        1.9840000867843628,
        1.9869999885559082,
        1.9869999885559082,
        1.9900000095367432,
        1.9930000305175781,
        1.9930000305175781,
        1.996999979019165,
        2.0,
        2.0,
        2.003000020980835,
        2.00600004196167,
        2.00600004196167,
        2.009999990463257,
        2.009999990463257,
        2.013000011444092,
        2.013000011444092,
        2.0160000324249268,
        2.0160000324249268,
        2.0199999809265137,
        2.0199999809265137,
        2.0230000019073486,
        2.0230000019073486,
        2.0260000228881836,
        2.0260000228881836,
        2.0260000228881836,
        2.0290000438690186,
        2.0290000438690186,
        2.0329999923706055,
        2.0329999923706055
    ],
    "Generations needed": 32,
    "Population 1": 205.90499877929688,
    "Population 10": 1911.0,
    "Population 11": 1911.0,
    "Population 12": 1911.0,
    "Population 13": 1945.4649658203125,
    "Population 14": 2556.02001953125,
    "Population 15": 2562.0,
    "Population 16": 2562.0,
    "Population 17": 2562.0,
    "Population 18": 2615.925048828125,
    "Population 19": 2923.02490234375,
    "Population 2": 793.9199829101563,
    "Population 20": 2935.0,
    "Population 21": 2935.0,
    "Population 22": 2935.0,
    "Population 23": 2958.93994140625,
    "Population 24": 3877.47998046875,
    "Population 25": 3887.0,
    "Population 26": 3887.0,
    "Population 27": 3887.0,
    "Population 28": 3985.235107421875,
    "Population 29": 4918.0,
    "Population 3": 1268.7449951171875,
    "Population 30": 4918.0,
    "Population 31": 4918.0,
    "Population 32": 4985.294921875,
    "Population 4": 1531.2750244140625,
    "Population 5": 1538.0,
    "Population 6": 1538.0,
    "Population 7": 1538.0,
    "Population 8": 1565.9449462890625,
    "Population 9": 1903.25,
    "start": "today"
}
