{
    "Champ at 1": 887.0,
    "Champ at 10": 1911.0,
    "Champ at 11": 1911.0,
    "Champ at 12": 1911.0,
    "Champ at 13": 2872.0,
    "Champ at 14": 2872.0,
    "Champ at 15": 2872.0,
    "Champ at 16": 2872.0,
    "Champ at 17": 2872.0,
    "Champ at 18": 3903.0,
    "Champ at 19": 3903.0,
    "Champ at 2": 1282.0,
    "Champ at 20": 3903.0,
    "Champ at 21": 3903.0,
    "Champ at 22": 3903.0,
    "Champ at 23": 4983.0,
    "Champ at 24": 4983.0,
    "Champ at 25": 4983.0,
    "Champ at 26": 4983.0,
    "Champ at 27": 4983.0,
    "Champ at 28": 5166.0,
    "Champ at 3": 1538.0,
    "Champ at 4": 1538.0,
    "Champ at 5": 1538.0,
    "Champ at 6": 1538.0,
    "Champ at 7": 1538.0,
    "Champ at 8": 1911.0,
    "Champ at 9": 1911.0,
    "ChampFitness": 5166.0,
    "ChampInputs": [
        1.8919999599456787,
        1.8919999599456787,
        1.8949999809265137,
        1.8949999809265137,
        1.8980000019073486,
        1.9019999504089355,
        1.9019999504089355,
        1.1014906167984009,
        1.9079999923706055,
        1.9079999923706055,
        1.912000060081482,
        1.9149999618530273,
        2.3889999389648438,
        1.9149999618530273,
        1.9179999828338623,
        3.310999870300293,
        1.9210000038146973,
        1.9210000038146973,
        1.9210000038146973,
        1.9249999523162842,
        1.9279999732971191,
        1.930999994277954,
        1.930999994277954,
        3.506999969482422,
        1.934000015258789,
        1.937999963760376,
        1.9410001039505005,
        1.9410001039505005,
        1.944000005722046,
        1.944000005722046,
        1.9470000267028809,
        3.3520002365112305,
        1.9509999752044678,
        1.9539999961853027,
        1.9570000171661377,
        1.9570000171661377,
        1.9609999656677246,
        1.9639999866485596,
        1.9639999866485596,
        3.259999990463257,
        1.9700000286102295,
        1.9700000286102295,
        1.9700000286102295,
        1.9739999771118164,
        1.9739999771118164,
        1.9769999980926514,
        1.9769999980926514,
        1.9800000190734863,
        1.9830000400543213,
        1.9830000400543213,
        1.9869999885559082,
        1.9869999885559082,
        1.9900000095367432,
        1.9900000095367432,
        1.9900000095367432,
        1.9930000305175781,
        1.9959999322891235,
        1.9959999322891235,
        2.0,
        2.0,
        2.003000020980835,
        2.00600004196167,
        2.00600004196167,
        2.009999990463257,
        2.009999990463257,
        2.013000011444092,
        2.013000011444092,
        2.0160000324249268,
        2.0160000324249268,
        2.0190000534057617,
        2.0230000019073486,
        2.0230000019073486,
        2.0260000228881836,
        2.0260000228881836,
        2.0290000438690186,
        2.0290000438690186,
        2.0320000648498535,
        2.0360000133514404,
        2.0360000133514404,
        2.0390000343322754,
        2.0420000553131104,
        2.0420000553131104,
        2.0450000762939453,
        2.0450000762939453,
        2.0490000247955322,
        2.0490000247955322,
        2.0490000247955322,
        2.052000045776367,
        2.052000045776367,
        2.055000066757202,
        2.055000066757202,
        2.058000087738037,
        2.058000087738037,
        2.062000036239624,
        2.062000036239624,
        2.065000057220459,
        2.068000078201294,
        2.068000078201294,
        2.072000026702881,
        2.072000026702881
    ],
    "Generations needed": 28,
    "Population 1": 202.27000427246094,
    "Population 10": 1911.0,
    "Population 11": 1911.0,
    "Population 12": 1911.0,
    "Population 13": 1954.4549560546875,
    "Population 14": 2862.014892578125,
    "Population 15": 2872.0,
    "Population 16": 2872.0,
    "Population 17": 2872.0,
    "Population 18": 2971.31005859375,
    "Population 19": 3895.945068359375,
    "Population 2": 788.9600219726563,
    "Population 20": 3903.0,
    "Population 21": 3903.0,
    "Population 22": 3903.0,
    "Population 23": 4001.81494140625,
    "Population 24": 4974.615234375,
    "Population 25": 4983.0,
    "Population 26": 4983.0,
    "Population 27": 4983.0,
    "Population 28": 4990.02490234375,
    "Population 3": 1261.469970703125,
    "Population 4": 1535.449951171875,
    "Population 5": 1538.0,
    "Population 6": 1538.0,
    "Population 7": 1538.0,
    "Population 8": 1586.85498046875,
    "Population 9": 1910.0150146484375,
    "start": "today"
}
