{
    "Champ at 1": 728.0,
    "Champ at 10": 1281.0,
    "Champ at 11": 1281.0,
    "Champ at 12": 1281.0,
    "Champ at 13": 1281.0,
    "Champ at 14": 1281.0,
    "Champ at 15": 1911.0,
    "Champ at 16": 1911.0,
    "Champ at 17": 1911.0,
    "Champ at 18": 1911.0,
    "Champ at 19": 1911.0,
    "Champ at 2": 887.0,
    "Champ at 20": 1911.0,
    "Champ at 21": 1911.0,
    "Champ at 22": 1911.0,
    "Champ at 23": 2308.0,
    "Champ at 24": 2308.0,
    "Champ at 25": 2308.0,
    "Champ at 26": 2308.0,
    "Champ at 27": 2308.0,
    "Champ at 28": 2308.0,
    "Champ at 29": 2935.0,
    "Champ at 3": 887.0,
    "Champ at 30": 2935.0,
    "Champ at 31": 2935.0,
    "Champ at 32": 2935.0,
    "Champ at 33": 2935.0,
    "Champ at 34": 2935.0,
    "Champ at 35": 3332.0,
    "Champ at 36": 3332.0,
    "Champ at 37": 3332.0,
    "Champ at 38": 3332.0,
    "Champ at 39": 3332.0,
    "Champ at 4": 887.0,
    "Champ at 40": 3332.0,
    "Champ at 41": 3959.0,
    "Champ at 42": 3959.0,
    "Champ at 43": 3959.0,
    "Champ at 44": 3959.0,
    "Champ at 45": 3959.0,
    "Champ at 46": 3959.0,
    "Champ at 47": 4357.0,
    "Champ at 48": 4357.0,
    "Champ at 49": 4357.0,
    "Champ at 5": 887.0,
    "Champ at 50": 4357.0,
    "Champ at 51": 4357.0,
    "Champ at 52": 4357.0,
    "Champ at 53": 4983.0,
    "Champ at 54": 4983.0,
    "Champ at 55": 4983.0,
    "Champ at 56": 4983.0,
    "Champ at 57": 4983.0,
    "Champ at 58": 4983.0,
    "Champ at 59": 5162.0,
    "Champ at 6": 887.0,
    "Champ at 7": 887.0,
    "Champ at 8": 887.0,
    "Champ at 9": 1281.0,
    "ChampFitness": 5162.0,
    "ChampInputs": [
        1.784999966621399,
        1.7879999876022339,
        1.7879999876022339,
        2.382343292236328,
        1.7910001277923584,
        1.7910001277923584,
        3.2260000705718994,
        1.7939999103546143,
        1.7939999103546143,
        3.0169999599456787,
        1.7980000972747803,
        1.7980000972747803,
        1.7980000972747803,
        1.7980000972747803,
        3.2179999351501465,
        1.8009998798370361,
        1.8009998798370361,
        2.9010000228881836,
        1.8040000200271606,
        1.8040000200271606,
        1.8070000410079956,
        1.8070000410079956,
        3.240999937057495,
        1.8109999895095825,
        1.8109999895095825,
        2.9040000438690186,
        1.8140000104904175,
        1.8140000104904175,
        1.8140000104904175,
        1.8170000314712524,
        3.199000120162964,
        1.8170000314712524,
        1.8199999332427979,
        2.876000165939331,
        1.8199999332427979,
        1.8199999332427979,
        1.8240000009536743,
        1.8240000009536743,
        3.192999839782715,
        1.8269999027252197,
        1.8269999027252197,
        1.8269999027252197,
        1.8299999237060547,
        1.8299999237060547,
        1.8299999237060547,
        1.8340001106262207,
        1.8340001106262207,
        1.8340001106262207,
        1.8369998931884766,
        1.8369998931884766,
        1.8369998931884766,
        1.8369998931884766,
        1.840000033378601,
        1.840000033378601,
        1.840000033378601,
        1.843000054359436,
        1.843000054359436,
        1.843000054359436,
        1.847000002861023,
        1.847000002861023,
        1.847000002861023,
        1.850000023841858,
        1.850000023841858,
        1.850000023841858,
        1.8529999256134033,
        1.8529999256134033,
        1.8529999256134033,
        1.8559999465942383,
        1.8559999465942383,
        1.8559999465942383,
        1.8559999465942383,
        1.8600000143051147,
        1.8600000143051147,
        1.8600000143051147,
        1.8629999160766602,
        1.8629999160766602,
        1.8629999160766602,
        1.8659999370574951,
        1.8659999370574951,
        1.8659999370574951,
        1.8690000772476196,
        1.8690000772476196,
        1.8690000772476196,
        1.872999906539917,
        1.872999906539917,
        1.872999906539917,
        1.8760000467300415,
        1.8760000467300415,
        1.8760000467300415,
        1.8760000467300415,
        1.8790000677108765,
        1.8790000677108765,
        1.8790000677108765,
        1.8830000162124634,
        1.8830000162124634,
        1.8830000162124634,
        1.8860000371932983,
        1.8860000371932983,
        1.8860000371932983,
        1.8889999389648438
    ],
    "Generations needed": 59,
    "Population 1": 205.85499572753906,
    "Population 10": 1264.9599609375,
    "Population 11": 1281.0,
    "Population 12": 1281.0,
    "Population 13": 1281.0,
    "Population 14": 1281.0,
    "Population 15": 1384.1700439453125,
    "Population 16": 1897.8299560546875,
    "Population 17": 1907.85498046875,
    "Population 18": 1907.85498046875,
    "Population 19": 1911.0,
    "Population 2": 682.2349853515625,
    "Population 20": 1911.0,
    "Population 21": 1911.0,
    "Population 22": 1911.0,
    "Population 23": 1941.39501953125,
    "Population 24": 2303.47509765625,
    "Population 25": 2308.0,
    "Population 26": 2308.0,
    "Population 27": 2308.0,
    "Population 28": 2308.0,
    "Population 29": 2433.455078125,
    "Population 3": 867.3800048828125,
    "Population 30": 2926.56005859375,
    "Population 31": 2935.0,
    "Population 32": 2935.0,
    "Population 33": 2935.0,
    "Population 34": 2935.0,
    "Population 35": 2949.22998046875,
    "Population 36": 3318.080078125,
    "Population 37": 3332.0,
    "Population 38": 3332.0,
    "Population 39": 3332.0,
    "Population 4": 886.5850219726563,
    "Population 40": 3332.0,
    "Population 41": 3435.469970703125,
    "Population 42": 3946.419921875,
    "Population 43": 3959.0,
    "Population 44": 3959.0,
    "Population 45": 3959.0,
    "Population 46": 3959.0,
    "Population 47": 3992.77490234375,
    "Population 48": 4348.89501953125,
    "Population 49": 4357.0,
    "Population 5": 887.0,
    "Population 50": 4357.0,
    "Population 51": 4357.0,
    "Population 52": 4357.0,
    "Population 53": 4488.47509765625,
    "Population 54": 4980.794921875,
    "Population 55": 4983.0,
    "Population 56": 4983.0,
    "Population 57": 4983.0,
    "Population 58": 4983.0,
    "Population 59": 4979.26513671875,
    "Population 6": 887.0,
    "Population 7": 887.0,
    "Population 8": 887.0,
    "Population 9": 901.8150024414063,
    "start": "today"
}
