{
    "Champ at 1": 887.0,
    "Champ at 10": 1911.0,
    "Champ at 11": 1911.0,
    "Champ at 12": 1911.0,
    "Champ at 13": 1911.0,
    "Champ at 14": 1911.0,
    "Champ at 15": 2868.0,
    "Champ at 16": 2868.0,
    "Champ at 17": 2868.0,
    "Champ at 18": 2868.0,
    "Champ at 19": 2868.0,
    "Champ at 2": 1255.0,
    "Champ at 20": 2868.0,
    "Champ at 21": 3586.0,
    "Champ at 22": 3898.0,
    "Champ at 23": 3898.0,
    "Champ at 24": 3898.0,
    "Champ at 25": 3898.0,
    "Champ at 26": 3898.0,
    "Champ at 27": 3898.0,
    "Champ at 28": 3898.0,
    "Champ at 29": 4925.0,
    "Champ at 3": 1538.0,
    "Champ at 30": 4925.0,
    "Champ at 31": 4925.0,
    "Champ at 32": 4925.0,
    "Champ at 33": 4925.0,
    "Champ at 34": 4925.0,
    "Champ at 35": 5172.0,
    "Champ at 4": 1538.0,
    "Champ at 5": 1538.0,
    "Champ at 6": 1538.0,
    "Champ at 7": 1538.0,
    "Champ at 8": 1538.0,
    "Champ at 9": 1911.0,
    "ChampFitness": 5172.0,
    "ChampInputs": [
        1.8760000467300415,
        1.8790000677108765,
        1.8790000677108765,
        1.8819999694824219,
        1.8860000371932983,
        1.8889999389648438,
        3.0844759941101074,
        1.8919999599456787,
        1.8960000276565552,
        1.8960000276565552,
        1.8989999294281006,
        2.5900001525878906,
        1.9019999504089355,
        1.90500009059906,
        3.2130000591278076,
        1.912000060081482,
        1.912000060081482,
        1.9149999618530273,
        1.9179999828338623,
        1.9179999828338623,
        1.9220000505447388,
        1.9249999523162842,
        3.5418221950531006,
        1.9279999732971191,
        1.930999994277954,
        1.930999994277954,
        1.934999942779541,
        1.937999963760376,
        1.937999963760376,
        1.9410001039505005,
        3.3610000610351563,
        1.9480000734329224,
        1.9480000734329224,
        1.9509999752044678,
        1.9539999961853027,
        1.9580000638961792,
        1.9580000638961792,
        1.9609999656677246,
        3.4609999656677246,
        1.9670000076293945,
        1.9670000076293945,
        1.9709999561309814,
        1.9739999771118164,
        1.9769999980926514,
        1.9769999980926514,
        1.9800000190734863,
        1.9840000867843628,
        1.9840000867843628,
        1.9869999885559082,
        1.9900000095367432,
        1.9900000095367432,
        1.9930000305175781,
        1.996999979019165,
        2.0,
        2.0,
        2.003000020980835,
        2.006999969482422,
        2.006999969482422,
        2.009999990463257,
        2.013000011444092,
        2.013000011444092,
        2.0160000324249268,
        2.0199999809265137,
        2.0230000019073486,
        2.0230000019073486,
        2.0260000228881836,
        2.0290000438690186,
        2.0290000438690186,
        2.0329999923706055,
        2.0360000133514404,
        2.0390000343322754,
        2.0390000343322754,
        2.0420000553131104,
        2.0460000038146973,
        2.0490000247955322,
        2.0490000247955322,
        2.052000045776367,
        2.055999994277954,
        2.055999994277954,
        2.059000015258789,
        2.062000036239624,
        2.065000057220459,
        2.065000057220459,
        2.069000005722046,
        2.072000026702881,
        2.075000047683716,
        2.075000047683716,
        2.078000068664551,
        2.0820000171661377,
        2.0850000381469727,
        2.0850000381469727,
        2.0880000591278076,
        2.0909998416900635,
        2.0950000286102295,
        2.0950000286102295,
        2.0980000495910645,
        2.1009998321533203,
        2.1050000190734863,
        2.1050000190734863,
        2.1080000400543213
    ],
    "Generations needed": 35,
    "Population 1": 198.11500549316406,
    "Population 10": 1901.5400390625,
    "Population 11": 1911.0,
    "Population 12": 1911.0,
    "Population 13": 1911.0,
    "Population 14": 1911.0,
    "Population 15": 1950.7049560546875,
    "Population 16": 2856.89990234375,
    "Population 17": 2868.0,
    "Population 18": 2868.0,
    "Population 19": 2868.0,
    "Population 2": 785.594970703125,
    "Population 20": 2868.0,
    "Population 21": 2934.0400390625,
    "Population 22": 3580.735107421875,
    "Population 23": 3885.25,
    "Population 24": 3893.18505859375,
    "Population 25": 3898.0,
    "Population 26": 3898.0,
    "Population 27": 3898.0,
    "Population 28": 3898.0,
    "Population 29": 3997.125,
    "Population 3": 1250.3800048828125,
    "Population 30": 4920.169921875,
    "Population 31": 4925.0,
    "Population 32": 4925.0,
    "Population 33": 4925.0,
    "Population 34": 4925.0,
    "Population 35": 4980.22021484375,
    "Population 4": 1524.2249755859375,
    "Population 5": 1538.0,
    "Population 6": 1538.0,
    "Population 7": 1538.0,
    "Population 8": 1538.0,
    "Population 9": 1573.68505859375,
    "start": "today"
}
