{
    "Champ at 1": 812.0,
    "Champ at 10": 1911.0,
    "Champ at 11": 1911.0,
    "Champ at 12": 1911.0,
    "Champ at 13": 1911.0,
    "Champ at 14": 1911.0,
    "Champ at 15": 1911.0,
    "Champ at 16": 2306.0,
    "Champ at 17": 2306.0,
    "Champ at 18": 2306.0,
    "Champ at 19": 2306.0,
    "Champ at 2": 1486.0,
    "Champ at 20": 2306.0,
    "Champ at 21": 2306.0,
    "Champ at 22": 2935.0,
    "Champ at 23": 2935.0,
    "Champ at 24": 2935.0,
    "Champ at 25": 2935.0,
    "Champ at 26": 2935.0,
    "Champ at 27": 2935.0,
    "Champ at 28": 3586.0,
    "Champ at 29": 3586.0,
    "Champ at 3": 1486.0,
    "Champ at 30": 3586.0,
    "Champ at 31": 3586.0,
    "Champ at 32": 3586.0,
    "Champ at 33": 3586.0,
    "Champ at 34": 3959.0,
    "Champ at 35": 3959.0,
    "Champ at 36": 3959.0,
    "Champ at 37": 3959.0,
    "Champ at 38": 3959.0,
    "Champ at 39": 3959.0,
    "Champ at 4": 1486.0,
    "Champ at 40": 4610.0,
    "Champ at 41": 4610.0,
    "Champ at 42": 4610.0,
    "Champ at 43": 4610.0,
    "Champ at 44": 4610.0,
    "Champ at 45": 4983.0,
    "Champ at 46": 4983.0,
    "Champ at 47": 4983.0,
    "Champ at 48": 4983.0,
    "Champ at 49": 4983.0,
    "Champ at 5": 1486.0,
    "Champ at 50": 4983.0,
    "Champ at 51": 5159.0,
    "Champ at 6": 1486.0,
    "Champ at 7": 1486.0,
    "Champ at 8": 1486.0,
    "Champ at 9": 1911.0,
    "ChampFitness": 5159.0,
    "ChampInputs": [
        1.8240000009536743,
        1.8269999027252197,
        1.8269999027252197,
        1.8269999027252197,
        1.8309999704360962,
        1.8309999704360962,
        3.552999973297119,
        1.8309999704360962,
        1.8340001106262207,
        1.8340001106262207,
        1.8340001106262207,
        2.7860000133514404,
        1.8369998931884766,
        1.8369998931884766,
        3.0989999771118164,
        1.840000033378601,
        1.840000033378601,
        0.9490000009536743,
        1.8440001010894775,
        1.8440001010894775,
        1.8440001010894775,
        1.847000002861023,
        1.847000002861023,
        3.255000114440918,
        1.850000023841858,
        1.850000023841858,
        1.850000023841858,
        1.8529999256134033,
        2.6399998664855957,
        1.8529999256134033,
        1.8529999256134033,
        3.190000057220459,
        1.8569999933242798,
        1.8569999933242798,
        1.8600000143051147,
        1.8600000143051147,
        0.777999997138977,
        1.8629999160766602,
        1.8629999160766602,
        1.8629999160766602,
        3.1430001258850098,
        1.8669999837875366,
        1.8669999837875366,
        1.8700001239776611,
        1.8700001239776611,
        1.8700001239776611,
        1.8700001239776611,
        1.872999906539917,
        1.872999906539917,
        1.872999906539917,
        1.8760000467300415,
        1.8760000467300415,
        1.8760000467300415,
        1.8799998760223389,
        1.8799998760223389,
        1.8799998760223389,
        1.8799998760223389,
        1.8830000162124634,
        1.8830000162124634,
        1.8830000162124634,
        1.8860000371932983,
        1.8860000371932983,
        1.8860000371932983,
        1.8889999389648438,
        1.8889999389648438,
        1.8889999389648438,
        1.8889999389648438,
        1.8930000066757202,
        1.8930000066757202,
        1.8930000066757202,
        1.8960000276565552,
        1.8960000276565552,
        1.8960000276565552,
        1.8989999294281006,
        1.8989999294281006,
        1.8989999294281006,
        1.9019999504089355,
        1.9019999504089355,
        1.9019999504089355,
        1.9019999504089355,
        1.9059998989105225,
        1.9059998989105225,
        1.9059998989105225,
        1.9089999198913574,
        1.9089999198913574,
        1.9089999198913574,
        1.912000060081482,
        1.912000060081482,
        1.912000060081482,
        1.9159998893737793,
        1.9159998893737793,
        1.9159998893737793,
        1.9159998893737793,
        1.9190000295639038,
        1.9190000295639038,
        1.9190000295639038,
        1.9220000505447388,
        1.9220000505447388,
        1.9220000505447388,
        1.9249999523162842
    ],
    "Generations needed": 51,
    "Population 1": 195.05999755859375,
    "Population 10": 1904.824951171875,
    "Population 11": 1909.135009765625,
    "Population 12": 1911.0,
    "Population 13": 1911.0,
    "Population 14": 1911.0,
    "Population 15": 1911.0,
    "Population 16": 1942.4150390625,
    "Population 17": 2296.02490234375,
    "Population 18": 2306.0,
    "Population 19": 2306.0,
    "Population 2": 730.094970703125,
    "Population 20": 2306.0,
    "Population 21": 2306.0,
    "Population 22": 2425.0400390625,
    "Population 23": 2922.125,
    "Population 24": 2935.0,
    "Population 25": 2935.0,
    "Population 26": 2935.0,
    "Population 27": 2935.0,
    "Population 28": 2960.794921875,
    "Population 29": 3565.110107421875,
    "Population 3": 1421.050048828125,
    "Population 30": 3586.0,
    "Population 31": 3586.0,
    "Population 32": 3586.0,
    "Population 33": 3586.0,
    "Population 34": 3631.43994140625,
    "Population 35": 3957.135009765625,
    "Population 36": 3959.0,
    "Population 37": 3959.0,
    "Population 38": 3959.0,
    "Population 39": 3959.0,
    "Population 4": 1481.989990234375,
    "Population 40": 3992.7451171875,
    "Population 41": 4610.0,
    "Population 42": 4610.0,
    "Population 43": 4610.0,
    "Population 44": 4610.0,
    "Population 45": 4657.43505859375,
    "Population 46": 4976.0849609375,
    "Population 47": 4983.0,
    "Population 48": 4983.0,
    "Population 49": 4983.0,
    "Population 5": 1486.0,
    "Population 50": 4983.0,
    "Population 51": 4982.52001953125,
    "Population 6": 1486.0,
    "Population 7": 1486.0,
    "Population 8": 1486.0,
    "Population 9": 1573.9549560546875,
    "start": "today"
}
