{
    "Champ at 1": 887.0,
    "Champ at 10": 1911.0,
    "Champ at 11": 1911.0,
    "Champ at 12": 1911.0,
    "Champ at 13": 1911.0,
    "Champ at 14": 2562.0,
    "Champ at 15": 2562.0,
    "Champ at 16": 2562.0,
    "Champ at 17": 2562.0,
    "Champ at 18": 2562.0,
    "Champ at 19": 2562.0,
    "Champ at 2": 1538.0,
    "Champ at 20": 2935.0,
    "Champ at 21": 2935.0,
    "Champ at 22": 2935.0,
    "Champ at 23": 2935.0,
    "Champ at 24": 2935.0,
    "Champ at 25": 2935.0,
    "Champ at 26": 3586.0,
    "Champ at 27": 3586.0,
    "Champ at 28": 3586.0,
    "Champ at 29": 3586.0,
    "Champ at 3": 1538.0,
    "Champ at 30": 3586.0,
    "Champ at 31": 3586.0,
    "Champ at 32": 3959.0,
    "Champ at 33": 3959.0,
    "Champ at 34": 3959.0,
    "Champ at 35": 3959.0,
    "Champ at 36": 3959.0,
    "Champ at 37": 3959.0,
    "Champ at 38": 4916.0,
    "Champ at 39": 4916.0,
    "Champ at 4": 1538.0,
    "Champ at 40": 4916.0,
    "Champ at 41": 4916.0,
    "Champ at 42": 4916.0,
    "Champ at 43": 4916.0,
    "Champ at 44": 5164.0,
    "Champ at 5": 1538.0,
    "Champ at 6": 1538.0,
    "Champ at 7": 1538.0,
    "Champ at 8": 1911.0,
    "Champ at 9": 1911.0,
    "ChampFitness": 5164.0,
    "ChampInputs": [
        1.8709999322891235,
        1.8709999322891235,
        1.8739999532699585,
        1.8739999532699585,
        1.8739999532699585,
        1.877000093460083,
        1.877000093460083,
        1.3764946460723877,
        1.8799998760223389,
        1.8799998760223389,
        1.8840000629425049,
        1.8840000629425049,
        0.5170000195503235,
        1.8870000839233398,
        1.8899999856948853,
        1.8899999856948853,
        3.1640000343322754,
        1.8930000066757202,
        1.8930000066757202,
        1.8970000743865967,
        1.8970000743865967,
        2.5799999237060547,
        1.899999976158142,
        1.899999976158142,
        2.9200000762939453,
        1.902999997138977,
        1.906999945640564,
        1.906999945640564,
        1.909999966621399,
        0.6920000314712524,
        1.909999966621399,
        1.9130001068115234,
        1.9130001068115234,
        3.194000244140625,
        1.9159998893737793,
        1.9159998893737793,
        1.9200000762939453,
        1.9200000762939453,
        1.9230000972747803,
        1.9230000972747803,
        1.9259999990463257,
        3.492000102996826,
        1.9259999990463257,
        1.9290000200271606,
        1.9290000200271606,
        1.9329999685287476,
        1.9329999685287476,
        1.9359999895095825,
        1.9359999895095825,
        1.9359999895095825,
        1.9390000104904175,
        1.9390000104904175,
        1.941999912261963,
        1.941999912261963,
        1.941999912261963,
        1.9459999799728394,
        1.9459999799728394,
        1.9490001201629639,
        1.9490001201629639,
        1.9519999027252197,
        1.9519999027252197,
        1.9519999027252197,
        1.9560000896453857,
        1.9560000896453857,
        1.9589998722076416,
        1.9589998722076416,
        1.9589998722076416,
        1.9620000123977661,
        1.9620000123977661,
        1.965000033378601,
        1.965000033378601,
        1.968999981880188,
        1.968999981880188,
        1.968999981880188,
        1.972000002861023,
        1.972000002861023,
        1.975000023841858,
        1.975000023841858,
        1.975000023841858,
        1.9779999256134033,
        1.9779999256134033,
        1.9819999933242798,
        1.9819999933242798,
        1.9850001335144043,
        1.9850001335144043,
        1.9850001335144043,
        1.9879999160766602,
        1.9879999160766602,
        1.9910000562667847,
        1.9910000562667847,
        1.9910000562667847,
        1.994999885559082,
        1.994999885559082,
        1.9980000257492065,
        1.9980000257492065,
        1.9980000257492065,
        2.000999927520752,
        2.000999927520752,
        2.004999876022339,
        2.004999876022339
    ],
    "Generations needed": 44,
    "Population 1": 190.39999389648438,
    "Population 10": 1911.0,
    "Population 11": 1911.0,
    "Population 12": 1911.0,
    "Population 13": 1911.0,
    "Population 14": 1942.6500244140625,
    "Population 15": 2547.715087890625,
    "Population 16": 2562.0,
    "Population 17": 2562.0,
    "Population 18": 2562.0,
    "Population 19": 2562.0,
    "Population 2": 798.2550048828125,
    "Population 20": 2613.8701171875,
    "Population 21": 2928.2548828125,
    "Population 22": 2935.0,
    "Population 23": 2935.0,
    "Population 24": 2935.0,
    "Population 25": 2935.0,
    "Population 26": 2993.5048828125,
    "Population 27": 3576.235107421875,
    "Population 28": 3586.0,
    "Population 29": 3586.0,
    "Population 3": 1516.4150390625,
    "Population 30": 3586.0,
    "Population 31": 3586.0,
    "Population 32": 3616.784912109375,
    "Population 33": 3949.675048828125,
    "Population 34": 3959.0,
    "Population 35": 3959.0,
    "Population 36": 3959.0,
    "Population 37": 3959.0,
    "Population 38": 3993.094970703125,
    "Population 39": 4906.43017578125,
    "Population 4": 1538.0,
    "Population 40": 4916.0,
    "Population 41": 4916.0,
    "Population 42": 4916.0,
    "Population 43": 4916.0,
    "Population 44": 4985.98486328125,
    "Population 5": 1538.0,
    "Population 6": 1538.0,
    "Population 7": 1538.0,
    "Population 8": 1592.1800537109375,
    "Population 9": 1901.885009765625,
    "start": "today"
}
