{
    "Champ at 1": 805.0,
    "Champ at 10": 1485.0,
    "Champ at 11": 1485.0,
    "Champ at 12": 1485.0,
    "Champ at 13": 1485.0,
    "Champ at 14": 1911.0,
    "Champ at 15": 1911.0,
    "Champ at 16": 1911.0,
    "Champ at 17": 1911.0,
    "Champ at 18": 1911.0,
    "Champ at 19": 1911.0,
    "Champ at 2": 887.0,
    "Champ at 20": 1911.0,
    "Champ at 21": 2510.0,
    "Champ at 22": 2510.0,
    "Champ at 23": 2510.0,
    "Champ at 24": 2510.0,
    "Champ at 25": 2510.0,
    "Champ at 26": 2510.0,
    "Champ at 27": 2935.0,
    "Champ at 28": 2935.0,
    "Champ at 29": 2935.0,
    "Champ at 3": 1269.0,
    "Champ at 30": 2935.0,
    "Champ at 31": 2935.0,
    "Champ at 32": 2935.0,
    "Champ at 33": 3586.0,
    "Champ at 34": 3586.0,
    "Champ at 35": 3586.0,
    "Champ at 36": 3586.0,
    "Champ at 37": 3586.0,
    "Champ at 38": 3586.0,
    "Champ at 39": 3959.0,
    "Champ at 4": 1282.0,
    "Champ at 40": 3959.0,
    "Champ at 41": 3959.0,
    "Champ at 42": 3959.0,
    "Champ at 43": 3959.0,
    "Champ at 44": 4610.0,
    "Champ at 45": 4610.0,
    "Champ at 46": 4610.0,
    "Champ at 47": 4610.0,
    "Champ at 48": 4610.0,
    "Champ at 49": 4610.0,
    "Champ at 5": 1284.0,
    "Champ at 50": 4983.0,
    "Champ at 51": 4983.0,
    "Champ at 52": 4983.0,
    "Champ at 53": 4983.0,
    "Champ at 54": 4983.0,
    "Champ at 55": 4983.0,
    "Champ at 56": 5162.0,
    "Champ at 6": 1285.0,
    "Champ at 7": 1484.0,
    "Champ at 8": 1485.0,
    "Champ at 9": 1485.0,
    "ChampFitness": 5162.0,
    "ChampInputs": [
        1.8089998960494995,
        1.8089998960494995,
        1.8089998960494995,
        1.812000036239624,
        1.812000036239624,
        1.815000057220459,
        3.7105817794799805,
        1.819000005722046,
        1.819000005722046,
        1.8220000267028809,
        1.8220000267028809,
        2.8279998302459717,
        1.8250000476837158,
        1.8289999961853027,
        3.186999797821045,
        1.8320000171661377,
        1.8320000171661377,
        1.8350000381469727,
        1.8350000381469727,
        2.813999891281128,
        1.837999939918518,
        1.8420000076293945,
        3.190000057220459,
        1.84499990940094,
        1.84499990940094,
        1.8480000495910645,
        1.8480000495910645,
        2.702000141143799,
        1.8510000705718994,
        1.8550000190734863,
        3.178999900817871,
        1.8580000400543213,
        1.8580000400543213,
        1.8610000610351563,
        1.8610000610351563,
        0.7249999642372131,
        1.8639999628067017,
        1.8680000305175781,
        1.8680000305175781,
        3.2150001525878906,
        1.8709999322891235,
        1.8739999532699585,
        1.8739999532699585,
        1.877000093460083,
        1.877000093460083,
        1.8809999227523804,
        1.8809999227523804,
        1.8840000629425049,
        1.8840000629425049,
        1.8870000839233398,
        1.8870000839233398,
        1.8870000839233398,
        1.8910000324249268,
        1.8910000324249268,
        1.8940000534057617,
        1.8940000534057617,
        1.8970000743865967,
        1.8970000743865967,
        1.899999976158142,
        1.899999976158142,
        1.9040000438690186,
        1.9040000438690186,
        1.906999945640564,
        1.906999945640564,
        1.909999966621399,
        1.9130001068115234,
        1.9130001068115234,
        1.9130001068115234,
        1.9169999361038208,
        1.9169999361038208,
        1.9200000762939453,
        1.9200000762939453,
        1.9230000972747803,
        1.9230000972747803,
        1.9259999990463257,
        1.9259999990463257,
        1.9300000667572021,
        1.9300000667572021,
        1.9329999685287476,
        1.9359999895095825,
        1.9359999895095825,
        1.940000057220459,
        1.940000057220459,
        1.9429999589920044,
        1.9429999589920044,
        1.9459999799728394,
        1.9459999799728394,
        1.9490001201629639,
        1.9490001201629639,
        1.9529999494552612,
        1.9529999494552612,
        1.9560000896453857,
        1.9560000896453857,
        1.9589998722076416,
        1.9589998722076416,
        1.9620000123977661,
        1.9620000123977661,
        1.9660000801086426,
        1.9660000801086426,
        1.968999981880188
    ],
    "Generations needed": 56,
    "Population 1": 197.09500122070313,
    "Population 10": 1485.0,
    "Population 11": 1485.0,
    "Population 12": 1485.0,
    "Population 13": 1485.0,
    "Population 14": 1566.5899658203125,
    "Population 15": 1899.27001953125,
    "Population 16": 1910.0150146484375,
    "Population 17": 1911.0,
    "Population 18": 1911.0,
    "Population 19": 1911.0,
    "Population 2": 735.10498046875,
    "Population 20": 1911.0,
    "Population 21": 1925.22998046875,
    "Population 22": 2493.969970703125,
    "Population 23": 2510.0,
    "Population 24": 2510.0,
    "Population 25": 2510.0,
    "Population 26": 2510.0,
    "Population 27": 2594.455078125,
    "Population 28": 2930.905029296875,
    "Population 29": 2935.0,
    "Population 3": 880.4550170898438,
    "Population 30": 2935.0,
    "Population 31": 2935.0,
    "Population 32": 2935.0,
    "Population 33": 2974.89501953125,
    "Population 34": 3572.985107421875,
    "Population 35": 3586.0,
    "Population 36": 3586.0,
    "Population 37": 3586.0,
    "Population 38": 3586.0,
    "Population 39": 3622.85498046875,
    "Population 4": 1267.2850341796875,
    "Population 40": 3959.0,
    "Population 41": 3959.0,
    "Population 42": 3959.0,
    "Population 43": 3959.0,
    "Population 44": 3998.594970703125,
    "Population 45": 4603.06982421875,
    "Population 46": 4610.0,
    "Population 47": 4610.0,
    "Population 48": 4610.0,
    "Population 49": 4610.0,
    "Population 5": 1275.7750244140625,
    "Population 50": 4647.14013671875,
    "Population 51": 4973.6748046875,
    "Population 52": 4983.0,
    "Population 53": 4983.0,
    "Population 54": 4983.0,
    "Population 55": 4983.0,
    "Population 56": 4983.76513671875,
    "Population 6": 1284.0,
    "Population 7": 1286.97998046875,
    "Population 8": 1481.02001953125,
    "Population 9": 1476.02001953125,
    "start": "today"
}
