{
    "Champ at 1": 825.0,
    "Champ at 10": 1538.0,
    "Champ at 11": 1538.0,
    "Champ at 12": 1538.0,
    "Champ at 13": 1538.0,
    "Champ at 14": 1538.0,
    "Champ at 15": 1911.0,
    "Champ at 16": 1911.0,
    "Champ at 17": 1911.0,
    "Champ at 18": 1911.0,
    "Champ at 19": 1911.0,
    "Champ at 2": 887.0,
    "Champ at 20": 1911.0,
    "Champ at 21": 1911.0,
    "Champ at 22": 2562.0,
    "Champ at 23": 2562.0,
    "Champ at 24": 2562.0,
    "Champ at 25": 2562.0,
    "Champ at 26": 2562.0,
    "Champ at 27": 2562.0,
    "Champ at 28": 2935.0,
    "Champ at 29": 2935.0,
    "Champ at 3": 887.0,
    "Champ at 30": 2935.0,
    "Champ at 31": 2935.0,
    "Champ at 32": 2935.0,
    "Champ at 33": 2935.0,
    "Champ at 34": 3586.0,
    "Champ at 35": 3586.0,
    "Champ at 36": 3586.0,
    "Champ at 37": 3586.0,
    "Champ at 38": 3586.0,
    "Champ at 39": 3586.0,
    "Champ at 4": 887.0,
    "Champ at 40": 3959.0,
    "Champ at 41": 3959.0,
    "Champ at 42": 3959.0,
    "Champ at 43": 3959.0,
    "Champ at 44": 3959.0,
    "Champ at 45": 3959.0,
    "Champ at 46": 4610.0,
    "Champ at 47": 4610.0,
    "Champ at 48": 4610.0,
    "Champ at 49": 4610.0,
    "Champ at 5": 887.0,
    "Champ at 50": 4610.0,
    "Champ at 51": 4610.0,
    "Champ at 52": 4983.0,
    "Champ at 53": 4983.0,
    "Champ at 54": 4983.0,
    "Champ at 55": 4983.0,
    "Champ at 56": 4983.0,
    "Champ at 57": 4983.0,
    "Champ at 58": 5168.0,
    "Champ at 6": 887.0,
    "Champ at 7": 887.0,
    "Champ at 8": 887.0,
    "Champ at 9": 1538.0,
    "ChampFitness": 5168.0,
    "ChampInputs": [
        1.847000002861023,
        1.850000023841858,
        1.850000023841858,
        1.8539999723434448,
        1.8539999723434448,
        0.10024905204772949,
        1.8600000143051147,
        3.2190001010894775,
        1.8629999160766602,
        1.8669999837875366,
        1.8669999837875366,
        1.8700001239776611,
        2.5889997482299805,
        1.872999906539917,
        1.872999906539917,
        3.251999855041504,
        1.8760000467300415,
        1.8799998760223389,
        1.8830000162124634,
        1.8860000371932983,
        0.5900000333786011,
        1.8899999856948853,
        1.8930000066757202,
        1.8930000066757202,
        3.1690001487731934,
        1.8989999294281006,
        1.8989999294281006,
        1.902999997138977,
        1.902999997138977,
        2.4010000228881836,
        1.9089999198913574,
        1.9089999198913574,
        3.048999786376953,
        1.9159998893737793,
        1.9159998893737793,
        1.9190000295639038,
        1.9190000295639038,
        0.3819999694824219,
        1.9249999523162842,
        1.9249999523162842,
        1.9290000200271606,
        3.3320000171661377,
        1.9320000410079956,
        1.934999942779541,
        1.9390000104904175,
        1.9390000104904175,
        1.941999912261963,
        1.941999912261963,
        1.9449999332427979,
        1.9480000734329224,
        1.9519999027252197,
        1.9519999027252197,
        1.9550000429153442,
        1.9580000638961792,
        1.9580000638961792,
        1.9609999656677246,
        1.9609999656677246,
        1.965000033378601,
        1.9679999351501465,
        1.9679999351501465,
        1.9709999561309814,
        1.9739999771118164,
        1.9739999771118164,
        1.9779999256134033,
        1.9809999465942383,
        1.9809999465942383,
        1.9840000867843628,
        1.9840000867843628,
        1.9879999160766602,
        1.9910000562667847,
        1.9910000562667847,
        1.99399995803833,
        1.996999979019165,
        1.996999979019165,
        2.000999927520752,
        2.003999948501587,
        2.003999948501587,
        2.006999969482422,
        2.009999990463257,
        2.009999990463257,
        2.0139999389648438,
        2.0169999599456787,
        2.0199999809265137,
        2.0199999809265137,
        2.0230000019073486,
        2.0269999504089355,
        2.0269999504089355,
        2.0299999713897705,
        2.0329999923706055,
        2.0329999923706055,
        2.0370001792907715,
        2.0370001792907715,
        2.0399999618530273,
        2.0429999828338623,
        2.0429999828338623,
        2.0460000038146973,
        2.0460000038146973,
        2.049999952316284,
        2.052999973297119,
        2.052999973297119
    ],
    "Generations needed": 58,
    "Population 1": 200.0749969482422,
    "Population 10": 1526.969970703125,
    "Population 11": 1538.0,
    "Population 12": 1538.0,
    "Population 13": 1538.0,
    "Population 14": 1538.0,
    "Population 15": 1578.699951171875,
    "Population 16": 1903.094970703125,
    "Population 17": 1910.6500244140625,
    "Population 18": 1911.0,
    "Population 19": 1911.0,
    "Population 2": 750.1400146484375,
    "Population 20": 1911.0,
    "Population 21": 1911.0,
    "Population 22": 1945.489990234375,
    "Population 23": 2552.235107421875,
    "Population 24": 2562.0,
    "Population 25": 2562.0,
    "Population 26": 2562.0,
    "Population 27": 2562.0,
    "Population 28": 2604.06494140625,
    "Population 29": 2933.6650390625,
    "Population 3": 869.6099853515625,
    "Population 30": 2935.0,
    "Population 31": 2935.0,
    "Population 32": 2935.0,
    "Population 33": 2935.0,
    "Population 34": 2971.554931640625,
    "Population 35": 3582.7451171875,
    "Population 36": 3586.0,
    "Population 37": 3586.0,
    "Population 38": 3586.0,
    "Population 39": 3586.0,
    "Population 4": 886.6950073242188,
    "Population 40": 3632.0400390625,
    "Population 41": 3952.419921875,
    "Population 42": 3959.0,
    "Population 43": 3959.0,
    "Population 44": 3959.0,
    "Population 45": 3959.0,
    "Population 46": 3994.885009765625,
    "Population 47": 4608.64013671875,
    "Population 48": 4610.0,
    "Population 49": 4610.0,
    "Population 5": 887.0,
    "Population 50": 4610.0,
    "Population 51": 4610.0,
    "Population 52": 4661.2998046875,
    "Population 53": 4979.27001953125,
    "Population 54": 4983.0,
    "Population 55": 4983.0,
    "Population 56": 4983.0,
    "Population 57": 4983.0,
    "Population 58": 4987.06494140625,
    "Population 6": 887.0,
    "Population 7": 887.0,
    "Population 8": 887.0,
    "Population 9": 912.8499755859375,
    "start": "today"
}
