{
    "Champ at 1": 830.0,
    "Champ at 10": 1911.0,
    "Champ at 11": 1911.0,
    "Champ at 12": 1911.0,
    "Champ at 13": 1911.0,
    "Champ at 14": 1911.0,
    "Champ at 15": 1911.0,
    "Champ at 16": 2562.0,
    "Champ at 17": 2562.0,
    "Champ at 18": 2562.0,
    "Champ at 19": 2562.0,
    "Champ at 2": 1262.0,
    "Champ at 20": 2562.0,
    "Champ at 21": 2562.0,
    "Champ at 22": 2935.0,
    "Champ at 23": 2935.0,
    "Champ at 24": 2935.0,
    "Champ at 25": 2935.0,
    "Champ at 26": 2935.0,
    "Champ at 27": 3586.0,
    "Champ at 28": 3586.0,
    "Champ at 29": 3586.0,
    "Champ at 3": 1279.0,
    "Champ at 30": 3586.0,
    "Champ at 31": 3586.0,
    "Champ at 32": 3586.0,
    "Champ at 33": 3959.0,
    "Champ at 34": 3959.0,
    "Champ at 35": 3959.0,
    "Champ at 36": 3959.0,
    "Champ at 37": 3959.0,
    "Champ at 38": 3959.0,
    "Champ at 39": 4610.0,
    "Champ at 4": 1538.0,
    "Champ at 40": 4610.0,
    "Champ at 41": 4610.0,
    "Champ at 42": 4610.0,
    "Champ at 43": 4610.0,
    "Champ at 44": 4983.0,
    "Champ at 45": 4983.0,
    "Champ at 46": 4983.0,
    "Champ at 47": 4983.0,
    "Champ at 48": 4983.0,
    "Champ at 49": 4983.0,
    "Champ at 5": 1538.0,
    "Champ at 50": 5164.0,
    "Champ at 6": 1538.0,
    "Champ at 7": 1538.0,
    "Champ at 8": 1538.0,
    "Champ at 9": 1538.0,
    "ChampFitness": 5164.0,
    "ChampInputs": [
        1.8639999628067017,
        1.8639999628067017,
        1.8639999628067017,
        1.8669999837875366,
        1.8669999837875366,
        1.8669999837875366,
        3.339954376220703,
        1.8700001239776611,
        1.8700001239776611,
        1.8739999532699585,
        1.8739999532699585,
        0.6209999918937683,
        1.877000093460083,
        1.877000093460083,
        1.877000093460083,
        3.2130000591278076,
        1.8799998760223389,
        1.8799998760223389,
        1.8799998760223389,
        1.8830000162124634,
        2.4649999141693115,
        1.8830000162124634,
        1.8870000839233398,
        3.2980000972747803,
        1.8870000839233398,
        1.8899999856948853,
        1.8899999856948853,
        1.8899999856948853,
        0.5299999713897705,
        1.8930000066757202,
        1.8930000066757202,
        1.8930000066757202,
        3.1519999504089355,
        1.8970000743865967,
        1.8970000743865967,
        1.899999976158142,
        1.899999976158142,
        2.3540000915527344,
        1.899999976158142,
        1.902999997138977,
        3.250999927520752,
        1.902999997138977,
        1.9059998989105225,
        1.9059998989105225,
        1.9059998989105225,
        1.909999966621399,
        1.909999966621399,
        1.909999966621399,
        1.9130001068115234,
        1.9130001068115234,
        1.9130001068115234,
        1.9130001068115234,
        1.9159998893737793,
        1.9159998893737793,
        1.9159998893737793,
        1.9190000295639038,
        1.9190000295639038,
        1.9190000295639038,
        1.9230000972747803,
        1.9230000972747803,
        1.9230000972747803,
        1.9259999990463257,
        1.9259999990463257,
        1.9259999990463257,
        1.9259999990463257,
        1.9290000200271606,
        1.9290000200271606,
        1.9290000200271606,
        1.9320000410079956,
        1.9320000410079956,
        1.9320000410079956,
        1.9359999895095825,
        1.9359999895095825,
        1.9359999895095825,
        1.9359999895095825,
        1.9390000104904175,
        1.9390000104904175,
        1.9390000104904175,
        1.941999912261963,
        1.941999912261963,
        1.941999912261963,
        1.9459999799728394,
        1.9459999799728394,
        1.9459999799728394,
        1.9490001201629639,
        1.9490001201629639,
        1.9490001201629639,
        1.9490001201629639,
        1.9519999027252197,
        1.9519999027252197,
        1.9519999027252197,
        1.9550000429153442,
        1.9550000429153442,
        1.9550000429153442,
        1.9589998722076416,
        1.9589998722076416,
        1.9589998722076416,
        1.9589998722076416,
        1.9620000123977661,
        1.9620000123977661
    ],
    "Generations needed": 50,
    "Population 1": 196.8350067138672,
    "Population 10": 1603.469970703125,
    "Population 11": 1899.199951171875,
    "Population 12": 1911.0,
    "Population 13": 1911.0,
    "Population 14": 1911.0,
    "Population 15": 1911.0,
    "Population 16": 1934.1199951171875,
    "Population 17": 2550.864990234375,
    "Population 18": 2562.0,
    "Population 19": 2562.0,
    "Population 2": 763.60498046875,
    "Population 20": 2562.0,
    "Population 21": 2562.0,
    "Population 22": 2607.590087890625,
    "Population 23": 2935.0,
    "Population 24": 2935.0,
    "Population 25": 2935.0,
    "Population 26": 2935.0,
    "Population 27": 2964.219970703125,
    "Population 28": 3567.864990234375,
    "Population 29": 3586.0,
    "Population 3": 1237.5,
    "Population 30": 3586.0,
    "Population 31": 3586.0,
    "Population 32": 3586.0,
    "Population 33": 3629.8798828125,
    "Population 34": 3953.080078125,
    "Population 35": 3959.0,
    "Population 36": 3959.0,
    "Population 37": 3959.0,
    "Population 38": 3959.0,
    "Population 39": 4006.574951171875,
    "Population 4": 1282.675048828125,
    "Population 40": 4610.0,
    "Population 41": 4610.0,
    "Population 42": 4610.0,
    "Population 43": 4610.0,
    "Population 44": 4670.81494140625,
    "Population 45": 4976.5048828125,
    "Population 46": 4983.0,
    "Population 47": 4983.0,
    "Population 48": 4983.0,
    "Population 49": 4983.0,
    "Population 5": 1519.885009765625,
    "Population 50": 4983.205078125,
    "Population 6": 1538.0,
    "Population 7": 1538.0,
    "Population 8": 1538.0,
    "Population 9": 1538.0,
    "start": "today"
}
