{
    "Champ at 1": 827.0,
    "Champ at 10": 1911.0,
    "Champ at 11": 1911.0,
    "Champ at 12": 1911.0,
    "Champ at 13": 1911.0,
    "Champ at 14": 1911.0,
    "Champ at 15": 1911.0,
    "Champ at 16": 1911.0,
    "Champ at 17": 2562.0,
    "Champ at 18": 2562.0,
    "Champ at 19": 2562.0,
    "Champ at 2": 1253.0,
    "Champ at 20": 2562.0,
    "Champ at 21": 2562.0,
    "Champ at 22": 2562.0,
    "Champ at 23": 2935.0,
    "Champ at 24": 2935.0,
    "Champ at 25": 2935.0,
    "Champ at 26": 2935.0,
    "Champ at 27": 2935.0,
    "Champ at 28": 2935.0,
    "Champ at 29": 3586.0,
    "Champ at 3": 1275.0,
    "Champ at 30": 3586.0,
    "Champ at 31": 3586.0,
    "Champ at 32": 3586.0,
    "Champ at 33": 3586.0,
    "Champ at 34": 3586.0,
    "Champ at 35": 3586.0,
    "Champ at 36": 3959.0,
    "Champ at 37": 3959.0,
    "Champ at 38": 3959.0,
    "Champ at 39": 3959.0,
    "Champ at 4": 1538.0,
    "Champ at 40": 3959.0,
    "Champ at 41": 3959.0,
    "Champ at 42": 4610.0,
    "Champ at 43": 4610.0,
    "Champ at 44": 4610.0,
    "Champ at 45": 4610.0,
    "Champ at 46": 4610.0,
    "Champ at 47": 4610.0,
    "Champ at 48": 4983.0,
    "Champ at 49": 4983.0,
    "Champ at 5": 1538.0,
    "Champ at 50": 4983.0,
    "Champ at 51": 4983.0,
    "Champ at 52": 4983.0,
    "Champ at 53": 4983.0,
    "Champ at 54": 5166.0,
    "Champ at 6": 1538.0,
    "Champ at 7": 1538.0,
    "Champ at 8": 1538.0,
    "Champ at 9": 1538.0,
    "ChampFitness": 5166.0,
    "ChampInputs": [
        1.8569999933242798,
        1.8569999933242798,
        1.8600000143051147,
        1.8600000143051147,
        1.8639999628067017,
        1.8639999628067017,
        2.6836841106414795,
        2.460513114929199,
        1.8700001239776611,
        1.8739999532699585,
        1.8739999532699585,
        0.7540000081062317,
        1.877000093460083,
        1.8799998760223389,
        1.8870000839233398,
        3.0859999656677246,
        1.8899999856948853,
        1.8899999856948853,
        1.8930000066757202,
        1.8930000066757202,
        2.444000005722046,
        1.8960000276565552,
        1.899999976158142,
        3.068000078201294,
        1.899999976158142,
        1.902999997138977,
        1.902999997138977,
        1.902999997138977,
        2.434999942779541,
        1.9059998989105225,
        1.9089999198913574,
        3.255000114440918,
        1.9089999198913574,
        1.9130001068115234,
        1.9130001068115234,
        1.9159998893737793,
        2.439000129699707,
        1.9159998893737793,
        1.9190000295639038,
        3.1410000324249268,
        1.9220000505447388,
        1.9220000505447388,
        1.9220000505447388,
        1.9259999990463257,
        1.9259999990463257,
        1.9290000200271606,
        1.9290000200271606,
        1.9290000200271606,
        1.9320000410079956,
        1.9320000410079956,
        1.9320000410079956,
        1.9359999895095825,
        1.9359999895095825,
        1.9390000104904175,
        1.9390000104904175,
        1.9390000104904175,
        1.941999912261963,
        1.941999912261963,
        1.9449999332427979,
        1.9449999332427979,
        1.9449999332427979,
        1.9490001201629639,
        1.9490001201629639,
        1.9519999027252197,
        1.9519999027252197,
        1.9519999027252197,
        1.9550000429153442,
        1.9550000429153442,
        1.9550000429153442,
        1.9580000638961792,
        1.9580000638961792,
        1.9620000123977661,
        1.9620000123977661,
        1.9620000123977661,
        1.965000033378601,
        1.965000033378601,
        1.9679999351501465,
        1.9679999351501465,
        1.9679999351501465,
        1.9709999561309814,
        1.9709999561309814,
        1.975000023841858,
        1.975000023841858,
        1.975000023841858,
        1.9779999256134033,
        1.9779999256134033,
        1.9779999256134033,
        1.9809999465942383,
        1.9809999465942383,
        1.9850001335144043,
        1.9850001335144043,
        1.9850001335144043,
        1.9879999160766602,
        1.9879999160766602,
        1.9910000562667847,
        1.9910000562667847,
        1.9910000562667847,
        1.99399995803833,
        1.99399995803833,
        1.9980000257492065
    ],
    "Generations needed": 54,
    "Population 1": 206.25,
    "Population 10": 1570.5250244140625,
    "Population 11": 1890.175048828125,
    "Population 12": 1908.7049560546875,
    "Population 13": 1911.0,
    "Population 14": 1911.0,
    "Population 15": 1911.0,
    "Population 16": 1911.0,
    "Population 17": 1960.5999755859375,
    "Population 18": 2537.889892578125,
    "Population 19": 2562.0,
    "Population 2": 759.594970703125,
    "Population 20": 2562.0,
    "Population 21": 2562.0,
    "Population 22": 2562.0,
    "Population 23": 2613.820068359375,
    "Population 24": 2925.010009765625,
    "Population 25": 2935.0,
    "Population 26": 2935.0,
    "Population 27": 2935.0,
    "Population 28": 2935.0,
    "Population 29": 2953.550048828125,
    "Population 3": 1230.655029296875,
    "Population 30": 3576.304931640625,
    "Population 31": 3582.35498046875,
    "Population 32": 3586.0,
    "Population 33": 3586.0,
    "Population 34": 3586.0,
    "Population 35": 3586.0,
    "Population 36": 3626.1298828125,
    "Population 37": 3956.489990234375,
    "Population 38": 3959.0,
    "Population 39": 3959.0,
    "Population 4": 1271.89501953125,
    "Population 40": 3959.0,
    "Population 41": 3959.0,
    "Population 42": 3988.929931640625,
    "Population 43": 4602.16015625,
    "Population 44": 4610.0,
    "Population 45": 4610.0,
    "Population 46": 4610.0,
    "Population 47": 4610.0,
    "Population 48": 4656.115234375,
    "Population 49": 4981.22998046875,
    "Population 5": 1532.68994140625,
    "Population 50": 4983.0,
    "Population 51": 4983.0,
    "Population 52": 4983.0,
    "Population 53": 4983.0,
    "Population 54": 4997.1298828125,
    "Population 6": 1538.0,
    "Population 7": 1538.0,
    "Population 8": 1538.0,
    "Population 9": 1538.0,
    "start": "today"
}
