{
    "Champ at 1": 812.0,
    "Champ at 10": 1487.0,
    "Champ at 11": 1487.0,
    "Champ at 12": 1911.0,
    "Champ at 13": 1911.0,
    "Champ at 14": 1911.0,
    "Champ at 15": 1911.0,
    "Champ at 16": 1911.0,
    "Champ at 17": 1911.0,
    "Champ at 18": 2562.0,
    "Champ at 19": 2562.0,
    "Champ at 2": 887.0,
    "Champ at 20": 2562.0,
    "Champ at 21": 2562.0,
    "Champ at 22": 2562.0,
    "Champ at 23": 2562.0,
    "Champ at 24": 2935.0,
    "Champ at 25": 2935.0,
    "Champ at 26": 2935.0,
    "Champ at 27": 2935.0,
    "Champ at 28": 2935.0,
    "Champ at 29": 2935.0,
    "Champ at 3": 1259.0,
    "Champ at 30": 3586.0,
    "Champ at 31": 3586.0,
    "Champ at 32": 3586.0,
    "Champ at 33": 3586.0,
    "Champ at 34": 3586.0,
    "Champ at 35": 3586.0,
    "Champ at 36": 3959.0,
    "Champ at 37": 3959.0,
    "Champ at 38": 3959.0,
    "Champ at 39": 3959.0,
    "Champ at 4": 1486.0,
    "Champ at 40": 3959.0,
    "Champ at 41": 3959.0,
    "Champ at 42": 4610.0,
    "Champ at 43": 4610.0,
    "Champ at 44": 4610.0,
    "Champ at 45": 4610.0,
    "Champ at 46": 4610.0,
    "Champ at 47": 4610.0,
    "Champ at 48": 4983.0,
    "Champ at 49": 4983.0,
    "Champ at 5": 1486.0,
    "Champ at 50": 4983.0,
    "Champ at 51": 4983.0,
    "Champ at 52": 4983.0,
    "Champ at 53": 4983.0,
    "Champ at 54": 5157.0,
    "Champ at 6": 1487.0,
    "Champ at 7": 1487.0,
    "Champ at 8": 1487.0,
    "Champ at 9": 1487.0,
    "ChampFitness": 5157.0,
    "ChampInputs": [
        1.8209999799728394,
        1.8209999799728394,
        1.8240000009536743,
        1.8240000009536743,
        1.8240000009536743,
        1.8269999027252197,
        2.232518196105957,
        1.3363996744155884,
        1.8309999704360962,
        1.8369998931884766,
        1.840000033378601,
        1.840000033378601,
        2.7860000133514404,
        1.8440001010894775,
        1.8440001010894775,
        3.2109999656677246,
        1.847000002861023,
        1.847000002861023,
        1.847000002861023,
        1.850000023841858,
        2.6629998683929443,
        1.850000023841858,
        1.8539999723434448,
        3.190000057220459,
        1.8539999723434448,
        1.8569999933242798,
        1.8569999933242798,
        1.8569999933242798,
        2.621999979019165,
        1.8600000143051147,
        1.8629999160766602,
        3.253999948501587,
        1.8629999160766602,
        1.8669999837875366,
        1.8669999837875366,
        1.8669999837875366,
        2.5299999713897705,
        1.8700001239776611,
        1.8700001239776611,
        3.111999988555908,
        1.872999906539917,
        1.872999906539917,
        1.8760000467300415,
        1.8760000467300415,
        1.8760000467300415,
        1.8799998760223389,
        1.8799998760223389,
        1.8799998760223389,
        1.8830000162124634,
        1.8830000162124634,
        1.8830000162124634,
        1.8860000371932983,
        1.8860000371932983,
        1.8860000371932983,
        1.8889999389648438,
        1.8889999389648438,
        1.8889999389648438,
        1.8930000066757202,
        1.8930000066757202,
        1.8930000066757202,
        1.8960000276565552,
        1.9580000638961792,
        1.9609999656677246,
        1.9609999656677246,
        1.965000033378601,
        1.965000033378601,
        1.965000033378601,
        1.9679999351501465,
        1.9679999351501465,
        1.9709999561309814,
        1.9709999561309814,
        1.9709999561309814,
        1.9739999771118164,
        1.9739999771118164,
        1.9779999256134033,
        1.9779999256134033,
        1.9779999256134033,
        1.9809999465942383,
        1.9809999465942383,
        1.9840000867843628,
        1.9840000867843628,
        1.9869999885559082,
        1.9869999885559082,
        1.9869999885559082,
        1.9910000562667847,
        1.9910000562667847,
        1.99399995803833,
        1.99399995803833,
        1.99399995803833,
        1.996999979019165,
        1.996999979019165,
        2.0,
        2.0,
        2.003999948501587,
        2.003999948501587,
        2.003999948501587,
        2.006999969482422,
        2.006999969482422,
        2.009999990463257,
        2.009999990463257
    ],
    "Generations needed": 54,
    "Population 1": 197.46499633789063,
    "Population 10": 1487.0,
    "Population 11": 1487.0,
    "Population 12": 1560.9849853515625,
    "Population 13": 1905.0400390625,
    "Population 14": 1911.0,
    "Population 15": 1911.0,
    "Population 16": 1911.0,
    "Population 17": 1911.0,
    "Population 18": 1943.3900146484375,
    "Population 19": 2544.77001953125,
    "Population 2": 715.3150024414063,
    "Population 20": 2562.0,
    "Population 21": 2562.0,
    "Population 22": 2562.0,
    "Population 23": 2562.0,
    "Population 24": 2607.860107421875,
    "Population 25": 2928.760009765625,
    "Population 26": 2935.0,
    "Population 27": 2935.0,
    "Population 28": 2935.0,
    "Population 29": 2935.0,
    "Population 3": 883.89501953125,
    "Population 30": 2979.094970703125,
    "Population 31": 3574.344970703125,
    "Population 32": 3586.0,
    "Population 33": 3586.0,
    "Population 34": 3586.0,
    "Population 35": 3586.0,
    "Population 36": 3632.39990234375,
    "Population 37": 3957.135009765625,
    "Population 38": 3959.0,
    "Population 39": 3959.0,
    "Population 4": 1254.43505859375,
    "Population 40": 3959.0,
    "Population 41": 3959.0,
    "Population 42": 4001.77001953125,
    "Population 43": 4600.23486328125,
    "Population 44": 4610.0,
    "Population 45": 4610.0,
    "Population 46": 4610.0,
    "Population 47": 4610.0,
    "Population 48": 4657.9501953125,
    "Population 49": 4980.5751953125,
    "Population 5": 1469.7449951171875,
    "Population 50": 4983.0,
    "Population 51": 4983.0,
    "Population 52": 4983.0,
    "Population 53": 4983.0,
    "Population 54": 4980.3251953125,
    "Population 6": 1486.0050048828125,
    "Population 7": 1486.9849853515625,
    "Population 8": 1487.0,
    "Population 9": 1487.0,
    "start": "today"
}
