{
    "Champ at 1": 809.0,
    "Champ at 10": 1278.0,
    "Champ at 11": 1280.0,
    "Champ at 12": 1282.0,
    "Champ at 13": 1284.0,
    "Champ at 14": 1285.0,
    "Champ at 15": 1486.0,
    "Champ at 16": 1487.0,
    "Champ at 17": 1487.0,
    "Champ at 18": 1487.0,
    "Champ at 19": 1487.0,
    "Champ at 2": 887.0,
    "Champ at 20": 1487.0,
    "Champ at 21": 1487.0,
    "Champ at 22": 1911.0,
    "Champ at 23": 1911.0,
    "Champ at 24": 1911.0,
    "Champ at 25": 1911.0,
    "Champ at 26": 1911.0,
    "Champ at 27": 1911.0,
    "Champ at 28": 2562.0,
    "Champ at 29": 2562.0,
    "Champ at 3": 887.0,
    "Champ at 30": 2562.0,
    "Champ at 31": 2562.0,
    "Champ at 32": 2562.0,
    "Champ at 33": 2562.0,
    "Champ at 34": 2935.0,
    "Champ at 35": 2935.0,
    "Champ at 36": 2935.0,
    "Champ at 37": 2935.0,
    "Champ at 38": 2935.0,
    "Champ at 39": 2935.0,
    "Champ at 4": 887.0,
    "Champ at 40": 2935.0,
    "Champ at 41": 3586.0,
    "Champ at 42": 3586.0,
    "Champ at 43": 3586.0,
    "Champ at 44": 3586.0,
    "Champ at 45": 3586.0,
    "Champ at 46": 3586.0,
    "Champ at 47": 3959.0,
    "Champ at 48": 3959.0,
    "Champ at 49": 3959.0,
    "Champ at 5": 887.0,
    "Champ at 50": 3959.0,
    "Champ at 51": 3959.0,
    "Champ at 52": 3959.0,
    "Champ at 53": 4610.0,
    "Champ at 54": 4610.0,
    "Champ at 55": 4610.0,
    "Champ at 56": 4610.0,
    "Champ at 57": 4610.0,
    "Champ at 58": 4610.0,
    "Champ at 59": 4983.0,
    "Champ at 6": 887.0,
    "Champ at 60": 4983.0,
    "Champ at 61": 4983.0,
    "Champ at 62": 4983.0,
    "Champ at 63": 4983.0,
    "Champ at 64": 4983.0,
    "Champ at 65": 5162.0,
    "Champ at 7": 887.0,
    "Champ at 8": 887.0,
    "Champ at 9": 1278.0,
    "ChampFitness": 5162.0,
    "ChampInputs": [
        1.8109999895095825,
        1.8140000104904175,
        1.8140000104904175,
        2.219937562942505,
        1.8209999799728394,
        1.8209999799728394,
        3.2507073879241943,
        1.8240000009536743,
        1.8269999027252197,
        1.8299999237060547,
        1.8340001106262207,
        2.7160000801086426,
        1.8369998931884766,
        1.8369998931884766,
        3.296999931335449,
        1.843000054359436,
        1.843000054359436,
        1.847000002861023,
        1.850000023841858,
        2.6579999923706055,
        1.8529999256134033,
        1.8559999465942383,
        3.134000062942505,
        1.8600000143051147,
        1.8629999160766602,
        1.8629999160766602,
        1.8659999370574951,
        2.624000072479248,
        1.8700001239776611,
        1.872999906539917,
        3.24399995803833,
        1.8760000467300415,
        1.8790000677108765,
        1.8790000677108765,
        1.8830000162124634,
        0.6279999613761902,
        1.8860000371932983,
        1.8889999389648438,
        1.8919999599456787,
        3.1579999923706055,
        1.8960000276565552,
        1.8989999294281006,
        1.8989999294281006,
        1.9019999504089355,
        1.90500009059906,
        1.9089999198913574,
        1.9089999198913574,
        1.912000060081482,
        1.912000060081482,
        1.9149999618530273,
        1.9190000295639038,
        1.9190000295639038,
        1.9220000505447388,
        1.9249999523162842,
        1.9249999523162842,
        1.9279999732971191,
        1.9320000410079956,
        1.9320000410079956,
        1.934999942779541,
        1.934999942779541,
        1.937999963760376,
        1.9410001039505005,
        1.9410001039505005,
        1.9410001039505005,
        1.9449999332427979,
        1.9449999332427979,
        1.9480000734329224,
        1.9480000734329224,
        1.9509999752044678,
        1.9509999752044678,
        1.9509999752044678,
        1.9539999961853027,
        1.9539999961853027,
        1.9580000638961792,
        1.9580000638961792,
        1.9609999656677246,
        1.9609999656677246,
        1.9609999656677246,
        1.9639999866485596,
        1.9639999866485596,
        1.9679999351501465,
        1.9679999351501465,
        1.9709999561309814,
        1.9709999561309814,
        1.9739999771118164,
        1.9739999771118164,
        1.9739999771118164,
        1.9769999980926514,
        1.9769999980926514,
        1.9809999465942383,
        1.9809999465942383,
        1.9840000867843628,
        1.9840000867843628,
        1.9869999885559082,
        1.9869999885559082,
        1.9900000095367432,
        1.99399995803833,
        1.99399995803833,
        1.996999979019165,
        2.0
    ],
    "Generations needed": 65,
    "Population 1": 202.8800048828125,
    "Population 10": 1267.875,
    "Population 11": 1278.010009765625,
    "Population 12": 1280.0250244140625,
    "Population 13": 1282.0400390625,
    "Population 14": 1283.9649658203125,
    "Population 15": 1286.9949951171875,
    "Population 16": 1483.9949951171875,
    "Population 17": 1486.97998046875,
    "Population 18": 1487.0,
    "Population 19": 1487.0,
    "Population 2": 729.8200073242188,
    "Population 20": 1487.0,
    "Population 21": 1487.0,
    "Population 22": 1583.1199951171875,
    "Population 23": 1902.5999755859375,
    "Population 24": 1911.0,
    "Population 25": 1911.0,
    "Population 26": 1911.0,
    "Population 27": 1911.0,
    "Population 28": 1944.844970703125,
    "Population 29": 2550.77490234375,
    "Population 3": 871.27001953125,
    "Population 30": 2562.0,
    "Population 31": 2562.0,
    "Population 32": 2562.0,
    "Population 33": 2562.0,
    "Population 34": 2602.25,
    "Population 35": 2929.405029296875,
    "Population 36": 2934.014892578125,
    "Population 37": 2935.0,
    "Population 38": 2935.0,
    "Population 39": 2935.0,
    "Population 4": 885.7100219726563,
    "Population 40": 2935.0,
    "Population 41": 2971.054931640625,
    "Population 42": 3579.489990234375,
    "Population 43": 3586.0,
    "Population 44": 3586.0,
    "Population 45": 3586.0,
    "Population 46": 3586.0,
    "Population 47": 3629.27490234375,
    "Population 48": 3954.909912109375,
    "Population 49": 3959.0,
    "Population 5": 887.0,
    "Population 50": 3959.0,
    "Population 51": 3959.0,
    "Population 52": 3959.0,
    "Population 53": 4008.989990234375,
    "Population 54": 4593.73486328125,
    "Population 55": 4610.0,
    "Population 56": 4610.0,
    "Population 57": 4610.0,
    "Population 58": 4610.0,
    "Population 59": 4654.4248046875,
    "Population 6": 887.0,
    "Population 60": 4981.134765625,
    "Population 61": 4983.0,
    "Population 62": 4983.0,
    "Population 63": 4983.0,
    "Population 64": 4983.0,
    "Population 65": 4995.2900390625,
    "Population 7": 887.0,
    "Population 8": 887.0,
    "Population 9": 909.155029296875,
    "start": "today"
}
