{
    "Champ at 1": 887.0,
    "Champ at 10": 1911.0,
    "Champ at 11": 1911.0,
    "Champ at 12": 1911.0,
    "Champ at 13": 1911.0,
    "Champ at 14": 1911.0,
    "Champ at 15": 2562.0,
    "Champ at 16": 2562.0,
    "Champ at 17": 2562.0,
    "Champ at 18": 2562.0,
    "Champ at 19": 2562.0,
    "Champ at 2": 1283.0,
    "Champ at 20": 2562.0,
    "Champ at 21": 2935.0,
    "Champ at 22": 2935.0,
    "Champ at 23": 2935.0,
    "Champ at 24": 2935.0,
    "Champ at 25": 2935.0,
    "Champ at 26": 2935.0,
    "Champ at 27": 3586.0,
    "Champ at 28": 3586.0,
    "Champ at 29": 3586.0,
    "Champ at 3": 1538.0,
    "Champ at 30": 3586.0,
    "Champ at 31": 3586.0,
    "Champ at 32": 3586.0,
    "Champ at 33": 3959.0,
    "Champ at 34": 3959.0,
    "Champ at 35": 3959.0,
    "Champ at 36": 3959.0,
    "Champ at 37": 3959.0,
    "Champ at 38": 3959.0,
    "Champ at 39": 4913.0,
    "Champ at 4": 1538.0,
    "Champ at 40": 4913.0,
    "Champ at 41": 4913.0,
    "Champ at 42": 4913.0,
    "Champ at 43": 4913.0,
    "Champ at 44": 4913.0,
    "Champ at 45": 5169.0,
    "Champ at 5": 1538.0,
    "Champ at 6": 1538.0,
    "Champ at 7": 1538.0,
    "Champ at 8": 1538.0,
    "Champ at 9": 1911.0,
    "ChampFitness": 5169.0,
    "ChampInputs": [
        1.8760000467300415,
        1.8799998760223389,
        1.8799998760223389,
        1.8799998760223389,
        1.8830000162124634,
        1.8830000162124634,
        1.8830000162124634,
        1.394350528717041,
        1.8860000371932983,
        1.8860000371932983,
        1.8899999856948853,
        1.8899999856948853,
        2.428999900817871,
        1.8899999856948853,
        1.8930000066757202,
        3.258999824523926,
        1.8930000066757202,
        1.8960000276565552,
        1.8960000276565552,
        1.8960000276565552,
        0.5080000162124634,
        1.8989999294281006,
        1.8989999294281006,
        1.902999997138977,
        3.192000150680542,
        1.902999997138977,
        1.9059998989105225,
        1.9059998989105225,
        1.9059998989105225,
        2.2929999828338623,
        1.9089999198913574,
        1.9089999198913574,
        3.294999837875366,
        1.912000060081482,
        1.912000060081482,
        1.912000060081482,
        1.9159998893737793,
        1.9159998893737793,
        1.9159998893737793,
        1.9190000295639038,
        3.63100004196167,
        1.9190000295639038,
        1.9220000505447388,
        1.9220000505447388,
        1.9220000505447388,
        1.9220000505447388,
        1.9249999523162842,
        1.9249999523162842,
        1.9249999523162842,
        1.9290000200271606,
        1.9290000200271606,
        1.9290000200271606,
        1.9320000410079956,
        1.9320000410079956,
        1.9320000410079956,
        1.934999942779541,
        1.934999942779541,
        1.934999942779541,
        1.937999963760376,
        1.937999963760376,
        1.937999963760376,
        1.937999963760376,
        1.941999912261963,
        1.941999912261963,
        1.941999912261963,
        1.9449999332427979,
        1.9449999332427979,
        1.9449999332427979,
        1.9480000734329224,
        1.9480000734329224,
        1.9480000734329224,
        1.9519999027252197,
        1.9519999027252197,
        1.9519999027252197,
        1.9519999027252197,
        1.9550000429153442,
        1.9550000429153442,
        1.9550000429153442,
        1.9580000638961792,
        1.9580000638961792,
        1.9580000638961792,
        1.9609999656677246,
        1.9609999656677246,
        1.9609999656677246,
        1.965000033378601,
        1.965000033378601,
        1.965000033378601,
        1.9679999351501465,
        1.9679999351501465,
        1.9679999351501465,
        1.9679999351501465,
        1.9709999561309814,
        1.9709999561309814,
        1.9709999561309814,
        1.9739999771118164,
        1.9739999771118164,
        1.9739999771118164,
        1.9779999256134033,
        1.9779999256134033,
        1.9779999256134033
    ],
    "Generations needed": 45,
    "Population 1": 206.35499572753906,
    "Population 10": 1903.7750244140625,
    "Population 11": 1911.0,
    "Population 12": 1911.0,
    "Population 13": 1911.0,
    "Population 14": 1911.0,
    "Population 15": 1946.3050537109375,
    "Population 16": 2548.090087890625,
    "Population 17": 2562.0,
    "Population 18": 2562.0,
    "Population 19": 2562.0,
    "Population 2": 785.9500122070313,
    "Population 20": 2562.0,
    "Population 21": 2623.735107421875,
    "Population 22": 2932.14990234375,
    "Population 23": 2935.0,
    "Population 24": 2935.0,
    "Population 25": 2935.0,
    "Population 26": 2935.0,
    "Population 27": 2984.1650390625,
    "Population 28": 3575.889892578125,
    "Population 29": 3586.0,
    "Population 3": 1251.989990234375,
    "Population 30": 3586.0,
    "Population 31": 3586.0,
    "Population 32": 3586.0,
    "Population 33": 3627.114990234375,
    "Population 34": 3958.705078125,
    "Population 35": 3959.0,
    "Population 36": 3959.0,
    "Population 37": 3959.0,
    "Population 38": 3959.0,
    "Population 39": 3995.304931640625,
    "Population 4": 1534.7449951171875,
    "Population 40": 4904.81494140625,
    "Population 41": 4913.0,
    "Population 42": 4913.0,
    "Population 43": 4913.0,
    "Population 44": 4913.0,
    "Population 45": 4976.06982421875,
    "Population 5": 1538.0,
    "Population 6": 1538.0,
    "Population 7": 1538.0,
    "Population 8": 1538.0,
    "Population 9": 1600.1500244140625,
    "start": "today"
}
