{
    "Champ at 1": 823.0,
    "Champ at 10": 1911.0,
    "Champ at 11": 1911.0,
    "Champ at 12": 1911.0,
    "Champ at 13": 1911.0,
    "Champ at 14": 1911.0,
    "Champ at 15": 1911.0,
    "Champ at 16": 2562.0,
    "Champ at 17": 2562.0,
    "Champ at 18": 2562.0,
    "Champ at 19": 2562.0,
    "Champ at 2": 1238.0,
    "Champ at 20": 2562.0,
    "Champ at 21": 2562.0,
    "Champ at 22": 2935.0,
    "Champ at 23": 2935.0,
    "Champ at 24": 2935.0,
    "Champ at 25": 2935.0,
    "Champ at 26": 2935.0,
    "Champ at 27": 2935.0,
    "Champ at 28": 3586.0,
    "Champ at 29": 3586.0,
    "Champ at 3": 1275.0,
    "Champ at 30": 3586.0,
    "Champ at 31": 3586.0,
    "Champ at 32": 3586.0,
    "Champ at 33": 3586.0,
    "Champ at 34": 3959.0,
    "Champ at 35": 3959.0,
    "Champ at 36": 3959.0,
    "Champ at 37": 3959.0,
    "Champ at 38": 3959.0,
    "Champ at 39": 3959.0,
    "Champ at 4": 1285.0,
    "Champ at 40": 4923.0,
    "Champ at 41": 4923.0,
    "Champ at 42": 4923.0,
    "Champ at 43": 4923.0,
    "Champ at 44": 4923.0,
    "Champ at 45": 4923.0,
    "Champ at 46": 5168.0,
    "Champ at 5": 1538.0,
    "Champ at 6": 1538.0,
    "Champ at 7": 1538.0,
    "Champ at 8": 1538.0,
    "Champ at 9": 1538.0,
    "ChampFitness": 5168.0,
    "ChampInputs": [
        1.8389999866485596,
        1.84499990940094,
        1.8480000495910645,
        1.8519999980926514,
        1.8519999980926514,
        1.8550000190734863,
        3.401848793029785,
        1.8580000400543213,
        1.8610000610351563,
        1.8650000095367432,
        1.8680000305175781,
        0.6759999990463257,
        1.8709999322891235,
        1.875,
        1.878000020980835,
        3.1670000553131104,
        1.8809999227523804,
        1.8840000629425049,
        1.8880000114440918,
        1.8910000324249268,
        0.5920000076293945,
        1.8940000534057617,
        1.8970000743865967,
        1.9010000228881836,
        3.1700000762939453,
        1.906999945640564,
        1.909999966621399,
        1.909999966621399,
        1.9140000343322754,
        2.3949999809265137,
        1.9200000762939453,
        1.9239999055862427,
        3.1710000038146973,
        1.9300000667572021,
        1.9329999685287476,
        1.937000036239624,
        1.937000036239624,
        1.940000057220459,
        1.9429999589920044,
        1.9459999799728394,
        3.434999942779541,
        1.9529999494552612,
        1.9560000896453857,
        1.9589998722076416,
        1.9589998722076416,
        1.9630000591278076,
        1.9660000801086426,
        1.968999981880188,
        1.9730000495910645,
        1.9760000705718994,
        1.9789999723434448,
        1.9789999723434448,
        1.9819999933242798,
        1.9859999418258667,
        1.9889999628067017,
        1.9920001029968262,
        1.994999885559082,
        1.999000072479248,
        1.999000072479248,
        2.002000093460083,
        2.004999876022339,
        2.007999897003174,
        2.0119998455047607,
        2.0149998664855957,
        2.0209999084472656,
        2.0250000953674316,
        2.0280001163482666,
        2.0280001163482666,
        2.0309998989105225,
        2.0350000858306885,
        2.0350000858306885,
        2.0379998683929443,
        2.047999858856201,
        2.0510001182556152,
        2.0510001182556152,
        2.05400013923645,
        2.056999921798706,
        2.056999921798706,
        2.061000108718872,
        2.064000129699707,
        2.064000129699707,
        2.066999912261963,
        2.069999933242798,
        2.0739998817443848,
        2.0739998817443848,
        2.0769999027252197,
        2.0799999237060547,
        2.0839998722076416,
        2.0869998931884766,
        2.0869998931884766,
        2.0900001525878906,
        2.0929999351501465,
        2.0970001220703125,
        2.1029999256134033,
        2.1059999465942383,
        2.109999895095825,
        2.109999895095825,
        2.11299991607666,
        2.116000175476074,
        2.116000175476074
    ],
    "Generations needed": 46,
    "Population 1": 194.22000122070313,
    "Population 10": 1578.7449951171875,
    "Population 11": 1902.655029296875,
    "Population 12": 1911.0,
    "Population 13": 1911.0,
    "Population 14": 1911.0,
    "Population 15": 1911.0,
    "Population 16": 1944.0699462890625,
    "Population 17": 2548.97998046875,
    "Population 18": 2562.0,
    "Population 19": 2562.0,
    "Population 2": 766.3150024414063,
    "Population 20": 2562.0,
    "Population 21": 2562.0,
    "Population 22": 2612.0,
    "Population 23": 2933.135009765625,
    "Population 24": 2935.0,
    "Population 25": 2935.0,
    "Population 26": 2935.0,
    "Population 27": 2935.0,
    "Population 28": 2970.89990234375,
    "Population 29": 3569.169921875,
    "Population 3": 1211.5350341796875,
    "Population 30": 3586.0,
    "Population 31": 3586.0,
    "Population 32": 3586.0,
    "Population 33": 3586.0,
    "Population 34": 3632.875,
    "Population 35": 3949.239990234375,
    "Population 36": 3959.0,
    "Population 37": 3959.0,
    "Population 38": 3959.0,
    "Population 39": 3959.0,
    "Population 4": 1272.7950439453125,
    "Population 40": 4008.070068359375,
    "Population 41": 4917.72998046875,
    "Population 42": 4923.0,
    "Population 43": 4923.0,
    "Population 44": 4923.0,
    "Population 45": 4923.0,
    "Population 46": 4979.98486328125,
    "Population 5": 1283.344970703125,
    "Population 6": 1538.0,
    "Population 7": 1538.0,
    "Population 8": 1538.0,
    "Population 9": 1538.0,
    "start": "today"
}
