{
    "Champ at 1": 814.0,
    "Champ at 10": 1911.0,
    "Champ at 11": 1911.0,
    "Champ at 12": 1911.0,
    "Champ at 13": 1911.0,
    "Champ at 14": 1911.0,
    "Champ at 15": 1911.0,
    "Champ at 16": 2562.0,
    "Champ at 17": 2562.0,
    "Champ at 18": 2562.0,
    "Champ at 19": 2562.0,
    "Champ at 2": 1256.0,
    "Champ at 20": 2562.0,
    "Champ at 21": 2562.0,
    "Champ at 22": 2562.0,
    "Champ at 23": 2935.0,
    "Champ at 24": 2935.0,
    "Champ at 25": 2935.0,
    "Champ at 26": 2935.0,
    "Champ at 27": 2935.0,
    "Champ at 28": 2935.0,
    "Champ at 29": 3327.0,
    "Champ at 3": 1275.0,
    "Champ at 30": 3327.0,
    "Champ at 31": 3327.0,
    "Champ at 32": 3327.0,
    "Champ at 33": 3327.0,
    "Champ at 34": 3327.0,
    "Champ at 35": 3959.0,
    "Champ at 36": 3959.0,
    "Champ at 37": 3959.0,
    "Champ at 38": 3959.0,
    "Champ at 39": 3959.0,
    "Champ at 4": 1486.0,
    "Champ at 40": 3959.0,
    "Champ at 41": 4610.0,
    "Champ at 42": 4610.0,
    "Champ at 43": 4610.0,
    "Champ at 44": 4610.0,
    "Champ at 45": 4610.0,
    "Champ at 46": 4610.0,
    "Champ at 47": 4983.0,
    "Champ at 48": 4983.0,
    "Champ at 49": 4983.0,
    "Champ at 5": 1486.0,
    "Champ at 50": 4983.0,
    "Champ at 51": 4983.0,
    "Champ at 52": 4983.0,
    "Champ at 53": 5166.0,
    "Champ at 6": 1486.0,
    "Champ at 7": 1486.0,
    "Champ at 8": 1486.0,
    "Champ at 9": 1486.0,
    "ChampFitness": 5166.0,
    "ChampInputs": [
        1.8279999494552612,
        1.8279999494552612,
        1.8309999704360962,
        1.8309999704360962,
        1.8309999704360962,
        1.8350000381469727,
        3.5229060649871826,
        1.8350000381469727,
        1.837999939918518,
        1.837999939918518,
        1.837999939918518,
        2.7289998531341553,
        1.8410000801086426,
        1.8410000801086426,
        3.296999931335449,
        1.8440001010894775,
        1.8440001010894775,
        1.8440001010894775,
        1.8480000495910645,
        2.697999954223633,
        1.8480000495910645,
        1.8510000705718994,
        3.010999917984009,
        1.8510000705718994,
        1.8510000705718994,
        2.806999921798706,
        1.8539999723434448,
        1.8539999723434448,
        1.8569999933242798,
        1.8569999933242798,
        3.2210001945495605,
        1.8610000610351563,
        1.8610000610351563,
        1.8610000610351563,
        1.8639999628067017,
        2.6469998359680176,
        1.8639999628067017,
        1.8639999628067017,
        3.263000011444092,
        1.8669999837875366,
        1.8669999837875366,
        1.8700001239776611,
        1.8700001239776611,
        1.8700001239776611,
        1.8739999532699585,
        1.8739999532699585,
        1.8739999532699585,
        1.8739999532699585,
        1.877000093460083,
        1.877000093460083,
        1.877000093460083,
        1.8799998760223389,
        1.8799998760223389,
        1.8799998760223389,
        1.8830000162124634,
        1.8830000162124634,
        1.8830000162124634,
        1.8870000839233398,
        1.8870000839233398,
        1.8870000839233398,
        1.8870000839233398,
        1.8899999856948853,
        1.8899999856948853,
        1.8899999856948853,
        1.8930000066757202,
        1.8930000066757202,
        1.8930000066757202,
        1.8970000743865967,
        1.8970000743865967,
        1.8970000743865967,
        1.899999976158142,
        1.899999976158142,
        1.899999976158142,
        1.899999976158142,
        1.902999997138977,
        1.902999997138977,
        1.902999997138977,
        1.9059998989105225,
        1.9059998989105225,
        1.9059998989105225,
        1.909999966621399,
        1.909999966621399,
        1.909999966621399,
        1.9130001068115234,
        1.9130001068115234,
        1.9130001068115234,
        1.9130001068115234,
        1.9159998893737793,
        1.9159998893737793,
        1.9159998893737793,
        1.9190000295639038,
        1.9190000295639038,
        1.9190000295639038,
        1.9230000972747803,
        1.9230000972747803,
        1.9230000972747803,
        1.9230000972747803,
        1.9259999990463257,
        1.9259999990463257,
        1.9259999990463257
    ],
    "Generations needed": 53,
    "Population 1": 205.88499450683594,
    "Population 10": 1572.31005859375,
    "Population 11": 1897.56005859375,
    "Population 12": 1911.0,
    "Population 13": 1911.0,
    "Population 14": 1911.0,
    "Population 15": 1911.0,
    "Population 16": 1928.550048828125,
    "Population 17": 2542.02490234375,
    "Population 18": 2561.7451171875,
    "Population 19": 2562.0,
    "Population 2": 753.1199951171875,
    "Population 20": 2562.0,
    "Population 21": 2562.0,
    "Population 22": 2562.0,
    "Population 23": 2602.820068359375,
    "Population 24": 2933.135009765625,
    "Population 25": 2935.0,
    "Population 26": 2935.0,
    "Population 27": 2935.0,
    "Population 28": 2935.0,
    "Population 29": 2957.93505859375,
    "Population 3": 1241.949951171875,
    "Population 30": 3322.965087890625,
    "Population 31": 3327.0,
    "Population 32": 3327.0,
    "Population 33": 3327.0,
    "Population 34": 3327.0,
    "Population 35": 3427.485107421875,
    "Population 36": 3947.5849609375,
    "Population 37": 3959.0,
    "Population 38": 3959.0,
    "Population 39": 3959.0,
    "Population 4": 1275.9449462890625,
    "Population 40": 3959.0,
    "Population 41": 3979.5,
    "Population 42": 4593.72509765625,
    "Population 43": 4610.0,
    "Population 44": 4610.0,
    "Population 45": 4610.0,
    "Population 46": 4610.0,
    "Population 47": 4636.98486328125,
    "Population 48": 4973.08984375,
    "Population 49": 4983.0,
    "Population 5": 1481.9599609375,
    "Population 50": 4983.0,
    "Population 51": 4983.0,
    "Population 52": 4983.0,
    "Population 53": 4982.3251953125,
    "Population 6": 1486.0,
    "Population 7": 1486.0,
    "Population 8": 1486.0,
    "Population 9": 1486.0,
    "start": "today"
}
