{
    "Champ at 1": 812.0,
    "Champ at 10": 1271.0,
    "Champ at 11": 1271.0,
    "Champ at 12": 1911.0,
    "Champ at 13": 1911.0,
    "Champ at 14": 1911.0,
    "Champ at 15": 1911.0,
    "Champ at 16": 1911.0,
    "Champ at 17": 1911.0,
    "Champ at 18": 2307.0,
    "Champ at 19": 2307.0,
    "Champ at 2": 1246.0,
    "Champ at 20": 2562.0,
    "Champ at 21": 2562.0,
    "Champ at 22": 2562.0,
    "Champ at 23": 2562.0,
    "Champ at 24": 2562.0,
    "Champ at 25": 2562.0,
    "Champ at 26": 2935.0,
    "Champ at 27": 2935.0,
    "Champ at 28": 2935.0,
    "Champ at 29": 2935.0,
    "Champ at 3": 1256.0,
    "Champ at 30": 2935.0,
    "Champ at 31": 2935.0,
    "Champ at 32": 3586.0,
    "Champ at 33": 3586.0,
    "Champ at 34": 3586.0,
    "Champ at 35": 3586.0,
    "Champ at 36": 3586.0,
    "Champ at 37": 3586.0,
    "Champ at 38": 3959.0,
    "Champ at 39": 3959.0,
    "Champ at 4": 1263.0,
    "Champ at 40": 3959.0,
    "Champ at 41": 3959.0,
    "Champ at 42": 3959.0,
    "Champ at 43": 3959.0,
    "Champ at 44": 4610.0,
    "Champ at 45": 4610.0,
    "Champ at 46": 4610.0,
    "Champ at 47": 4610.0,
    "Champ at 48": 4610.0,
    "Champ at 49": 4610.0,
    "Champ at 5": 1268.0,
    "Champ at 50": 4983.0,
    "Champ at 51": 4983.0,
    "Champ at 52": 4983.0,
    "Champ at 53": 4983.0,
    "Champ at 54": 4983.0,
    "Champ at 55": 5163.0,
    "Champ at 6": 1271.0,
    "Champ at 7": 1271.0,
    "Champ at 8": 1271.0,
    "Champ at 9": 1271.0,
    "ChampFitness": 5163.0,
    "ChampInputs": [
        1.8229999542236328,
        2.2423980236053467,
        1.8260000944137573,
        1.8260000944137573,
        1.8289999961853027,
        1.8289999961853027,
        2.9328274726867676,
        1.8330000638961792,
        1.8330000638961792,
        1.1440000534057617,
        1.8359999656677246,
        1.8359999656677246,
        1.8389999866485596,
        1.8389999866485596,
        1.8389999866485596,
        3.264078140258789,
        1.843000054359436,
        1.8459999561309814,
        1.8459999561309814,
        1.8459999561309814,
        2.6489999294281006,
        1.8489999771118164,
        1.8519999980926514,
        3.1740000247955322,
        1.8519999980926514,
        1.8559999465942383,
        1.8559999465942383,
        1.8589999675750732,
        2.687000036239624,
        1.8589999675750732,
        1.8619999885559082,
        3.199000120162964,
        1.8650000095367432,
        1.8650000095367432,
        1.8650000095367432,
        1.8690000772476196,
        0.7660000324249268,
        1.8690000772476196,
        1.871999979019165,
        1.871999979019165,
        3.186999797821045,
        1.875,
        1.875,
        1.878000020980835,
        1.878000020980835,
        1.8819999694824219,
        1.8819999694824219,
        1.8819999694824219,
        1.8849999904632568,
        1.8849999904632568,
        1.8880000114440918,
        1.8880000114440918,
        1.8880000114440918,
        1.8919999599456787,
        1.8919999599456787,
        1.8949999809265137,
        1.8949999809265137,
        1.8949999809265137,
        1.8980000019073486,
        1.8980000019073486,
        1.8980000019073486,
        1.9010000228881836,
        1.9010000228881836,
        1.90500009059906,
        1.90500009059906,
        1.90500009059906,
        1.9079999923706055,
        1.9079999923706055,
        1.9110000133514404,
        1.9110000133514404,
        1.9110000133514404,
        1.9140000343322754,
        1.9140000343322754,
        1.9179999828338623,
        1.9179999828338623,
        1.9179999828338623,
        1.9210000038146973,
        1.9210000038146973,
        1.9239999055862427,
        1.9239999055862427,
        1.9239999055862427,
        1.9270000457763672,
        1.9270000457763672,
        1.930999994277954,
        1.930999994277954,
        1.930999994277954,
        1.934000015258789,
        1.934000015258789,
        1.934000015258789,
        1.937000036239624,
        1.937000036239624,
        1.9410001039505005,
        1.9410001039505005,
        1.9410001039505005,
        1.944000005722046,
        1.944000005722046,
        1.9470000267028809,
        1.9470000267028809,
        1.9470000267028809,
        1.9499999284744263
    ],
    "Generations needed": 55,
    "Population 1": 193.86000061035156,
    "Population 10": 1271.0,
    "Population 11": 1271.0,
    "Population 12": 1386.3299560546875,
    "Population 13": 1905.385009765625,
    "Population 14": 1911.0,
    "Population 15": 1911.0,
    "Population 16": 1911.0,
    "Population 17": 1911.0,
    "Population 18": 1941.68505859375,
    "Population 19": 2300.27001953125,
    "Population 2": 744.885009765625,
    "Population 20": 2308.27490234375,
    "Population 21": 2555.489990234375,
    "Population 22": 2562.0,
    "Population 23": 2562.0,
    "Population 24": 2562.0,
    "Population 25": 2562.0,
    "Population 26": 2607.7548828125,
    "Population 27": 2931.4599609375,
    "Population 28": 2935.0,
    "Population 29": 2935.0,
    "Population 3": 1217.4649658203125,
    "Population 30": 2935.0,
    "Population 31": 2935.0,
    "Population 32": 2971.43994140625,
    "Population 33": 3579.489990234375,
    "Population 34": 3586.0,
    "Population 35": 3586.0,
    "Population 36": 3586.0,
    "Population 37": 3586.0,
    "Population 38": 3632.169921875,
    "Population 39": 3954.679931640625,
    "Population 4": 1255.9949951171875,
    "Population 40": 3959.0,
    "Population 41": 3959.0,
    "Population 42": 3959.0,
    "Population 43": 3959.0,
    "Population 44": 3984.10498046875,
    "Population 45": 4599.9501953125,
    "Population 46": 4610.0,
    "Population 47": 4610.0,
    "Population 48": 4610.0,
    "Population 49": 4610.0,
    "Population 5": 1262.9300537109375,
    "Population 50": 4655.02978515625,
    "Population 51": 4983.0,
    "Population 52": 4983.0,
    "Population 53": 4983.0,
    "Population 54": 4983.0,
    "Population 55": 4993.51513671875,
    "Population 6": 1262.1500244140625,
    "Population 7": 1259.3699951171875,
    "Population 8": 1271.0,
    "Population 9": 1271.0,
    "start": "today"
}
