{
    "Champ at 1": 887.0,
    "Champ at 10": 1911.0,
    "Champ at 11": 1911.0,
    "Champ at 12": 1911.0,
    "Champ at 13": 1911.0,
    "Champ at 14": 1911.0,
    "Champ at 15": 1911.0,
    "Champ at 16": 2562.0,
    "Champ at 17": 2562.0,
    "Champ at 18": 2562.0,
    "Champ at 19": 2562.0,
    "Champ at 2": 1538.0,
    "Champ at 20": 2562.0,
    "Champ at 21": 2562.0,
    "Champ at 22": 2935.0,
    "Champ at 23": 2935.0,
    "Champ at 24": 2935.0,
    "Champ at 25": 2935.0,
    "Champ at 26": 2935.0,
    "Champ at 27": 2935.0,
    "Champ at 28": 2935.0,
    "Champ at 29": 3586.0,
    "Champ at 3": 1538.0,
    "Champ at 30": 3586.0,
    "Champ at 31": 3586.0,
    "Champ at 32": 3586.0,
    "Champ at 33": 3586.0,
    "Champ at 34": 3586.0,
    "Champ at 35": 3959.0,
    "Champ at 36": 3959.0,
    "Champ at 37": 3959.0,
    "Champ at 38": 3959.0,
    "Champ at 39": 3959.0,
    "Champ at 4": 1538.0,
    "Champ at 40": 3959.0,
    "Champ at 41": 4916.0,
    "Champ at 42": 4916.0,
    "Champ at 43": 4916.0,
    "Champ at 44": 4916.0,
    "Champ at 45": 4916.0,
    "Champ at 46": 4916.0,
    "Champ at 47": 5155.0,
    "Champ at 5": 1538.0,
    "Champ at 6": 1538.0,
    "Champ at 7": 1538.0,
    "Champ at 8": 1538.0,
    "Champ at 9": 1911.0,
    "ChampFitness": 5155.0,
    "ChampInputs": [
        1.872999906539917,
        1.872999906539917,
        1.877000093460083,
        1.877000093460083,
        1.877000093460083,
        1.8799998760223389,
        3.2536797523498535,
        1.8830000162124634,
        1.8830000162124634,
        1.8830000162124634,
        1.8860000371932983,
        2.4539999961853027,
        1.8899999856948853,
        1.8899999856948853,
        3.2139997482299805,
        1.8930000066757202,
        1.8930000066757202,
        1.8960000276565552,
        1.8960000276565552,
        0.5600000023841858,
        1.8989999294281006,
        1.8989999294281006,
        1.902999997138977,
        3.1449999809265137,
        1.9059998989105225,
        1.9059998989105225,
        1.9059998989105225,
        1.9089999198913574,
        2.3889999389648438,
        1.912000060081482,
        1.912000060081482,
        3.250999927520752,
        1.9159998893737793,
        1.9159998893737793,
        1.9190000295639038,
        1.9190000295639038,
        1.9190000295639038,
        1.9220000505447388,
        1.9220000505447388,
        3.3350000381469727,
        1.9259999990463257,
        1.9259999990463257,
        1.9290000200271606,
        1.9290000200271606,
        1.9320000410079956,
        1.9320000410079956,
        1.9320000410079956,
        1.934999942779541,
        1.934999942779541,
        1.9390000104904175,
        1.9390000104904175,
        1.941999912261963,
        1.941999912261963,
        1.9449999332427979,
        1.9449999332427979,
        1.9550000429153442,
        1.9580000638961792,
        1.9580000638961792,
        1.9580000638961792,
        1.9609999656677246,
        1.9609999656677246,
        1.965000033378601,
        1.9679999351501465,
        2.0370001792907715,
        2.0399999618530273,
        2.0399999618530273,
        2.0429999828338623,
        2.0460000038146973,
        2.0460000038146973,
        2.049999952316284,
        2.052999973297119,
        2.052999973297119,
        2.055999994277954,
        2.055999994277954,
        2.059000015258789,
        2.062999963760376,
        2.0820000171661377,
        2.0889999866485596,
        2.0889999866485596,
        2.0920000076293945,
        2.0920000076293945,
        2.0950000286102295,
        2.0950000286102295,
        2.0989999771118164,
        2.0989999771118164,
        2.1019999980926514,
        2.1019999980926514,
        2.1050000190734863,
        2.1050000190734863,
        2.1080000400543213,
        2.1080000400543213,
        2.111999988555908,
        2.111999988555908,
        2.111999988555908,
        2.115000009536743,
        2.115000009536743,
        2.118000030517578,
        2.121000051498413,
        2.121000051498413,
        2.121000051498413
    ],
    "Generations needed": 47,
    "Population 1": 204.90499877929688,
    "Population 10": 1900.1300048828125,
    "Population 11": 1910.0150146484375,
    "Population 12": 1911.0,
    "Population 13": 1911.0,
    "Population 14": 1911.0,
    "Population 15": 1911.0,
    "Population 16": 1941.3399658203125,
    "Population 17": 2545.72509765625,
    "Population 18": 2562.0,
    "Population 19": 2562.0,
    "Population 2": 798.625,
    "Population 20": 2562.0,
    "Population 21": 2562.0,
    "Population 22": 2601.445068359375,
    "Population 23": 2927.7099609375,
    "Population 24": 2934.715087890625,
    "Population 25": 2935.0,
    "Population 26": 2935.0,
    "Population 27": 2935.0,
    "Population 28": 2935.0,
    "Population 29": 2985.260009765625,
    "Population 3": 1492.6949462890625,
    "Population 30": 3572.679931640625,
    "Population 31": 3586.0,
    "Population 32": 3586.0,
    "Population 33": 3586.0,
    "Population 34": 3586.0,
    "Population 35": 3620.969970703125,
    "Population 36": 3953.72509765625,
    "Population 37": 3959.0,
    "Population 38": 3959.0,
    "Population 39": 3959.0,
    "Population 4": 1532.0250244140625,
    "Population 40": 3959.0,
    "Population 41": 4000.574951171875,
    "Population 42": 4906.43017578125,
    "Population 43": 4916.0,
    "Population 44": 4916.0,
    "Population 45": 4916.0,
    "Population 46": 4916.0,
    "Population 47": 4980.044921875,
    "Population 5": 1538.0,
    "Population 6": 1538.0,
    "Population 7": 1538.0,
    "Population 8": 1538.0,
    "Population 9": 1580.6400146484375,
    "start": "today"
}
