{
    "Champ at 1": 826.0,
    "Champ at 10": 1538.0,
    "Champ at 11": 1538.0,
    "Champ at 12": 1538.0,
    "Champ at 13": 1911.0,
    "Champ at 14": 1911.0,
    "Champ at 15": 1911.0,
    "Champ at 16": 1911.0,
    "Champ at 17": 1911.0,
    "Champ at 18": 1911.0,
    "Champ at 19": 2562.0,
    "Champ at 2": 1238.0,
    "Champ at 20": 2562.0,
    "Champ at 21": 2562.0,
    "Champ at 22": 2562.0,
    "Champ at 23": 2562.0,
    "Champ at 24": 2562.0,
    "Champ at 25": 2935.0,
    "Champ at 26": 2935.0,
    "Champ at 27": 2935.0,
    "Champ at 28": 2935.0,
    "Champ at 29": 2935.0,
    "Champ at 3": 1275.0,
    "Champ at 30": 2935.0,
    "Champ at 31": 3586.0,
    "Champ at 32": 3586.0,
    "Champ at 33": 3586.0,
    "Champ at 34": 3586.0,
    "Champ at 35": 3586.0,
    "Champ at 36": 3586.0,
    "Champ at 37": 3959.0,
    "Champ at 38": 3959.0,
    "Champ at 39": 3959.0,
    "Champ at 4": 1280.0,
    "Champ at 40": 3959.0,
    "Champ at 41": 3959.0,
    "Champ at 42": 3959.0,
    "Champ at 43": 4610.0,
    "Champ at 44": 4610.0,
    "Champ at 45": 4610.0,
    "Champ at 46": 4610.0,
    "Champ at 47": 4610.0,
    "Champ at 48": 4610.0,
    "Champ at 49": 4610.0,
    "Champ at 5": 1283.0,
    "Champ at 50": 4983.0,
    "Champ at 51": 4983.0,
    "Champ at 52": 4983.0,
    "Champ at 53": 4983.0,
    "Champ at 54": 4983.0,
    "Champ at 55": 4983.0,
    "Champ at 56": 5164.0,
    "Champ at 6": 1285.0,
    "Champ at 7": 1538.0,
    "Champ at 8": 1538.0,
    "Champ at 9": 1538.0,
    "ChampFitness": 5164.0,
    "ChampInputs": [
        1.850000023841858,
        1.850000023841858,
        1.850000023841858,
        1.8529999256134033,
        1.8529999256134033,
        1.8529999256134033,
        3.2961528301239014,
        1.8559999465942383,
        1.8559999465942383,
        1.8589999675750732,
        1.8589999675750732,
        0.7919999957084656,
        1.8629999160766602,
        1.8629999160766602,
        1.8629999160766602,
        3.2760000228881836,
        1.8659999370574951,
        1.8659999370574951,
        1.8659999370574951,
        1.8690000772476196,
        2.614000082015991,
        1.8690000772476196,
        1.871999979019165,
        3.177999973297119,
        1.871999979019165,
        1.8760000467300415,
        1.8760000467300415,
        1.8760000467300415,
        0.7190000414848328,
        1.8790000677108765,
        1.8790000677108765,
        1.8790000677108765,
        3.0169999599456787,
        1.8819999694824219,
        1.8819999694824219,
        1.8860000371932983,
        1.8860000371932983,
        2.511000156402588,
        1.8889999389648438,
        1.8889999389648438,
        3.2899999618530273,
        1.8889999389648438,
        1.8919999599456787,
        1.8919999599456787,
        1.8919999599456787,
        1.8949999809265137,
        1.8949999809265137,
        1.8949999809265137,
        1.8989999294281006,
        1.8989999294281006,
        1.8989999294281006,
        1.9019999504089355,
        1.9019999504089355,
        1.9019999504089355,
        1.9019999504089355,
        1.90500009059906,
        1.90500009059906,
        1.90500009059906,
        1.9079999923706055,
        1.9079999923706055,
        1.9079999923706055,
        1.912000060081482,
        1.912000060081482,
        1.912000060081482,
        1.9149999618530273,
        1.9149999618530273,
        1.9149999618530273,
        1.9149999618530273,
        1.9179999828338623,
        1.9179999828338623,
        1.9179999828338623,
        1.9210000038146973,
        1.9210000038146973,
        1.9210000038146973,
        1.9249999523162842,
        1.9249999523162842,
        1.9249999523162842,
        1.9279999732971191,
        1.9279999732971191,
        1.9279999732971191,
        1.930999994277954,
        1.930999994277954,
        1.930999994277954,
        1.934000015258789,
        1.934000015258789,
        1.934000015258789,
        1.934000015258789,
        1.937999963760376,
        1.937999963760376,
        1.937999963760376,
        1.9410001039505005,
        1.9410001039505005,
        1.9410001039505005,
        1.944000005722046,
        1.944000005722046,
        1.944000005722046,
        1.9480000734329224,
        1.9480000734329224,
        1.9480000734329224,
        1.9480000734329224
    ],
    "Generations needed": 56,
    "Population 1": 195.05499267578125,
    "Population 10": 1538.0,
    "Population 11": 1538.0,
    "Population 12": 1538.0,
    "Population 13": 1577.5400390625,
    "Population 14": 1903.5400390625,
    "Population 15": 1911.0,
    "Population 16": 1911.0,
    "Population 17": 1911.0,
    "Population 18": 1911.0,
    "Population 19": 1954.280029296875,
    "Population 2": 743.39501953125,
    "Population 20": 2549.6650390625,
    "Population 21": 2562.0,
    "Population 22": 2562.0,
    "Population 23": 2562.0,
    "Population 24": 2562.0,
    "Population 25": 2598.340087890625,
    "Population 26": 2933.135009765625,
    "Population 27": 2935.0,
    "Population 28": 2935.0,
    "Population 29": 2935.0,
    "Population 3": 1224.10498046875,
    "Population 30": 2935.0,
    "Population 31": 2960.699951171875,
    "Population 32": 3579.489990234375,
    "Population 33": 3586.0,
    "Population 34": 3586.0,
    "Population 35": 3586.0,
    "Population 36": 3586.0,
    "Population 37": 3622.094970703125,
    "Population 38": 3956.14990234375,
    "Population 39": 3959.0,
    "Population 4": 1270.4150390625,
    "Population 40": 3959.0,
    "Population 41": 3959.0,
    "Population 42": 3959.0,
    "Population 43": 4001.22509765625,
    "Population 44": 4590.990234375,
    "Population 45": 4608.64990234375,
    "Population 46": 4610.0,
    "Population 47": 4610.0,
    "Population 48": 4610.0,
    "Population 49": 4610.0,
    "Population 5": 1279.9949951171875,
    "Population 50": 4650.0498046875,
    "Population 51": 4980.7548828125,
    "Population 52": 4983.0,
    "Population 53": 4983.0,
    "Population 54": 4983.0,
    "Population 55": 4983.0,
    "Population 56": 4981.5751953125,
    "Population 6": 1283.0150146484375,
    "Population 7": 1288.7750244140625,
    "Population 8": 1535.469970703125,
    "Population 9": 1538.0,
    "start": "today"
}
