{
    "Champ at 1": 887.0,
    "Champ at 10": 2562.0,
    "Champ at 11": 2738.0,
    "Champ at 12": 2935.0,
    "Champ at 13": 2935.0,
    "Champ at 14": 3762.0,
    "Champ at 15": 3883.0,
    "Champ at 16": 3883.0,
    "Champ at 17": 3959.0,
    "Champ at 18": 3959.0,
    "Champ at 19": 3959.0,
    "Champ at 2": 887.0,
    "Champ at 20": 3959.0,
    "Champ at 21": 3959.0,
    "Champ at 22": 3959.0,
    "Champ at 23": 3959.0,
    "Champ at 24": 3959.0,
    "Champ at 25": 3959.0,
    "Champ at 26": 3959.0,
    "Champ at 27": 3959.0,
    "Champ at 28": 3959.0,
    "Champ at 29": 3959.0,
    "Champ at 3": 887.0,
    "Champ at 30": 3959.0,
    "Champ at 31": 4309.0,
    "Champ at 32": 4354.0,
    "Champ at 33": 4983.0,
    "Champ at 34": 4983.0,
    "Champ at 35": 4983.0,
    "Champ at 36": 4983.0,
    "Champ at 37": 4983.0,
    "Champ at 38": 4983.0,
    "Champ at 39": 4983.0,
    "Champ at 4": 887.0,
    "Champ at 40": 4983.0,
    "Champ at 41": 4983.0,
    "Champ at 42": 4983.0,
    "Champ at 43": 5156.0,
    "Champ at 5": 1471.0,
    "Champ at 6": 1538.0,
    "Champ at 7": 1911.0,
    "Champ at 8": 1911.0,
    "Champ at 9": 1911.0,
    "ChampFitness": 5156.0,
    "ChampInputs": [
        1.877000093460083,
        1.877000093460083,
        1.8799998760223389,
        1.8799998760223389,
        1.8799998760223389,
        1.8830000162124634,
        1.8830000162124634,
        1.3730000257492065,
        1.8860000371932983,
        1.8860000371932983,
        1.8860000371932983,
        1.378999948501587,
        2.804999828338623,
        1.8899999856948853,
        1.8930000066757202,
        3.2100000381469727,
        1.8930000066757202,
        1.8960000276565552,
        1.8960000276565552,
        1.8960000276565552,
        2.5290000438690186,
        1.8989999294281006,
        1.8989999294281006,
        2.991000175476074,
        1.902999997138977,
        1.902999997138977,
        2.82099986076355,
        1.9059998989105225,
        1.9089999198913574,
        1.9089999198913574,
        1.25,
        3.075000047683716,
        1.9130001068115234,
        1.9130001068115234,
        2.5399999618530273,
        1.9159998893737793,
        1.9159998893737793,
        1.9190000295639038,
        1.9190000295639038,
        3.3899998664855957,
        1.9220000505447388,
        1.9220000505447388,
        1.9220000505447388,
        1.9259999990463257,
        1.9259999990463257,
        1.9290000200271606,
        1.9290000200271606,
        1.9320000410079956,
        1.9320000410079956,
        1.934999942779541,
        1.2690000534057617,
        1.934999942779541,
        1.9390000104904175,
        1.9390000104904175,
        1.9390000104904175,
        1.9390000104904175,
        1.941999912261963,
        1.941999912261963,
        1.941999912261963,
        1.9449999332427979,
        1.9449999332427979,
        1.9449999332427979,
        2.8540000915527344,
        1.9480000734329224,
        1.9480000734329224,
        1.9519999027252197,
        1.9519999027252197,
        1.2860000133514404,
        1.9550000429153442,
        1.9550000429153442,
        1.9550000429153442,
        3.0320000648498535,
        1.9580000638961792,
        1.9580000638961792,
        3.116999864578247,
        1.9620000123977661,
        1.9620000123977661,
        3.42900013923645,
        1.965000033378601,
        1.965000033378601,
        1.965000033378601,
        1.9679999351501465,
        1.9679999351501465,
        1.9679999351501465,
        1.9709999561309814,
        1.9709999561309814,
        8.34999942779541,
        1.975000023841858,
        1.975000023841858,
        3.05400013923645,
        3.134000062942505,
        1.9779999256134033,
        1.9779999256134033,
        1.9809999465942383,
        1.9809999465942383,
        1.9809999465942383,
        1.9840000867843628,
        1.9840000867843628,
        3.4189999103546143,
        1.5260000228881836
    ],
    "Generations needed": 44,
    "Population 1": 209.6699981689453,
    "Population 10": 1736.5699462890625,
    "Population 11": 2314.719970703125,
    "Population 12": 2455.125,
    "Population 13": 2639.97998046875,
    "Population 14": 2588.97998046875,
    "Population 15": 3179.669921875,
    "Population 16": 3129.905029296875,
    "Population 17": 3210.235107421875,
    "Population 18": 3262.77001953125,
    "Population 19": 3313.125,
    "Population 2": 855.1799926757813,
    "Population 20": 3269.485107421875,
    "Population 21": 3370.074951171875,
    "Population 22": 3334.074951171875,
    "Population 23": 3318.2099609375,
    "Population 24": 3419.080078125,
    "Population 25": 3253.8798828125,
    "Population 26": 3272.385009765625,
    "Population 27": 3271.43505859375,
    "Population 28": 3291.64501953125,
    "Population 29": 3360.385009765625,
    "Population 3": 858.7949829101563,
    "Population 30": 3300.125,
    "Population 31": 3336.294921875,
    "Population 32": 3604.965087890625,
    "Population 33": 3486.7099609375,
    "Population 34": 4007.135009765625,
    "Population 35": 4090.97998046875,
    "Population 36": 4126.97998046875,
    "Population 37": 3881.39990234375,
    "Population 38": 3833.010009765625,
    "Population 39": 4027.330078125,
    "Population 4": 858.7650146484375,
    "Population 40": 3885.699951171875,
    "Population 41": 3734.239990234375,
    "Population 42": 4007.510009765625,
    "Population 43": 3644.655029296875,
    "Population 5": 858.8250122070313,
    "Population 6": 1380.864990234375,
    "Population 7": 1463.2900390625,
    "Population 8": 1699.8800048828125,
    "Population 9": 1761.9449462890625,
    "start": "today"
}
