{
    "Champ at 1": 887.0,
    "Champ at 10": 3959.0,
    "Champ at 11": 3959.0,
    "Champ at 12": 4925.0,
    "Champ at 13": 4983.0,
    "Champ at 14": 4983.0,
    "Champ at 15": 4983.0,
    "Champ at 16": 5125.0,
    "Champ at 2": 887.0,
    "Champ at 3": 1245.0,
    "Champ at 4": 1538.0,
    "Champ at 5": 1911.0,
    "Champ at 6": 2283.0,
    "Champ at 7": 2738.0,
    "Champ at 8": 3762.0,
    "Champ at 9": 3959.0,
    "ChampFitness": 5125.0,
    "ChampInputs": [
        1.8799998760223389,
        1.8840000629425049,
        1.8840000629425049,
        1.8870000839233398,
        1.8870000839233398,
        1.8899999856948853,
        0.42500001192092896,
        1.8930000066757202,
        1.8930000066757202,
        2.325000047683716,
        0.777999997138977,
        1.899999976158142,
        1.899999976158142,
        1.902999997138977,
        1.902999997138977,
        1.906999945640564,
        1.906999945640564,
        0.6740000247955322,
        1.909999966621399,
        1.9130001068115234,
        1.1180000305175781,
        1.9159998893737793,
        1.9159998893737793,
        1.9200000762939453,
        1.9200000762939453,
        1.9230000972747803,
        1.9230000972747803,
        1.1269999742507935,
        1.9259999990463257,
        0.7980000376701355,
        1.9290000200271606,
        1.9329999685287476,
        1.9329999685287476,
        1.9329999685287476,
        1.9359999895095825,
        1.4749999046325684,
        1.9390000104904175,
        1.3020000457763672,
        1.941999912261963,
        1.941999912261963,
        1.9459999799728394,
        0.08799999952316284,
        1.9490001201629639,
        1.9490001201629639,
        1.9519999027252197,
        1.9519999027252197,
        1.9560000896453857,
        0.6069999933242798,
        1.9589998722076416,
        1.9589998722076416,
        1.9620000123977661,
        0.7100000381469727,
        0.4710000157356262,
        0.9210000038146973,
        1.965000033378601,
        1.968999981880188,
        1.968999981880188,
        0.47699999809265137,
        1.972000002861023,
        1.972000002861023,
        1.975000023841858,
        1.975000023841858,
        1.503999948501587,
        1.9779999256134033,
        1.9819999933242798,
        1.9819999933242798,
        1.9819999933242798,
        1.9850001335144043,
        1.9850001335144043,
        1.9879999160766602,
        1.9879999160766602,
        1.9910000562667847,
        1.9910000562667847,
        1.994999885559082,
        1.994999885559082,
        1.994999885559082,
        1.9980000257492065,
        1.9980000257492065,
        2.000999927520752,
        2.000999927520752,
        2.004999876022339,
        2.004999876022339,
        2.007999897003174,
        2.007999897003174,
        2.011000156402588,
        2.011000156402588,
        2.0139999389648438,
        2.0139999389648438,
        2.0180001258850098,
        2.0180001258850098,
        2.0209999084472656,
        1.3580000400543213,
        2.0209999084472656,
        2.0239999294281006,
        2.0239999294281006,
        2.0269999504089355,
        2.0269999504089355,
        1.2089999914169312,
        1.5399999618530273,
        2.0339999198913574
    ],
    "Generations needed": 17,
    "Population 1": 210.73500061035156,
    "Population 10": 3255.27490234375,
    "Population 11": 3250.68994140625,
    "Population 12": 3137.760009765625,
    "Population 13": 3898.6201171875,
    "Population 14": 3692.695068359375,
    "Population 15": 3853.844970703125,
    "Population 16": 4099.93994140625,
    "Population 2": 849.97998046875,
    "Population 3": 858.2849731445313,
    "Population 4": 1194.239990234375,
    "Population 5": 1464.6400146484375,
    "Population 6": 1768.875,
    "Population 7": 2069.06005859375,
    "Population 8": 2324.544921875,
    "Population 9": 3153.02001953125,
    "start": "today"
}
