{
    "Champ at 1": 887.0,
    "Champ at 10": 3303.0,
    "Champ at 11": 4353.0,
    "Champ at 12": 4356.0,
    "Champ at 13": 4610.0,
    "Champ at 14": 4695.0,
    "Champ at 15": 4695.0,
    "Champ at 16": 4786.0,
    "Champ at 17": 5153.0,
    "Champ at 2": 1249.0,
    "Champ at 3": 1714.0,
    "Champ at 4": 1714.0,
    "Champ at 5": 1849.0,
    "Champ at 6": 1911.0,
    "Champ at 7": 2295.0,
    "Champ at 8": 2868.0,
    "Champ at 9": 2935.0,
    "ChampFitness": 5153.0,
    "ChampInputs": [
        1.8700001239776611,
        1.872999906539917,
        1.872999906539917,
        1.8760000467300415,
        1.8799998760223389,
        1.8799998760223389,
        2.500999927520752,
        1.8830000162124634,
        1.8830000162124634,
        1.128999948501587,
        1.8860000371932983,
        1.8899999856948853,
        1.8899999856948853,
        1.8930000066757202,
        0.17599999904632568,
        1.8930000066757202,
        2.811000108718872,
        2.488999843597412,
        1.8989999294281006,
        1.8989999294281006,
        1.902999997138977,
        1.902999997138977,
        1.902999997138977,
        1.968999981880188,
        2.2109999656677246,
        0.5540000200271606,
        1.9089999198913574,
        1.0210000276565552,
        1.912000060081482,
        1.9159998893737793,
        1.9159998893737793,
        1.9159998893737793,
        1.9190000295639038,
        1.9190000295639038,
        1.9220000505447388,
        1.031000018119812,
        1.9249999523162842,
        1.9249999523162842,
        1.9760000705718994,
        2.700000047683716,
        1.9290000200271606,
        1.7339999675750732,
        1.7369999885559082,
        1.934999942779541,
        1.1649999618530273,
        1.9390000104904175,
        1.9390000104904175,
        1.941999912261963,
        1.941999912261963,
        1.941999912261963,
        1.9449999332427979,
        1.9480000734329224,
        1.9480000734329224,
        1.9519999027252197,
        1.9519999027252197,
        1.9550000429153442,
        1.9550000429153442,
        1.9550000429153442,
        1.9580000638961792,
        2.8569998741149902,
        1.9609999656677246,
        1.9609999656677246,
        1.965000033378601,
        1.9679999351501465,
        1.9679999351501465,
        3.562000036239624,
        1.9709999561309814,
        1.9709999561309814,
        1.9739999771118164,
        1.9739999771118164,
        1.9779999256134033,
        1.9779999256134033,
        1.9809999465942383,
        1.9809999465942383,
        1.9840000867843628,
        1.9840000867843628,
        1.9840000867843628,
        1.9869999885559082,
        1.1029999256134033,
        1.9910000562667847,
        1.9910000562667847,
        1.99399995803833,
        1.2009999752044678,
        1.996999979019165,
        1.996999979019165,
        2.2699999809265137,
        2.000999927520752,
        3.5910000801086426,
        2.560999870300293,
        2.006999969482422,
        2.006999969482422,
        2.009999990463257,
        2.009999990463257,
        2.8990001678466797,
        2.0139999389648438,
        2.5859999656677246,
        2.0169999599456787,
        2.9120001792907715,
        2.0199999809265137,
        2.0199999809265137
    ],
    "Generations needed": 18,
    "Population 1": 214.56500244140625,
    "Population 10": 2517.3798828125,
    "Population 11": 2819.22509765625,
    "Population 12": 3434.445068359375,
    "Population 13": 3420.735107421875,
    "Population 14": 3693.530029296875,
    "Population 15": 3506.52490234375,
    "Population 16": 3500.949951171875,
    "Population 17": 3865.514892578125,
    "Population 2": 880.125,
    "Population 3": 1178.8349609375,
    "Population 4": 1609.6199951171875,
    "Population 5": 1613.56005859375,
    "Population 6": 1709.7650146484375,
    "Population 7": 1734.0550537109375,
    "Population 8": 2062.510009765625,
    "Population 9": 2571.909912109375,
    "start": "today"
}
