{
    "Champ at 1": 819.0,
    "Champ at 10": 2935.0,
    "Champ at 11": 3286.0,
    "Champ at 12": 3586.0,
    "Champ at 13": 3586.0,
    "Champ at 14": 4333.0,
    "Champ at 15": 4610.0,
    "Champ at 16": 4610.0,
    "Champ at 17": 4695.0,
    "Champ at 18": 4695.0,
    "Champ at 19": 4695.0,
    "Champ at 2": 1265.0,
    "Champ at 20": 4786.0,
    "Champ at 21": 4983.0,
    "Champ at 22": 4983.0,
    "Champ at 23": 5133.0,
    "Champ at 3": 1538.0,
    "Champ at 4": 1755.0,
    "Champ at 5": 1911.0,
    "Champ at 6": 2270.0,
    "Champ at 7": 2858.0,
    "Champ at 8": 2935.0,
    "Champ at 9": 2935.0,
    "ChampFitness": 5133.0,
    "ChampInputs": [
        1.8389999866485596,
        1.8389999866485596,
        1.8389999866485596,
        1.8420000076293945,
        1.8420000076293945,
        1.8420000076293945,
        3.0859999656677246,
        0.42100000381469727,
        1.8459999561309814,
        0.27399998903274536,
        1.8489999771118164,
        1.8489999771118164,
        1.8489999771118164,
        1.8519999980926514,
        2.3889999389648438,
        1.8519999980926514,
        1.8550000190734863,
        0.5820000171661377,
        1.8550000190734863,
        1.8589999675750732,
        3.3469998836517334,
        1.8589999675750732,
        1.8619999885559082,
        1.8619999885559082,
        1.8619999885559082,
        2.374000072479248,
        2.7900002002716064,
        1.8650000095367432,
        1.8650000095367432,
        2.4029998779296875,
        1.8690000772476196,
        1.8690000772476196,
        1.871999979019165,
        2.628999948501587,
        1.871999979019165,
        1.875,
        2.4549999237060547,
        1.875,
        0.31199997663497925,
        2.9820001125335693,
        1.222000002861023,
        1.8819999694824219,
        2.7320001125335693,
        1.8819999694824219,
        1.8849999904632568,
        1.8849999904632568,
        2.4639999866485596,
        1.8849999904632568,
        1.8880000114440918,
        2.3970000743865967,
        1.8880000114440918,
        1.8910000324249268,
        1.8910000324249268,
        0.32499998807907104,
        1.8949999809265137,
        2.427999973297119,
        1.8949999809265137,
        1.8980000019073486,
        1.8980000019073486,
        1.8980000019073486,
        1.9010000228881836,
        1.9010000228881836,
        1.9010000228881836,
        1.9010000228881836,
        1.9040000438690186,
        1.9040000438690186,
        1.9040000438690186,
        1.9079999923706055,
        1.9079999923706055,
        1.9079999923706055,
        1.9110000133514404,
        1.9110000133514404,
        1.9110000133514404,
        0.49300000071525574,
        2.447999954223633,
        1.9140000343322754,
        1.9179999828338623,
        1.9179999828338623,
        1.9179999828338623,
        2.6710000038146973,
        1.9210000038146973,
        1.9210000038146973,
        1.9210000038146973,
        1.9239999055862427,
        1.9239999055862427,
        1.9239999055862427,
        1.9270000457763672,
        1.9270000457763672,
        1.9270000457763672,
        0.3489999771118164,
        1.930999994277954,
        1.930999994277954,
        1.934000015258789,
        1.934000015258789,
        1.934000015258789,
        1.934000015258789,
        1.937000036239624,
        1.937000036239624,
        1.937000036239624,
        2.517000198364258
    ],
    "Generations needed": 24,
    "Population 1": 200.3800048828125,
    "Population 10": 2441.469970703125,
    "Population 11": 2543.449951171875,
    "Population 12": 2820.074951171875,
    "Population 13": 3086.235107421875,
    "Population 14": 2957.659912109375,
    "Population 15": 3540.820068359375,
    "Population 16": 3637.780029296875,
    "Population 17": 3733.669921875,
    "Population 18": 3583.284912109375,
    "Population 19": 3795.9599609375,
    "Population 2": 792.8900146484375,
    "Population 20": 3789.8798828125,
    "Population 21": 3865.385009765625,
    "Population 22": 3852.205078125,
    "Population 23": 3870.550048828125,
    "Population 3": 1183.47998046875,
    "Population 4": 1433.3699951171875,
    "Population 5": 1593.39501953125,
    "Population 6": 1789.52001953125,
    "Population 7": 2035.9549560546875,
    "Population 8": 2496.574951171875,
    "Population 9": 2558.43505859375,
    "start": "today"
}
