{
    "Champ at 1": 887.0,
    "Champ at 10": 2871.0,
    "Champ at 11": 2935.0,
    "Champ at 12": 2935.0,
    "Champ at 13": 2935.0,
    "Champ at 14": 2935.0,
    "Champ at 15": 2935.0,
    "Champ at 16": 2935.0,
    "Champ at 17": 2935.0,
    "Champ at 18": 3300.0,
    "Champ at 19": 3586.0,
    "Champ at 2": 887.0,
    "Champ at 20": 3586.0,
    "Champ at 21": 3959.0,
    "Champ at 22": 3959.0,
    "Champ at 23": 3959.0,
    "Champ at 24": 3959.0,
    "Champ at 25": 3959.0,
    "Champ at 26": 3959.0,
    "Champ at 27": 3959.0,
    "Champ at 28": 3959.0,
    "Champ at 29": 3959.0,
    "Champ at 3": 887.0,
    "Champ at 30": 4610.0,
    "Champ at 31": 4983.0,
    "Champ at 32": 5145.0,
    "Champ at 4": 1254.0,
    "Champ at 5": 1844.0,
    "Champ at 6": 1911.0,
    "Champ at 7": 2281.0,
    "Champ at 8": 2301.0,
    "Champ at 9": 2305.0,
    "ChampFitness": 5145.0,
    "ChampInputs": [
        1.8690000772476196,
        1.8690000772476196,
        1.8690000772476196,
        1.871999979019165,
        1.871999979019165,
        1.871999979019165,
        2.614000082015991,
        1.875,
        2.066999912261963,
        2.9190001487731934,
        1.878000020980835,
        1.878000020980835,
        1.878000020980835,
        1.8819999694824219,
        2.6419999599456787,
        1.9359999895095825,
        2.2220001220703125,
        2.4660000801086426,
        1.8849999904632568,
        1.8880000114440918,
        1.8880000114440918,
        0.28600001335144043,
        1.8910000324249268,
        0.4610000252723694,
        1.8910000324249268,
        2.6600000858306885,
        1.8949999809265137,
        2.2740001678466797,
        1.8949999809265137,
        2.0339999198913574,
        1.8980000019073486,
        1.8980000019073486,
        0.4710000157356262,
        1.9010000228881836,
        2.6429998874664307,
        1.90500009059906,
        1.90500009059906,
        1.90500009059906,
        1.9079999923706055,
        0.46399998664855957,
        1.9079999923706055,
        1.9110000133514404,
        2.957000255584717,
        1.9110000133514404,
        1.9110000133514404,
        1.9140000343322754,
        1.9140000343322754,
        1.9140000343322754,
        1.9179999828338623,
        1.9179999828338623,
        1.9179999828338623,
        2.687000036239624,
        1.9210000038146973,
        1.9210000038146973,
        1.9239999055862427,
        1.9239999055862427,
        1.9239999055862427,
        1.9270000457763672,
        1.9270000457763672,
        1.9270000457763672,
        1.930999994277954,
        1.930999994277954,
        1.930999994277954,
        1.930999994277954,
        1.934000015258789,
        1.934000015258789,
        1.934000015258789,
        1.937000036239624,
        1.937000036239624,
        1.937000036239624,
        1.940000057220459,
        1.940000057220459,
        2.5180001258850098,
        1.944000005722046,
        1.944000005722046,
        1.944000005722046,
        1.9470000267028809,
        0.5199999809265137,
        1.9470000267028809,
        2.5279998779296875,
        0.3409999907016754,
        1.9499999284744263,
        2.205000162124634,
        1.9539999961853027,
        1.9539999961853027,
        1.9539999961853027,
        1.9570000171661377,
        1.9570000171661377,
        1.9570000171661377,
        1.959999918937683,
        2.0920000076293945,
        2.5380001068115234,
        1.9630000591278076,
        1.9630000591278076,
        1.9630000591278076,
        1.9670000076293945,
        1.9670000076293945,
        1.9670000076293945,
        1.9670000076293945,
        1.9700000286102295
    ],
    "Generations needed": 33,
    "Population 1": 207.1699981689453,
    "Population 10": 2074.679931640625,
    "Population 11": 2463.5048828125,
    "Population 12": 2569.8349609375,
    "Population 13": 2534.64990234375,
    "Population 14": 2521.330078125,
    "Population 15": 2565.89501953125,
    "Population 16": 2600.77490234375,
    "Population 17": 2503.949951171875,
    "Population 18": 2548.0400390625,
    "Population 19": 2929.375,
    "Population 2": 835.2000122070313,
    "Population 20": 3238.114990234375,
    "Population 21": 3143.18994140625,
    "Population 22": 3239.294921875,
    "Population 23": 3418.2900390625,
    "Population 24": 3351.989990234375,
    "Population 25": 3356.1650390625,
    "Population 26": 3205.7900390625,
    "Population 27": 3321.465087890625,
    "Population 28": 3370.780029296875,
    "Population 29": 3332.659912109375,
    "Population 3": 851.125,
    "Population 30": 3346.679931640625,
    "Population 31": 3834.449951171875,
    "Population 32": 3818.340087890625,
    "Population 4": 877.1900024414063,
    "Population 5": 1210.9300537109375,
    "Population 6": 1706.0150146484375,
    "Population 7": 1781.4300537109375,
    "Population 8": 2123.125,
    "Population 9": 2042.7550048828125,
    "start": "today"
}
