{
    "Champ at 1": 826.0,
    "Champ at 10": 1911.0,
    "Champ at 11": 1911.0,
    "Champ at 12": 2562.0,
    "Champ at 13": 2562.0,
    "Champ at 14": 2562.0,
    "Champ at 15": 3301.0,
    "Champ at 16": 3586.0,
    "Champ at 17": 3959.0,
    "Champ at 18": 3959.0,
    "Champ at 19": 4695.0,
    "Champ at 2": 887.0,
    "Champ at 20": 4786.0,
    "Champ at 21": 4786.0,
    "Champ at 22": 4786.0,
    "Champ at 23": 4786.0,
    "Champ at 24": 4786.0,
    "Champ at 25": 5153.0,
    "Champ at 3": 887.0,
    "Champ at 4": 887.0,
    "Champ at 5": 1260.0,
    "Champ at 6": 1538.0,
    "Champ at 7": 1851.0,
    "Champ at 8": 1911.0,
    "Champ at 9": 1911.0,
    "ChampFitness": 5153.0,
    "ChampInputs": [
        1.8580000400543213,
        1.8610000610351563,
        1.8610000610351563,
        1.8610000610351563,
        0.07899999618530273,
        1.8639999628067017,
        1.8639999628067017,
        3.310999870300293,
        1.8669999837875366,
        1.8669999837875366,
        0.3790000081062317,
        1.8709999322891235,
        1.8709999322891235,
        1.8739999532699585,
        0.08900000154972076,
        1.8739999532699585,
        1.877000093460083,
        3.248000144958496,
        1.877000093460083,
        1.877000093460083,
        1.8809999227523804,
        1.8809999227523804,
        2.553999900817871,
        1.8840000629425049,
        1.8840000629425049,
        2.558000087738037,
        1.8870000839233398,
        0.6010000109672546,
        2.4630000591278076,
        1.8899999856948853,
        1.8899999856948853,
        1.8899999856948853,
        1.8940000534057617,
        1.8940000534057617,
        2.73799991607666,
        1.8940000534057617,
        3.2669999599456787,
        1.8970000743865967,
        1.1850000619888306,
        1.899999976158142,
        2.4760000705718994,
        1.562000036239624,
        0.40800002217292786,
        2.748000144958496,
        1.902999997138977,
        1.906999945640564,
        1.906999945640564,
        2.5799999237060547,
        1.909999966621399,
        1.909999966621399,
        1.909999966621399,
        1.9130001068115234,
        1.9130001068115234,
        1.9130001068115234,
        1.9130001068115234,
        1.9159998893737793,
        1.9159998893737793,
        1.9159998893737793,
        1.9200000762939453,
        0.6340000033378601,
        1.9200000762939453,
        1.9230000972747803,
        1.9230000972747803,
        1.9230000972747803,
        1.9259999990463257,
        0.4309999942779541,
        1.9259999990463257,
        1.9300000667572021,
        1.9300000667572021,
        1.9300000667572021,
        3.373000144958496,
        1.9329999685287476,
        1.9329999685287476,
        1.9329999685287476,
        1.9359999895095825,
        0.1469999998807907,
        1.9359999895095825,
        1.9390000104904175,
        1.9390000104904175,
        1.9390000104904175,
        1.9429999589920044,
        1.9429999589920044,
        1.9429999589920044,
        1.9459999799728394,
        1.9459999799728394,
        1.9459999799728394,
        2.802999973297119,
        1.9490001201629639,
        1.9490001201629639,
        1.9519999027252197,
        1.9519999027252197,
        1.9519999027252197,
        1.9560000896453857,
        1.9560000896453857,
        1.9560000896453857,
        1.9589998722076416,
        1.9589998722076416,
        1.9589998722076416,
        1.9620000123977661,
        1.9620000123977661
    ],
    "Generations needed": 26,
    "Population 1": 204.43499755859375,
    "Population 10": 1759.6650390625,
    "Population 11": 1820.510009765625,
    "Population 12": 1788.9449462890625,
    "Population 13": 2318.324951171875,
    "Population 14": 2205.5048828125,
    "Population 15": 2265.594970703125,
    "Population 16": 2732.405029296875,
    "Population 17": 3109.4150390625,
    "Population 18": 3204.340087890625,
    "Population 19": 3224.030029296875,
    "Population 2": 803.8200073242188,
    "Population 20": 3677.72509765625,
    "Population 21": 3584.514892578125,
    "Population 22": 3758.300048828125,
    "Population 23": 3723.175048828125,
    "Population 24": 3877.5849609375,
    "Population 25": 3684.570068359375,
    "Population 3": 859.0250244140625,
    "Population 4": 858.8900146484375,
    "Population 5": 847.3150024414063,
    "Population 6": 1221.2650146484375,
    "Population 7": 1424.5849609375,
    "Population 8": 1694.4200439453125,
    "Population 9": 1818.844970703125,
    "start": "today"
}
