{
    "Champ at 1": 887.0,
    "Champ at 10": 2287.0,
    "Champ at 11": 2647.0,
    "Champ at 12": 2647.0,
    "Champ at 13": 2738.0,
    "Champ at 14": 2875.0,
    "Champ at 15": 2935.0,
    "Champ at 16": 3326.0,
    "Champ at 17": 3900.0,
    "Champ at 18": 3959.0,
    "Champ at 19": 3959.0,
    "Champ at 2": 887.0,
    "Champ at 20": 4351.0,
    "Champ at 21": 4354.0,
    "Champ at 22": 4354.0,
    "Champ at 23": 4983.0,
    "Champ at 24": 5158.0,
    "Champ at 3": 887.0,
    "Champ at 4": 1263.0,
    "Champ at 5": 1283.0,
    "Champ at 6": 1844.0,
    "Champ at 7": 1911.0,
    "Champ at 8": 1911.0,
    "Champ at 9": 1911.0,
    "ChampFitness": 5158.0,
    "ChampInputs": [
        1.8700001239776611,
        1.8700001239776611,
        1.8700001239776611,
        1.872999906539917,
        1.872999906539917,
        1.872999906539917,
        3.0950000286102295,
        1.877000093460083,
        0.5410000085830688,
        1.8799998760223389,
        1.8799998760223389,
        1.8799998760223389,
        2.184000015258789,
        1.8830000162124634,
        1.8830000162124634,
        1.8860000371932983,
        0.7240000367164612,
        1.8860000371932983,
        0.7230000495910645,
        1.8899999856948853,
        1.8899999856948853,
        1.8899999856948853,
        1.8930000066757202,
        2.2190001010894775,
        1.7620000839233398,
        2.1670000553131104,
        0.6100000143051147,
        1.8960000276565552,
        2.809000015258789,
        1.8989999294281006,
        1.8989999294281006,
        1.902999997138977,
        1.902999997138977,
        1.902999997138977,
        3.0349998474121094,
        1.9059998989105225,
        1.9059998989105225,
        2.667999744415283,
        1.9089999198913574,
        0.04399999976158142,
        1.912000060081482,
        1.912000060081482,
        1.912000060081482,
        3.0450000762939453,
        1.9159998893737793,
        2.2160000801086426,
        1.9159998893737793,
        1.9190000295639038,
        1.9190000295639038,
        1.9190000295639038,
        1.9220000505447388,
        1.9220000505447388,
        1.9220000505447388,
        1.9259999990463257,
        1.9259999990463257,
        1.9259999990463257,
        1.9290000200271606,
        1.9290000200271606,
        1.9290000200271606,
        1.9320000410079956,
        1.9320000410079956,
        1.9320000410079956,
        1.9320000410079956,
        1.8009998798370361,
        1.934999942779541,
        1.934999942779541,
        1.9390000104904175,
        1.9390000104904175,
        1.9390000104904175,
        1.941999912261963,
        1.941999912261963,
        1.941999912261963,
        3.0739998817443848,
        1.9449999332427979,
        1.9449999332427979,
        1.9480000734329224,
        1.9480000734329224,
        1.9480000734329224,
        1.9480000734329224,
        1.9519999027252197,
        1.9519999027252197,
        1.9519999027252197,
        1.9550000429153442,
        1.9550000429153442,
        1.9550000429153442,
        1.9580000638961792,
        7.465000152587891,
        1.9580000638961792,
        1.9609999656677246,
        1.9609999656677246,
        1.9609999656677246,
        1.965000033378601,
        0.6230000257492065,
        1.965000033378601,
        1.9679999351501465,
        8.072000503540039,
        0.8539999723434448,
        8.076000213623047,
        1.9709999561309814,
        2.7950000762939453
    ],
    "Generations needed": 25,
    "Population 1": 209.17999267578125,
    "Population 10": 1759.0999755859375,
    "Population 11": 2057.054931640625,
    "Population 12": 2368.68994140625,
    "Population 13": 2353.155029296875,
    "Population 14": 2349.885009765625,
    "Population 15": 2465.360107421875,
    "Population 16": 2522.429931640625,
    "Population 17": 2816.830078125,
    "Population 18": 3388.2451171875,
    "Population 19": 3206.465087890625,
    "Population 2": 858.3800048828125,
    "Population 20": 3315.35009765625,
    "Population 21": 3443.47998046875,
    "Population 22": 3540.635009765625,
    "Population 23": 3650.344970703125,
    "Population 24": 3979.89990234375,
    "Population 3": 863.260009765625,
    "Population 4": 873.2150268554688,
    "Population 5": 1190.8599853515625,
    "Population 6": 1208.31005859375,
    "Population 7": 1694.2650146484375,
    "Population 8": 1831.02001953125,
    "Population 9": 1732.760009765625,
    "start": "today"
}
