{
    "Champ at 1": 690.0,
    "Champ at 10": 2306.0,
    "Champ at 11": 2306.0,
    "Champ at 12": 2423.0,
    "Champ at 13": 2647.0,
    "Champ at 14": 2738.0,
    "Champ at 15": 2873.0,
    "Champ at 16": 2935.0,
    "Champ at 17": 2935.0,
    "Champ at 18": 2935.0,
    "Champ at 19": 2935.0,
    "Champ at 2": 887.0,
    "Champ at 20": 2935.0,
    "Champ at 21": 3321.0,
    "Champ at 22": 3959.0,
    "Champ at 23": 4610.0,
    "Champ at 24": 4983.0,
    "Champ at 25": 4983.0,
    "Champ at 26": 4983.0,
    "Champ at 27": 4983.0,
    "Champ at 28": 5139.0,
    "Champ at 3": 1284.0,
    "Champ at 4": 1848.0,
    "Champ at 5": 1850.0,
    "Champ at 6": 1911.0,
    "Champ at 7": 1911.0,
    "Champ at 8": 2280.0,
    "Champ at 9": 2306.0,
    "ChampFitness": 5139.0,
    "ChampInputs": [
        1.7260000705718994,
        1.9220000505447388,
        1.9249999523162842,
        1.9249999523162842,
        1.9279999732971191,
        1.9279999732971191,
        2.202000141143799,
        0.8770000338554382,
        1.937999963760376,
        1.9410001039505005,
        1.9410001039505005,
        1.944000005722046,
        1.944000005722046,
        1.9730000495910645,
        1.9480000734329224,
        2.578000068664551,
        1.9509999752044678,
        1.6119999885559082,
        0.12999999523162842,
        0.8899999856948853,
        1.9570000171661377,
        1.9570000171661377,
        1.9570000171661377,
        1.9609999656677246,
        1.9609999656677246,
        2.684999942779541,
        2.5880000591278076,
        1.9670000076293945,
        1.9670000076293945,
        2.0959999561309814,
        1.9709999561309814,
        1.9709999561309814,
        1.9739999771118164,
        1.9739999771118164,
        0.972000002861023,
        1.9769999980926514,
        1.9769999980926514,
        1.9800000190734863,
        1.9800000190734863,
        1.9840000867843628,
        1.9840000867843628,
        1.9869999885559082,
        2.876000165939331,
        1.9900000095367432,
        1.6380000114440918,
        1.9900000095367432,
        1.9930000305175781,
        1.996999979019165,
        1.996999979019165,
        2.0,
        2.881999969482422,
        2.0,
        2.003000020980835,
        2.003000020980835,
        2.003000020980835,
        2.00600004196167,
        2.00600004196167,
        0.9950000047683716,
        2.009999990463257,
        2.009999990463257,
        2.013000011444092,
        2.013000011444092,
        0.9319999814033508,
        2.0160000324249268,
        2.0160000324249268,
        2.0199999809265137,
        2.0199999809265137,
        2.0199999809265137,
        2.0230000019073486,
        2.9049997329711914,
        2.0230000019073486,
        2.0260000228881836,
        2.0260000228881836,
        2.0290000438690186,
        2.0290000438690186,
        2.0329999923706055,
        2.6399998664855957,
        2.0360000133514404,
        2.0360000133514404,
        2.0390000343322754,
        2.0390000343322754,
        2.0420000553131104,
        2.0420000553131104,
        2.9179999828338623,
        5.567999839782715,
        2.0460000038146973,
        2.0460000038146973,
        2.0490000247955322,
        2.0490000247955322,
        2.052000045776367,
        2.052000045776367,
        2.052000045776367,
        4.835999965667725,
        2.055000066757202,
        2.059000015258789,
        2.059000015258789,
        2.059000015258789,
        1.8199999332427979,
        2.062000036239624,
        4.8420000076293945
    ],
    "Generations needed": 29,
    "Population 1": 192.08999633789063,
    "Population 10": 2074.080078125,
    "Population 11": 2051.544921875,
    "Population 12": 2035.344970703125,
    "Population 13": 2250.81494140625,
    "Population 14": 2421.72998046875,
    "Population 15": 2421.590087890625,
    "Population 16": 2445.635009765625,
    "Population 17": 2522.330078125,
    "Population 18": 2525.455078125,
    "Population 19": 2636.43994140625,
    "Population 2": 674.6300048828125,
    "Population 20": 2569.2548828125,
    "Population 21": 2624.715087890625,
    "Population 22": 2842.044921875,
    "Population 23": 3435.489990234375,
    "Population 24": 3698.179931640625,
    "Population 25": 4077.199951171875,
    "Population 26": 3815.02490234375,
    "Population 27": 4001.139892578125,
    "Population 28": 4007.054931640625,
    "Population 3": 864.780029296875,
    "Population 4": 1224.3349609375,
    "Population 5": 1725.8299560546875,
    "Population 6": 1732.0849609375,
    "Population 7": 1715.594970703125,
    "Population 8": 1771.8399658203125,
    "Population 9": 2074.75,
    "start": "today"
}
