{
    "Champ at 1": 887.0,
    "Champ at 10": 3762.0,
    "Champ at 11": 3901.0,
    "Champ at 12": 3959.0,
    "Champ at 13": 3959.0,
    "Champ at 14": 3959.0,
    "Champ at 15": 3959.0,
    "Champ at 16": 3959.0,
    "Champ at 17": 3959.0,
    "Champ at 18": 4323.0,
    "Champ at 19": 4983.0,
    "Champ at 2": 887.0,
    "Champ at 20": 4983.0,
    "Champ at 21": 5132.0,
    "Champ at 3": 887.0,
    "Champ at 4": 887.0,
    "Champ at 5": 1538.0,
    "Champ at 6": 1911.0,
    "Champ at 7": 2562.0,
    "Champ at 8": 2738.0,
    "Champ at 9": 2935.0,
    "ChampFitness": 5132.0,
    "ChampInputs": [
        1.8960000276565552,
        1.8960000276565552,
        1.8989999294281006,
        1.8989999294281006,
        1.8989999294281006,
        1.9019999504089355,
        3.125999927520752,
        1.9019999504089355,
        1.9059998989105225,
        1.9059998989105225,
        1.9059998989105225,
        2.328000068664551,
        1.9089999198913574,
        1.9089999198913574,
        1.912000060081482,
        1.3220000267028809,
        1.912000060081482,
        1.9149999618530273,
        1.9149999618530273,
        1.9149999618530273,
        0.753000020980835,
        1.4279999732971191,
        1.9190000295639038,
        1.9190000295639038,
        3.2820000648498535,
        1.9220000505447388,
        1.9220000505447388,
        1.9249999523162842,
        1.9249999523162842,
        1.9249999523162842,
        1.9279999732971191,
        0.18799999356269836,
        1.9279999732971191,
        2.504000186920166,
        2.934000015258789,
        1.9320000410079956,
        1.934999942779541,
        1.934999942779541,
        1.934999942779541,
        1.937999963760376,
        1.937999963760376,
        1.937999963760376,
        0.7590000629425049,
        1.941999912261963,
        1.941999912261963,
        1.941999912261963,
        7.3470001220703125,
        1.9449999332427979,
        1.9449999332427979,
        1.9480000734329224,
        1.9480000734329224,
        2.367000102996826,
        1.9509999752044678,
        1.4800000190734863,
        1.9509999752044678,
        2.5260000228881836,
        1.9550000429153442,
        1.9550000429153442,
        1.9580000638961792,
        2.5329999923706055,
        1.9580000638961792,
        1.9609999656677246,
        1.9609999656677246,
        1.9609999656677246,
        1.9609999656677246,
        1.9639999866485596,
        1.9639999866485596,
        1.9639999866485596,
        1.9679999351501465,
        1.9679999351501465,
        1.9679999351501465,
        1.9709999561309814,
        2.9730000495910645,
        0.8050000071525574,
        1.9739999771118164,
        1.9739999771118164,
        7.37999963760376,
        1.9769999980926514,
        1.9769999980926514,
        1.9769999980926514,
        1.9809999465942383,
        1.9809999465942383,
        1.528999924659729,
        1.5329999923706055,
        2.559000015258789,
        1.9840000867843628,
        2.986999988555908,
        1.9869999885559082,
        1.9869999885559082,
        1.9869999885559082,
        3.309000015258789,
        2.4029998779296875,
        2.992999792098999,
        1.99399995803833,
        1.99399995803833,
        1.99399995803833,
        1.996999979019165,
        1.996999979019165,
        1.996999979019165,
        2.0
    ],
    "Generations needed": 22,
    "Population 1": 191.52000427246094,
    "Population 10": 2584.219970703125,
    "Population 11": 3190.3701171875,
    "Population 12": 3219.0048828125,
    "Population 13": 3183.93994140625,
    "Population 14": 3314.81005859375,
    "Population 15": 3208.2900390625,
    "Population 16": 3413.264892578125,
    "Population 17": 3355.804931640625,
    "Population 18": 3259.324951171875,
    "Population 19": 3789.199951171875,
    "Population 2": 866.8200073242188,
    "Population 20": 4121.68017578125,
    "Population 21": 3916.7451171875,
    "Population 3": 856.510009765625,
    "Population 4": 846.5449829101563,
    "Population 5": 874.0750122070313,
    "Population 6": 1439.3699951171875,
    "Population 7": 1751.7449951171875,
    "Population 8": 2353.2548828125,
    "Population 9": 2520.514892578125,
    "start": "today"
}
