{
    "Champ at 1": 826.0,
    "Champ at 10": 1623.0,
    "Champ at 11": 1623.0,
    "Champ at 12": 1623.0,
    "Champ at 13": 1623.0,
    "Champ at 14": 1623.0,
    "Champ at 15": 1623.0,
    "Champ at 16": 1623.0,
    "Champ at 17": 1623.0,
    "Champ at 18": 1623.0,
    "Champ at 19": 1623.0,
    "Champ at 2": 887.0,
    "Champ at 20": 1714.0,
    "Champ at 21": 1835.0,
    "Champ at 22": 1911.0,
    "Champ at 23": 2275.0,
    "Champ at 24": 2306.0,
    "Champ at 25": 2306.0,
    "Champ at 26": 2306.0,
    "Champ at 27": 2309.0,
    "Champ at 28": 2738.0,
    "Champ at 29": 3586.0,
    "Champ at 3": 887.0,
    "Champ at 30": 3894.0,
    "Champ at 31": 3959.0,
    "Champ at 32": 3959.0,
    "Champ at 33": 3959.0,
    "Champ at 34": 3959.0,
    "Champ at 35": 3959.0,
    "Champ at 36": 4610.0,
    "Champ at 37": 4983.0,
    "Champ at 38": 4983.0,
    "Champ at 39": 5203.0,
    "Champ at 4": 887.0,
    "Champ at 5": 1269.0,
    "Champ at 6": 1538.0,
    "Champ at 7": 1623.0,
    "Champ at 8": 1623.0,
    "Champ at 9": 1623.0,
    "ChampFitness": 5203.0,
    "ChampInputs": [
        1.8510000705718994,
        1.8510000705718994,
        1.8550000190734863,
        1.8550000190734863,
        1.8580000400543213,
        1.8580000400543213,
        2.996999979019165,
        0.3050000071525574,
        1.8639999628067017,
        1.8680000305175781,
        1.8680000305175781,
        1.8680000305175781,
        0.7379999756813049,
        1.444000005722046,
        1.8739999532699585,
        1.8739999532699585,
        2.9260001182556152,
        2.552999973297119,
        1.8809999227523804,
        2.555999994277954,
        1.8840000629425049,
        1.8840000629425049,
        1.8870000839233398,
        1.8870000839233398,
        3.136000156402588,
        1.8899999856948853,
        1.8940000534057617,
        1.8940000534057617,
        2.135999917984009,
        1.8970000743865967,
        1.899999976158142,
        1.9040000438690186,
        2.633999824523926,
        0.6990000009536743,
        1.906999945640564,
        1.909999966621399,
        1.909999966621399,
        0.5600000023841858,
        1.9130001068115234,
        1.9169999361038208,
        1.9169999361038208,
        1.9200000762939453,
        2.5859999656677246,
        3.1050000190734863,
        5.073999881744385,
        1.9259999990463257,
        1.9259999990463257,
        1.9300000667572021,
        1.9300000667572021,
        1.9329999685287476,
        5.079999923706055,
        1.9359999895095825,
        1.4800000190734863,
        1.9390000104904175,
        1.9429999589920044,
        7.8329997062683105,
        1.9459999799728394,
        1.9459999799728394,
        1.9490001201629639,
        1.9490001201629639,
        1.9529999494552612,
        1.9560000896453857,
        1.9560000896453857,
        1.9589998722076416,
        1.9589998722076416,
        3.178999900817871,
        1.9660000801086426,
        1.9660000801086426,
        1.9660000801086426,
        7.859000205993652,
        1.968999981880188,
        1.972000002861023,
        1.972000002861023,
        2.615000009536743,
        1.975000023841858,
        1.975000023841858,
        1.9789999723434448,
        2.180999994277954,
        1.9819999933242798,
        1.9850001335144043,
        1.9850001335144043,
        3.1439998149871826,
        1.9879999160766602,
        1.9920001029968262,
        1.994999885559082,
        1.994999885559082,
        1.9980000257492065,
        1.9980000257492065,
        2.002000093460083,
        2.002000093460083,
        2.634999990463257,
        2.007999897003174,
        0.8160000443458557,
        2.011000156402588,
        2.011000156402588,
        2.0149998664855957,
        2.05400013923645,
        2.056999921798706,
        2.059999942779541,
        2.059999942779541
    ],
    "Generations needed": 40,
    "Population 1": 197.18499755859375,
    "Population 10": 1524.8800048828125,
    "Population 11": 1541.5,
    "Population 12": 1505.3800048828125,
    "Population 13": 1549.0799560546875,
    "Population 14": 1500.655029296875,
    "Population 15": 1473.9549560546875,
    "Population 16": 1486.9599609375,
    "Population 17": 1505.4150390625,
    "Population 18": 1512.1400146484375,
    "Population 19": 1498.114990234375,
    "Population 2": 798.1799926757813,
    "Population 20": 1531.4849853515625,
    "Population 21": 1585.6600341796875,
    "Population 22": 1722.5450439453125,
    "Population 23": 1704.1650390625,
    "Population 24": 2026.385009765625,
    "Population 25": 2119.75,
    "Population 26": 2031.4200439453125,
    "Population 27": 1997.6400146484375,
    "Population 28": 2122.3701171875,
    "Population 29": 2468.780029296875,
    "Population 3": 870.4199829101563,
    "Population 30": 3029.840087890625,
    "Population 31": 3255.094970703125,
    "Population 32": 3200.125,
    "Population 33": 3256.5048828125,
    "Population 34": 3397.485107421875,
    "Population 35": 3356.97998046875,
    "Population 36": 3325.219970703125,
    "Population 37": 3720.8349609375,
    "Population 38": 4093.614990234375,
    "Population 39": 3886.2900390625,
    "Population 4": 850.3400268554688,
    "Population 5": 862.6649780273438,
    "Population 6": 1216.6099853515625,
    "Population 7": 1430.625,
    "Population 8": 1545.8699951171875,
    "Population 9": 1491.5849609375,
    "start": "today"
}
