{
    "Champ at 1": 887.0,
    "Champ at 10": 1911.0,
    "Champ at 11": 1911.0,
    "Champ at 12": 1911.0,
    "Champ at 13": 1911.0,
    "Champ at 14": 1911.0,
    "Champ at 15": 1911.0,
    "Champ at 16": 1911.0,
    "Champ at 17": 2278.0,
    "Champ at 18": 2738.0,
    "Champ at 19": 2866.0,
    "Champ at 2": 887.0,
    "Champ at 20": 2876.0,
    "Champ at 21": 3148.0,
    "Champ at 22": 3586.0,
    "Champ at 23": 4334.0,
    "Champ at 24": 4471.0,
    "Champ at 25": 4983.0,
    "Champ at 26": 4983.0,
    "Champ at 27": 5133.0,
    "Champ at 3": 1252.0,
    "Champ at 4": 1538.0,
    "Champ at 5": 1851.0,
    "Champ at 6": 1911.0,
    "Champ at 7": 1911.0,
    "Champ at 8": 1911.0,
    "Champ at 9": 1911.0,
    "ChampFitness": 5133.0,
    "ChampInputs": [
        1.8819999694824219,
        1.8860000371932983,
        1.8860000371932983,
        1.8860000371932983,
        1.8889999389648438,
        1.8889999389648438,
        1.8889999389648438,
        1.2179999351501465,
        1.8919999599456787,
        1.8919999599456787,
        2.3299999237060547,
        1.8949999809265137,
        1.8949999809265137,
        1.8949999809265137,
        1.8989999294281006,
        2.6399998664855957,
        1.8989999294281006,
        3.187999963760376,
        0.16499999165534973,
        1.9019999504089355,
        1.90500009059906,
        1.4749999046325684,
        1.90500009059906,
        1.9079999923706055,
        2.73799991607666,
        1.9079999923706055,
        2.439000129699707,
        1.912000060081482,
        1.912000060081482,
        0.26499998569488525,
        1.9149999618530273,
        1.9149999618530273,
        0.2720000147819519,
        1.9179999828338623,
        0.5710000395774841,
        1.9210000038146973,
        1.9210000038146973,
        0.8270000219345093,
        1.9249999523162842,
        1.9249999523162842,
        2.0209999084472656,
        1.9249999523162842,
        1.9279999732971191,
        1.9279999732971191,
        2.7059998512268066,
        1.930999994277954,
        1.930999994277954,
        1.930999994277954,
        1.934999942779541,
        1.934999942779541,
        1.934999942779541,
        1.937999963760376,
        1.937999963760376,
        1.937999963760376,
        1.9410001039505005,
        1.9410001039505005,
        1.9410001039505005,
        1.944000005722046,
        1.944000005722046,
        1.944000005722046,
        1.944000005722046,
        1.9480000734329224,
        0.3050000071525574,
        1.9480000734329224,
        1.9509999752044678,
        0.21799999475479126,
        1.9509999752044678,
        1.9539999961853027,
        1.9539999961853027,
        1.9539999961853027,
        1.9570000171661377,
        1.9570000171661377,
        1.9570000171661377,
        1.9609999656677246,
        1.9609999656677246,
        1.9609999656677246,
        1.9639999866485596,
        1.9639999866485596,
        1.9639999866485596,
        1.9639999866485596,
        1.9670000076293945,
        2.059999942779541,
        1.9670000076293945,
        1.9700000286102295,
        1.9700000286102295,
        1.9700000286102295,
        1.9739999771118164,
        1.9739999771118164,
        1.9739999771118164,
        1.9769999980926514,
        1.9769999980926514,
        1.9769999980926514,
        1.9800000190734863,
        1.9800000190734863,
        1.9800000190734863,
        1.3029999732971191,
        1.9840000867843628,
        3.263000011444092,
        1.9840000867843628,
        1.9869999885559082
    ],
    "Generations needed": 28,
    "Population 1": 201.3350067138672,
    "Population 10": 1777.219970703125,
    "Population 11": 1780.5050048828125,
    "Population 12": 1802.0250244140625,
    "Population 13": 1764.5050048828125,
    "Population 14": 1772.2850341796875,
    "Population 15": 1773.06005859375,
    "Population 16": 1749.125,
    "Population 17": 1750.530029296875,
    "Population 18": 2043.81494140625,
    "Population 19": 2388.034912109375,
    "Population 2": 860.8150024414063,
    "Population 20": 2563.324951171875,
    "Population 21": 2537.27490234375,
    "Population 22": 2743.2548828125,
    "Population 23": 3025.7548828125,
    "Population 24": 3389.85498046875,
    "Population 25": 3564.489990234375,
    "Population 26": 3737.6650390625,
    "Population 27": 3922.5400390625,
    "Population 3": 856.39501953125,
    "Population 4": 1188.239990234375,
    "Population 5": 1465.4549560546875,
    "Population 6": 1725.6199951171875,
    "Population 7": 1821.5699462890625,
    "Population 8": 1767.050048828125,
    "Population 9": 1719.2049560546875,
    "start": "today"
}
