{
    "Champ at 1": 887.0,
    "Champ at 10": 2878.0,
    "Champ at 11": 2935.0,
    "Champ at 12": 3325.0,
    "Champ at 13": 3330.0,
    "Champ at 14": 3330.0,
    "Champ at 15": 3959.0,
    "Champ at 16": 3959.0,
    "Champ at 17": 3959.0,
    "Champ at 18": 3959.0,
    "Champ at 19": 3959.0,
    "Champ at 2": 1538.0,
    "Champ at 20": 4471.0,
    "Champ at 21": 4695.0,
    "Champ at 22": 4695.0,
    "Champ at 23": 4695.0,
    "Champ at 24": 4695.0,
    "Champ at 25": 4786.0,
    "Champ at 26": 4927.0,
    "Champ at 27": 4983.0,
    "Champ at 28": 4983.0,
    "Champ at 29": 4983.0,
    "Champ at 3": 1854.0,
    "Champ at 30": 5169.0,
    "Champ at 4": 1911.0,
    "Champ at 5": 1911.0,
    "Champ at 6": 1911.0,
    "Champ at 7": 1911.0,
    "Champ at 8": 1911.0,
    "Champ at 9": 2562.0,
    "ChampFitness": 5169.0,
    "ChampInputs": [
        1.8809999227523804,
        1.8849999904632568,
        1.8880000114440918,
        1.8880000114440918,
        1.8910000324249268,
        1.8910000324249268,
        3.052999973297119,
        1.8940000534057617,
        1.8940000534057617,
        0.4610000252723694,
        1.8980000019073486,
        1.9010000228881836,
        1.9010000228881836,
        1.965000033378601,
        1.9040000438690186,
        3.1740000247955322,
        1.906999945640564,
        1.906999945640564,
        0.3620000183582306,
        1.9110000133514404,
        1.9140000343322754,
        0.0949999988079071,
        1.9169999361038208,
        1.9169999361038208,
        1.9169999361038208,
        1.9789999723434448,
        0.8420000076293945,
        1.9239999055862427,
        1.9239999055862427,
        2.7139999866485596,
        1.9270000457763672,
        1.9300000667572021,
        1.9300000667572021,
        1.934000015258789,
        0.4950000047683716,
        1.937000036239624,
        1.937000036239624,
        0.38100001215934753,
        3.0989999771118164,
        1.4240000247955322,
        1.9429999589920044,
        1.9429999589920044,
        1.6570000648498535,
        1.9470000267028809,
        3.3919999599456787,
        1.9499999284744263,
        1.9529999494552612,
        1.9529999494552612,
        0.1379999965429306,
        1.959999918937683,
        1.9630000591278076,
        1.9630000591278076,
        1.9660000801086426,
        1.9660000801086426,
        1.9660000801086426,
        0.18700000643730164,
        1.968999981880188,
        1.9730000495910645,
        1.9730000495910645,
        1.9730000495910645,
        1.6769999265670776,
        3.1349997520446777,
        1.9760000705718994,
        1.9789999723434448,
        1.9789999723434448,
        1.9789999723434448,
        1.9830000400543213,
        1.9830000400543213,
        1.9859999418258667,
        0.8840000033378601,
        1.9859999418258667,
        1.9889999628067017,
        1.9889999628067017,
        1.9920001029968262,
        1.9920001029968262,
        0.41999998688697815,
        1.9959999322891235,
        0.20999999344348907,
        1.999000072479248,
        1.999000072479248,
        2.002000093460083,
        2.002000093460083,
        2.004999876022339,
        2.004999876022339,
        0.8969999551773071,
        2.009000062942505,
        0.5759999752044678,
        2.0119998455047607,
        2.0149998664855957,
        2.0149998664855957,
        0.5830000042915344,
        2.0180001258850098,
        2.0219998359680176,
        6.8949995040893555,
        2.0250000953674316,
        3.440999984741211,
        2.0280001163482666,
        2.0280001163482666,
        2.0280001163482666,
        2.0320000648498535
    ],
    "Generations needed": 31,
    "Population 1": 200.67999267578125,
    "Population 10": 2291.610107421875,
    "Population 11": 2571.114990234375,
    "Population 12": 2563.919921875,
    "Population 13": 2809.2099609375,
    "Population 14": 2740.6201171875,
    "Population 15": 2777.919921875,
    "Population 16": 3367.324951171875,
    "Population 17": 3145.52490234375,
    "Population 18": 3334.14501953125,
    "Population 19": 3182.820068359375,
    "Population 2": 861.1400146484375,
    "Population 20": 3390.47998046875,
    "Population 21": 3554.945068359375,
    "Population 22": 3768.22509765625,
    "Population 23": 3800.635009765625,
    "Population 24": 3725.409912109375,
    "Population 25": 3818.4951171875,
    "Population 26": 3774.570068359375,
    "Population 27": 3857.489990234375,
    "Population 28": 3830.199951171875,
    "Population 29": 3750.094970703125,
    "Population 3": 1476.6400146484375,
    "Population 30": 3825.3798828125,
    "Population 4": 1708.4599609375,
    "Population 5": 1785.6400146484375,
    "Population 6": 1760.1650390625,
    "Population 7": 1731.8199462890625,
    "Population 8": 1735.219970703125,
    "Population 9": 1760.8599853515625,
    "start": "today"
}
