{
    "Champ at 1": 887.0,
    "Champ at 10": 3959.0,
    "Champ at 11": 3959.0,
    "Champ at 12": 4323.0,
    "Champ at 13": 4915.0,
    "Champ at 14": 4915.0,
    "Champ at 15": 4983.0,
    "Champ at 16": 4983.0,
    "Champ at 17": 5158.0,
    "Champ at 2": 887.0,
    "Champ at 3": 887.0,
    "Champ at 4": 1247.0,
    "Champ at 5": 1538.0,
    "Champ at 6": 1911.0,
    "Champ at 7": 2738.0,
    "Champ at 8": 2877.0,
    "Champ at 9": 3309.0,
    "ChampFitness": 5158.0,
    "ChampInputs": [
        1.8760000467300415,
        1.8790000677108765,
        1.8790000677108765,
        1.8790000677108765,
        1.8790000677108765,
        1.8819999694824219,
        0.562999963760376,
        1.8819999694824219,
        0.7769999504089355,
        1.8860000371932983,
        2.3959999084472656,
        1.8889999389648438,
        1.8889999389648438,
        1.8919999599456787,
        1.8919999599456787,
        1.8919999599456787,
        1.8949999809265137,
        1.0109999179840088,
        1.8949999809265137,
        1.0149999856948853,
        1.8989999294281006,
        1.9019999504089355,
        1.9019999504089355,
        1.9019999504089355,
        1.90500009059906,
        1.5839999914169312,
        2.7309999465942383,
        0.3059999942779541,
        1.9079999923706055,
        0.3089999854564667,
        1.912000060081482,
        1.912000060081482,
        2.4160001277923584,
        1.9149999618530273,
        1.9149999618530273,
        1.9149999618530273,
        0.35899999737739563,
        1.9179999828338623,
        0.8270000219345093,
        1.9220000505447388,
        1.9220000505447388,
        1.9249999523162842,
        1.9249999523162842,
        1.9249999523162842,
        1.9249999523162842,
        1.9279999732971191,
        2.667999744415283,
        1.0410000085830688,
        1.6069998741149902,
        1.930999994277954,
        1.934999942779541,
        1.934999942779541,
        1.934999942779541,
        1.934999942779541,
        1.937999963760376,
        1.937999963760376,
        1.937999963760376,
        1.9410001039505005,
        1.9410001039505005,
        1.9410001039505005,
        1.944000005722046,
        1.944000005722046,
        1.944000005722046,
        1.9480000734329224,
        0.34200000762939453,
        1.9480000734329224,
        1.9509999752044678,
        1.9509999752044678,
        1.9539999961853027,
        1.9539999961853027,
        1.9539999961853027,
        1.9570000171661377,
        1.9570000171661377,
        1.9570000171661377,
        0.6740000247955322,
        1.9609999656677246,
        1.9609999656677246,
        1.9639999866485596,
        0.39800000190734863,
        1.9639999866485596,
        1.9670000076293945,
        1.9670000076293945,
        1.9670000076293945,
        1.9709999561309814,
        1.9709999561309814,
        1.9739999771118164,
        1.9739999771118164,
        1.9769999980926514,
        1.9769999980926514,
        1.9800000190734863,
        1.9800000190734863,
        1.9800000190734863,
        1.9840000867843628,
        1.9840000867843628,
        1.9840000867843628,
        2.7960000038146973,
        1.9869999885559082,
        1.9869999885559082,
        8.382999420166016,
        1.9900000095367432
    ],
    "Generations needed": 18,
    "Population 1": 204.2899932861328,
    "Population 10": 2864.4599609375,
    "Population 11": 3142.324951171875,
    "Population 12": 3156.199951171875,
    "Population 13": 3496.195068359375,
    "Population 14": 3781.3349609375,
    "Population 15": 3861.705078125,
    "Population 16": 3849.010009765625,
    "Population 17": 3946.3798828125,
    "Population 2": 842.85498046875,
    "Population 3": 863.5999755859375,
    "Population 4": 866.8099975585938,
    "Population 5": 1193.4200439453125,
    "Population 6": 1443.0999755859375,
    "Population 7": 1718.4549560546875,
    "Population 8": 2413.889892578125,
    "Population 9": 2475.304931640625,
    "start": "today"
}
