{
    "Champ at 1": 805.0,
    "Champ at 10": 887.0,
    "Champ at 11": 887.0,
    "Champ at 12": 887.0,
    "Champ at 13": 887.0,
    "Champ at 14": 887.0,
    "Champ at 15": 1282.0,
    "Champ at 16": 1911.0,
    "Champ at 17": 1911.0,
    "Champ at 18": 1911.0,
    "Champ at 19": 1911.0,
    "Champ at 2": 887.0,
    "Champ at 20": 1911.0,
    "Champ at 21": 1911.0,
    "Champ at 22": 2297.0,
    "Champ at 23": 2873.0,
    "Champ at 24": 2935.0,
    "Champ at 25": 2935.0,
    "Champ at 26": 3333.0,
    "Champ at 27": 3533.0,
    "Champ at 28": 3883.0,
    "Champ at 29": 3959.0,
    "Champ at 3": 887.0,
    "Champ at 30": 3959.0,
    "Champ at 31": 3959.0,
    "Champ at 32": 3959.0,
    "Champ at 33": 3959.0,
    "Champ at 34": 3959.0,
    "Champ at 35": 3959.0,
    "Champ at 36": 3959.0,
    "Champ at 37": 3959.0,
    "Champ at 38": 4330.0,
    "Champ at 39": 4825.0,
    "Champ at 4": 887.0,
    "Champ at 40": 4983.0,
    "Champ at 41": 5122.0,
    "Champ at 5": 887.0,
    "Champ at 6": 887.0,
    "Champ at 7": 887.0,
    "Champ at 8": 887.0,
    "Champ at 9": 887.0,
    "ChampFitness": 5122.0,
    "ChampInputs": [
        1.8000000715255737,
        1.8029999732971191,
        1.8029999732971191,
        1.8029999732971191,
        1.8029999732971191,
        1.8070000410079956,
        3.680999755859375,
        1.8070000410079956,
        1.809999942779541,
        1.1050000190734863,
        1.809999942779541,
        1.812999963760376,
        1.8480000495910645,
        1.812999963760376,
        1.815999984741211,
        1.815999984741211,
        1.2089999914169312,
        1.8199999332427979,
        1.8199999332427979,
        2.892000198364258,
        1.8229999542236328,
        1.9529999494552612,
        1.8229999542236328,
        1.8229999542236328,
        1.8260000944137573,
        1.3930000066757202,
        1.8260000944137573,
        0.562999963760376,
        1.8289999961853027,
        1.8289999961853027,
        1.8330000638961792,
        1.8330000638961792,
        1.8330000638961792,
        1.8359999656677246,
        3.109999895095825,
        1.8359999656677246,
        1.8389999866485596,
        2.694000005722046,
        1.8389999866485596,
        1.8389999866485596,
        1.8420000076293945,
        0.28999999165534973,
        0.2930000126361847,
        1.8459999561309814,
        2.4850001335144043,
        1.8459999561309814,
        1.8489999771118164,
        1.8489999771118164,
        1.8489999771118164,
        1.8519999980926514,
        1.9789999723434448,
        1.8519999980926514,
        1.8559999465942383,
        1.8559999465942383,
        1.8559999465942383,
        2.495000123977661,
        1.8589999675750732,
        3.129999876022339,
        1.8589999675750732,
        1.8619999885559082,
        1.9889999628067017,
        1.8619999885559082,
        1.8650000095367432,
        1.8650000095367432,
        1.8650000095367432,
        1.9959999322891235,
        1.8690000772476196,
        1.8690000772476196,
        1.871999979019165,
        1.871999979019165,
        1.871999979019165,
        1.871999979019165,
        5.109999656677246,
        1.875,
        1.875,
        1.878000020980835,
        1.878000020980835,
        1.878000020980835,
        1.4779999256134033,
        1.8819999694824219,
        1.8819999694824219,
        1.8849999904632568,
        1.8849999904632568,
        1.8849999904632568,
        1.8880000114440918,
        1.8880000114440918,
        0.6190000176429749,
        1.8880000114440918,
        1.8910000324249268,
        1.500999927520752,
        1.8910000324249268,
        1.8949999809265137,
        1.8949999809265137,
        1.8949999809265137,
        1.8980000019073486,
        1.8980000019073486,
        3.1690001487731934,
        1.9010000228881836,
        1.9010000228881836,
        1.9010000228881836
    ],
    "Generations needed": 42,
    "Population 1": 199.5050048828125,
    "Population 10": 860.4349975585938,
    "Population 11": 850.594970703125,
    "Population 12": 869.4299926757813,
    "Population 13": 874.7949829101563,
    "Population 14": 869.8099975585938,
    "Population 15": 826.8699951171875,
    "Population 16": 1195.114990234375,
    "Population 17": 1751.31005859375,
    "Population 18": 1749.469970703125,
    "Population 19": 1773.7950439453125,
    "Population 2": 780.77001953125,
    "Population 20": 1772.4300537109375,
    "Population 21": 1728.7900390625,
    "Population 22": 1747.6400146484375,
    "Population 23": 2087.719970703125,
    "Population 24": 2473.594970703125,
    "Population 25": 2490.85009765625,
    "Population 26": 2684.094970703125,
    "Population 27": 2873.429931640625,
    "Population 28": 3055.989990234375,
    "Population 29": 3273.635009765625,
    "Population 3": 859.3150024414063,
    "Population 30": 3371.284912109375,
    "Population 31": 3436.320068359375,
    "Population 32": 3338.93505859375,
    "Population 33": 3380.0,
    "Population 34": 3469.60009765625,
    "Population 35": 3326.169921875,
    "Population 36": 3288.419921875,
    "Population 37": 3307.72998046875,
    "Population 38": 3313.679931640625,
    "Population 39": 3504.89501953125,
    "Population 4": 857.3300170898438,
    "Population 40": 3878.64990234375,
    "Population 41": 3907.0400390625,
    "Population 5": 849.9149780273438,
    "Population 6": 855.4299926757813,
    "Population 7": 861.4500122070313,
    "Population 8": 852.5050048828125,
    "Population 9": 863.5,
    "start": "today"
}
