{
    "Champ at 1": 805.0,
    "Champ at 10": 1911.0,
    "Champ at 11": 2297.0,
    "Champ at 12": 2308.0,
    "Champ at 13": 2562.0,
    "Champ at 14": 2861.0,
    "Champ at 15": 3312.0,
    "Champ at 16": 3895.0,
    "Champ at 17": 3898.0,
    "Champ at 18": 3959.0,
    "Champ at 19": 3959.0,
    "Champ at 2": 887.0,
    "Champ at 20": 3959.0,
    "Champ at 21": 4610.0,
    "Champ at 22": 4917.0,
    "Champ at 23": 4983.0,
    "Champ at 24": 4983.0,
    "Champ at 25": 4983.0,
    "Champ at 26": 4983.0,
    "Champ at 27": 4983.0,
    "Champ at 28": 4983.0,
    "Champ at 29": 4983.0,
    "Champ at 3": 1280.0,
    "Champ at 30": 5155.0,
    "Champ at 4": 1538.0,
    "Champ at 5": 1911.0,
    "Champ at 6": 1911.0,
    "Champ at 7": 1911.0,
    "Champ at 8": 1911.0,
    "Champ at 9": 1911.0,
    "ChampFitness": 5155.0,
    "ChampInputs": [
        1.8000000715255737,
        2.2639999389648438,
        1.8040000200271606,
        1.8040000200271606,
        1.8070000410079956,
        1.8070000410079956,
        3.188999891281128,
        1.809999942779541,
        1.809999942779541,
        2.257999897003174,
        1.812999963760376,
        0.746999979019165,
        1.812999963760376,
        1.812999963760376,
        1.8170000314712524,
        1.8170000314712524,
        1.121999979019165,
        1.8199999332427979,
        0.3540000021457672,
        2.378000020980835,
        2.0169999599456787,
        1.8229999542236328,
        1.8229999542236328,
        1.8260000944137573,
        1.8260000944137573,
        3.2019999027252197,
        1.8260000944137573,
        1.8299999237060547,
        1.1420000791549683,
        1.8299999237060547,
        1.8330000638961792,
        1.8330000638961792,
        1.8330000638961792,
        1.8359999656677246,
        2.632000207901001,
        1.8359999656677246,
        2.634999990463257,
        1.840000033378601,
        1.840000033378601,
        2.236999988555908,
        1.843000054359436,
        1.843000054359436,
        3.318000078201294,
        1.8459999561309814,
        1.8459999561309814,
        1.8459999561309814,
        1.8489999771118164,
        1.8489999771118164,
        1.8489999771118164,
        1.8529999256134033,
        1.8529999256134033,
        1.8529999256134033,
        1.8559999465942383,
        1.8559999465942383,
        1.8559999465942383,
        1.8559999465942383,
        1.8589999675750732,
        1.8589999675750732,
        1.8589999675750732,
        1.8619999885559082,
        1.8619999885559082,
        3.240999937057495,
        1.8659999370574951,
        1.8659999370574951,
        1.8659999370574951,
        1.8659999370574951,
        1.8690000772476196,
        1.8690000772476196,
        1.8690000772476196,
        1.871999979019165,
        2.427000045776367,
        1.871999979019165,
        1.875,
        1.875,
        1.875,
        1.8790000677108765,
        1.1770000457763672,
        1.8790000677108765,
        0.4740000069141388,
        1.8819999694824219,
        0.812000036239624,
        1.8819999694824219,
        0.8160000443458557,
        1.8849999904632568,
        1.194000005722046,
        1.8880000114440918,
        1.8880000114440918,
        3.292999744415283,
        0.8219999670982361,
        2.312000036239624,
        1.8919999599456787,
        1.8919999599456787,
        1.8949999809265137,
        1.8949999809265137,
        2.690000057220459,
        1.8980000019073486,
        2.3559999465942383,
        1.8980000019073486,
        1.9019999504089355,
        1.9019999504089355
    ],
    "Generations needed": 31,
    "Population 1": 205.15499877929688,
    "Population 10": 1803.9449462890625,
    "Population 11": 1752.0849609375,
    "Population 12": 2048.364990234375,
    "Population 13": 2053.570068359375,
    "Population 14": 2295.39501953125,
    "Population 15": 2587.679931640625,
    "Population 16": 2849.469970703125,
    "Population 17": 3399.64990234375,
    "Population 18": 3285.39990234375,
    "Population 19": 3244.3701171875,
    "Population 2": 775.3499755859375,
    "Population 20": 3228.2900390625,
    "Population 21": 3295.074951171875,
    "Population 22": 3652.9951171875,
    "Population 23": 3906.68994140625,
    "Population 24": 3834.93994140625,
    "Population 25": 3875.860107421875,
    "Population 26": 3917.625,
    "Population 27": 4127.18505859375,
    "Population 28": 3977.7451171875,
    "Population 29": 3802.445068359375,
    "Population 3": 871.25,
    "Population 30": 3974.610107421875,
    "Population 4": 1203.4649658203125,
    "Population 5": 1453.3399658203125,
    "Population 6": 1753.3050537109375,
    "Population 7": 1770.3699951171875,
    "Population 8": 1806.3399658203125,
    "Population 9": 1750.14501953125,
    "start": "today"
}
