{
    "Champ at 1": 887.0,
    "Champ at 10": 2935.0,
    "Champ at 11": 2935.0,
    "Champ at 12": 2935.0,
    "Champ at 13": 2935.0,
    "Champ at 14": 2935.0,
    "Champ at 15": 2935.0,
    "Champ at 16": 2935.0,
    "Champ at 17": 3328.0,
    "Champ at 18": 3959.0,
    "Champ at 19": 4917.0,
    "Champ at 2": 887.0,
    "Champ at 20": 4917.0,
    "Champ at 21": 4917.0,
    "Champ at 22": 4983.0,
    "Champ at 23": 4983.0,
    "Champ at 24": 4983.0,
    "Champ at 25": 5137.0,
    "Champ at 3": 887.0,
    "Champ at 4": 887.0,
    "Champ at 5": 887.0,
    "Champ at 6": 887.0,
    "Champ at 7": 1262.0,
    "Champ at 8": 1911.0,
    "Champ at 9": 2295.0,
    "ChampFitness": 5137.0,
    "ChampInputs": [
        1.872999906539917,
        1.872999906539917,
        1.8760000467300415,
        1.8760000467300415,
        1.8760000467300415,
        1.8799998760223389,
        2.7239999771118164,
        1.8830000162124634,
        1.8830000162124634,
        1.11899995803833,
        1.8860000371932983,
        1.8889999389648438,
        1.8889999389648438,
        1.8930000066757202,
        1.8930000066757202,
        2.7820000648498535,
        1.8960000276565552,
        0.925000011920929,
        1.8989999294281006,
        1.902999997138977,
        1.902999997138977,
        1.9059998989105225,
        1.9059998989105225,
        1.9089999198913574,
        2.8369998931884766,
        1.9089999198913574,
        1.912000060081482,
        2.5460000038146973,
        1.9159998893737793,
        1.9159998893737793,
        1.9190000295639038,
        1.9190000295639038,
        1.9220000505447388,
        1.3450000286102295,
        1.9249999523162842,
        1.9249999523162842,
        1.9290000200271606,
        1.9290000200271606,
        1.9320000410079956,
        1.9320000410079956,
        1.934999942779541,
        3.0180001258850098,
        1.937999963760376,
        1.937999963760376,
        1.941999912261963,
        1.941999912261963,
        1.9449999332427979,
        1.9449999332427979,
        1.9480000734329224,
        1.9480000734329224,
        2.567999839782715,
        1.9509999752044678,
        1.9509999752044678,
        1.9550000429153442,
        1.9550000429153442,
        1.9580000638961792,
        2.863999843597412,
        2.7730000019073486,
        1.9609999656677246,
        1.965000033378601,
        1.965000033378601,
        1.9679999351501465,
        1.9679999351501465,
        1.9709999561309814,
        1.9709999561309814,
        1.9709999561309814,
        1.9739999771118164,
        1.9739999771118164,
        1.9779999256134033,
        1.9779999256134033,
        1.9809999465942383,
        1.9809999465942383,
        1.9840000867843628,
        1.9840000867843628,
        1.9869999885559082,
        1.9869999885559082,
        1.9910000562667847,
        4.638999938964844,
        1.99399995803833,
        1.99399995803833,
        1.99399995803833,
        1.996999979019165,
        1.996999979019165,
        2.0,
        2.0,
        2.003999948501587,
        2.003999948501587,
        2.006999969482422,
        2.006999969482422,
        2.009999990463257,
        2.009999990463257,
        2.0139999389648438,
        1.1970000267028809,
        2.0169999599456787,
        2.0169999599456787,
        2.0169999599456787,
        2.0199999809265137,
        2.0199999809265137,
        2.0230000019073486,
        2.0230000019073486
    ],
    "Generations needed": 26,
    "Population 1": 200.9149932861328,
    "Population 10": 2115.47998046875,
    "Population 11": 2716.135009765625,
    "Population 12": 2586.64501953125,
    "Population 13": 2656.68994140625,
    "Population 14": 2527.215087890625,
    "Population 15": 2508.4599609375,
    "Population 16": 2614.215087890625,
    "Population 17": 2580.409912109375,
    "Population 18": 2908.804931640625,
    "Population 19": 3368.31005859375,
    "Population 2": 855.4949951171875,
    "Population 20": 3680.159912109375,
    "Population 21": 3770.340087890625,
    "Population 22": 3957.385009765625,
    "Population 23": 4099.240234375,
    "Population 24": 4052.375,
    "Population 25": 3891.830078125,
    "Population 3": 857.8800048828125,
    "Population 4": 850.4199829101563,
    "Population 5": 860.1099853515625,
    "Population 6": 857.4099731445313,
    "Population 7": 865.0700073242188,
    "Population 8": 1208.7349853515625,
    "Population 9": 1802.300048828125,
    "start": "today"
}
