{
    "Champ at 1": 887.0,
    "Champ at 10": 2738.0,
    "Champ at 11": 2879.0,
    "Champ at 12": 2935.0,
    "Champ at 13": 2935.0,
    "Champ at 14": 3054.0,
    "Champ at 15": 3054.0,
    "Champ at 16": 3329.0,
    "Champ at 17": 3329.0,
    "Champ at 18": 3959.0,
    "Champ at 19": 3959.0,
    "Champ at 2": 1244.0,
    "Champ at 20": 4329.0,
    "Champ at 21": 4918.0,
    "Champ at 22": 4983.0,
    "Champ at 23": 5162.0,
    "Champ at 3": 1538.0,
    "Champ at 4": 1841.0,
    "Champ at 5": 2306.0,
    "Champ at 6": 2562.0,
    "Champ at 7": 2562.0,
    "Champ at 8": 2738.0,
    "Champ at 9": 2738.0,
    "ChampFitness": 5162.0,
    "ChampInputs": [
        1.878000020980835,
        1.878000020980835,
        1.8809999227523804,
        1.8809999227523804,
        1.8809999227523804,
        1.8849999904632568,
        1.8849999904632568,
        0.4780000150203705,
        1.8880000114440918,
        2.809999942779541,
        1.8880000114440918,
        2.055999994277954,
        1.8910000324249268,
        1.8910000324249268,
        1.8940000534057617,
        3.309999942779541,
        1.8940000534057617,
        1.8980000019073486,
        2.2249999046325684,
        1.8980000019073486,
        2.5450000762939453,
        1.5579999685287476,
        1.9010000228881836,
        0.4729999899864197,
        2.5490000247955322,
        0.4819999933242798,
        1.9040000438690186,
        1.9079999923706055,
        1.9079999923706055,
        1.9079999923706055,
        1.9110000133514404,
        1.9110000133514404,
        1.9110000133514404,
        2.0820000171661377,
        0.652999997138977,
        1.9140000343322754,
        2.687999963760376,
        1.9169999361038208,
        2.109999895095825,
        1.9169999361038208,
        1.9210000038146973,
        1.9210000038146973,
        3.24399995803833,
        1.9239999055862427,
        1.9239999055862427,
        1.9239999055862427,
        1.9270000457763672,
        1.9270000457763672,
        1.9270000457763672,
        1.9300000667572021,
        3.25,
        2.5749998092651367,
        1.934000015258789,
        1.934000015258789,
        1.934000015258789,
        1.937000036239624,
        1.937000036239624,
        1.937000036239624,
        1.937000036239624,
        1.940000057220459,
        1.940000057220459,
        1.940000057220459,
        3.366000175476074,
        1.9429999589920044,
        1.9429999589920044,
        1.9470000267028809,
        1.9470000267028809,
        1.9470000267028809,
        1.9499999284744263,
        1.9499999284744263,
        1.9499999284744263,
        1.9529999494552612,
        1.9529999494552612,
        1.9529999494552612,
        1.9570000171661377,
        0.5429999828338623,
        1.6140000820159912,
        0.5460000038146973,
        1.959999918937683,
        1.959999918937683,
        1.959999918937683,
        1.9630000591278076,
        1.9630000591278076,
        1.9630000591278076,
        1.9660000801086426,
        1.9660000801086426,
        1.9660000801086426,
        1.9700000286102295,
        2.2929999828338623,
        1.9700000286102295,
        4.291999816894531,
        1.9730000495910645,
        1.9730000495910645,
        0.562999963760376,
        3.292999744415283,
        1.9760000705718994,
        3.375,
        1.9789999723434448,
        2.302999973297119,
        1.9789999723434448
    ],
    "Generations needed": 24,
    "Population 1": 203.50999450683594,
    "Population 10": 2489.320068359375,
    "Population 11": 2345.47998046875,
    "Population 12": 2580.8701171875,
    "Population 13": 2580.175048828125,
    "Population 14": 2586.72509765625,
    "Population 15": 2679.695068359375,
    "Population 16": 2674.60009765625,
    "Population 17": 2886.6650390625,
    "Population 18": 2941.514892578125,
    "Population 19": 3129.239990234375,
    "Population 2": 858.4349975585938,
    "Population 20": 3410.794921875,
    "Population 21": 3528.070068359375,
    "Population 22": 3905.695068359375,
    "Population 23": 3931.125,
    "Population 3": 1165.9000244140625,
    "Population 4": 1411.8299560546875,
    "Population 5": 1681.6300048828125,
    "Population 6": 2075.27490234375,
    "Population 7": 2235.375,
    "Population 8": 2295.544921875,
    "Population 9": 2379.52490234375,
    "start": "today"
}
