{
    "Champ at 1": 887.0,
    "Champ at 10": 1911.0,
    "Champ at 11": 1911.0,
    "Champ at 12": 1911.0,
    "Champ at 13": 1911.0,
    "Champ at 14": 1911.0,
    "Champ at 15": 2296.0,
    "Champ at 16": 2562.0,
    "Champ at 17": 2935.0,
    "Champ at 18": 2935.0,
    "Champ at 19": 2935.0,
    "Champ at 2": 1714.0,
    "Champ at 20": 3300.0,
    "Champ at 21": 3892.0,
    "Champ at 22": 3959.0,
    "Champ at 23": 3959.0,
    "Champ at 24": 4610.0,
    "Champ at 25": 4983.0,
    "Champ at 26": 4983.0,
    "Champ at 27": 4983.0,
    "Champ at 28": 5131.0,
    "Champ at 3": 1847.0,
    "Champ at 4": 1911.0,
    "Champ at 5": 1911.0,
    "Champ at 6": 1911.0,
    "Champ at 7": 1911.0,
    "Champ at 8": 1911.0,
    "Champ at 9": 1911.0,
    "ChampFitness": 5131.0,
    "ChampInputs": [
        1.8840000629425049,
        1.8870000839233398,
        1.8870000839233398,
        1.8870000839233398,
        1.8910000324249268,
        1.8910000324249268,
        1.8910000324249268,
        1.0379999876022339,
        1.8940000534057617,
        1.8940000534057617,
        1.0419999361038208,
        1.8970000743865967,
        1.8970000743865967,
        1.3279999494552612,
        1.9010000228881836,
        1.9010000228881836,
        3.23799991607666,
        1.9040000438690186,
        1.9040000438690186,
        1.9040000438690186,
        1.906999945640564,
        0.5550000071525574,
        1.906999945640564,
        1.909999966621399,
        1.909999966621399,
        0.5839999914169312,
        1.9140000343322754,
        0.8050000071525574,
        1.9140000343322754,
        1.9140000343322754,
        1.9169999361038208,
        1.9169999361038208,
        1.9169999361038208,
        1.9200000762939453,
        1.9200000762939453,
        3.4140000343322754,
        1.9230000972747803,
        1.9230000972747803,
        1.9230000972747803,
        1.9270000457763672,
        0.3659999966621399,
        1.9270000457763672,
        1.9300000667572021,
        1.9300000667572021,
        2.689000129699707,
        1.9329999685287476,
        1.9329999685287476,
        3.0460000038146973,
        1.9329999685287476,
        1.9359999895095825,
        1.9359999895095825,
        1.9359999895095825,
        1.940000057220459,
        1.940000057220459,
        1.940000057220459,
        1.9429999589920044,
        1.9429999589920044,
        1.9429999589920044,
        1.9459999799728394,
        1.9459999799728394,
        1.9459999799728394,
        1.9490001201629639,
        1.9490001201629639,
        1.9490001201629639,
        1.9529999494552612,
        1.9529999494552612,
        1.9529999494552612,
        0.6270000338554382,
        1.9560000896453857,
        2.7149999141693115,
        1.9560000896453857,
        1.9589998722076416,
        1.9589998722076416,
        1.9589998722076416,
        1.9630000591278076,
        1.9630000591278076,
        1.9630000591278076,
        1.9660000801086426,
        0.40199998021125793,
        1.9660000801086426,
        1.968999981880188,
        1.968999981880188,
        1.968999981880188,
        1.968999981880188,
        1.972000002861023,
        1.972000002861023,
        2.7309999465942383,
        1.9760000705718994,
        1.9760000705718994,
        1.9760000705718994,
        0.41499999165534973,
        1.9789999723434448,
        1.9789999723434448,
        1.9819999933242798,
        1.9819999933242798,
        1.9819999933242798,
        1.9850001335144043,
        1.9850001335144043,
        1.9850001335144043,
        1.9889999628067017
    ],
    "Generations needed": 29,
    "Population 1": 198.14500427246094,
    "Population 10": 1765.3299560546875,
    "Population 11": 1735.7900390625,
    "Population 12": 1702.9949951171875,
    "Population 13": 1765.06005859375,
    "Population 14": 1722.3349609375,
    "Population 15": 1764.3050537109375,
    "Population 16": 2076.264892578125,
    "Population 17": 2320.3701171875,
    "Population 18": 2547.5,
    "Population 19": 2588.679931640625,
    "Population 2": 869.6599731445313,
    "Population 20": 2504.199951171875,
    "Population 21": 2890.614990234375,
    "Population 22": 3249.6650390625,
    "Population 23": 3396.18505859375,
    "Population 24": 3282.544921875,
    "Population 25": 3779.60498046875,
    "Population 26": 3878.39990234375,
    "Population 27": 4041.77490234375,
    "Population 28": 4013.27001953125,
    "Population 3": 1601.6300048828125,
    "Population 4": 1698.5150146484375,
    "Population 5": 1800.3800048828125,
    "Population 6": 1758.7349853515625,
    "Population 7": 1733.2950439453125,
    "Population 8": 1659.39501953125,
    "Population 9": 1722.5250244140625,
    "start": "today"
}
