{
    "Champ at 1": 887.0,
    "Champ at 10": 2876.0,
    "Champ at 11": 2935.0,
    "Champ at 12": 2935.0,
    "Champ at 13": 2935.0,
    "Champ at 14": 3586.0,
    "Champ at 15": 3762.0,
    "Champ at 16": 3762.0,
    "Champ at 17": 3801.0,
    "Champ at 18": 3959.0,
    "Champ at 19": 3959.0,
    "Champ at 2": 1254.0,
    "Champ at 20": 4925.0,
    "Champ at 21": 4983.0,
    "Champ at 22": 4983.0,
    "Champ at 23": 4983.0,
    "Champ at 24": 5122.0,
    "Champ at 3": 1538.0,
    "Champ at 4": 1911.0,
    "Champ at 5": 1911.0,
    "Champ at 6": 1911.0,
    "Champ at 7": 1911.0,
    "Champ at 8": 1911.0,
    "Champ at 9": 2305.0,
    "ChampFitness": 5122.0,
    "ChampInputs": [
        1.877000093460083,
        1.8809999227523804,
        1.8809999227523804,
        1.8840000629425049,
        1.8840000629425049,
        1.8840000629425049,
        0.6069999933242798,
        1.8870000839233398,
        1.8899999856948853,
        2.4630000591278076,
        1.8899999856948853,
        1.8940000534057617,
        2.5209999084472656,
        1.8970000743865967,
        1.8970000743865967,
        2.9579999446868896,
        1.899999976158142,
        1.899999976158142,
        0.5519999861717224,
        1.902999997138977,
        1.902999997138977,
        1.906999945640564,
        1.906999945640564,
        1.906999945640564,
        3.3539998531341553,
        1.909999966621399,
        1.909999966621399,
        1.9130001068115234,
        1.9130001068115234,
        0.6119999885559082,
        1.9169999361038208,
        1.1660000085830688,
        0.4050000011920929,
        1.9200000762939453,
        0.4050000011920929,
        1.9230000972747803,
        0.4089999794960022,
        1.9259999990463257,
        2.488999843597412,
        1.9259999990463257,
        2.0859999656677246,
        1.9300000667572021,
        1.9329999685287476,
        1.9329999685287476,
        2.625999927520752,
        1.9359999895095825,
        1.9359999895095825,
        2.499000072479248,
        1.9390000104904175,
        1.9390000104904175,
        1.9429999589920044,
        1.9429999589920044,
        1.1859999895095825,
        1.9459999799728394,
        1.9459999799728394,
        1.9459999799728394,
        1.9490001201629639,
        0.590999960899353,
        2.509000062942505,
        1.9519999027252197,
        1.9519999027252197,
        1.9560000896453857,
        1.9560000896453857,
        1.9560000896453857,
        7.51800012588501,
        1.9589998722076416,
        1.9589998722076416,
        1.9620000123977661,
        1.9620000123977661,
        1.9620000123977661,
        1.9660000801086426,
        3.010999917984009,
        1.968999981880188,
        1.968999981880188,
        1.968999981880188,
        1.972000002861023,
        0.4479999840259552,
        1.975000023841858,
        1.975000023841858,
        2.125,
        1.9789999723434448,
        1.9789999723434448,
        1.9819999933242798,
        1.9819999933242798,
        1.9819999933242798,
        1.9850001335144043,
        1.9850001335144043,
        1.9850001335144043,
        1.9879999160766602,
        1.9879999160766602,
        1.9920001029968262,
        1.9920001029968262,
        2.5960001945495605,
        1.994999885559082,
        1.994999885559082,
        1.994999885559082,
        1.9980000257492065,
        2.547999858856201,
        1.9980000257492065,
        2.000999927520752
    ],
    "Generations needed": 25,
    "Population 1": 210.1649932861328,
    "Population 10": 2104.6298828125,
    "Population 11": 2543.489990234375,
    "Population 12": 2563.070068359375,
    "Population 13": 2586.820068359375,
    "Population 14": 2491.675048828125,
    "Population 15": 3000.7900390625,
    "Population 16": 3227.364990234375,
    "Population 17": 3192.590087890625,
    "Population 18": 3304.340087890625,
    "Population 19": 3270.550048828125,
    "Population 2": 855.1950073242188,
    "Population 20": 3417.534912109375,
    "Population 21": 4150.615234375,
    "Population 22": 3886.6298828125,
    "Population 23": 3821.360107421875,
    "Population 24": 3890.469970703125,
    "Population 3": 1182.56005859375,
    "Population 4": 1439.1199951171875,
    "Population 5": 1724.9150390625,
    "Population 6": 1755.9549560546875,
    "Population 7": 1723.0899658203125,
    "Population 8": 1785.5,
    "Population 9": 1833.5,
    "start": "today"
}
