{
    "Champ at 1": 887.0,
    "Champ at 10": 2871.0,
    "Champ at 11": 2871.0,
    "Champ at 12": 2871.0,
    "Champ at 13": 2871.0,
    "Champ at 14": 3902.0,
    "Champ at 15": 3902.0,
    "Champ at 16": 3902.0,
    "Champ at 17": 3902.0,
    "Champ at 18": 3902.0,
    "Champ at 19": 4983.0,
    "Champ at 2": 1277.0,
    "Champ at 20": 4983.0,
    "Champ at 21": 4983.0,
    "Champ at 22": 4983.0,
    "Champ at 23": 4983.0,
    "Champ at 24": 5169.0,
    "Champ at 3": 1538.0,
    "Champ at 4": 1843.0,
    "Champ at 5": 1843.0,
    "Champ at 6": 1843.0,
    "Champ at 7": 1843.0,
    "Champ at 8": 1843.0,
    "Champ at 9": 2871.0,
    "ChampFitness": 5169.0,
    "ChampInputs": [
        1.8700001239776611,
        1.8700001239776611,
        1.872999906539917,
        1.9089999198913574,
        1.9130001068115234,
        1.9130001068115234,
        3.1616108417510986,
        1.9159998893737793,
        1.9190000295639038,
        1.9190000295639038,
        1.9190000295639038,
        1.9220000505447388,
        1.9220000505447388,
        1.9259999990463257,
        3.5339999198913574,
        1.9290000200271606,
        1.9290000200271606,
        1.9290000200271606,
        1.9320000410079956,
        1.9320000410079956,
        1.934999942779541,
        1.934999942779541,
        3.5210001468658447,
        1.9390000104904175,
        1.941999912261963,
        1.941999912261963,
        1.9449999332427979,
        1.9449999332427979,
        1.9490001201629639,
        1.9490001201629639,
        3.3459999561309814,
        1.9519999027252197,
        1.9519999027252197,
        1.9550000429153442,
        1.9550000429153442,
        1.9580000638961792,
        1.9580000638961792,
        1.9620000123977661,
        3.3420000076293945,
        1.965000033378601,
        1.965000033378601,
        1.9679999351501465,
        1.9679999351501465,
        1.9709999561309814,
        1.9709999561309814,
        1.9709999561309814,
        1.975000023841858,
        1.975000023841858,
        1.9779999256134033,
        1.9779999256134033,
        1.9809999465942383,
        1.9809999465942383,
        1.9840000867843628,
        1.9840000867843628,
        1.9879999160766602,
        1.9879999160766602,
        1.9910000562667847,
        1.9910000562667847,
        1.99399995803833,
        1.99399995803833,
        1.99399995803833,
        1.9980000257492065,
        1.9980000257492065,
        2.000999927520752,
        2.000999927520752,
        2.003999948501587,
        2.003999948501587,
        2.006999969482422,
        2.006999969482422,
        2.011000156402588,
        2.011000156402588,
        2.0139999389648438,
        2.0139999389648438,
        2.0139999389648438,
        2.0169999599456787,
        2.0169999599456787,
        2.0199999809265137,
        2.0199999809265137,
        2.0239999294281006,
        2.0239999294281006,
        2.0269999504089355,
        2.0269999504089355,
        2.0299999713897705,
        2.0299999713897705,
        2.0329999923706055,
        2.0329999923706055,
        2.0370001792907715,
        2.0370001792907715,
        2.0399999618530273,
        2.0399999618530273,
        2.0429999828338623,
        2.0429999828338623,
        2.046999931335449,
        2.046999931335449,
        2.049999952316284,
        2.049999952316284,
        2.052999973297119,
        2.052999973297119,
        2.055999994277954,
        2.055999994277954
    ],
    "Generations needed": 24,
    "Population 1": 202.7449951171875,
    "Population 10": 2861.8349609375,
    "Population 11": 2871.0,
    "Population 12": 2871.0,
    "Population 13": 2871.0,
    "Population 14": 2948.050048828125,
    "Population 15": 3896.85009765625,
    "Population 16": 3902.0,
    "Population 17": 3902.0,
    "Population 18": 3902.0,
    "Population 19": 4005.760009765625,
    "Population 2": 782.239990234375,
    "Population 20": 4972.759765625,
    "Population 21": 4983.0,
    "Population 22": 4983.0,
    "Population 23": 4983.0,
    "Population 24": 4994.89013671875,
    "Population 3": 1250.6199951171875,
    "Population 4": 1534.239990234375,
    "Population 5": 1820.8299560546875,
    "Population 6": 1843.0,
    "Population 7": 1843.0,
    "Population 8": 1843.0,
    "Population 9": 1937.5400390625,
    "start": "today"
}
