{
    "Champ at 1": 827.0,
    "Champ at 10": 3294.0,
    "Champ at 11": 3301.0,
    "Champ at 12": 3762.0,
    "Champ at 13": 3762.0,
    "Champ at 14": 3959.0,
    "Champ at 15": 3959.0,
    "Champ at 16": 4349.0,
    "Champ at 17": 4912.0,
    "Champ at 18": 4983.0,
    "Champ at 19": 4983.0,
    "Champ at 2": 1257.0,
    "Champ at 20": 5139.0,
    "Champ at 3": 1282.0,
    "Champ at 4": 1282.0,
    "Champ at 5": 1911.0,
    "Champ at 6": 1911.0,
    "Champ at 7": 2280.0,
    "Champ at 8": 2738.0,
    "Champ at 9": 2935.0,
    "ChampFitness": 5139.0,
    "ChampInputs": [
        1.8600000143051147,
        1.8629999160766602,
        1.8629999160766602,
        1.8659999370574951,
        1.8659999370574951,
        1.8659999370574951,
        2.754000186920166,
        1.8700001239776611,
        1.8700001239776611,
        3.188999891281128,
        1.872999906539917,
        1.872999906539917,
        1.872999906539917,
        1.8760000467300415,
        2.546999931335449,
        1.8760000467300415,
        1.8790000677108765,
        0.8820000290870667,
        1.8790000677108765,
        1.8830000162124634,
        1.8830000162124634,
        2.552999973297119,
        1.621000051498413,
        0.4410000145435333,
        2.00600004196167,
        1.7280000448226929,
        1.8889999389648438,
        3.3910000324249268,
        1.8889999389648438,
        1.8919999599456787,
        1.8919999599456787,
        1.8919999599456787,
        2.8320000171661377,
        1.8960000276565552,
        0.4410000145435333,
        1.8989999294281006,
        1.8989999294281006,
        1.8989999294281006,
        1.9019999504089355,
        1.9019999504089355,
        1.9019999504089355,
        0.5110000371932983,
        2.632999897003174,
        1.90500009059906,
        1.90500009059906,
        1.9089999198913574,
        1.9089999198913574,
        1.9089999198913574,
        0.9120000004768372,
        1.912000060081482,
        1.912000060081482,
        1.9149999618530273,
        1.9149999618530273,
        1.9149999618530273,
        1.9190000295639038,
        1.7579998970031738,
        0.9210000038146973,
        1.9220000505447388,
        0.527999997138977,
        0.46299999952316284,
        3.4240002632141113,
        1.9249999523162842,
        1.9249999523162842,
        1.9249999523162842,
        1.9279999732971191,
        1.9279999732971191,
        1.9279999732971191,
        1.9320000410079956,
        1.9320000410079956,
        0.4729999899864197,
        1.934999942779541,
        1.934999942779541,
        1.6699999570846558,
        3.246999979019165,
        1.937999963760376,
        1.937999963760376,
        0.4830000102519989,
        2.875,
        3.253999948501587,
        1.9410001039505005,
        0.4860000014305115,
        1.9449999332427979,
        1.9449999332427979,
        1.9480000734329224,
        1.9480000734329224,
        1.9480000734329224,
        1.9509999752044678,
        1.9509999752044678,
        2.065000057220459,
        1.9509999752044678,
        1.9539999961853027,
        1.9539999961853027,
        1.9539999961853027,
        1.9580000638961792,
        1.9580000638961792,
        1.9580000638961792,
        0.5029999613761902,
        1.9609999656677246,
        1.9609999656677246,
        1.9639999866485596
    ],
    "Generations needed": 21,
    "Population 1": 201.0050048828125,
    "Population 10": 2166.469970703125,
    "Population 11": 2363.530029296875,
    "Population 12": 2362.219970703125,
    "Population 13": 2652.1201171875,
    "Population 14": 2775.735107421875,
    "Population 15": 2876.669921875,
    "Population 16": 2753.22998046875,
    "Population 17": 2974.300048828125,
    "Population 18": 3048.56005859375,
    "Population 19": 3388.594970703125,
    "Population 2": 800.1900024414063,
    "Population 20": 3269.169921875,
    "Population 3": 1125.8299560546875,
    "Population 4": 1180.905029296875,
    "Population 5": 1188.675048828125,
    "Population 6": 1616.050048828125,
    "Population 7": 1646.2249755859375,
    "Population 8": 1948.1800537109375,
    "Population 9": 2296.56005859375,
    "start": "today"
}
