{
    "Champ at 1": 826.0,
    "Champ at 10": 1911.0,
    "Champ at 11": 1911.0,
    "Champ at 12": 1911.0,
    "Champ at 13": 2562.0,
    "Champ at 14": 2562.0,
    "Champ at 15": 2562.0,
    "Champ at 16": 2562.0,
    "Champ at 17": 2562.0,
    "Champ at 18": 2935.0,
    "Champ at 19": 2935.0,
    "Champ at 2": 1277.0,
    "Champ at 20": 2935.0,
    "Champ at 21": 2935.0,
    "Champ at 22": 2935.0,
    "Champ at 23": 2935.0,
    "Champ at 24": 3586.0,
    "Champ at 25": 3586.0,
    "Champ at 26": 3586.0,
    "Champ at 27": 3586.0,
    "Champ at 28": 3586.0,
    "Champ at 29": 3959.0,
    "Champ at 3": 1538.0,
    "Champ at 30": 3959.0,
    "Champ at 31": 3959.0,
    "Champ at 32": 3959.0,
    "Champ at 33": 3959.0,
    "Champ at 34": 4910.0,
    "Champ at 35": 4910.0,
    "Champ at 36": 4910.0,
    "Champ at 37": 4910.0,
    "Champ at 38": 4910.0,
    "Champ at 39": 5167.0,
    "Champ at 4": 1538.0,
    "Champ at 5": 1538.0,
    "Champ at 6": 1538.0,
    "Champ at 7": 1538.0,
    "Champ at 8": 1911.0,
    "Champ at 9": 1911.0,
    "ChampFitness": 5167.0,
    "ChampInputs": [
        1.8589999675750732,
        1.8619999885559082,
        1.8619999885559082,
        1.8619999885559082,
        1.8650000095367432,
        1.8650000095367432,
        3.347205400466919,
        1.8690000772476196,
        1.8690000772476196,
        1.871999979019165,
        1.871999979019165,
        2.558000087738037,
        1.875,
        1.875,
        3.253999948501587,
        1.878000020980835,
        1.878000020980835,
        1.8819999694824219,
        1.8819999694824219,
        0.5740000009536743,
        1.8849999904632568,
        1.8849999904632568,
        1.8880000114440918,
        3.172999858856201,
        1.8919999599456787,
        1.8919999599456787,
        1.8919999599456787,
        1.8949999809265137,
        0.5160000324249268,
        1.8980000019073486,
        1.8980000019073486,
        1.9010000228881836,
        3.2809998989105225,
        1.9010000228881836,
        1.90500009059906,
        1.90500009059906,
        1.9079999923706055,
        1.9079999923706055,
        1.9079999923706055,
        1.9110000133514404,
        3.6430001258850098,
        1.9140000343322754,
        1.9140000343322754,
        1.9140000343322754,
        1.9179999828338623,
        1.9179999828338623,
        1.9179999828338623,
        1.9210000038146973,
        1.9210000038146973,
        1.9239999055862427,
        1.9239999055862427,
        1.9239999055862427,
        1.9270000457763672,
        1.930999994277954,
        1.930999994277954,
        1.934000015258789,
        1.934000015258789,
        1.934000015258789,
        1.937000036239624,
        1.937000036239624,
        1.9410001039505005,
        1.9410001039505005,
        1.944000005722046,
        1.944000005722046,
        1.944000005722046,
        1.9470000267028809,
        1.9470000267028809,
        1.9499999284744263,
        1.9499999284744263,
        1.9499999284744263,
        1.9539999961853027,
        1.9539999961853027,
        1.9539999961853027,
        1.9570000171661377,
        1.9570000171661377,
        1.959999918937683,
        1.959999918937683,
        1.959999918937683,
        1.9630000591278076,
        1.9630000591278076,
        1.9670000076293945,
        1.9670000076293945,
        1.9670000076293945,
        1.9700000286102295,
        1.9700000286102295,
        1.9730000495910645,
        1.9730000495910645,
        1.9730000495910645,
        1.9760000705718994,
        1.9760000705718994,
        1.9800000190734863,
        1.9800000190734863,
        1.9800000190734863,
        1.9830000400543213,
        1.9830000400543213,
        1.9859999418258667,
        1.9859999418258667,
        1.9859999418258667,
        1.9900000095367432,
        1.9930000305175781
    ],
    "Generations needed": 39,
    "Population 1": 202.5050048828125,
    "Population 10": 1911.0,
    "Population 11": 1911.0,
    "Population 12": 1911.0,
    "Population 13": 1927.06005859375,
    "Population 14": 2558.7451171875,
    "Population 15": 2562.0,
    "Population 16": 2562.0,
    "Population 17": 2562.0,
    "Population 18": 2602.3349609375,
    "Population 19": 2925.699951171875,
    "Population 2": 752.5449829101563,
    "Population 20": 2933.135009765625,
    "Population 21": 2935.0,
    "Population 22": 2935.0,
    "Population 23": 2935.0,
    "Population 24": 2960.844970703125,
    "Population 25": 3580.10009765625,
    "Population 26": 3586.0,
    "Population 27": 3586.0,
    "Population 28": 3586.0,
    "Population 29": 3631.2451171875,
    "Population 3": 1259.1099853515625,
    "Population 30": 3953.465087890625,
    "Population 31": 3959.0,
    "Population 32": 3959.0,
    "Population 33": 3959.0,
    "Population 34": 4010.034912109375,
    "Population 35": 4905.2451171875,
    "Population 36": 4910.0,
    "Population 37": 4910.0,
    "Population 38": 4910.0,
    "Population 39": 4976.72998046875,
    "Population 4": 1515.280029296875,
    "Population 5": 1538.0,
    "Population 6": 1538.0,
    "Population 7": 1538.0,
    "Population 8": 1589.375,
    "Population 9": 1904.93994140625,
    "start": "today"
}
