{
    "Champ at 1": 887.0,
    "Champ at 10": 1911.0,
    "Champ at 11": 1911.0,
    "Champ at 12": 1911.0,
    "Champ at 13": 1911.0,
    "Champ at 14": 2562.0,
    "Champ at 15": 2562.0,
    "Champ at 16": 2562.0,
    "Champ at 17": 2562.0,
    "Champ at 18": 2562.0,
    "Champ at 19": 2562.0,
    "Champ at 2": 1279.0,
    "Champ at 20": 2935.0,
    "Champ at 21": 2935.0,
    "Champ at 22": 2935.0,
    "Champ at 23": 2935.0,
    "Champ at 24": 2935.0,
    "Champ at 25": 3586.0,
    "Champ at 26": 3586.0,
    "Champ at 27": 3586.0,
    "Champ at 28": 3586.0,
    "Champ at 29": 3959.0,
    "Champ at 3": 1279.0,
    "Champ at 30": 3959.0,
    "Champ at 31": 3959.0,
    "Champ at 32": 3959.0,
    "Champ at 33": 3959.0,
    "Champ at 34": 4913.0,
    "Champ at 35": 4913.0,
    "Champ at 36": 4913.0,
    "Champ at 37": 4913.0,
    "Champ at 38": 4913.0,
    "Champ at 39": 5168.0,
    "Champ at 4": 1279.0,
    "Champ at 5": 1279.0,
    "Champ at 6": 1279.0,
    "Champ at 7": 1279.0,
    "Champ at 8": 1911.0,
    "Champ at 9": 1911.0,
    "ChampFitness": 5168.0,
    "ChampInputs": [
        1.8809999227523804,
        1.8809999227523804,
        1.8809999227523804,
        1.8840000629425049,
        1.8840000629425049,
        1.8840000629425049,
        2.9199399948120117,
        1.8880000114440918,
        1.8880000114440918,
        2.7119998931884766,
        1.8910000324249268,
        1.8910000324249268,
        1.8910000324249268,
        1.8940000534057617,
        3.251999855041504,
        1.8940000534057617,
        1.8980000019073486,
        1.8980000019073486,
        1.8980000019073486,
        0.38499999046325684,
        1.9010000228881836,
        1.9010000228881836,
        1.9010000228881836,
        3.177999973297119,
        1.9040000438690186,
        1.9040000438690186,
        1.906999945640564,
        1.906999945640564,
        2.4070000648498535,
        1.9110000133514404,
        1.9110000133514404,
        3.2649998664855957,
        1.9140000343322754,
        1.9140000343322754,
        1.9140000343322754,
        1.9140000343322754,
        1.9169999361038208,
        1.9169999361038208,
        1.9169999361038208,
        3.6090002059936523,
        1.9200000762939453,
        1.9200000762939453,
        1.9239999055862427,
        1.9239999055862427,
        1.9239999055862427,
        1.9270000457763672,
        1.9270000457763672,
        1.9270000457763672,
        1.9270000457763672,
        1.9300000667572021,
        1.9300000667572021,
        1.9300000667572021,
        1.9329999685287476,
        1.9329999685287476,
        1.9329999685287476,
        1.937000036239624,
        1.937000036239624,
        1.937000036239624,
        1.937000036239624,
        1.940000057220459,
        1.940000057220459,
        1.940000057220459,
        1.9429999589920044,
        1.9429999589920044,
        1.9429999589920044,
        1.9470000267028809,
        1.9470000267028809,
        1.9470000267028809,
        1.9499999284744263,
        1.9499999284744263,
        1.9499999284744263,
        1.9499999284744263,
        1.9529999494552612,
        1.9529999494552612,
        1.9529999494552612,
        1.9560000896453857,
        1.9560000896453857,
        1.9560000896453857,
        1.959999918937683,
        1.959999918937683,
        1.959999918937683,
        1.959999918937683,
        1.9630000591278076,
        1.9630000591278076,
        1.9630000591278076,
        1.9660000801086426,
        1.9660000801086426,
        1.9660000801086426,
        1.968999981880188,
        1.968999981880188,
        1.968999981880188,
        1.968999981880188,
        1.9730000495910645,
        1.9730000495910645,
        1.9730000495910645,
        1.9760000705718994,
        1.9760000705718994,
        1.9760000705718994,
        1.9789999723434448,
        1.9789999723434448
    ],
    "Generations needed": 39,
    "Population 1": 202.9600067138672,
    "Population 10": 1909.135009765625,
    "Population 11": 1911.0,
    "Population 12": 1911.0,
    "Population 13": 1911.0,
    "Population 14": 1945.56005859375,
    "Population 15": 2544.27001953125,
    "Population 16": 2558.7451171875,
    "Population 17": 2562.0,
    "Population 18": 2562.0,
    "Population 19": 2562.0,
    "Population 2": 777.3699951171875,
    "Population 20": 2607.675048828125,
    "Population 21": 2926.205078125,
    "Population 22": 2935.0,
    "Population 23": 2935.0,
    "Population 24": 2935.0,
    "Population 25": 2986.010009765625,
    "Population 26": 3586.0,
    "Population 27": 3586.0,
    "Population 28": 3586.0,
    "Population 29": 3625.784912109375,
    "Population 3": 1239.1500244140625,
    "Population 30": 3957.135009765625,
    "Population 31": 3959.0,
    "Population 32": 3959.0,
    "Population 33": 3959.0,
    "Population 34": 4008.875,
    "Population 35": 4908.22998046875,
    "Population 36": 4913.0,
    "Population 37": 4913.0,
    "Population 38": 4913.0,
    "Population 39": 4972.375,
    "Population 4": 1277.0400390625,
    "Population 5": 1279.0,
    "Population 6": 1279.0,
    "Population 7": 1279.0,
    "Population 8": 1406.2249755859375,
    "Population 9": 1892.425048828125,
    "start": "today"
}
