{
    "Champ at 1": 728.0,
    "Champ at 10": 1283.0,
    "Champ at 11": 1283.0,
    "Champ at 12": 1283.0,
    "Champ at 13": 1283.0,
    "Champ at 14": 1283.0,
    "Champ at 15": 1283.0,
    "Champ at 16": 1852.0,
    "Champ at 17": 1852.0,
    "Champ at 18": 1852.0,
    "Champ at 19": 1852.0,
    "Champ at 2": 887.0,
    "Champ at 20": 1852.0,
    "Champ at 21": 1852.0,
    "Champ at 22": 1852.0,
    "Champ at 23": 2304.0,
    "Champ at 24": 2304.0,
    "Champ at 25": 2304.0,
    "Champ at 26": 2304.0,
    "Champ at 27": 2304.0,
    "Champ at 28": 2304.0,
    "Champ at 29": 2935.0,
    "Champ at 3": 887.0,
    "Champ at 30": 2935.0,
    "Champ at 31": 2935.0,
    "Champ at 32": 2935.0,
    "Champ at 33": 2935.0,
    "Champ at 34": 2935.0,
    "Champ at 35": 3330.0,
    "Champ at 36": 3330.0,
    "Champ at 37": 3330.0,
    "Champ at 38": 3330.0,
    "Champ at 39": 3330.0,
    "Champ at 4": 887.0,
    "Champ at 40": 3330.0,
    "Champ at 41": 3959.0,
    "Champ at 42": 3959.0,
    "Champ at 43": 3959.0,
    "Champ at 44": 3959.0,
    "Champ at 45": 3959.0,
    "Champ at 46": 3959.0,
    "Champ at 47": 4354.0,
    "Champ at 48": 4354.0,
    "Champ at 49": 4354.0,
    "Champ at 5": 887.0,
    "Champ at 50": 4354.0,
    "Champ at 51": 4354.0,
    "Champ at 52": 4354.0,
    "Champ at 53": 4983.0,
    "Champ at 54": 4983.0,
    "Champ at 55": 4983.0,
    "Champ at 56": 4983.0,
    "Champ at 57": 4983.0,
    "Champ at 58": 4983.0,
    "Champ at 59": 5159.0,
    "Champ at 6": 887.0,
    "Champ at 7": 887.0,
    "Champ at 8": 1281.0,
    "Champ at 9": 1282.0,
    "ChampFitness": 5159.0,
    "ChampInputs": [
        1.790000081062317,
        1.7929999828338623,
        2.3610999584198,
        1.7929999828338623,
        1.7960000038146973,
        1.7960000038146973,
        3.2380621433258057,
        1.7960000038146973,
        1.8000000715255737,
        2.8380000591278076,
        1.8000000715255737,
        1.8029999732971191,
        1.8029999732971191,
        1.8029999732971191,
        3.2649998664855957,
        1.805999994277954,
        1.805999994277954,
        1.1380000114440918,
        1.8089998960494995,
        1.8089998960494995,
        1.8089998960494995,
        1.812999963760376,
        1.812999963760376,
        3.2269999980926514,
        1.815999984741211,
        1.815999984741211,
        1.062000036239624,
        1.819000005722046,
        1.819000005722046,
        1.819000005722046,
        1.819000005722046,
        1.8220000267028809,
        3.134000062942505,
        1.8220000267028809,
        1.8260000944137573,
        1.1019999980926514,
        1.8260000944137573,
        1.8289999961853027,
        1.8289999961853027,
        1.8289999961853027,
        1.8320000171661377,
        3.11899995803833,
        1.8320000171661377,
        1.8320000171661377,
        1.8359999656677246,
        1.8359999656677246,
        1.8359999656677246,
        1.8389999866485596,
        1.8389999866485596,
        1.8389999866485596,
        1.8420000076293945,
        1.8420000076293945,
        1.8420000076293945,
        1.8420000076293945,
        1.84499990940094,
        1.84499990940094,
        1.84499990940094,
        1.8489999771118164,
        1.8489999771118164,
        1.8489999771118164,
        1.8519999980926514,
        1.8519999980926514,
        1.8519999980926514,
        1.8519999980926514,
        1.8550000190734863,
        1.8550000190734863,
        1.8550000190734863,
        1.8580000400543213,
        1.8580000400543213,
        1.8580000400543213,
        1.8619999885559082,
        1.8619999885559082,
        1.8619999885559082,
        1.8650000095367432,
        1.8650000095367432,
        1.8650000095367432,
        1.8650000095367432,
        1.8680000305175781,
        1.8680000305175781,
        1.8680000305175781,
        1.8709999322891235,
        1.8709999322891235,
        1.8709999322891235,
        1.875,
        1.875,
        1.875,
        1.875,
        1.878000020980835,
        1.878000020980835,
        1.878000020980835,
        1.8809999227523804,
        1.8809999227523804,
        1.8809999227523804,
        1.8849999904632568,
        1.8849999904632568,
        1.8849999904632568,
        1.8849999904632568,
        1.8880000114440918,
        1.8880000114440918,
        1.8880000114440918
    ],
    "Generations needed": 59,
    "Population 1": 198.39500427246094,
    "Population 10": 1281.8399658203125,
    "Population 11": 1282.97998046875,
    "Population 12": 1283.0,
    "Population 13": 1283.0,
    "Population 14": 1283.0,
    "Population 15": 1283.0,
    "Population 16": 1388.7149658203125,
    "Population 17": 1848.550048828125,
    "Population 18": 1851.9549560546875,
    "Population 19": 1852.0,
    "Population 2": 655.0999755859375,
    "Population 20": 1852.0,
    "Population 21": 1852.0,
    "Population 22": 1852.0,
    "Population 23": 1934.4300537109375,
    "Population 24": 2289.235107421875,
    "Population 25": 2304.0,
    "Population 26": 2304.0,
    "Population 27": 2304.0,
    "Population 28": 2304.0,
    "Population 29": 2405.39501953125,
    "Population 3": 853.4849853515625,
    "Population 30": 2922.1650390625,
    "Population 31": 2935.0,
    "Population 32": 2935.0,
    "Population 33": 2935.0,
    "Population 34": 2935.0,
    "Population 35": 2952.010009765625,
    "Population 36": 3325.800048828125,
    "Population 37": 3330.0,
    "Population 38": 3330.0,
    "Population 39": 3330.0,
    "Population 4": 887.0,
    "Population 40": 3330.0,
    "Population 41": 3441.264892578125,
    "Population 42": 3943.110107421875,
    "Population 43": 3959.0,
    "Population 44": 3959.0,
    "Population 45": 3959.0,
    "Population 46": 3959.0,
    "Population 47": 3974.719970703125,
    "Population 48": 4350.509765625,
    "Population 49": 4354.0,
    "Population 5": 887.0,
    "Population 50": 4354.0,
    "Population 51": 4354.0,
    "Population 52": 4354.0,
    "Population 53": 4466.91015625,
    "Population 54": 4979.85498046875,
    "Population 55": 4983.0,
    "Population 56": 4983.0,
    "Population 57": 4983.0,
    "Population 58": 4983.0,
    "Population 59": 4994.22021484375,
    "Population 6": 887.0,
    "Population 7": 887.0,
    "Population 8": 921.5549926757813,
    "Population 9": 1267.155029296875,
    "start": "today"
}
