{
    "Champ at 1": 887.0,
    "Champ at 10": 1911.0,
    "Champ at 11": 1911.0,
    "Champ at 12": 1911.0,
    "Champ at 13": 1911.0,
    "Champ at 14": 2562.0,
    "Champ at 15": 2562.0,
    "Champ at 16": 2562.0,
    "Champ at 17": 2562.0,
    "Champ at 18": 2562.0,
    "Champ at 19": 2562.0,
    "Champ at 2": 1538.0,
    "Champ at 20": 2935.0,
    "Champ at 21": 2935.0,
    "Champ at 22": 2935.0,
    "Champ at 23": 2935.0,
    "Champ at 24": 2935.0,
    "Champ at 25": 2935.0,
    "Champ at 26": 3893.0,
    "Champ at 27": 3893.0,
    "Champ at 28": 3893.0,
    "Champ at 29": 3893.0,
    "Champ at 3": 1538.0,
    "Champ at 30": 3893.0,
    "Champ at 31": 3893.0,
    "Champ at 32": 4920.0,
    "Champ at 33": 4920.0,
    "Champ at 34": 4920.0,
    "Champ at 35": 4920.0,
    "Champ at 36": 4920.0,
    "Champ at 37": 4920.0,
    "Champ at 38": 5168.0,
    "Champ at 4": 1538.0,
    "Champ at 5": 1538.0,
    "Champ at 6": 1538.0,
    "Champ at 7": 1538.0,
    "Champ at 8": 1911.0,
    "Champ at 9": 1911.0,
    "ChampFitness": 5168.0,
    "ChampInputs": [
        1.8919999599456787,
        1.8949999809265137,
        1.8949999809265137,
        1.8949999809265137,
        1.8980000019073486,
        1.8980000019073486,
        3.0392160415649414,
        1.9019999504089355,
        1.9019999504089355,
        1.9019999504089355,
        1.90500009059906,
        0.5550000071525574,
        1.90500009059906,
        1.9079999923706055,
        1.9079999923706055,
        3.1740000247955322,
        1.9079999923706055,
        1.912000060081482,
        1.912000060081482,
        1.912000060081482,
        2.375999927520752,
        1.9149999618530273,
        1.9149999618530273,
        3.2130000591278076,
        1.9179999828338623,
        1.9179999828338623,
        1.9210000038146973,
        1.9210000038146973,
        1.9210000038146973,
        1.9249999523162842,
        1.9249999523162842,
        3.562000036239624,
        1.9249999523162842,
        1.9279999732971191,
        1.9279999732971191,
        1.9279999732971191,
        1.930999994277954,
        1.930999994277954,
        1.930999994277954,
        3.494000196456909,
        1.934000015258789,
        1.934000015258789,
        1.937999963760376,
        1.937999963760376,
        1.937999963760376,
        1.9410001039505005,
        1.9410001039505005,
        1.9410001039505005,
        1.9410001039505005,
        1.944000005722046,
        1.944000005722046,
        1.944000005722046,
        1.9470000267028809,
        1.9470000267028809,
        1.9470000267028809,
        1.9509999752044678,
        1.9509999752044678,
        1.9509999752044678,
        1.9539999961853027,
        1.9539999961853027,
        1.9539999961853027,
        1.9539999961853027,
        1.9570000171661377,
        1.9570000171661377,
        1.9570000171661377,
        1.9609999656677246,
        1.9609999656677246,
        1.9609999656677246,
        1.9639999866485596,
        1.9639999866485596,
        1.9639999866485596,
        1.9639999866485596,
        1.9670000076293945,
        1.9670000076293945,
        1.9670000076293945,
        1.9700000286102295,
        1.9700000286102295,
        1.9700000286102295,
        1.9739999771118164,
        1.9739999771118164,
        1.9739999771118164,
        1.9769999980926514,
        1.9769999980926514,
        1.9769999980926514,
        1.9769999980926514,
        1.9800000190734863,
        1.9800000190734863,
        1.9800000190734863,
        1.9830000400543213,
        1.9830000400543213,
        1.9830000400543213,
        1.9869999885559082,
        1.9869999885559082,
        1.9869999885559082,
        1.9869999885559082,
        1.9900000095367432,
        1.9900000095367432,
        1.9900000095367432,
        1.9930000305175781,
        1.9930000305175781
    ],
    "Generations needed": 38,
    "Population 1": 202.3350067138672,
    "Population 10": 1911.0,
    "Population 11": 1911.0,
    "Population 12": 1911.0,
    "Population 13": 1911.0,
    "Population 14": 1968.9200439453125,
    "Population 15": 2554.14501953125,
    "Population 16": 2562.0,
    "Population 17": 2562.0,
    "Population 18": 2562.0,
    "Population 19": 2562.0,
    "Population 2": 813.64501953125,
    "Population 20": 2600.3349609375,
    "Population 21": 2927.72998046875,
    "Population 22": 2935.0,
    "Population 23": 2935.0,
    "Population 24": 2935.0,
    "Population 25": 2935.0,
    "Population 26": 2976.22998046875,
    "Population 27": 3873.840087890625,
    "Population 28": 3893.0,
    "Population 29": 3893.0,
    "Population 3": 1490.219970703125,
    "Population 30": 3893.0,
    "Population 31": 3893.0,
    "Population 32": 3993.344970703125,
    "Population 33": 4907.05517578125,
    "Population 34": 4920.0,
    "Population 35": 4920.0,
    "Population 36": 4920.0,
    "Population 37": 4920.0,
    "Population 38": 4978.18505859375,
    "Population 4": 1538.0,
    "Population 5": 1538.0,
    "Population 6": 1538.0,
    "Population 7": 1538.0,
    "Population 8": 1581.594970703125,
    "Population 9": 1907.27001953125,
    "start": "today"
}
