{
    "Champ at 1": 819.0,
    "Champ at 10": 1538.0,
    "Champ at 11": 1538.0,
    "Champ at 12": 1911.0,
    "Champ at 13": 1911.0,
    "Champ at 14": 1911.0,
    "Champ at 15": 1911.0,
    "Champ at 16": 1911.0,
    "Champ at 17": 1911.0,
    "Champ at 18": 1911.0,
    "Champ at 19": 2562.0,
    "Champ at 2": 1238.0,
    "Champ at 20": 2562.0,
    "Champ at 21": 2562.0,
    "Champ at 22": 2562.0,
    "Champ at 23": 2562.0,
    "Champ at 24": 2562.0,
    "Champ at 25": 2879.0,
    "Champ at 26": 2935.0,
    "Champ at 27": 2935.0,
    "Champ at 28": 2935.0,
    "Champ at 29": 2935.0,
    "Champ at 3": 1281.0,
    "Champ at 30": 2935.0,
    "Champ at 31": 2935.0,
    "Champ at 32": 3586.0,
    "Champ at 33": 3586.0,
    "Champ at 34": 3586.0,
    "Champ at 35": 3586.0,
    "Champ at 36": 3586.0,
    "Champ at 37": 3586.0,
    "Champ at 38": 3959.0,
    "Champ at 39": 3959.0,
    "Champ at 4": 1283.0,
    "Champ at 40": 3959.0,
    "Champ at 41": 3959.0,
    "Champ at 42": 3959.0,
    "Champ at 43": 3959.0,
    "Champ at 44": 4610.0,
    "Champ at 45": 4610.0,
    "Champ at 46": 4610.0,
    "Champ at 47": 4610.0,
    "Champ at 48": 4610.0,
    "Champ at 49": 4983.0,
    "Champ at 5": 1285.0,
    "Champ at 50": 4983.0,
    "Champ at 51": 4983.0,
    "Champ at 52": 4983.0,
    "Champ at 53": 4983.0,
    "Champ at 54": 4983.0,
    "Champ at 55": 4983.0,
    "Champ at 56": 5163.0,
    "Champ at 6": 1538.0,
    "Champ at 7": 1538.0,
    "Champ at 8": 1538.0,
    "Champ at 9": 1538.0,
    "ChampFitness": 5163.0,
    "ChampInputs": [
        1.8420000076293945,
        1.8420000076293945,
        1.84499990940094,
        1.84499990940094,
        1.84499990940094,
        1.8480000495910645,
        3.4333255290985107,
        1.8480000495910645,
        1.8510000705718994,
        1.8510000705718994,
        1.8510000705718994,
        2.6660001277923584,
        1.8550000190734863,
        1.8550000190734863,
        3.172999858856201,
        1.8580000400543213,
        1.8580000400543213,
        1.8580000400543213,
        1.8610000610351563,
        2.6951639652252197,
        1.8610000610351563,
        1.8650000095367432,
        3.2089998722076416,
        1.8650000095367432,
        1.8680000305175781,
        1.8680000305175781,
        1.8680000305175781,
        2.504999876022339,
        1.8709999322891235,
        1.8709999322891235,
        3.2200000286102295,
        1.8739999532699585,
        1.8739999532699585,
        1.8739999532699585,
        1.878000020980835,
        0.6599999666213989,
        1.878000020980835,
        1.8809999227523804,
        1.8809999227523804,
        3.2339999675750732,
        1.8809999227523804,
        1.8840000629425049,
        1.8840000629425049,
        1.8840000629425049,
        1.8870000839233398,
        1.8870000839233398,
        1.8870000839233398,
        1.8910000324249268,
        1.8910000324249268,
        1.8910000324249268,
        1.8940000534057617,
        1.8940000534057617,
        1.8940000534057617,
        1.8940000534057617,
        1.8970000743865967,
        1.8970000743865967,
        1.8970000743865967,
        1.899999976158142,
        1.899999976158142,
        1.899999976158142,
        1.9040000438690186,
        1.9040000438690186,
        1.9040000438690186,
        1.906999945640564,
        1.906999945640564,
        1.906999945640564,
        1.906999945640564,
        1.909999966621399,
        1.909999966621399,
        1.909999966621399,
        1.9140000343322754,
        1.9140000343322754,
        1.9140000343322754,
        1.9169999361038208,
        1.9169999361038208,
        1.9169999361038208,
        1.9200000762939453,
        1.9200000762939453,
        1.9200000762939453,
        1.9200000762939453,
        1.9230000972747803,
        1.9230000972747803,
        1.9230000972747803,
        1.9270000457763672,
        1.9270000457763672,
        1.9270000457763672,
        1.9300000667572021,
        1.9300000667572021,
        1.9300000667572021,
        1.9329999685287476,
        1.9329999685287476,
        1.9329999685287476,
        1.9329999685287476,
        1.9359999895095825,
        1.9359999895095825,
        1.9359999895095825,
        1.940000057220459,
        1.940000057220459,
        1.940000057220459,
        1.9429999589920044
    ],
    "Generations needed": 56,
    "Population 1": 205.89999389648438,
    "Population 10": 1538.0,
    "Population 11": 1538.0,
    "Population 12": 1584.364990234375,
    "Population 13": 1904.56005859375,
    "Population 14": 1909.56005859375,
    "Population 15": 1911.0,
    "Population 16": 1911.0,
    "Population 17": 1911.0,
    "Population 18": 1911.0,
    "Population 19": 1942.4100341796875,
    "Population 2": 750.75,
    "Population 20": 2538.8701171875,
    "Population 21": 2562.0,
    "Population 22": 2562.0,
    "Population 23": 2562.0,
    "Population 24": 2562.0,
    "Population 25": 2600.094970703125,
    "Population 26": 2875.830078125,
    "Population 27": 2934.719970703125,
    "Population 28": 2935.0,
    "Population 29": 2935.0,
    "Population 3": 1219.4100341796875,
    "Population 30": 2935.0,
    "Population 31": 2935.0,
    "Population 32": 2955.324951171875,
    "Population 33": 3563.215087890625,
    "Population 34": 3586.0,
    "Population 35": 3586.0,
    "Population 36": 3586.0,
    "Population 37": 3586.0,
    "Population 38": 3636.81494140625,
    "Population 39": 3953.830078125,
    "Population 4": 1274.4150390625,
    "Population 40": 3959.0,
    "Population 41": 3959.0,
    "Population 42": 3959.0,
    "Population 43": 3959.0,
    "Population 44": 3988.10009765625,
    "Population 45": 4610.0,
    "Population 46": 4610.0,
    "Population 47": 4610.0,
    "Population 48": 4610.0,
    "Population 49": 4656.52978515625,
    "Population 5": 1281.0350341796875,
    "Population 50": 4975.5400390625,
    "Population 51": 4981.134765625,
    "Population 52": 4983.0,
    "Population 53": 4983.0,
    "Population 54": 4983.0,
    "Population 55": 4983.0,
    "Population 56": 4985.68994140625,
    "Population 6": 1288.77001953125,
    "Population 7": 1535.469970703125,
    "Population 8": 1538.0,
    "Population 9": 1538.0,
    "start": "today"
}
