{
    "Champ at 1": 822.0,
    "Champ at 10": 1911.0,
    "Champ at 11": 1911.0,
    "Champ at 12": 1911.0,
    "Champ at 13": 1911.0,
    "Champ at 14": 1911.0,
    "Champ at 15": 1911.0,
    "Champ at 16": 2562.0,
    "Champ at 17": 2562.0,
    "Champ at 18": 2562.0,
    "Champ at 19": 2562.0,
    "Champ at 2": 1255.0,
    "Champ at 20": 2562.0,
    "Champ at 21": 2562.0,
    "Champ at 22": 2935.0,
    "Champ at 23": 2935.0,
    "Champ at 24": 2935.0,
    "Champ at 25": 2935.0,
    "Champ at 26": 2935.0,
    "Champ at 27": 2935.0,
    "Champ at 28": 3586.0,
    "Champ at 29": 3586.0,
    "Champ at 3": 1282.0,
    "Champ at 30": 3586.0,
    "Champ at 31": 3586.0,
    "Champ at 32": 3586.0,
    "Champ at 33": 3586.0,
    "Champ at 34": 3959.0,
    "Champ at 35": 3959.0,
    "Champ at 36": 3959.0,
    "Champ at 37": 3959.0,
    "Champ at 38": 3959.0,
    "Champ at 39": 3959.0,
    "Champ at 4": 1538.0,
    "Champ at 40": 4610.0,
    "Champ at 41": 4610.0,
    "Champ at 42": 4610.0,
    "Champ at 43": 4610.0,
    "Champ at 44": 4610.0,
    "Champ at 45": 4610.0,
    "Champ at 46": 4983.0,
    "Champ at 47": 4983.0,
    "Champ at 48": 4983.0,
    "Champ at 49": 4983.0,
    "Champ at 5": 1538.0,
    "Champ at 50": 4983.0,
    "Champ at 51": 4983.0,
    "Champ at 52": 4983.0,
    "Champ at 53": 5166.0,
    "Champ at 6": 1538.0,
    "Champ at 7": 1538.0,
    "Champ at 8": 1538.0,
    "Champ at 9": 1538.0,
    "ChampFitness": 5166.0,
    "ChampInputs": [
        1.8459999561309814,
        1.8459999561309814,
        1.8489999771118164,
        1.8489999771118164,
        1.8519999980926514,
        1.8519999980926514,
        3.466468334197998,
        1.8559999465942383,
        1.8559999465942383,
        1.8589999675750732,
        1.8589999675750732,
        2.6010000705718994,
        1.8619999885559082,
        1.8619999885559082,
        3.2290000915527344,
        1.8650000095367432,
        1.8650000095367432,
        1.8690000772476196,
        1.8690000772476196,
        0.6029999852180481,
        1.871999979019165,
        1.871999979019165,
        1.875,
        3.184000015258789,
        1.875,
        1.8790000677108765,
        1.8790000677108765,
        1.8819999694824219,
        0.6979999542236328,
        1.8819999694824219,
        1.8849999904632568,
        1.8849999904632568,
        3.136000156402588,
        1.8880000114440918,
        1.8880000114440918,
        1.8919999599456787,
        1.8919999599456787,
        0.6769999861717224,
        1.8949999809265137,
        1.8949999809265137,
        1.8980000019073486,
        3.184000015258789,
        1.8980000019073486,
        1.9010000228881836,
        1.9010000228881836,
        1.9010000228881836,
        1.90500009059906,
        1.90500009059906,
        1.9079999923706055,
        1.9079999923706055,
        1.9079999923706055,
        1.9110000133514404,
        1.9110000133514404,
        1.9140000343322754,
        1.9140000343322754,
        1.9140000343322754,
        1.9179999828338623,
        1.9179999828338623,
        1.9179999828338623,
        1.9210000038146973,
        1.9210000038146973,
        1.9239999055862427,
        1.9239999055862427,
        1.9239999055862427,
        1.9270000457763672,
        1.9270000457763672,
        1.930999994277954,
        1.930999994277954,
        1.930999994277954,
        1.934000015258789,
        1.934000015258789,
        1.934000015258789,
        1.937000036239624,
        1.937000036239624,
        1.9410001039505005,
        1.9410001039505005,
        1.9410001039505005,
        1.944000005722046,
        1.944000005722046,
        1.9470000267028809,
        1.9470000267028809,
        1.9470000267028809,
        1.9499999284744263,
        1.9499999284744263,
        1.9499999284744263,
        1.9539999961853027,
        1.9539999961853027,
        1.9570000171661377,
        1.9570000171661377,
        1.9570000171661377,
        1.959999918937683,
        1.959999918937683,
        1.9630000591278076,
        1.9630000591278076,
        1.9630000591278076,
        1.9670000076293945,
        1.9670000076293945,
        1.9700000286102295,
        1.9700000286102295,
        1.9700000286102295
    ],
    "Generations needed": 53,
    "Population 1": 201.0,
    "Population 10": 1567.43994140625,
    "Population 11": 1891.3399658203125,
    "Population 12": 1911.0,
    "Population 13": 1911.0,
    "Population 14": 1911.0,
    "Population 15": 1911.0,
    "Population 16": 1938.9150390625,
    "Population 17": 2554.090087890625,
    "Population 18": 2562.0,
    "Population 19": 2562.0,
    "Population 2": 758.9849853515625,
    "Population 20": 2562.0,
    "Population 21": 2562.0,
    "Population 22": 2610.639892578125,
    "Population 23": 2923.4150390625,
    "Population 24": 2935.0,
    "Population 25": 2935.0,
    "Population 26": 2935.0,
    "Population 27": 2935.0,
    "Population 28": 2969.215087890625,
    "Population 29": 3580.85009765625,
    "Population 3": 1231.68994140625,
    "Population 30": 3586.0,
    "Population 31": 3586.0,
    "Population 32": 3586.0,
    "Population 33": 3586.0,
    "Population 34": 3630.1298828125,
    "Population 35": 3957.135009765625,
    "Population 36": 3959.0,
    "Population 37": 3959.0,
    "Population 38": 3959.0,
    "Population 39": 3959.0,
    "Population 4": 1280.25,
    "Population 40": 4001.25,
    "Population 41": 4608.66015625,
    "Population 42": 4610.0,
    "Population 43": 4610.0,
    "Population 44": 4610.0,
    "Population 45": 4610.0,
    "Population 46": 4663.06005859375,
    "Population 47": 4979.27001953125,
    "Population 48": 4981.134765625,
    "Population 49": 4983.0,
    "Population 5": 1524.4100341796875,
    "Population 50": 4983.0,
    "Population 51": 4983.0,
    "Population 52": 4983.0,
    "Population 53": 4984.02978515625,
    "Population 6": 1538.0,
    "Population 7": 1538.0,
    "Population 8": 1538.0,
    "Population 9": 1538.0,
    "start": "today"
}
