{
    "Champ at 1": 887.0,
    "Champ at 10": 1911.0,
    "Champ at 11": 1911.0,
    "Champ at 12": 1911.0,
    "Champ at 13": 1911.0,
    "Champ at 14": 1911.0,
    "Champ at 15": 2562.0,
    "Champ at 16": 2562.0,
    "Champ at 17": 2562.0,
    "Champ at 18": 2562.0,
    "Champ at 19": 2562.0,
    "Champ at 2": 1538.0,
    "Champ at 20": 2562.0,
    "Champ at 21": 2935.0,
    "Champ at 22": 2935.0,
    "Champ at 23": 2935.0,
    "Champ at 24": 2935.0,
    "Champ at 25": 2935.0,
    "Champ at 26": 2935.0,
    "Champ at 27": 3586.0,
    "Champ at 28": 3586.0,
    "Champ at 29": 3586.0,
    "Champ at 3": 1538.0,
    "Champ at 30": 3586.0,
    "Champ at 31": 3586.0,
    "Champ at 32": 3586.0,
    "Champ at 33": 3959.0,
    "Champ at 34": 3959.0,
    "Champ at 35": 3959.0,
    "Champ at 36": 3959.0,
    "Champ at 37": 3959.0,
    "Champ at 38": 3959.0,
    "Champ at 39": 4916.0,
    "Champ at 4": 1538.0,
    "Champ at 40": 4916.0,
    "Champ at 41": 4916.0,
    "Champ at 42": 4916.0,
    "Champ at 43": 4916.0,
    "Champ at 44": 4916.0,
    "Champ at 45": 5164.0,
    "Champ at 5": 1538.0,
    "Champ at 6": 1538.0,
    "Champ at 7": 1538.0,
    "Champ at 8": 1911.0,
    "Champ at 9": 1911.0,
    "ChampFitness": 5164.0,
    "ChampInputs": [
        1.8680000305175781,
        1.8680000305175781,
        1.8680000305175781,
        1.8709999322891235,
        1.8709999322891235,
        1.8739999532699585,
        1.8739999532699585,
        1.2908504009246826,
        1.878000020980835,
        1.878000020980835,
        1.8809999227523804,
        1.8809999227523804,
        0.6349999904632568,
        1.8840000629425049,
        1.8840000629425049,
        1.8870000839233398,
        3.194999933242798,
        1.8870000839233398,
        1.8910000324249268,
        1.8910000324249268,
        1.8910000324249268,
        0.6319999694824219,
        1.8940000534057617,
        1.8970000743865967,
        1.8970000743865967,
        3.1589999198913574,
        1.9010000228881836,
        1.9010000228881836,
        1.9040000438690186,
        1.9040000438690186,
        0.3659999966621399,
        1.906999945640564,
        1.906999945640564,
        1.909999966621399,
        3.359999895095825,
        1.909999966621399,
        1.9140000343322754,
        1.9140000343322754,
        1.9169999361038208,
        1.9169999361038208,
        1.9169999361038208,
        1.9200000762939453,
        3.499000072479248,
        1.9200000762939453,
        1.9230000972747803,
        1.9230000972747803,
        1.9270000457763672,
        1.9270000457763672,
        1.9270000457763672,
        1.9300000667572021,
        1.9300000667572021,
        1.9329999685287476,
        1.9329999685287476,
        1.9329999685287476,
        1.9359999895095825,
        1.9359999895095825,
        1.940000057220459,
        1.940000057220459,
        1.940000057220459,
        1.9429999589920044,
        1.9429999589920044,
        1.9459999799728394,
        1.9459999799728394,
        1.9459999799728394,
        1.9499999284744263,
        1.9499999284744263,
        1.9529999494552612,
        1.9529999494552612,
        1.9529999494552612,
        1.9560000896453857,
        1.9560000896453857,
        1.9560000896453857,
        1.9589998722076416,
        1.9589998722076416,
        1.9630000591278076,
        1.9630000591278076,
        1.9630000591278076,
        1.9660000801086426,
        1.9660000801086426,
        1.968999981880188,
        1.968999981880188,
        1.968999981880188,
        1.972000002861023,
        1.972000002861023,
        1.9760000705718994,
        1.9760000705718994,
        1.9760000705718994,
        1.9789999723434448,
        1.9789999723434448,
        1.9789999723434448,
        1.9819999933242798,
        1.9819999933242798,
        1.9850001335144043,
        1.9850001335144043,
        1.9850001335144043,
        1.9889999628067017,
        1.9889999628067017,
        1.9889999628067017,
        1.9920001029968262,
        1.9920001029968262
    ],
    "Generations needed": 45,
    "Population 1": 205.55499267578125,
    "Population 10": 1909.135009765625,
    "Population 11": 1911.0,
    "Population 12": 1911.0,
    "Population 13": 1911.0,
    "Population 14": 1911.0,
    "Population 15": 1929.7650146484375,
    "Population 16": 2548.429931640625,
    "Population 17": 2562.0,
    "Population 18": 2562.0,
    "Population 19": 2562.0,
    "Population 2": 806.9450073242188,
    "Population 20": 2562.0,
    "Population 21": 2614.574951171875,
    "Population 22": 2933.135009765625,
    "Population 23": 2935.0,
    "Population 24": 2935.0,
    "Population 25": 2935.0,
    "Population 26": 2935.0,
    "Population 27": 2969.9951171875,
    "Population 28": 3576.830078125,
    "Population 29": 3586.0,
    "Population 3": 1479.6600341796875,
    "Population 30": 3586.0,
    "Population 31": 3586.0,
    "Population 32": 3586.0,
    "Population 33": 3635.409912109375,
    "Population 34": 3955.27001953125,
    "Population 35": 3959.0,
    "Population 36": 3959.0,
    "Population 37": 3959.0,
    "Population 38": 3959.0,
    "Population 39": 3986.97509765625,
    "Population 4": 1538.0,
    "Population 40": 4906.43017578125,
    "Population 41": 4916.0,
    "Population 42": 4916.0,
    "Population 43": 4916.0,
    "Population 44": 4916.0,
    "Population 45": 4971.419921875,
    "Population 5": 1538.0,
    "Population 6": 1538.0,
    "Population 7": 1538.0,
    "Population 8": 1587.239990234375,
    "Population 9": 1903.25,
    "start": "today"
}
