{
    "Champ at 1": 887.0,
    "Champ at 10": 1911.0,
    "Champ at 11": 1911.0,
    "Champ at 12": 1911.0,
    "Champ at 13": 1911.0,
    "Champ at 14": 1911.0,
    "Champ at 15": 2870.0,
    "Champ at 16": 2870.0,
    "Champ at 17": 2870.0,
    "Champ at 18": 2870.0,
    "Champ at 19": 2870.0,
    "Champ at 2": 1538.0,
    "Champ at 20": 3893.0,
    "Champ at 21": 3893.0,
    "Champ at 22": 3893.0,
    "Champ at 23": 3893.0,
    "Champ at 24": 3893.0,
    "Champ at 25": 4983.0,
    "Champ at 26": 4983.0,
    "Champ at 27": 4983.0,
    "Champ at 28": 4983.0,
    "Champ at 29": 4983.0,
    "Champ at 3": 1538.0,
    "Champ at 30": 4983.0,
    "Champ at 31": 5171.0,
    "Champ at 4": 1538.0,
    "Champ at 5": 1538.0,
    "Champ at 6": 1538.0,
    "Champ at 7": 1538.0,
    "Champ at 8": 1538.0,
    "Champ at 9": 1911.0,
    "ChampFitness": 5171.0,
    "ChampInputs": [
        1.8819999694824219,
        1.8819999694824219,
        1.8849999904632568,
        1.8880000114440918,
        1.8910000324249268,
        1.8910000324249268,
        3.119995355606079,
        1.8980000019073486,
        1.8980000019073486,
        1.9010000228881836,
        1.90500009059906,
        0.5680000185966492,
        1.9079999923706055,
        1.9079999923706055,
        1.9110000133514404,
        3.2109999656677246,
        1.9140000343322754,
        1.9179999828338623,
        1.9210000038146973,
        1.9210000038146973,
        1.9239999055862427,
        1.9239999055862427,
        1.9239999055862427,
        3.4220001697540283,
        1.9270000457763672,
        1.930999994277954,
        1.930999994277954,
        1.934000015258789,
        1.934000015258789,
        1.934000015258789,
        1.937000036239624,
        3.5759999752044678,
        1.940000057220459,
        1.940000057220459,
        1.944000005722046,
        1.944000005722046,
        1.9470000267028809,
        1.9470000267028809,
        1.9499999284744263,
        3.38700008392334,
        1.9499999284744263,
        1.9539999961853027,
        1.9539999961853027,
        1.9570000171661377,
        1.9570000171661377,
        1.9570000171661377,
        1.959999918937683,
        1.959999918937683,
        1.9630000591278076,
        1.9630000591278076,
        1.9670000076293945,
        1.9670000076293945,
        1.9670000076293945,
        1.9700000286102295,
        1.9700000286102295,
        1.9730000495910645,
        1.9730000495910645,
        1.9760000705718994,
        1.9760000705718994,
        1.9760000705718994,
        1.9800000190734863,
        1.9800000190734863,
        1.9830000400543213,
        1.9830000400543213,
        1.9859999418258667,
        1.9859999418258667,
        1.9889999628067017,
        1.9930000305175781,
        1.9959999322891235,
        1.9959999322891235,
        1.999000072479248,
        1.999000072479248,
        2.002000093460083,
        2.00600004196167,
        2.00600004196167,
        2.009000062942505,
        2.009000062942505,
        2.0119998455047607,
        2.0119998455047607,
        2.0160000324249268,
        2.0190000534057617,
        2.0190000534057617,
        2.0219998359680176,
        2.0250000953674316,
        2.0250000953674316,
        2.0290000438690186,
        2.0290000438690186,
        2.0290000438690186,
        2.0320000648498535,
        2.0320000648498535,
        2.0350000858306885,
        2.0350000858306885,
        2.0379998683929443,
        2.0379998683929443,
        2.0379998683929443,
        2.0420000553131104,
        2.0420000553131104,
        2.0450000762939453,
        2.0450000762939453,
        2.047999858856201
    ],
    "Generations needed": 31,
    "Population 1": 205.97999572753906,
    "Population 10": 1902.5550537109375,
    "Population 11": 1911.0,
    "Population 12": 1911.0,
    "Population 13": 1911.0,
    "Population 14": 1911.0,
    "Population 15": 1952.0450439453125,
    "Population 16": 2870.0,
    "Population 17": 2870.0,
    "Population 18": 2870.0,
    "Population 19": 2870.0,
    "Population 2": 790.8800048828125,
    "Population 20": 2957.35009765625,
    "Population 21": 3893.0,
    "Population 22": 3893.0,
    "Population 23": 3893.0,
    "Population 24": 3893.0,
    "Population 25": 3995.264892578125,
    "Population 26": 4961.375,
    "Population 27": 4983.0,
    "Population 28": 4983.0,
    "Population 29": 4983.0,
    "Population 3": 1509.0150146484375,
    "Population 30": 4983.0,
    "Population 31": 4984.06982421875,
    "Population 4": 1536.7049560546875,
    "Population 5": 1538.0,
    "Population 6": 1538.0,
    "Population 7": 1538.0,
    "Population 8": 1538.0,
    "Population 9": 1591.5450439453125,
    "start": "today"
}
