{
    "Champ at 1": 721.0,
    "Champ at 10": 1853.0,
    "Champ at 11": 1853.0,
    "Champ at 12": 1853.0,
    "Champ at 13": 1853.0,
    "Champ at 14": 1853.0,
    "Champ at 15": 1853.0,
    "Champ at 16": 2303.0,
    "Champ at 17": 2303.0,
    "Champ at 18": 2303.0,
    "Champ at 19": 2303.0,
    "Champ at 2": 826.0,
    "Champ at 20": 2303.0,
    "Champ at 21": 2303.0,
    "Champ at 22": 2303.0,
    "Champ at 23": 2935.0,
    "Champ at 24": 2935.0,
    "Champ at 25": 2935.0,
    "Champ at 26": 2935.0,
    "Champ at 27": 2935.0,
    "Champ at 28": 2935.0,
    "Champ at 29": 3319.0,
    "Champ at 3": 1271.0,
    "Champ at 30": 3319.0,
    "Champ at 31": 3319.0,
    "Champ at 32": 3319.0,
    "Champ at 33": 3319.0,
    "Champ at 34": 3319.0,
    "Champ at 35": 3901.0,
    "Champ at 36": 3901.0,
    "Champ at 37": 3901.0,
    "Champ at 38": 3901.0,
    "Champ at 39": 3901.0,
    "Champ at 4": 1271.0,
    "Champ at 40": 3901.0,
    "Champ at 41": 3901.0,
    "Champ at 42": 4351.0,
    "Champ at 43": 4351.0,
    "Champ at 44": 4351.0,
    "Champ at 45": 4351.0,
    "Champ at 46": 4351.0,
    "Champ at 47": 4351.0,
    "Champ at 48": 4983.0,
    "Champ at 49": 4983.0,
    "Champ at 5": 1271.0,
    "Champ at 50": 4983.0,
    "Champ at 51": 4983.0,
    "Champ at 52": 4983.0,
    "Champ at 53": 4983.0,
    "Champ at 54": 5161.0,
    "Champ at 6": 1271.0,
    "Champ at 7": 1271.0,
    "Champ at 8": 1271.0,
    "Champ at 9": 1271.0,
    "ChampFitness": 5161.0,
    "ChampInputs": [
        2.365115165710449,
        1.7680000066757202,
        1.7680000066757202,
        1.7680000066757202,
        1.7720000743865967,
        1.7720000743865967,
        3.212097644805908,
        1.774999976158142,
        1.774999976158142,
        3.199000120162964,
        1.774999976158142,
        1.777999997138977,
        1.777999997138977,
        1.777999997138977,
        3.2800002098083496,
        1.7820000648498535,
        1.7820000648498535,
        3.0959999561309814,
        1.784999966621399,
        1.784999966621399,
        1.784999966621399,
        1.7879999876022339,
        3.0169999599456787,
        1.7879999876022339,
        1.7910001277923584,
        3.125,
        1.7910001277923584,
        1.7949999570846558,
        1.7949999570846558,
        1.7949999570846558,
        3.25,
        1.7980000972747803,
        1.7980000972747803,
        3.0199999809265137,
        1.8009998798370361,
        1.8009998798370361,
        1.8009998798370361,
        1.8040000200271606,
        3.183000087738037,
        1.8040000200271606,
        1.808000087738037,
        1.808000087738037,
        1.808000087738037,
        1.808000087738037,
        1.8109999895095825,
        1.8109999895095825,
        1.8109999895095825,
        1.8140000104904175,
        1.8140000104904175,
        1.8140000104904175,
        1.8170000314712524,
        1.8170000314712524,
        1.8170000314712524,
        1.8209999799728394,
        1.8209999799728394,
        1.8209999799728394,
        1.8209999799728394,
        1.8240000009536743,
        1.8240000009536743,
        1.8240000009536743,
        1.8269999027252197,
        1.8269999027252197,
        1.8269999027252197,
        1.8309999704360962,
        1.8309999704360962,
        1.8309999704360962,
        1.8340001106262207,
        1.8340001106262207,
        1.8340001106262207,
        1.8340001106262207,
        1.8369998931884766,
        1.8369998931884766,
        1.8369998931884766,
        1.840000033378601,
        1.840000033378601,
        1.840000033378601,
        1.8440001010894775,
        1.8440001010894775,
        1.8440001010894775,
        1.847000002861023,
        1.847000002861023,
        1.847000002861023,
        1.847000002861023,
        1.850000023841858,
        1.850000023841858,
        1.850000023841858,
        1.8529999256134033,
        1.8529999256134033,
        1.8529999256134033,
        1.8569999933242798,
        1.8569999933242798,
        1.8569999933242798,
        1.8569999933242798,
        1.8600000143051147,
        1.8600000143051147,
        1.8600000143051147,
        1.8629999160766602,
        1.8629999160766602,
        1.8629999160766602,
        1.8659999370574951
    ],
    "Generations needed": 54,
    "Population 1": 200.7899932861328,
    "Population 10": 1379.4549560546875,
    "Population 11": 1846.9599609375,
    "Population 12": 1853.0,
    "Population 13": 1853.0,
    "Population 14": 1853.0,
    "Population 15": 1853.0,
    "Population 16": 1936.885009765625,
    "Population 17": 2296.5400390625,
    "Population 18": 2301.0400390625,
    "Population 19": 2303.0,
    "Population 2": 668.8400268554688,
    "Population 20": 2303.0,
    "Population 21": 2303.0,
    "Population 22": 2303.0,
    "Population 23": 2385.110107421875,
    "Population 24": 2928.7099609375,
    "Population 25": 2935.0,
    "Population 26": 2935.0,
    "Population 27": 2935.0,
    "Population 28": 2935.0,
    "Population 29": 2965.739990234375,
    "Population 3": 806.3049926757813,
    "Population 30": 3305.110107421875,
    "Population 31": 3319.0,
    "Population 32": 3319.0,
    "Population 33": 3319.0,
    "Population 34": 3319.0,
    "Population 35": 3411.155029296875,
    "Population 36": 3889.530029296875,
    "Population 37": 3900.9150390625,
    "Population 38": 3901.0,
    "Population 39": 3901.0,
    "Population 4": 1255.0450439453125,
    "Population 40": 3901.0,
    "Population 41": 3901.0,
    "Population 42": 3981.675048828125,
    "Population 43": 4349.6650390625,
    "Population 44": 4351.0,
    "Population 45": 4351.0,
    "Population 46": 4351.0,
    "Population 47": 4351.0,
    "Population 48": 4493.02001953125,
    "Population 49": 4975.93505859375,
    "Population 5": 1267.6400146484375,
    "Population 50": 4983.0,
    "Population 51": 4983.0,
    "Population 52": 4983.0,
    "Population 53": 4983.0,
    "Population 54": 4992.21484375,
    "Population 6": 1271.0,
    "Population 7": 1271.0,
    "Population 8": 1271.0,
    "Population 9": 1271.0,
    "start": "today"
}
