{
    "Champ at 1": 887.0,
    "Champ at 10": 1911.0,
    "Champ at 11": 1911.0,
    "Champ at 12": 1911.0,
    "Champ at 13": 1911.0,
    "Champ at 14": 2864.0,
    "Champ at 15": 2864.0,
    "Champ at 16": 2864.0,
    "Champ at 17": 2864.0,
    "Champ at 18": 2864.0,
    "Champ at 19": 2864.0,
    "Champ at 2": 1538.0,
    "Champ at 20": 3893.0,
    "Champ at 21": 3893.0,
    "Champ at 22": 3893.0,
    "Champ at 23": 3893.0,
    "Champ at 24": 3893.0,
    "Champ at 25": 3893.0,
    "Champ at 26": 4926.0,
    "Champ at 27": 4926.0,
    "Champ at 28": 4926.0,
    "Champ at 29": 4926.0,
    "Champ at 3": 1538.0,
    "Champ at 30": 4926.0,
    "Champ at 31": 4926.0,
    "Champ at 32": 5168.0,
    "Champ at 4": 1538.0,
    "Champ at 5": 1538.0,
    "Champ at 6": 1538.0,
    "Champ at 7": 1538.0,
    "Champ at 8": 1911.0,
    "Champ at 9": 1911.0,
    "ChampFitness": 5168.0,
    "ChampInputs": [
        1.8840000629425049,
        1.8840000629425049,
        1.8870000839233398,
        1.8870000839233398,
        1.8899999856948853,
        1.8899999856948853,
        1.8940000534057617,
        1.1292130947113037,
        1.8970000743865967,
        1.8970000743865967,
        1.899999976158142,
        1.899999976158142,
        0.5870000123977661,
        1.902999997138977,
        1.906999945640564,
        1.906999945640564,
        3.244999885559082,
        1.909999966621399,
        1.909999966621399,
        1.9130001068115234,
        1.9130001068115234,
        1.9159998893737793,
        1.9159998893737793,
        1.9200000762939453,
        3.6059999465942383,
        1.9230000972747803,
        1.9230000972747803,
        1.9259999990463257,
        1.9259999990463257,
        1.9290000200271606,
        1.9290000200271606,
        1.9329999685287476,
        3.5420000553131104,
        1.9359999895095825,
        1.9359999895095825,
        1.9390000104904175,
        1.9390000104904175,
        1.9429999589920044,
        1.9429999589920044,
        1.9459999799728394,
        3.3949999809265137,
        1.9490001201629639,
        1.9490001201629639,
        1.9519999027252197,
        1.9519999027252197,
        1.9560000896453857,
        1.9560000896453857,
        1.9589998722076416,
        1.9589998722076416,
        1.9620000123977661,
        1.9620000123977661,
        1.965000033378601,
        1.965000033378601,
        1.968999981880188,
        1.968999981880188,
        1.972000002861023,
        1.972000002861023,
        1.972000002861023,
        1.975000023841858,
        1.975000023841858,
        1.9779999256134033,
        1.9779999256134033,
        1.9819999933242798,
        1.9819999933242798,
        1.9850001335144043,
        1.9850001335144043,
        1.9879999160766602,
        1.9879999160766602,
        1.9920001029968262,
        1.9920001029968262,
        1.994999885559082,
        1.994999885559082,
        1.9980000257492065,
        1.9980000257492065,
        2.000999927520752,
        2.000999927520752,
        2.004999876022339,
        2.004999876022339,
        2.007999897003174,
        2.007999897003174,
        2.011000156402588,
        2.011000156402588,
        2.0139999389648438,
        2.0139999389648438,
        2.0180001258850098,
        2.0180001258850098,
        2.0180001258850098,
        2.0209999084472656,
        2.0209999084472656,
        2.0239999294281006,
        2.0239999294281006,
        2.0269999504089355,
        2.0269999504089355,
        2.0309998989105225,
        2.0309998989105225,
        2.0339999198913574,
        2.0339999198913574,
        2.0370001792907715,
        2.0370001792907715,
        2.0409998893737793
    ],
    "Generations needed": 32,
    "Population 1": 202.39999389648438,
    "Population 10": 1911.0,
    "Population 11": 1911.0,
    "Population 12": 1911.0,
    "Population 13": 1911.0,
    "Population 14": 1944.675048828125,
    "Population 15": 2839.155029296875,
    "Population 16": 2864.0,
    "Population 17": 2864.0,
    "Population 18": 2864.0,
    "Population 19": 2864.0,
    "Population 2": 785.5050048828125,
    "Population 20": 2947.875,
    "Population 21": 3870.949951171875,
    "Population 22": 3893.0,
    "Population 23": 3893.0,
    "Population 24": 3893.0,
    "Population 25": 3893.0,
    "Population 26": 3988.409912109375,
    "Population 27": 4906.66015625,
    "Population 28": 4926.0,
    "Population 29": 4926.0,
    "Population 3": 1496.135009765625,
    "Population 30": 4926.0,
    "Population 31": 4926.0,
    "Population 32": 4975.90478515625,
    "Population 4": 1538.0,
    "Population 5": 1538.0,
    "Population 6": 1538.0,
    "Population 7": 1538.0,
    "Population 8": 1584.875,
    "Population 9": 1902.1949462890625,
    "start": "today"
}
