{
    "Champ at 1": 826.0,
    "Champ at 10": 1538.0,
    "Champ at 11": 1538.0,
    "Champ at 12": 1538.0,
    "Champ at 13": 1538.0,
    "Champ at 14": 1538.0,
    "Champ at 15": 1911.0,
    "Champ at 16": 1911.0,
    "Champ at 17": 1911.0,
    "Champ at 18": 1911.0,
    "Champ at 19": 1911.0,
    "Champ at 2": 887.0,
    "Champ at 20": 1911.0,
    "Champ at 21": 2562.0,
    "Champ at 22": 2562.0,
    "Champ at 23": 2562.0,
    "Champ at 24": 2562.0,
    "Champ at 25": 2562.0,
    "Champ at 26": 2562.0,
    "Champ at 27": 2562.0,
    "Champ at 28": 2935.0,
    "Champ at 29": 2935.0,
    "Champ at 3": 887.0,
    "Champ at 30": 2935.0,
    "Champ at 31": 2935.0,
    "Champ at 32": 2935.0,
    "Champ at 33": 2935.0,
    "Champ at 34": 3586.0,
    "Champ at 35": 3586.0,
    "Champ at 36": 3586.0,
    "Champ at 37": 3586.0,
    "Champ at 38": 3586.0,
    "Champ at 39": 3586.0,
    "Champ at 4": 887.0,
    "Champ at 40": 3959.0,
    "Champ at 41": 3959.0,
    "Champ at 42": 3959.0,
    "Champ at 43": 3959.0,
    "Champ at 44": 3959.0,
    "Champ at 45": 3959.0,
    "Champ at 46": 4610.0,
    "Champ at 47": 4610.0,
    "Champ at 48": 4610.0,
    "Champ at 49": 4610.0,
    "Champ at 5": 887.0,
    "Champ at 50": 4610.0,
    "Champ at 51": 4610.0,
    "Champ at 52": 4983.0,
    "Champ at 53": 4983.0,
    "Champ at 54": 4983.0,
    "Champ at 55": 4983.0,
    "Champ at 56": 4983.0,
    "Champ at 57": 4983.0,
    "Champ at 58": 5164.0,
    "Champ at 6": 887.0,
    "Champ at 7": 887.0,
    "Champ at 8": 887.0,
    "Champ at 9": 1538.0,
    "ChampFitness": 5164.0,
    "ChampInputs": [
        1.8529999256134033,
        1.8559999465942383,
        1.8559999465942383,
        1.8559999465942383,
        1.8600000143051147,
        1.8600000143051147,
        3.3930001258850098,
        1.8629999160766602,
        1.8629999160766602,
        1.8659999370574951,
        1.8659999370574951,
        0.6840000152587891,
        1.8700001239776611,
        1.8700001239776611,
        1.872999906539917,
        3.174999952316284,
        1.8760000467300415,
        1.8760000467300415,
        1.8760000467300415,
        1.8790000677108765,
        2.502000093460083,
        1.8830000162124634,
        1.8830000162124634,
        3.302999973297119,
        1.8860000371932983,
        1.8860000371932983,
        1.8860000371932983,
        1.8889999389648438,
        0.4359999895095825,
        1.8919999599456787,
        1.8919999599456787,
        1.8919999599456787,
        3.3299999237060547,
        1.8960000276565552,
        1.8989999294281006,
        1.8989999294281006,
        1.8989999294281006,
        2.309000015258789,
        1.9019999504089355,
        1.90500009059906,
        3.240999937057495,
        1.90500009059906,
        1.9089999198913574,
        1.9089999198913574,
        1.9089999198913574,
        1.912000060081482,
        1.912000060081482,
        1.9149999618530273,
        1.9149999618530273,
        1.9149999618530273,
        1.9190000295639038,
        1.9190000295639038,
        1.9220000505447388,
        1.9220000505447388,
        1.9220000505447388,
        1.9249999523162842,
        1.9249999523162842,
        1.9279999732971191,
        1.9279999732971191,
        1.9279999732971191,
        1.9320000410079956,
        1.9320000410079956,
        1.9320000410079956,
        1.934999942779541,
        1.934999942779541,
        1.937999963760376,
        1.937999963760376,
        1.937999963760376,
        1.9410001039505005,
        1.9410001039505005,
        1.9449999332427979,
        1.9449999332427979,
        1.9449999332427979,
        1.9480000734329224,
        1.9480000734329224,
        1.9509999752044678,
        1.9509999752044678,
        1.9509999752044678,
        1.9539999961853027,
        1.9539999961853027,
        1.9539999961853027,
        1.9580000638961792,
        1.9580000638961792,
        1.9609999656677246,
        1.9609999656677246,
        1.9609999656677246,
        1.9639999866485596,
        1.9639999866485596,
        1.9679999351501465,
        1.9679999351501465,
        1.9679999351501465,
        1.9709999561309814,
        1.9709999561309814,
        1.9709999561309814,
        1.9739999771118164,
        1.9739999771118164,
        1.9769999980926514,
        1.9769999980926514,
        1.9769999980926514,
        1.9809999465942383
    ],
    "Generations needed": 58,
    "Population 1": 196.6649932861328,
    "Population 10": 1520.0899658203125,
    "Population 11": 1538.0,
    "Population 12": 1538.0,
    "Population 13": 1538.0,
    "Population 14": 1538.0,
    "Population 15": 1572.0550537109375,
    "Population 16": 1903.239990234375,
    "Population 17": 1911.0,
    "Population 18": 1911.0,
    "Population 19": 1911.0,
    "Population 2": 760.6599731445313,
    "Population 20": 1911.0,
    "Population 21": 1952.969970703125,
    "Population 22": 2552.235107421875,
    "Population 23": 2558.7451171875,
    "Population 24": 2562.0,
    "Population 25": 2562.0,
    "Population 26": 2562.0,
    "Population 27": 2562.0,
    "Population 28": 2596.534912109375,
    "Population 29": 2927.22998046875,
    "Population 3": 872.2100219726563,
    "Population 30": 2935.0,
    "Population 31": 2935.0,
    "Population 32": 2935.0,
    "Population 33": 2935.0,
    "Population 34": 2975.195068359375,
    "Population 35": 3566.469970703125,
    "Population 36": 3586.0,
    "Population 37": 3586.0,
    "Population 38": 3586.0,
    "Population 39": 3586.0,
    "Population 4": 885.135009765625,
    "Population 40": 3646.3701171875,
    "Population 41": 3956.820068359375,
    "Population 42": 3959.0,
    "Population 43": 3959.0,
    "Population 44": 3959.0,
    "Population 45": 3959.0,
    "Population 46": 3992.014892578125,
    "Population 47": 4600.23486328125,
    "Population 48": 4610.0,
    "Population 49": 4610.0,
    "Population 5": 887.0,
    "Population 50": 4610.0,
    "Population 51": 4610.0,
    "Population 52": 4652.7548828125,
    "Population 53": 4976.22998046875,
    "Population 54": 4983.0,
    "Population 55": 4983.0,
    "Population 56": 4983.0,
    "Population 57": 4983.0,
    "Population 58": 4985.81005859375,
    "Population 6": 887.0,
    "Population 7": 887.0,
    "Population 8": 887.0,
    "Population 9": 925.5750122070313,
    "start": "today"
}
