{
    "Champ at 1": 887.0,
    "Champ at 10": 1911.0,
    "Champ at 11": 1911.0,
    "Champ at 12": 1911.0,
    "Champ at 13": 1911.0,
    "Champ at 14": 2862.0,
    "Champ at 15": 2862.0,
    "Champ at 16": 2862.0,
    "Champ at 17": 2862.0,
    "Champ at 18": 2862.0,
    "Champ at 19": 2862.0,
    "Champ at 2": 1538.0,
    "Champ at 20": 3889.0,
    "Champ at 21": 3889.0,
    "Champ at 22": 3889.0,
    "Champ at 23": 3889.0,
    "Champ at 24": 3889.0,
    "Champ at 25": 3889.0,
    "Champ at 26": 4918.0,
    "Champ at 27": 4918.0,
    "Champ at 28": 4918.0,
    "Champ at 29": 4918.0,
    "Champ at 3": 1538.0,
    "Champ at 30": 4918.0,
    "Champ at 31": 4918.0,
    "Champ at 32": 5169.0,
    "Champ at 4": 1538.0,
    "Champ at 5": 1538.0,
    "Champ at 6": 1538.0,
    "Champ at 7": 1538.0,
    "Champ at 8": 1911.0,
    "Champ at 9": 1911.0,
    "ChampFitness": 5169.0,
    "ChampInputs": [
        1.8799998760223389,
        1.8830000162124634,
        1.8830000162124634,
        1.8870000839233398,
        1.8870000839233398,
        1.8870000839233398,
        1.8899999856948853,
        1.3154799938201904,
        1.8930000066757202,
        1.8930000066757202,
        1.8930000066757202,
        1.8960000276565552,
        2.3379998207092285,
        1.899999976158142,
        1.899999976158142,
        3.312000036239624,
        1.902999997138977,
        1.902999997138977,
        1.902999997138977,
        1.9059998989105225,
        1.9059998989105225,
        1.9089999198913574,
        1.9089999198913574,
        3.6440000534057617,
        1.9130001068115234,
        1.9130001068115234,
        1.9159998893737793,
        1.9159998893737793,
        1.9159998893737793,
        1.9190000295639038,
        1.9190000295639038,
        3.6070001125335693,
        1.9220000505447388,
        1.9220000505447388,
        1.9259999990463257,
        1.9259999990463257,
        1.9259999990463257,
        1.9290000200271606,
        1.9290000200271606,
        3.5360000133514404,
        1.9320000410079956,
        1.9320000410079956,
        1.9359999895095825,
        1.9359999895095825,
        1.9390000104904175,
        1.9390000104904175,
        1.9390000104904175,
        1.941999912261963,
        1.941999912261963,
        1.9449999332427979,
        1.9449999332427979,
        1.9449999332427979,
        1.9490001201629639,
        1.9490001201629639,
        1.9519999027252197,
        1.9519999027252197,
        1.9519999027252197,
        1.9550000429153442,
        1.9550000429153442,
        1.9550000429153442,
        1.9580000638961792,
        1.9580000638961792,
        1.9620000123977661,
        1.9620000123977661,
        1.9620000123977661,
        1.965000033378601,
        1.965000033378601,
        1.9679999351501465,
        1.9679999351501465,
        1.9679999351501465,
        1.9709999561309814,
        1.9709999561309814,
        1.975000023841858,
        1.975000023841858,
        1.975000023841858,
        1.9779999256134033,
        1.9779999256134033,
        1.9779999256134033,
        1.9809999465942383,
        1.9809999465942383,
        1.9850001335144043,
        1.9850001335144043,
        1.9850001335144043,
        1.9879999160766602,
        1.9879999160766602,
        1.9910000562667847,
        1.9910000562667847,
        1.9910000562667847,
        1.99399995803833,
        1.99399995803833,
        1.9980000257492065,
        1.9980000257492065,
        1.9980000257492065,
        2.000999927520752,
        2.000999927520752,
        2.000999927520752,
        2.003999948501587,
        2.003999948501587,
        2.006999969482422,
        2.006999969482422
    ],
    "Generations needed": 32,
    "Population 1": 194.6999969482422,
    "Population 10": 1911.0,
    "Population 11": 1911.0,
    "Population 12": 1911.0,
    "Population 13": 1911.0,
    "Population 14": 1943.06494140625,
    "Population 15": 2857.2451171875,
    "Population 16": 2862.0,
    "Population 17": 2862.0,
    "Population 18": 2862.0,
    "Population 19": 2862.0,
    "Population 2": 782.60498046875,
    "Population 20": 2959.294921875,
    "Population 21": 3877.945068359375,
    "Population 22": 3889.0,
    "Population 23": 3889.0,
    "Population 24": 3889.0,
    "Population 25": 3889.0,
    "Population 26": 3976.56005859375,
    "Population 27": 4915.06005859375,
    "Population 28": 4918.0,
    "Population 29": 4918.0,
    "Population 3": 1501.4100341796875,
    "Population 30": 4918.0,
    "Population 31": 4918.0,
    "Population 32": 4991.64013671875,
    "Population 4": 1538.0,
    "Population 5": 1538.0,
    "Population 6": 1538.0,
    "Population 7": 1538.0,
    "Population 8": 1598.2650146484375,
    "Population 9": 1906.2850341796875,
    "start": "today"
}
