{
    "Champ at 1": 826.0,
    "Champ at 10": 1911.0,
    "Champ at 11": 1911.0,
    "Champ at 12": 1911.0,
    "Champ at 13": 1911.0,
    "Champ at 14": 1911.0,
    "Champ at 15": 2307.0,
    "Champ at 16": 2562.0,
    "Champ at 17": 2562.0,
    "Champ at 18": 2562.0,
    "Champ at 19": 2562.0,
    "Champ at 2": 1273.0,
    "Champ at 20": 2562.0,
    "Champ at 21": 2562.0,
    "Champ at 22": 2935.0,
    "Champ at 23": 2935.0,
    "Champ at 24": 2935.0,
    "Champ at 25": 2935.0,
    "Champ at 26": 2935.0,
    "Champ at 27": 2935.0,
    "Champ at 28": 3586.0,
    "Champ at 29": 3586.0,
    "Champ at 3": 1538.0,
    "Champ at 30": 3586.0,
    "Champ at 31": 3586.0,
    "Champ at 32": 3586.0,
    "Champ at 33": 3586.0,
    "Champ at 34": 3586.0,
    "Champ at 35": 3959.0,
    "Champ at 36": 3959.0,
    "Champ at 37": 3959.0,
    "Champ at 38": 3959.0,
    "Champ at 39": 3959.0,
    "Champ at 4": 1538.0,
    "Champ at 40": 3959.0,
    "Champ at 41": 4610.0,
    "Champ at 42": 4610.0,
    "Champ at 43": 4610.0,
    "Champ at 44": 4610.0,
    "Champ at 45": 4610.0,
    "Champ at 46": 4610.0,
    "Champ at 47": 4983.0,
    "Champ at 48": 4983.0,
    "Champ at 49": 4983.0,
    "Champ at 5": 1538.0,
    "Champ at 50": 4983.0,
    "Champ at 51": 4983.0,
    "Champ at 52": 4983.0,
    "Champ at 53": 4983.0,
    "Champ at 54": 5167.0,
    "Champ at 6": 1538.0,
    "Champ at 7": 1538.0,
    "Champ at 8": 1538.0,
    "Champ at 9": 1911.0,
    "ChampFitness": 5167.0,
    "ChampInputs": [
        1.8529999256134033,
        1.8529999256134033,
        1.8559999465942383,
        1.8559999465942383,
        1.8589999675750732,
        1.8589999675750732,
        3.3954460620880127,
        1.8619999885559082,
        1.8619999885559082,
        1.8659999370574951,
        1.8659999370574951,
        2.5460000038146973,
        1.8690000772476196,
        1.8690000772476196,
        3.2813823223114014,
        1.871999979019165,
        1.871999979019165,
        1.875,
        1.875,
        0.5730000138282776,
        1.8790000677108765,
        1.8790000677108765,
        1.8819999694824219,
        3.294999837875366,
        1.8819999694824219,
        1.8849999904632568,
        1.8849999904632568,
        1.8889999389648438,
        2.446000099182129,
        1.8889999389648438,
        1.8919999599456787,
        3.0859999656677246,
        1.8949999809265137,
        1.8949999809265137,
        1.8949999809265137,
        1.8980000019073486,
        2.495999813079834,
        1.9019999504089355,
        1.9019999504089355,
        3.264000177383423,
        1.90500009059906,
        1.90500009059906,
        1.90500009059906,
        1.9079999923706055,
        1.9079999923706055,
        1.9110000133514404,
        1.9110000133514404,
        1.9110000133514404,
        1.9149999618530273,
        1.9149999618530273,
        1.9179999828338623,
        1.9179999828338623,
        1.9179999828338623,
        1.9210000038146973,
        1.9210000038146973,
        1.9239999055862427,
        1.9239999055862427,
        1.9239999055862427,
        1.9279999732971191,
        1.9279999732971191,
        1.930999994277954,
        1.930999994277954,
        1.930999994277954,
        1.934000015258789,
        1.934000015258789,
        1.934000015258789,
        1.937999963760376,
        1.937999963760376,
        1.9410001039505005,
        1.9410001039505005,
        1.9410001039505005,
        1.944000005722046,
        1.944000005722046,
        1.9470000267028809,
        1.9470000267028809,
        1.9470000267028809,
        1.9509999752044678,
        1.9509999752044678,
        1.9539999961853027,
        1.9539999961853027,
        1.9539999961853027,
        1.9570000171661377,
        1.9570000171661377,
        1.959999918937683,
        1.959999918937683,
        1.959999918937683,
        1.9639999866485596,
        1.9639999866485596,
        1.9639999866485596,
        1.9670000076293945,
        1.9670000076293945,
        1.9700000286102295,
        1.9700000286102295,
        1.9700000286102295,
        1.9730000495910645,
        1.9730000495910645,
        1.9769999980926514,
        1.9769999980926514,
        1.9769999980926514,
        1.9800000190734863
    ],
    "Generations needed": 54,
    "Population 1": 201.6199951171875,
    "Population 10": 1898.655029296875,
    "Population 11": 1911.0,
    "Population 12": 1911.0,
    "Population 13": 1911.0,
    "Population 14": 1911.0,
    "Population 15": 1928.3900146484375,
    "Population 16": 2302.3349609375,
    "Population 17": 2552.235107421875,
    "Population 18": 2562.0,
    "Population 19": 2562.0,
    "Population 2": 777.4450073242188,
    "Population 20": 2562.0,
    "Population 21": 2562.0,
    "Population 22": 2602.1201171875,
    "Population 23": 2930.97998046875,
    "Population 24": 2935.0,
    "Population 25": 2935.0,
    "Population 26": 2935.0,
    "Population 27": 2935.0,
    "Population 28": 2957.219970703125,
    "Population 29": 3569.72509765625,
    "Population 3": 1255.9000244140625,
    "Population 30": 3582.7451171875,
    "Population 31": 3586.0,
    "Population 32": 3586.0,
    "Population 33": 3586.0,
    "Population 34": 3586.0,
    "Population 35": 3635.68994140625,
    "Population 36": 3953.405029296875,
    "Population 37": 3959.0,
    "Population 38": 3959.0,
    "Population 39": 3959.0,
    "Population 4": 1534.7449951171875,
    "Population 40": 3959.0,
    "Population 41": 4004.175048828125,
    "Population 42": 4596.97998046875,
    "Population 43": 4610.0,
    "Population 44": 4610.0,
    "Population 45": 4610.0,
    "Population 46": 4610.0,
    "Population 47": 4644.80517578125,
    "Population 48": 4976.58984375,
    "Population 49": 4981.56005859375,
    "Population 5": 1538.0,
    "Population 50": 4983.0,
    "Population 51": 4983.0,
    "Population 52": 4983.0,
    "Population 53": 4983.0,
    "Population 54": 4995.47509765625,
    "Population 6": 1538.0,
    "Population 7": 1538.0,
    "Population 8": 1538.0,
    "Population 9": 1573.9849853515625,
    "start": "today"
}
