{
    "Champ at 1": 887.0,
    "Champ at 10": 3762.0,
    "Champ at 11": 3762.0,
    "Champ at 12": 3762.0,
    "Champ at 13": 3959.0,
    "Champ at 14": 4610.0,
    "Champ at 15": 4786.0,
    "Champ at 16": 4909.0,
    "Champ at 17": 4983.0,
    "Champ at 18": 5192.0,
    "Champ at 2": 1253.0,
    "Champ at 3": 1911.0,
    "Champ at 4": 1911.0,
    "Champ at 5": 2291.0,
    "Champ at 6": 2562.0,
    "Champ at 7": 2869.0,
    "Champ at 8": 2935.0,
    "Champ at 9": 3307.0,
    "ChampFitness": 5192.0,
    "ChampInputs": [
        1.8840000629425049,
        1.8840000629425049,
        1.8870000839233398,
        1.8870000839233398,
        1.8910000324249268,
        1.8910000324249268,
        0.5400000214576721,
        1.8940000534057617,
        1.8940000534057617,
        1.8970000743865967,
        2.435999870300293,
        0.5440000295639038,
        1.6150000095367432,
        1.899999976158142,
        1.899999976158142,
        1.9040000438690186,
        2.7799999713897705,
        1.906999945640564,
        1.906999945640564,
        0.31199997663497925,
        2.250999927520752,
        2.1050000190734863,
        1.9130001068115234,
        1.9130001068115234,
        1.9130001068115234,
        2.5839998722076416,
        0.7720000147819519,
        1.9200000762939453,
        1.9200000762939453,
        1.9200000762939453,
        1.9230000972747803,
        1.9230000972747803,
        0.5669999718666077,
        1.9259999990463257,
        1.9259999990463257,
        2.0989999771118164,
        1.034000039100647,
        1.9329999685287476,
        1.9329999685287476,
        1.9329999685287476,
        2.1050000190734863,
        1.9359999895095825,
        0.28299999237060547,
        1.0750000476837158,
        0.5759999752044678,
        1.9429999589920044,
        1.9429999589920044,
        1.215000033378601,
        0.5830000042915344,
        1.9459999799728394,
        1.9490001201629639,
        1.9490001201629639,
        2.115000009536743,
        1.9529999494552612,
        1.9529999494552612,
        1.225000023841858,
        1.9560000896453857,
        1.9560000896453857,
        1.9589998722076416,
        1.9589998722076416,
        1.9620000123977661,
        1.9620000123977661,
        1.9620000123977661,
        2.619999885559082,
        1.9660000801086426,
        1.093999981880188,
        1.968999981880188,
        1.968999981880188,
        1.972000002861023,
        1.972000002861023,
        1.065999984741211,
        1.975000023841858,
        1.975000023841858,
        1.9789999723434448,
        1.9789999723434448,
        1.9789999723434448,
        2.1740000247955322,
        1.9819999933242798,
        1.9850001335144043,
        2.63700008392334,
        1.9850001335144043,
        1.9889999628067017,
        2.504000186920166,
        1.9920001029968262,
        1.9920001029968262,
        1.9920001029968262,
        1.994999885559082,
        1.994999885559082,
        1.9980000257492065,
        1.9980000257492065,
        0.4780000150203705,
        2.002000093460083,
        2.8519999980926514,
        2.1540000438690186,
        1.124000072479248,
        2.004999876022339,
        2.007999897003174,
        2.007999897003174,
        2.8589999675750732,
        0.35199999809265137
    ],
    "Generations needed": 19,
    "Population 1": 196.4250030517578,
    "Population 10": 2433.344970703125,
    "Population 11": 2748.699951171875,
    "Population 12": 2701.3701171875,
    "Population 13": 2640.22509765625,
    "Population 14": 2671.719970703125,
    "Population 15": 2945.52001953125,
    "Population 16": 2947.405029296875,
    "Population 17": 3252.3798828125,
    "Population 18": 3099.485107421875,
    "Population 2": 829.8599853515625,
    "Population 3": 1166.6500244140625,
    "Population 4": 1648.739990234375,
    "Population 5": 1597.219970703125,
    "Population 6": 1873.5250244140625,
    "Population 7": 2078.639892578125,
    "Population 8": 2262.75,
    "Population 9": 2096.235107421875,
    "start": "today"
}
