{
    "Champ at 1": 831.0,
    "Champ at 10": 4983.0,
    "Champ at 11": 4983.0,
    "Champ at 12": 4983.0,
    "Champ at 13": 4983.0,
    "Champ at 14": 5164.0,
    "Champ at 2": 1280.0,
    "Champ at 3": 1911.0,
    "Champ at 4": 2562.0,
    "Champ at 5": 2935.0,
    "Champ at 6": 2935.0,
    "Champ at 7": 4786.0,
    "Champ at 8": 4924.0,
    "Champ at 9": 4983.0,
    "ChampFitness": 5164.0,
    "ChampInputs": [
        1.8659999370574951,
        1.8659999370574951,
        1.8690000772476196,
        1.871999979019165,
        1.871999979019165,
        1.871999979019165,
        3.072000026702881,
        1.8760000467300415,
        0.3929999768733978,
        1.8790000677108765,
        1.8790000677108765,
        1.8819999694824219,
        0.3999999761581421,
        1.8849999904632568,
        1.8849999904632568,
        1.8889999389648438,
        0.6129999756813049,
        2.5240001678466797,
        1.8919999599456787,
        1.8949999809265137,
        1.8949999809265137,
        1.8949999809265137,
        0.6190000176429749,
        1.8989999294281006,
        1.9019999504089355,
        1.90500009059906,
        0.4780000150203705,
        1.9079999923706055,
        1.9079999923706055,
        1.912000060081482,
        3.0950000286102295,
        1.9210000038146973,
        1.9210000038146973,
        1.9249999523162842,
        1.9279999732971191,
        1.9279999732971191,
        0.42899999022483826,
        1.930999994277954,
        1.934000015258789,
        3.1050000190734863,
        1.937999963760376,
        1.937999963760376,
        1.6140000820159912,
        1.9410001039505005,
        3.36299991607666,
        1.944000005722046,
        1.9509999752044678,
        1.9539999961853027,
        1.9539999961853027,
        1.9570000171661377,
        1.9570000171661377,
        1.9570000171661377,
        1.9609999656677246,
        1.9609999656677246,
        1.9639999866485596,
        1.9639999866485596,
        1.9670000076293945,
        1.9670000076293945,
        1.9700000286102295,
        1.9700000286102295,
        1.9739999771118164,
        1.9739999771118164,
        1.9769999980926514,
        1.9800000190734863,
        1.9800000190734863,
        1.9869999885559082,
        1.9900000095367432,
        1.9900000095367432,
        3.386000156402588,
        1.9930000305175781,
        1.9959999322891235,
        1.9959999322891235,
        2.0,
        2.0,
        0.4749999940395355,
        3.3959999084472656,
        9.682999610900879,
        2.00600004196167,
        2.009999990463257,
        9.685999870300293,
        2.013000011444092,
        2.0160000324249268,
        2.0160000324249268,
        2.0190000534057617,
        0.48799997568130493,
        2.0230000019073486,
        2.0230000019073486,
        2.0260000228881836,
        2.0260000228881836,
        2.0290000438690186,
        0.5820000171661377,
        0.49800002574920654,
        2.0320000648498535,
        1.6660000085830688,
        2.0360000133514404,
        2.0390000343322754,
        2.0390000343322754,
        2.0420000553131104,
        2.0420000553131104,
        2.0450000762939453
    ],
    "Generations needed": 15,
    "Population 1": 203.3350067138672,
    "Population 10": 3032.60009765625,
    "Population 11": 3238.81005859375,
    "Population 12": 2982.449951171875,
    "Population 13": 3138.530029296875,
    "Population 14": 2793.465087890625,
    "Population 2": 770.875,
    "Population 3": 1154.905029296875,
    "Population 4": 1633.800048828125,
    "Population 5": 2006.219970703125,
    "Population 6": 2396.054931640625,
    "Population 7": 2262.195068359375,
    "Population 8": 3048.135009765625,
    "Population 9": 3237.18505859375,
    "start": "today"
}
