{
    "Champ at 1": 817.0,
    "Champ at 10": 3313.0,
    "Champ at 11": 3762.0,
    "Champ at 12": 3762.0,
    "Champ at 13": 4322.0,
    "Champ at 14": 4786.0,
    "Champ at 15": 4983.0,
    "Champ at 16": 4983.0,
    "Champ at 17": 4983.0,
    "Champ at 18": 5138.0,
    "Champ at 2": 1247.0,
    "Champ at 3": 1486.0,
    "Champ at 4": 1911.0,
    "Champ at 5": 1911.0,
    "Champ at 6": 2278.0,
    "Champ at 7": 2738.0,
    "Champ at 8": 2738.0,
    "Champ at 9": 2738.0,
    "ChampFitness": 5138.0,
    "ChampInputs": [
        1.8320000171661377,
        1.8320000171661377,
        1.8350000381469727,
        1.8350000381469727,
        1.7970000505447388,
        1.837999939918518,
        2.818999767303467,
        1.8420000076293945,
        2.736999988555908,
        2.4839999675750732,
        1.84499990940094,
        1.84499990940094,
        1.8480000495910645,
        1.8480000495910645,
        2.667999744415283,
        2.4099998474121094,
        1.8510000705718994,
        2.6710000038146973,
        1.8550000190734863,
        1.8550000190734863,
        1.8580000400543213,
        1.8580000400543213,
        2.75,
        1.8610000610351563,
        0.8810000419616699,
        1.8650000095367432,
        1.8650000095367432,
        1.8680000305175781,
        1.8229999542236328,
        2.4230000972747803,
        1.3029999732971191,
        2.759000062942505,
        0.7280000448226929,
        1.8739999532699585,
        1.8739999532699585,
        0.7339999675750732,
        1.878000020980835,
        1.878000020980835,
        1.8809999227523804,
        1.8809999227523804,
        1.8840000629425049,
        2.759999990463257,
        1.8840000629425049,
        1.8870000839233398,
        1.8870000839233398,
        1.8910000324249268,
        2.697000026702881,
        1.8910000324249268,
        1.8940000534057617,
        0.8240000009536743,
        1.8970000743865967,
        1.8970000743865967,
        1.8970000743865967,
        1.899999976158142,
        1.899999976158142,
        1.899999976158142,
        1.9040000438690186,
        1.9040000438690186,
        1.906999945640564,
        2.871999979019165,
        2.871999979019165,
        0.9170000553131104,
        1.909999966621399,
        1.9140000343322754,
        2.7829999923706055,
        2.5399999618530273,
        1.9169999361038208,
        1.9169999361038208,
        1.9200000762939453,
        1.9200000762939453,
        1.9200000762939453,
        1.9230000972747803,
        1.9230000972747803,
        1.9230000972747803,
        1.9270000457763672,
        2.4690001010894775,
        1.9300000667572021,
        0.9329999685287476,
        1.9300000667572021,
        0.9329999685287476,
        1.9329999685287476,
        0.9359999895095825,
        1.9359999895095825,
        1.9359999895095825,
        1.940000057220459,
        1.940000057220459,
        2.7360000610351563,
        1.9429999589920044,
        1.9429999589920044,
        1.9459999799728394,
        2.9010000228881836,
        1.9490001201629639,
        0.7870000004768372,
        1.9490001201629639,
        1.9529999494552612,
        1.9529999494552612,
        1.9560000896453857,
        1.9560000896453857,
        1.9560000896453857,
        1.9589998722076416
    ],
    "Generations needed": 19,
    "Population 1": 208.11500549316406,
    "Population 10": 2201.044921875,
    "Population 11": 2493.02490234375,
    "Population 12": 2624.320068359375,
    "Population 13": 2847.320068359375,
    "Population 14": 3035.739990234375,
    "Population 15": 3385.52490234375,
    "Population 16": 3467.39990234375,
    "Population 17": 3218.544921875,
    "Population 18": 3172.820068359375,
    "Population 2": 773.6400146484375,
    "Population 3": 1147.06005859375,
    "Population 4": 1311.31005859375,
    "Population 5": 1632.5550537109375,
    "Population 6": 1608.6949462890625,
    "Population 7": 1891.3800048828125,
    "Population 8": 2138.070068359375,
    "Population 9": 2229.090087890625,
    "start": "today"
}
