{
    "Champ at 1": 826.0,
    "Champ at 10": 3959.0,
    "Champ at 11": 4332.0,
    "Champ at 12": 4695.0,
    "Champ at 13": 4695.0,
    "Champ at 14": 4786.0,
    "Champ at 15": 4786.0,
    "Champ at 16": 4786.0,
    "Champ at 17": 4983.0,
    "Champ at 18": 4983.0,
    "Champ at 19": 5147.0,
    "Champ at 2": 1269.0,
    "Champ at 3": 1755.0,
    "Champ at 4": 1911.0,
    "Champ at 5": 2935.0,
    "Champ at 6": 3330.0,
    "Champ at 7": 3586.0,
    "Champ at 8": 3889.0,
    "Champ at 9": 3959.0,
    "ChampFitness": 5147.0,
    "ChampInputs": [
        1.850000023841858,
        1.850000023841858,
        1.850000023841858,
        1.850000023841858,
        1.8529999256134033,
        1.8529999256134033,
        3.003000020980835,
        1.8569999933242798,
        0.6310000419616699,
        1.8569999933242798,
        0.45399999618530273,
        1.8600000143051147,
        1.8600000143051147,
        1.8629999160766602,
        1.8629999160766602,
        1.8629999160766602,
        3.2659997940063477,
        1.8659999370574951,
        1.8659999370574951,
        1.8659999370574951,
        1.8700001239776611,
        0.6449999809265137,
        1.8700001239776611,
        0.03700000047683716,
        1.872999906539917,
        1.872999906539917,
        2.687999963760376,
        1.9889999628067017,
        1.8760000467300415,
        0.6539999842643738,
        1.8799998760223389,
        1.8799998760223389,
        0.13500000536441803,
        0.07400000095367432,
        1.8830000162124634,
        0.04999999701976776,
        1.8860000371932983,
        2.004999876022339,
        1.8860000371932983,
        0.6639999747276306,
        1.8889999389648438,
        0.4870000183582306,
        1.8889999389648438,
        1.8930000066757202,
        1.8930000066757202,
        0.06000000238418579,
        0.08999999612569809,
        2.1110000610351563,
        1.8960000276565552,
        1.8989999294281006,
        2.114000082015991,
        1.0700000524520874,
        1.8989999294281006,
        0.6769999861717224,
        1.9019999504089355,
        1.9019999504089355,
        1.9059998989105225,
        1.9059998989105225,
        1.9059998989105225,
        1.9089999198913574,
        0.687000036239624,
        0.10999999940395355,
        1.9089999198913574,
        1.912000060081482,
        1.912000060081482,
        2.7270002365112305,
        1.9149999618530273,
        2.13700008392334,
        1.9149999618530273,
        1.9190000295639038,
        1.9190000295639038,
        1.9190000295639038,
        1.9220000505447388,
        1.9220000505447388,
        3.069000005722046,
        1.9220000505447388,
        1.093000054359436,
        1.9249999523162842,
        3.075000047683716,
        1.9279999732971191,
        3.328000068664551,
        1.9279999732971191,
        0.18700000643730164,
        2.0769999027252197,
        1.9320000410079956,
        1.9320000410079956,
        1.934999942779541,
        1.934999942779541,
        1.934999942779541,
        1.937999963760376,
        1.937999963760376,
        1.937999963760376,
        1.941999912261963,
        1.941999912261963,
        1.941999912261963,
        2.2279999256134033,
        1.9449999332427979,
        1.9449999332427979,
        3.3450002670288086,
        1.9480000734329224
    ],
    "Generations needed": 20,
    "Population 1": 205.38499450683594,
    "Population 10": 2753.60498046875,
    "Population 11": 2720.1298828125,
    "Population 12": 2832.014892578125,
    "Population 13": 3031.344970703125,
    "Population 14": 3033.344970703125,
    "Population 15": 2899.969970703125,
    "Population 16": 3026.8349609375,
    "Population 17": 3148.574951171875,
    "Population 18": 3080.840087890625,
    "Population 19": 2945.510009765625,
    "Population 2": 793.5999755859375,
    "Population 3": 1145.6199951171875,
    "Population 4": 1594.300048828125,
    "Population 5": 1638.35498046875,
    "Population 6": 2222.304931640625,
    "Population 7": 2560.044921875,
    "Population 8": 2531.14990234375,
    "Population 9": 2707.804931640625,
    "start": "today"
}
