{
    "Champ at 1": 730.0,
    "Champ at 10": 1911.0,
    "Champ at 11": 2562.0,
    "Champ at 12": 2877.0,
    "Champ at 13": 3307.0,
    "Champ at 14": 3762.0,
    "Champ at 15": 3880.0,
    "Champ at 16": 3886.0,
    "Champ at 17": 3959.0,
    "Champ at 18": 4326.0,
    "Champ at 19": 4610.0,
    "Champ at 2": 811.0,
    "Champ at 20": 4610.0,
    "Champ at 21": 4610.0,
    "Champ at 22": 4983.0,
    "Champ at 23": 4983.0,
    "Champ at 24": 5123.0,
    "Champ at 3": 829.0,
    "Champ at 4": 887.0,
    "Champ at 5": 1264.0,
    "Champ at 6": 1623.0,
    "Champ at 7": 1623.0,
    "Champ at 8": 1714.0,
    "Champ at 9": 1854.0,
    "ChampFitness": 5123.0,
    "ChampInputs": [
        1.7939999103546143,
        1.9630000591278076,
        2.0909998416900635,
        1.7970000505447388,
        1.8000000715255737,
        1.8000000715255737,
        2.9769997596740723,
        1.8000000715255737,
        0.6449999809265137,
        1.8040000200271606,
        1.8040000200271606,
        1.8070000410079956,
        0.375,
        1.8070000410079956,
        1.809999942779541,
        1.9159998893737793,
        3.546999931335449,
        1.7699999809265137,
        2.822000026702881,
        1.7730000019073486,
        1.9830000400543213,
        1.0460000038146973,
        0.6580000519752502,
        1.8170000314712524,
        1.8199999332427979,
        2.8519999980926514,
        0.3620000183582306,
        1.8229999542236328,
        1.8229999542236328,
        2.8580000400543213,
        1.8229999542236328,
        1.8260000944137573,
        1.8260000944137573,
        0.39399999380111694,
        1.0379999876022339,
        3.115999937057495,
        1.065999984741211,
        0.675000011920929,
        3.3910000324249268,
        1.8330000638961792,
        1.8330000638961792,
        1.7960000038146973,
        1.8359999656677246,
        1.8359999656677246,
        1.8389999866485596,
        0.7419999837875366,
        1.8389999866485596,
        1.0540000200271606,
        1.843000054359436,
        1.843000054359436,
        1.8459999561309814,
        1.8459999561309814,
        1.8459999561309814,
        1.8459999561309814,
        1.8489999771118164,
        7.458000183105469,
        3.4140000343322754,
        1.8529999256134033,
        1.8529999256134033,
        1.8529999256134033,
        1.8559999465942383,
        1.8559999465942383,
        1.8559999465942383,
        1.8559999465942383,
        1.8589999675750732,
        3.617000102996826,
        1.8589999675750732,
        1.8619999885559082,
        1.8619999885559082,
        3.1579999923706055,
        1.8659999370574951,
        0.7749999761581421,
        1.9709999561309814,
        1.8659999370574951,
        1.1110000610351563,
        1.8690000772476196,
        1.8690000772476196,
        3.1679999828338623,
        1.871999979019165,
        1.871999979019165,
        2.88100004196167,
        2.883999824523926,
        3.069000005722046,
        1.0959999561309814,
        2.639000177383423,
        1.8790000677108765,
        0.44599997997283936,
        2.927000045776367,
        2.930000066757202,
        1.8819999694824219,
        0.7980000376701355,
        1.8849999904632568,
        1.8849999904632568,
        1.8849999904632568,
        1.8880000114440918,
        1.8880000114440918,
        1.8880000114440918,
        1.8919999599456787,
        1.996999979019165,
        1.8919999599456787
    ],
    "Generations needed": 25,
    "Population 1": 194.30499267578125,
    "Population 10": 1613.635009765625,
    "Population 11": 1690.7349853515625,
    "Population 12": 2063.72998046875,
    "Population 13": 2130.235107421875,
    "Population 14": 2630.5048828125,
    "Population 15": 2773.125,
    "Population 16": 2560.324951171875,
    "Population 17": 2856.389892578125,
    "Population 18": 2570.85009765625,
    "Population 19": 2866.85009765625,
    "Population 2": 689.25,
    "Population 20": 3161.60009765625,
    "Population 21": 3044.679931640625,
    "Population 22": 3007.27001953125,
    "Population 23": 3080.9599609375,
    "Population 24": 3261.27001953125,
    "Population 3": 770.2849731445313,
    "Population 4": 754.4199829101563,
    "Population 5": 826.3350219726563,
    "Population 6": 1118.60498046875,
    "Population 7": 1432.949951171875,
    "Population 8": 1419.824951171875,
    "Population 9": 1521.4000244140625,
    "start": "today"
}
