{
    "Champ at 1": 887.0,
    "Champ at 10": 3586.0,
    "Champ at 11": 3959.0,
    "Champ at 12": 3959.0,
    "Champ at 13": 4354.0,
    "Champ at 14": 4354.0,
    "Champ at 15": 4786.0,
    "Champ at 16": 4786.0,
    "Champ at 17": 4786.0,
    "Champ at 18": 4919.0,
    "Champ at 19": 4983.0,
    "Champ at 2": 1278.0,
    "Champ at 20": 4983.0,
    "Champ at 21": 4983.0,
    "Champ at 22": 5156.0,
    "Champ at 3": 2302.0,
    "Champ at 4": 2861.0,
    "Champ at 5": 2935.0,
    "Champ at 6": 2935.0,
    "Champ at 7": 2935.0,
    "Champ at 8": 2935.0,
    "Champ at 9": 2935.0,
    "ChampFitness": 5156.0,
    "ChampInputs": [
        1.871999979019165,
        1.871999979019165,
        1.871999979019165,
        1.875,
        1.875,
        1.875,
        3.007999897003174,
        1.878000020980835,
        2.8289999961853027,
        1.878000020980835,
        1.8819999694824219,
        1.8819999694824219,
        1.8849999904632568,
        1.8849999904632568,
        2.8359999656677246,
        1.8849999904632568,
        1.8880000114440918,
        2.3459999561309814,
        1.8880000114440918,
        1.8910000324249268,
        1.8910000324249268,
        1.8910000324249268,
        3.6549999713897705,
        1.8949999809265137,
        1.8949999809265137,
        1.8980000019073486,
        1.8980000019073486,
        1.8980000019073486,
        0.29899999499320984,
        1.9010000228881836,
        1.9010000228881836,
        0.3020000159740448,
        1.9040000438690186,
        0.9549999833106995,
        1.9040000438690186,
        1.9079999923706055,
        2.135999917984009,
        1.9079999923706055,
        1.9110000133514404,
        1.9110000133514404,
        2.0429999828338623,
        0.6110000014305115,
        1.9140000343322754,
        0.3149999976158142,
        2.371999979019165,
        1.9169999361038208,
        1.9210000038146973,
        1.9210000038146973,
        1.9239999055862427,
        1.9239999055862427,
        1.9270000457763672,
        1.9270000457763672,
        1.930999994277954,
        1.930999994277954,
        1.934000015258789,
        1.937000036239624,
        1.937000036239624,
        1.940000057220459,
        1.940000057220459,
        1.944000005722046,
        2.1589999198913574,
        1.9470000267028809,
        2.065999984741211,
        1.9499999284744263,
        1.9529999494552612,
        1.9570000171661377,
        1.9570000171661377,
        1.959999918937683,
        1.959999918937683,
        1.9630000591278076,
        2.072000026702881,
        1.9660000801086426,
        1.9700000286102295,
        1.9700000286102295,
        1.9730000495910645,
        1.9760000705718994,
        1.9760000705718994,
        1.9789999723434448,
        4.764999866485596,
        2.4049999713897705,
        3.0759999752044678,
        1.0,
        1.9889999628067017,
        1.9889999628067017,
        1.9930000305175781,
        4.708000183105469,
        1.9959999322891235,
        1.999000072479248,
        2.002000093460083,
        2.002000093460083,
        0.3569999933242798,
        2.00600004196167,
        2.00600004196167,
        4.7139997482299805,
        2.009000062942505,
        1.0169999599456787,
        2.0119998455047607,
        2.0149998664855957,
        2.0149998664855957,
        2.0190000534057617
    ],
    "Generations needed": 23,
    "Population 1": 192.1699981689453,
    "Population 10": 2258.27490234375,
    "Population 11": 2811.75,
    "Population 12": 2865.3349609375,
    "Population 13": 2923.050048828125,
    "Population 14": 2964.320068359375,
    "Population 15": 3200.094970703125,
    "Population 16": 3339.72509765625,
    "Population 17": 3383.159912109375,
    "Population 18": 3028.77001953125,
    "Population 19": 3289.264892578125,
    "Population 2": 842.385009765625,
    "Population 20": 3324.155029296875,
    "Population 21": 3407.794921875,
    "Population 22": 3117.419921875,
    "Population 3": 1178.81494140625,
    "Population 4": 1977.7750244140625,
    "Population 5": 2233.469970703125,
    "Population 6": 2358.405029296875,
    "Population 7": 2411.35498046875,
    "Population 8": 2195.875,
    "Population 9": 2239.39501953125,
    "start": "today"
}
