{
    "Champ at 1": 887.0,
    "Champ at 10": 3330.0,
    "Champ at 11": 3330.0,
    "Champ at 12": 3447.0,
    "Champ at 13": 3762.0,
    "Champ at 14": 4339.0,
    "Champ at 15": 4786.0,
    "Champ at 16": 4786.0,
    "Champ at 17": 4983.0,
    "Champ at 18": 4983.0,
    "Champ at 19": 4983.0,
    "Champ at 2": 887.0,
    "Champ at 20": 4983.0,
    "Champ at 21": 5125.0,
    "Champ at 3": 1259.0,
    "Champ at 4": 1855.0,
    "Champ at 5": 2268.0,
    "Champ at 6": 2738.0,
    "Champ at 7": 2738.0,
    "Champ at 8": 2738.0,
    "Champ at 9": 2879.0,
    "ChampFitness": 5125.0,
    "ChampInputs": [
        1.871999979019165,
        1.871999979019165,
        1.875,
        1.875,
        1.878000020980835,
        1.878000020980835,
        2.6670000553131104,
        1.8809999227523804,
        1.8809999227523804,
        2.9509999752044678,
        1.8849999904632568,
        1.8880000114440918,
        1.8880000114440918,
        1.8910000324249268,
        0.5379999876022339,
        1.8940000534057617,
        1.8940000534057617,
        1.8980000019073486,
        3.5899999141693115,
        1.9010000228881836,
        1.9010000228881836,
        1.434000015258789,
        1.9040000438690186,
        3.003999948501587,
        1.906999945640564,
        1.906999945640564,
        0.07799999415874481,
        2.565000057220459,
        1.9110000133514404,
        1.9140000343322754,
        1.9140000343322754,
        1.9169999361038208,
        2.572000026702881,
        0.08500000834465027,
        0.5809999704360962,
        1.9239999055862427,
        1.9239999055862427,
        1.9239999055862427,
        1.9270000457763672,
        2.5880000591278076,
        1.3480000495910645,
        1.9300000667572021,
        3.1740000247955322,
        1.4539999961853027,
        1.934000015258789,
        1.937000036239624,
        1.937000036239624,
        1.940000057220459,
        3.0270001888275146,
        1.940000057220459,
        1.9429999589920044,
        1.9429999589920044,
        1.9470000267028809,
        2.6010000705718994,
        1.9499999284744263,
        2.7160000801086426,
        1.9499999284744263,
        0.6790000200271606,
        2.6069998741149902,
        3.628999948501587,
        1.9560000896453857,
        1.959999918937683,
        1.959999918937683,
        1.9630000591278076,
        1.9630000591278076,
        1.9660000801086426,
        3.00600004196167,
        1.9660000801086426,
        1.9700000286102295,
        2.630000114440918,
        1.9730000495910645,
        1.9730000495910645,
        1.9760000705718994,
        1.9760000705718994,
        1.38100004196167,
        1.9789999723434448,
        1.9830000400543213,
        1.9830000400543213,
        1.9859999418258667,
        1.9859999418258667,
        1.9889999628067017,
        1.3880000114440918,
        1.9920001029968262,
        1.9920001029968262,
        1.9959999322891235,
        1.9959999322891235,
        2.746000051498413,
        1.999000072479248,
        2.002000093460083,
        2.002000093460083,
        2.002000093460083,
        3.2200000286102295,
        1.499000072479248,
        2.009000062942505,
        2.009000062942505,
        2.0119998455047607,
        2.0119998455047607,
        2.0149998664855957,
        2.0149998664855957,
        2.0180001258850098
    ],
    "Generations needed": 22,
    "Population 1": 198.6699981689453,
    "Population 10": 2086.14990234375,
    "Population 11": 2452.340087890625,
    "Population 12": 2317.514892578125,
    "Population 13": 2605.43994140625,
    "Population 14": 2841.375,
    "Population 15": 3120.9150390625,
    "Population 16": 3096.06494140625,
    "Population 17": 3332.4150390625,
    "Population 18": 3251.514892578125,
    "Population 19": 3241.43505859375,
    "Population 2": 831.7550048828125,
    "Population 20": 3049.0400390625,
    "Population 21": 3297.10498046875,
    "Population 3": 845.2849731445313,
    "Population 4": 1166.9549560546875,
    "Population 5": 1608.2850341796875,
    "Population 6": 1794.7249755859375,
    "Population 7": 2182.3349609375,
    "Population 8": 2218.239990234375,
    "Population 9": 2243.97509765625,
    "start": "today"
}
