{
    "Champ at 1": 824.0,
    "Champ at 10": 3586.0,
    "Champ at 11": 3762.0,
    "Champ at 12": 3762.0,
    "Champ at 13": 3762.0,
    "Champ at 14": 3762.0,
    "Champ at 15": 3762.0,
    "Champ at 16": 3762.0,
    "Champ at 17": 3762.0,
    "Champ at 18": 3762.0,
    "Champ at 19": 3884.0,
    "Champ at 2": 1246.0,
    "Champ at 20": 3959.0,
    "Champ at 21": 3959.0,
    "Champ at 22": 3959.0,
    "Champ at 23": 4341.0,
    "Champ at 24": 4354.0,
    "Champ at 25": 4471.0,
    "Champ at 26": 4471.0,
    "Champ at 27": 4471.0,
    "Champ at 28": 4471.0,
    "Champ at 29": 4610.0,
    "Champ at 3": 1284.0,
    "Champ at 30": 4610.0,
    "Champ at 31": 4983.0,
    "Champ at 32": 4983.0,
    "Champ at 33": 5121.0,
    "Champ at 4": 1538.0,
    "Champ at 5": 1911.0,
    "Champ at 6": 1911.0,
    "Champ at 7": 2274.0,
    "Champ at 8": 2869.0,
    "Champ at 9": 2935.0,
    "ChampFitness": 5121.0,
    "ChampInputs": [
        1.8480000495910645,
        1.8480000495910645,
        1.8510000705718994,
        1.8510000705718994,
        1.8550000190734863,
        1.8550000190734863,
        3.2839999198913574,
        1.8580000400543213,
        1.8610000610351563,
        2.0169999599456787,
        1.8639999628067017,
        0.7150000333786011,
        1.8680000305175781,
        1.8680000305175781,
        1.8709999322891235,
        2.439000129699707,
        1.8739999532699585,
        2.9719998836517334,
        1.877000093460083,
        1.877000093460083,
        1.8809999227523804,
        1.8809999227523804,
        1.8840000629425049,
        3.438999891281128,
        1.8870000839233398,
        1.8870000839233398,
        1.8910000324249268,
        1.8910000324249268,
        2.7340002059936523,
        1.8940000534057617,
        1.212999939918518,
        3.133000135421753,
        1.899999976158142,
        1.899999976158142,
        3.1349997520446777,
        1.3980000019073486,
        1.9040000438690186,
        1.906999945640564,
        1.906999945640564,
        2.4619998931884766,
        0.2280000001192093,
        1.9130001068115234,
        1.9130001068115234,
        1.9130001068115234,
        1.9169999361038208,
        1.9169999361038208,
        1.9169999361038208,
        1.9200000762939453,
        2.7270002365112305,
        1.9200000762939453,
        1.9230000972747803,
        1.9230000972747803,
        1.9230000972747803,
        1.9259999990463257,
        1.9259999990463257,
        1.9300000667572021,
        8.302999496459961,
        1.9300000667572021,
        1.9329999685287476,
        1.9329999685287476,
        1.9329999685287476,
        1.9359999895095825,
        1.9359999895095825,
        1.9359999895095825,
        1.940000057220459,
        2.8600001335144043,
        0.005000000353902578,
        1.9429999589920044,
        3.1710000038146973,
        1.9459999799728394,
        2.490999937057495,
        1.9459999799728394,
        2.7699999809265137,
        1.9490001201629639,
        1.9490001201629639,
        1.9529999494552612,
        0.2800000011920929,
        1.9529999494552612,
        1.9560000896453857,
        1.2649999856948853,
        1.9560000896453857,
        1.9589998722076416,
        1.9589998722076416,
        1.9620000123977661,
        1.9620000123977661,
        1.9620000123977661,
        1.9660000801086426,
        8.359000205993652,
        5.684999942779541,
        5.687999725341797,
        1.972000002861023,
        1.972000002861023,
        1.972000002861023,
        1.975000023841858,
        1.975000023841858,
        2.8889999389648438,
        3.1999998092651367,
        1.9789999723434448,
        1.9819999933242798,
        3.2360000610351563
    ],
    "Generations needed": 34,
    "Population 1": 205.3800048828125,
    "Population 10": 2284.655029296875,
    "Population 11": 2787.139892578125,
    "Population 12": 2753.554931640625,
    "Population 13": 2766.4150390625,
    "Population 14": 2731.4599609375,
    "Population 15": 2646.294921875,
    "Population 16": 2629.929931640625,
    "Population 17": 2728.510009765625,
    "Population 18": 2683.205078125,
    "Population 19": 2650.739990234375,
    "Population 2": 780.85498046875,
    "Population 20": 2813.735107421875,
    "Population 21": 2983.739990234375,
    "Population 22": 2827.02490234375,
    "Population 23": 2776.239990234375,
    "Population 24": 2874.97509765625,
    "Population 25": 3031.794921875,
    "Population 26": 3001.094970703125,
    "Population 27": 2937.044921875,
    "Population 28": 3254.1650390625,
    "Population 29": 2893.239990234375,
    "Population 3": 1142.530029296875,
    "Population 30": 3161.905029296875,
    "Population 31": 3102.010009765625,
    "Population 32": 3313.60498046875,
    "Population 33": 3125.840087890625,
    "Population 4": 1159.02001953125,
    "Population 5": 1381.7249755859375,
    "Population 6": 1580.85498046875,
    "Population 7": 1572.2349853515625,
    "Population 8": 1930.7750244140625,
    "Population 9": 2163.675048828125,
    "start": "today"
}
