{
    "Champ at 1": 887.0,
    "Champ at 10": 2935.0,
    "Champ at 11": 3586.0,
    "Champ at 12": 3959.0,
    "Champ at 13": 4347.0,
    "Champ at 14": 4914.0,
    "Champ at 15": 4914.0,
    "Champ at 16": 4922.0,
    "Champ at 17": 4983.0,
    "Champ at 18": 4983.0,
    "Champ at 19": 5136.0,
    "Champ at 2": 887.0,
    "Champ at 3": 887.0,
    "Champ at 4": 1257.0,
    "Champ at 5": 1849.0,
    "Champ at 6": 1911.0,
    "Champ at 7": 2030.0,
    "Champ at 8": 2215.0,
    "Champ at 9": 2215.0,
    "ChampFitness": 5136.0,
    "ChampInputs": [
        1.8760000467300415,
        1.9459999799728394,
        1.8420000076293945,
        1.8420000076293945,
        1.84499990940094,
        1.8819999694824219,
        2.6030001640319824,
        0.2720000147819519,
        1.8489999771118164,
        1.8860000371932983,
        2.6089999675750732,
        1.8889999389648438,
        1.8889999389648438,
        1.8889999389648438,
        1.8919999599456787,
        3.240999937057495,
        1.815000057220459,
        2.824000120162964,
        1.8949999809265137,
        1.8949999809265137,
        1.8949999809265137,
        1.8240000009536743,
        1.8989999294281006,
        3.250999927520752,
        1.9019999504089355,
        1.9019999504089355,
        1.9019999504089355,
        1.90500009059906,
        1.90500009059906,
        1.90500009059906,
        0.29500001668930054,
        1.9079999923706055,
        2.0339999198913574,
        0.9960000514984131,
        1.912000060081482,
        2.004999876022339,
        2.38100004196167,
        1.9149999618530273,
        1.9149999618530273,
        1.9149999618530273,
        1.9179999828338623,
        1.9179999828338623,
        0.8889999985694885,
        1.9179999828338623,
        1.9220000505447388,
        1.9220000505447388,
        1.9220000505447388,
        1.9249999523162842,
        1.9249999523162842,
        0.8959999680519104,
        1.9279999732971191,
        0.3139999806880951,
        1.9279999732971191,
        1.9279999732971191,
        1.930999994277954,
        1.930999994277954,
        1.930999994277954,
        1.934999942779541,
        1.934999942779541,
        1.8830000162124634,
        1.937999963760376,
        1.937999963760376,
        1.937999963760376,
        1.9410001039505005,
        1.9410001039505005,
        1.9410001039505005,
        1.944000005722046,
        1.944000005722046,
        3.2940001487731934,
        1.944000005722046,
        1.9480000734329224,
        1.9480000734329224,
        1.9480000734329224,
        1.9509999752044678,
        1.9509999752044678,
        1.9509999752044678,
        1.9539999961853027,
        0.9319999814033508,
        1.9539999961853027,
        1.9539999961853027,
        2.4200000762939453,
        9.517000198364258,
        1.9570000171661377,
        1.9609999656677246,
        1.9609999656677246,
        1.9609999656677246,
        1.9639999866485596,
        1.9639999866485596,
        1.9639999866485596,
        2.890000104904175,
        1.9670000076293945,
        1.9670000076293945,
        1.9670000076293945,
        1.9709999561309814,
        1.9709999561309814,
        1.9709999561309814,
        1.9739999771118164,
        1.9739999771118164,
        1.9739999771118164,
        1.934000015258789
    ],
    "Generations needed": 20,
    "Population 1": 201.10000610351563,
    "Population 10": 1854.6650390625,
    "Population 11": 2236.530029296875,
    "Population 12": 2689.25,
    "Population 13": 2808.85498046875,
    "Population 14": 2923.260009765625,
    "Population 15": 3137.18505859375,
    "Population 16": 3055.455078125,
    "Population 17": 3152.050048828125,
    "Population 18": 3159.094970703125,
    "Population 19": 3289.514892578125,
    "Population 2": 839.5399780273438,
    "Population 3": 831.5399780273438,
    "Population 4": 834.3400268554688,
    "Population 5": 1116.5849609375,
    "Population 6": 1557.3699951171875,
    "Population 7": 1597.3900146484375,
    "Population 8": 1676.760009765625,
    "Population 9": 1822.4449462890625,
    "start": "today"
}
