{
    "Champ at 1": 887.0,
    "Champ at 10": 2738.0,
    "Champ at 11": 2935.0,
    "Champ at 12": 3322.0,
    "Champ at 13": 3447.0,
    "Champ at 14": 3671.0,
    "Champ at 15": 3762.0,
    "Champ at 16": 3959.0,
    "Champ at 17": 3959.0,
    "Champ at 18": 3959.0,
    "Champ at 19": 4610.0,
    "Champ at 2": 1270.0,
    "Champ at 20": 4924.0,
    "Champ at 21": 4983.0,
    "Champ at 22": 5176.0,
    "Champ at 3": 1399.0,
    "Champ at 4": 1911.0,
    "Champ at 5": 2269.0,
    "Champ at 6": 2306.0,
    "Champ at 7": 2306.0,
    "Champ at 8": 2306.0,
    "Champ at 9": 2647.0,
    "ChampFitness": 5176.0,
    "ChampInputs": [
        1.8680000305175781,
        1.8709999322891235,
        1.8709999322891235,
        1.875,
        1.875,
        1.878000020980835,
        1.878000020980835,
        0.5669999718666077,
        1.8809999227523804,
        1.8809999227523804,
        3.310999870300293,
        1.8840000629425049,
        1.8840000629425049,
        1.8880000114440918,
        1.8880000114440918,
        2.9040000438690186,
        1.8910000324249268,
        1.8910000324249268,
        2.5909998416900635,
        1.8940000534057617,
        0.044999998062849045,
        0.04800000041723251,
        1.8970000743865967,
        1.9010000228881836,
        1.9010000228881836,
        0.43400001525878906,
        2.488999843597412,
        1.9040000438690186,
        1.9040000438690186,
        2.3299999237060547,
        1.0080000162124634,
        0.7129999995231628,
        0.32099997997283936,
        1.7450000047683716,
        0.3240000009536743,
        1.9140000343322754,
        1.9169999361038208,
        1.9169999361038208,
        1.0379999876022339,
        2.1110000610351563,
        2.071000099182129,
        2.0739998817443848,
        1.9230000972747803,
        1.9230000972747803,
        1.9270000457763672,
        1.9270000457763672,
        0.4320000112056732,
        2.509000062942505,
        0.4320000112056732,
        1.9329999685287476,
        0.4350000023841858,
        1.9329999685287476,
        1.937000036239624,
        1.937000036239624,
        1.940000057220459,
        3.359999895095825,
        1.940000057220459,
        0.6290000081062317,
        0.3499999940395355,
        2.0900001525878906,
        1.9459999799728394,
        1.9459999799728394,
        1.7970000505447388,
        0.4479999840259552,
        1.9499999284744263,
        1.9529999494552612,
        1.9529999494552612,
        1.9560000896453857,
        2.1470000743865967,
        1.809999942779541,
        1.9589998722076416,
        0.7519999742507935,
        1.9589998722076416,
        1.9630000591278076,
        1.9630000591278076,
        1.9660000801086426,
        1.9660000801086426,
        0.4650000035762787,
        1.968999981880188,
        1.968999981880188,
        0.6589999794960022,
        1.972000002861023,
        1.972000002861023,
        1.9760000705718994,
        1.9760000705718994,
        1.9789999723434448,
        1.9789999723434448,
        0.4740000069141388,
        2.678999900817871,
        7.103000164031982,
        1.1039999723434448,
        1.9859999418258667,
        1.9859999418258667,
        1.9889999628067017,
        1.9889999628067017,
        1.9889999628067017,
        1.9920001029968262,
        1.9920001029968262,
        0.48399999737739563,
        7.164999961853027
    ],
    "Generations needed": 23,
    "Population 1": 196.3800048828125,
    "Population 10": 2098.699951171875,
    "Population 11": 2179.14990234375,
    "Population 12": 2311.965087890625,
    "Population 13": 2546.034912109375,
    "Population 14": 2517.6201171875,
    "Population 15": 2594.3798828125,
    "Population 16": 2607.135009765625,
    "Population 17": 2666.675048828125,
    "Population 18": 2635.110107421875,
    "Population 19": 2644.85009765625,
    "Population 2": 843.2100219726563,
    "Population 20": 2936.300048828125,
    "Population 21": 3185.405029296875,
    "Population 22": 3019.72509765625,
    "Population 3": 1168.280029296875,
    "Population 4": 1246.050048828125,
    "Population 5": 1590.3050537109375,
    "Population 6": 1872.739990234375,
    "Population 7": 1880.4949951171875,
    "Population 8": 1858.4150390625,
    "Population 9": 1969.7550048828125,
    "start": "today"
}
