{
    "Champ at 1": 887.0,
    "Champ at 10": 3893.0,
    "Champ at 11": 3959.0,
    "Champ at 12": 3959.0,
    "Champ at 13": 3959.0,
    "Champ at 14": 4610.0,
    "Champ at 15": 4695.0,
    "Champ at 16": 4695.0,
    "Champ at 17": 4695.0,
    "Champ at 18": 4786.0,
    "Champ at 19": 4786.0,
    "Champ at 2": 887.0,
    "Champ at 20": 4786.0,
    "Champ at 21": 4844.0,
    "Champ at 22": 4983.0,
    "Champ at 23": 4983.0,
    "Champ at 24": 4983.0,
    "Champ at 25": 4983.0,
    "Champ at 26": 4983.0,
    "Champ at 27": 4983.0,
    "Champ at 28": 4983.0,
    "Champ at 29": 4983.0,
    "Champ at 3": 1714.0,
    "Champ at 30": 4983.0,
    "Champ at 31": 4983.0,
    "Champ at 32": 4983.0,
    "Champ at 33": 4983.0,
    "Champ at 34": 4983.0,
    "Champ at 35": 5167.0,
    "Champ at 4": 1855.0,
    "Champ at 5": 2647.0,
    "Champ at 6": 2647.0,
    "Champ at 7": 2935.0,
    "Champ at 8": 3671.0,
    "Champ at 9": 3671.0,
    "ChampFitness": 5167.0,
    "ChampInputs": [
        1.8899999856948853,
        1.8940000534057617,
        1.8940000534057617,
        1.8940000534057617,
        1.8940000534057617,
        1.8970000743865967,
        1.8970000743865967,
        1.0099999904632568,
        1.899999976158142,
        1.899999976158142,
        1.0130000114440918,
        1.902999997138977,
        1.902999997138977,
        1.4639999866485596,
        1.902999997138977,
        1.906999945640564,
        3.1510000228881836,
        1.906999945640564,
        1.909999966621399,
        1.909999966621399,
        1.909999966621399,
        1.9130001068115234,
        1.0260000228881836,
        1.5240000486373901,
        1.9169999361038208,
        1.9169999361038208,
        0.9790000319480896,
        1.774999976158142,
        1.9200000762939453,
        0.9850000143051147,
        1.9200000762939453,
        1.9230000972747803,
        1.9230000972747803,
        0.17000001668930054,
        0.9880000352859497,
        1.9259999990463257,
        3.431000232696533,
        1.9300000667572021,
        1.9300000667572021,
        1.9300000667572021,
        1.9329999685287476,
        0.7360000014305115,
        1.9329999685287476,
        1.3819999694824219,
        1.9359999895095825,
        3.5339999198913574,
        1.9359999895095825,
        1.9390000104904175,
        5.098999977111816,
        6.458000183105469,
        1.0049999952316284,
        1.9429999589920044,
        1.9429999589920044,
        1.9429999589920044,
        6.465000152587891,
        1.9459999799728394,
        1.556999921798706,
        0.19900000095367432,
        1.5199999809265137,
        1.9490001201629639,
        1.9519999027252197,
        1.065000057220459,
        1.9519999027252197,
        3.4609999656677246,
        1.9560000896453857,
        0.21299999952316284,
        1.9560000896453857,
        1.0679999589920044,
        1.5329999923706055,
        1.9589998722076416,
        1.5329999923706055,
        1.9620000123977661,
        1.5360000133514404,
        1.9660000801086426,
        0.7689999938011169,
        1.9660000801086426,
        0.22600001096725464,
        1.968999981880188,
        1.968999981880188,
        1.5460000038146973,
        0.23199999332427979,
        1.972000002861023,
        1.972000002861023,
        1.975000023841858,
        1.975000023841858,
        1.975000023841858,
        1.5859999656677246,
        1.0410000085830688,
        1.9789999723434448,
        1.9789999723434448,
        1.9819999933242798,
        1.9819999933242798,
        0.7879999876022339,
        1.9850001335144043,
        1.9850001335144043,
        1.0980000495910645,
        1.9879999160766602,
        1.9879999160766602,
        1.9879999160766602,
        1.9920001029968262
    ],
    "Generations needed": 36,
    "Population 1": 198.875,
    "Population 10": 2421.610107421875,
    "Population 11": 2638.22509765625,
    "Population 12": 2743.215087890625,
    "Population 13": 2732.27490234375,
    "Population 14": 2539.89501953125,
    "Population 15": 3023.375,
    "Population 16": 2949.534912109375,
    "Population 17": 2887.1298828125,
    "Population 18": 3109.3349609375,
    "Population 19": 3063.72998046875,
    "Population 2": 829.8499755859375,
    "Population 20": 3109.25,
    "Population 21": 3140.300048828125,
    "Population 22": 3126.614990234375,
    "Population 23": 3354.39990234375,
    "Population 24": 3137.64501953125,
    "Population 25": 3053.375,
    "Population 26": 2842.3701171875,
    "Population 27": 3161.215087890625,
    "Population 28": 3062.675048828125,
    "Population 29": 3061.22509765625,
    "Population 3": 856.3599853515625,
    "Population 30": 2869.550048828125,
    "Population 31": 3116.820068359375,
    "Population 32": 3432.39990234375,
    "Population 33": 3005.514892578125,
    "Population 34": 3047.715087890625,
    "Population 35": 3222.405029296875,
    "Population 4": 1447.030029296875,
    "Population 5": 1603.8499755859375,
    "Population 6": 2213.2900390625,
    "Population 7": 2061.60498046875,
    "Population 8": 2174.215087890625,
    "Population 9": 2633.489990234375,
    "start": "today"
}
