{
    "Champ at 1": 887.0,
    "Champ at 10": 4471.0,
    "Champ at 11": 4471.0,
    "Champ at 12": 4610.0,
    "Champ at 13": 4610.0,
    "Champ at 14": 4610.0,
    "Champ at 15": 4786.0,
    "Champ at 16": 4786.0,
    "Champ at 17": 4922.0,
    "Champ at 18": 4983.0,
    "Champ at 19": 4983.0,
    "Champ at 2": 1264.0,
    "Champ at 20": 4983.0,
    "Champ at 21": 4983.0,
    "Champ at 22": 4983.0,
    "Champ at 23": 4983.0,
    "Champ at 24": 5115.0,
    "Champ at 3": 1849.0,
    "Champ at 4": 2562.0,
    "Champ at 5": 2879.0,
    "Champ at 6": 3296.0,
    "Champ at 7": 3317.0,
    "Champ at 8": 3834.0,
    "Champ at 9": 3959.0,
    "ChampFitness": 5115.0,
    "ChampInputs": [
        1.8669999837875366,
        1.8669999837875366,
        1.8669999837875366,
        1.8669999837875366,
        1.8709999322891235,
        1.8709999322891235,
        2.7769999504089355,
        1.8739999532699585,
        1.8739999532699585,
        0.9579999446868896,
        1.877000093460083,
        1.877000093460083,
        1.877000093460083,
        1.8799998760223389,
        1.8799998760223389,
        3.4110000133514404,
        1.8840000629425049,
        2.3320000171661377,
        1.8840000629425049,
        1.8840000629425049,
        1.8870000839233398,
        1.8870000839233398,
        1.8870000839233398,
        2.86299991607666,
        2.558000087738037,
        1.8899999856948853,
        1.8940000534057617,
        1.8940000534057617,
        1.8940000534057617,
        1.8940000534057617,
        1.8970000743865967,
        3.3980000019073486,
        1.8970000743865967,
        1.899999976158142,
        1.899999976158142,
        2.4010000228881836,
        0.05100000277161598,
        1.902999997138977,
        1.902999997138977,
        1.7400000095367432,
        2.57099986076355,
        1.906999945640564,
        1.906999945640564,
        1.909999966621399,
        1.909999966621399,
        2.3589999675750732,
        2.816999912261963,
        1.9130001068115234,
        1.9130001068115234,
        2.5810000896453857,
        1.9159998893737793,
        1.9159998893737793,
        1.9159998893737793,
        1.9200000762939453,
        1.9200000762939453,
        1.9200000762939453,
        1.9230000972747803,
        2.8990001678466797,
        1.9290000200271606,
        1.9290000200271606,
        1.9290000200271606,
        1.9329999685287476,
        1.9329999685287476,
        1.9329999685287476,
        1.9329999685287476,
        1.9359999895095825,
        1.9359999895095825,
        2.5970001220703125,
        1.9390000104904175,
        1.7690000534057617,
        1.9390000104904175,
        1.941999912261963,
        1.941999912261963,
        2.6040000915527344,
        1.941999912261963,
        1.0230000019073486,
        1.9459999799728394,
        1.9459999799728394,
        8.753000259399414,
        1.9490001201629639,
        1.9490001201629639,
        1.9519999027252197,
        1.9519999027252197,
        1.9519999027252197,
        3.4509997367858887,
        1.9560000896453857,
        1.9560000896453857,
        2.924999952316284,
        1.9589998722076416,
        2.619999885559082,
        1.9589998722076416,
        1.9620000123977661,
        1.9620000123977661,
        1.9620000123977661,
        1.965000033378601,
        2.934999942779541,
        1.965000033378601,
        1.968999981880188,
        8.773000717163086,
        1.7949999570846558
    ],
    "Generations needed": 25,
    "Population 1": 199.5749969482422,
    "Population 10": 3059.18505859375,
    "Population 11": 3082.094970703125,
    "Population 12": 3206.4150390625,
    "Population 13": 3081.340087890625,
    "Population 14": 3207.06494140625,
    "Population 15": 3180.489990234375,
    "Population 16": 3421.955078125,
    "Population 17": 3079.679931640625,
    "Population 18": 3313.169921875,
    "Population 19": 3274.68994140625,
    "Population 2": 839.2449951171875,
    "Population 20": 3303.3349609375,
    "Population 21": 3466.195068359375,
    "Population 22": 3305.60009765625,
    "Population 23": 3459.534912109375,
    "Population 24": 3357.1650390625,
    "Population 3": 1128.510009765625,
    "Population 4": 1594.7149658203125,
    "Population 5": 2077.324951171875,
    "Population 6": 2199.14990234375,
    "Population 7": 2510.590087890625,
    "Population 8": 2454.534912109375,
    "Population 9": 2940.445068359375,
    "start": "today"
}
