{
    "Champ at 1": 887.0,
    "Champ at 10": 2935.0,
    "Champ at 11": 3330.0,
    "Champ at 12": 3762.0,
    "Champ at 13": 3903.0,
    "Champ at 14": 4326.0,
    "Champ at 15": 4354.0,
    "Champ at 16": 4610.0,
    "Champ at 17": 4610.0,
    "Champ at 18": 4610.0,
    "Champ at 19": 4610.0,
    "Champ at 2": 887.0,
    "Champ at 20": 4610.0,
    "Champ at 21": 4695.0,
    "Champ at 22": 4786.0,
    "Champ at 23": 4786.0,
    "Champ at 24": 4786.0,
    "Champ at 25": 5151.0,
    "Champ at 3": 887.0,
    "Champ at 4": 1245.0,
    "Champ at 5": 1911.0,
    "Champ at 6": 1911.0,
    "Champ at 7": 1911.0,
    "Champ at 8": 2303.0,
    "Champ at 9": 2647.0,
    "ChampFitness": 5151.0,
    "ChampInputs": [
        1.878000020980835,
        1.8809999227523804,
        1.8809999227523804,
        1.8840000629425049,
        1.8840000629425049,
        1.8880000114440918,
        0.4520000219345093,
        1.8910000324249268,
        1.8910000324249268,
        3.314000129699707,
        1.8940000534057617,
        1.8970000743865967,
        1.8970000743865967,
        1.9010000228881836,
        1.9010000228881836,
        1.9040000438690186,
        0.9160000085830688,
        1.906999945640564,
        1.128999948501587,
        1.9110000133514404,
        1.9110000133514404,
        1.9140000343322754,
        1.465999960899353,
        1.9169999361038208,
        1.9200000762939453,
        1.9200000762939453,
        1.1410000324249268,
        1.912000060081482,
        0.3240000009536743,
        1.9270000457763672,
        1.9300000667572021,
        1.9300000667572021,
        1.9329999685287476,
        1.9329999685287476,
        1.937000036239624,
        0.5600000023841858,
        1.940000057220459,
        1.940000057220459,
        1.9429999589920044,
        0.335999995470047,
        0.48399999737739563,
        1.9459999799728394,
        1.9499999284744263,
        1.937999963760376,
        1.684000015258789,
        1.9529999494552612,
        3.3529999256134033,
        1.9560000896453857,
        1.959999918937683,
        1.959999918937683,
        1.9630000591278076,
        1.9630000591278076,
        1.9660000801086426,
        1.9660000801086426,
        1.968999981880188,
        1.968999981880188,
        1.9730000495910645,
        1.9730000495910645,
        1.9760000705718994,
        1.9760000705718994,
        1.9789999723434448,
        1.9789999723434448,
        1.5049999952316284,
        1.7009999752044678,
        1.9819999933242798,
        2.634999990463257,
        3.373000144958496,
        1.9889999628067017,
        0.5929999947547913,
        1.9920001029968262,
        1.994999885559082,
        1.994999885559082,
        0.5960000157356262,
        1.999000072479248,
        2.002000093460083,
        2.002000093460083,
        2.002000093460083,
        2.004999876022339,
        2.004999876022339,
        2.007999897003174,
        2.007999897003174,
        2.007999897003174,
        2.0119998455047607,
        2.0119998455047607,
        2.0149998664855957,
        0.3819999694824219,
        1.7239999771118164,
        2.0180001258850098,
        2.0219998359680176,
        2.513000011444092,
        1.5320000648498535,
        1.7299998998641968,
        2.0250000953674316,
        2.0280001163482666,
        2.0280001163482666,
        2.0309998989105225,
        2.0309998989105225,
        2.0350000858306885,
        2.0350000858306885,
        2.0379998683929443
    ],
    "Generations needed": 26,
    "Population 1": 207.2949981689453,
    "Population 10": 2067.8349609375,
    "Population 11": 2167.889892578125,
    "Population 12": 2489.614990234375,
    "Population 13": 2700.554931640625,
    "Population 14": 2556.27490234375,
    "Population 15": 2830.77490234375,
    "Population 16": 2870.18994140625,
    "Population 17": 3004.8701171875,
    "Population 18": 3012.409912109375,
    "Population 19": 2967.364990234375,
    "Population 2": 843.114990234375,
    "Population 20": 2960.2900390625,
    "Population 21": 3100.830078125,
    "Population 22": 3083.659912109375,
    "Population 23": 3136.89990234375,
    "Population 24": 3095.074951171875,
    "Population 25": 2989.2451171875,
    "Population 3": 812.6749877929688,
    "Population 4": 836.9149780273438,
    "Population 5": 1135.0350341796875,
    "Population 6": 1654.385009765625,
    "Population 7": 1599.43505859375,
    "Population 8": 1607.7900390625,
    "Population 9": 1847.6500244140625,
    "start": "today"
}
