{
    "Champ at 1": 887.0,
    "Champ at 10": 4983.0,
    "Champ at 11": 4983.0,
    "Champ at 12": 4983.0,
    "Champ at 13": 5142.0,
    "Champ at 2": 887.0,
    "Champ at 3": 1258.0,
    "Champ at 4": 1841.0,
    "Champ at 5": 1911.0,
    "Champ at 6": 2282.0,
    "Champ at 7": 2935.0,
    "Champ at 8": 4610.0,
    "Champ at 9": 4927.0,
    "ChampFitness": 5142.0,
    "ChampInputs": [
        1.8809999227523804,
        1.8809999227523804,
        1.8840000629425049,
        1.8840000629425049,
        1.8840000629425049,
        1.8880000114440918,
        2.549999952316284,
        1.8880000114440918,
        1.8910000324249268,
        0.8340000510215759,
        1.8910000324249268,
        0.2930000126361847,
        1.8940000534057617,
        1.8940000534057617,
        1.8940000534057617,
        1.8970000743865967,
        1.8970000743865967,
        0.6570000052452087,
        1.9010000228881836,
        1.9010000228881836,
        0.7649999856948853,
        1.9040000438690186,
        1.9040000438690186,
        0.3059999942779541,
        1.906999945640564,
        1.906999945640564,
        1.906999945640564,
        3.0199999809265137,
        1.909999966621399,
        1.909999966621399,
        1.909999966621399,
        1.9140000343322754,
        2.576000213623047,
        1.9140000343322754,
        1.9169999361038208,
        2.5799999237060547,
        1.9169999361038208,
        1.9169999361038208,
        0.32200002670288086,
        1.9200000762939453,
        0.4359999895095825,
        1.9230000972747803,
        1.9230000972747803,
        1.9230000972747803,
        1.9270000457763672,
        2.940999984741211,
        1.9270000457763672,
        1.9300000667572021,
        1.9300000667572021,
        1.9300000667572021,
        2.5960001945495605,
        1.9329999685287476,
        1.9329999685287476,
        1.9329999685287476,
        1.937000036239624,
        1.937000036239624,
        1.937000036239624,
        1.940000057220459,
        0.33799999952316284,
        1.940000057220459,
        1.940000057220459,
        0.3449999988079071,
        1.9429999589920044,
        1.9429999589920044,
        1.9459999799728394,
        0.45899999141693115,
        1.9459999799728394,
        1.9499999284744263,
        1.9499999284744263,
        0.706000030040741,
        1.9529999494552612,
        1.9529999494552612,
        1.9529999494552612,
        1.9560000896453857,
        1.9560000896453857,
        1.9560000896453857,
        1.9589998722076416,
        1.9589998722076416,
        1.9589998722076416,
        1.9589998722076416,
        1.9630000591278076,
        1.9630000591278076,
        1.9630000591278076,
        3.072000026702881,
        0.722000002861023,
        1.9660000801086426,
        2.628999948501587,
        1.968999981880188,
        0.8299999833106995,
        1.968999981880188,
        1.972000002861023,
        1.972000002861023,
        1.972000002861023,
        1.9760000705718994,
        3.0850000381469727,
        1.9760000705718994,
        1.9789999723434448,
        1.9789999723434448,
        1.9789999723434448,
        1.9789999723434448
    ],
    "Generations needed": 14,
    "Population 1": 205.72500610351563,
    "Population 10": 2996.14990234375,
    "Population 11": 3231.31494140625,
    "Population 12": 3125.550048828125,
    "Population 13": 3019.699951171875,
    "Population 2": 832.5650024414063,
    "Population 3": 826.9600219726563,
    "Population 4": 1131.9449462890625,
    "Population 5": 1564.925048828125,
    "Population 6": 1610.1400146484375,
    "Population 7": 1986.93994140625,
    "Population 8": 2279.205078125,
    "Population 9": 2883.679931640625,
    "start": "today"
}
