{
    "Champ at 1": 825.0,
    "Champ at 10": 1282.0,
    "Champ at 11": 1854.0,
    "Champ at 12": 1911.0,
    "Champ at 13": 2272.0,
    "Champ at 14": 2562.0,
    "Champ at 15": 2562.0,
    "Champ at 16": 2860.0,
    "Champ at 17": 2935.0,
    "Champ at 18": 3325.0,
    "Champ at 19": 3330.0,
    "Champ at 2": 887.0,
    "Champ at 20": 3899.0,
    "Champ at 21": 3959.0,
    "Champ at 22": 4353.0,
    "Champ at 23": 4610.0,
    "Champ at 24": 4695.0,
    "Champ at 25": 4983.0,
    "Champ at 26": 4983.0,
    "Champ at 27": 5136.0,
    "Champ at 3": 887.0,
    "Champ at 4": 887.0,
    "Champ at 5": 1249.0,
    "Champ at 6": 1282.0,
    "Champ at 7": 1282.0,
    "Champ at 8": 1282.0,
    "Champ at 9": 1282.0,
    "ChampFitness": 5136.0,
    "ChampInputs": [
        1.8480000495910645,
        1.8519999980926514,
        1.8519999980926514,
        1.8519999980926514,
        1.8550000190734863,
        1.8550000190734863,
        2.691999912261963,
        0.48900002241134644,
        1.8580000400543213,
        0.48900002241134644,
        1.8580000400543213,
        0.4919999837875366,
        1.8610000610351563,
        1.8610000610351563,
        1.8650000095367432,
        0.0009999999310821295,
        1.8650000095367432,
        1.8680000305175781,
        1.8680000305175781,
        0.5049999952316284,
        0.7590000629425049,
        1.8709999322891235,
        0.23900000751018524,
        1.8709999322891235,
        1.8739999532699585,
        1.8739999532699585,
        0.40199998021125793,
        1.878000020980835,
        1.878000020980835,
        1.878000020980835,
        3.124000072479248,
        1.8809999227523804,
        1.8809999227523804,
        0.6819999814033508,
        1.8840000629425049,
        1.8840000629425049,
        1.8840000629425049,
        1.8880000114440918,
        1.8880000114440918,
        3.125,
        1.8910000324249268,
        1.8910000324249268,
        1.8910000324249268,
        1.8910000324249268,
        2.4099998474121094,
        1.8940000534057617,
        1.8940000534057617,
        2.822999954223633,
        1.8970000743865967,
        1.8970000743865967,
        1.9010000228881836,
        2.4160001277923584,
        3.9789998531341553,
        1.9010000228881836,
        1.9040000438690186,
        1.9040000438690186,
        1.9040000438690186,
        1.906999945640564,
        1.906999945640564,
        1.906999945640564,
        1.909999966621399,
        7.1670002937316895,
        3.3000001907348633,
        1.9140000343322754,
        1.9140000343322754,
        1.9140000343322754,
        1.9140000343322754,
        0.05299999937415123,
        1.9169999361038208,
        1.9169999361038208,
        1.9200000762939453,
        1.9200000762939453,
        1.9200000762939453,
        3.2060000896453857,
        1.9230000972747803,
        0.7280000448226929,
        1.9230000972747803,
        3.2120001316070557,
        2.761000156402588,
        1.9270000457763672,
        1.9300000667572021,
        1.9300000667572021,
        1.9300000667572021,
        1.9329999685287476,
        0.46399998664855957,
        1.9329999685287476,
        1.9359999895095825,
        1.9359999895095825,
        1.9359999895095825,
        2.7739999294281006,
        1.940000057220459,
        1.940000057220459,
        1.940000057220459,
        1.9429999589920044,
        3.3289999961853027,
        1.9429999589920044,
        1.9459999799728394,
        3.2350001335144043,
        3.2350001335144043,
        3.23799991607666
    ],
    "Generations needed": 28,
    "Population 1": 206.1199951171875,
    "Population 10": 1128.0350341796875,
    "Population 11": 1160.3349609375,
    "Population 12": 1573.8800048828125,
    "Population 13": 1620.22998046875,
    "Population 14": 1859.1650390625,
    "Population 15": 2014.385009765625,
    "Population 16": 1995.780029296875,
    "Population 17": 2010.52001953125,
    "Population 18": 2112.949951171875,
    "Population 19": 2300.0400390625,
    "Population 2": 785.52001953125,
    "Population 20": 2370.675048828125,
    "Population 21": 2760.93505859375,
    "Population 22": 2657.27001953125,
    "Population 23": 2796.7900390625,
    "Population 24": 2865.929931640625,
    "Population 25": 2909.93994140625,
    "Population 26": 3096.3798828125,
    "Population 27": 2758.489990234375,
    "Population 3": 840.5900268554688,
    "Population 4": 823.1599731445313,
    "Population 5": 839.5650024414063,
    "Population 6": 1162.0150146484375,
    "Population 7": 1152.5550537109375,
    "Population 8": 1168.405029296875,
    "Population 9": 1142.1650390625,
    "start": "today"
}
