{
    "Champ at 1": 887.0,
    "Champ at 10": 2877.0,
    "Champ at 11": 3054.0,
    "Champ at 12": 3310.0,
    "Champ at 13": 3671.0,
    "Champ at 14": 3762.0,
    "Champ at 15": 3762.0,
    "Champ at 16": 4844.0,
    "Champ at 17": 4850.0,
    "Champ at 18": 4862.0,
    "Champ at 19": 4983.0,
    "Champ at 2": 887.0,
    "Champ at 20": 4983.0,
    "Champ at 21": 4983.0,
    "Champ at 22": 5169.0,
    "Champ at 3": 887.0,
    "Champ at 4": 1257.0,
    "Champ at 5": 1538.0,
    "Champ at 6": 1841.0,
    "Champ at 7": 1911.0,
    "Champ at 8": 2293.0,
    "Champ at 9": 2738.0,
    "ChampFitness": 5169.0,
    "ChampInputs": [
        1.8819999694824219,
        1.8849999904632568,
        1.8849999904632568,
        1.8880000114440918,
        1.8880000114440918,
        1.8910000324249268,
        1.8910000324249268,
        0.5999999642372131,
        0.5649999976158142,
        1.8980000019073486,
        1.9010000228881836,
        2.1089999675750732,
        1.90500009059906,
        1.90500009059906,
        1.9079999923706055,
        1.9079999923706055,
        0.5929999947547913,
        1.9110000133514404,
        0.3659999966621399,
        0.5849999785423279,
        1.9179999828338623,
        0.5879999995231628,
        1.9210000038146973,
        1.6629999876022339,
        1.9239999055862427,
        1.9239999055862427,
        1.6689999103546143,
        1.9270000457763672,
        2.7739999294281006,
        1.8170000314712524,
        0.8330000042915344,
        1.934000015258789,
        1.937000036239624,
        1.937000036239624,
        2.7869999408721924,
        1.6820000410079956,
        1.2680000066757202,
        2.7929999828338623,
        1.9470000267028809,
        1.9470000267028809,
        0.7020000219345093,
        1.9499999284744263,
        2.1640000343322754,
        1.9539999961853027,
        1.9570000171661377,
        1.9570000171661377,
        3.1549999713897705,
        1.959999918937683,
        1.9630000591278076,
        1.9630000591278076,
        1.2839999198913574,
        2.1740000247955322,
        1.2839999198913574,
        1.9700000286102295,
        1.287000060081482,
        1.9730000495910645,
        1.9730000495910645,
        3.1679999828338623,
        1.9760000705718994,
        0.6800000667572021,
        1.9800000190734863,
        1.9830000400543213,
        1.2970000505447388,
        1.9859999418258667,
        1.9859999418258667,
        1.9889999628067017,
        1.8629999160766602,
        0.574999988079071,
        1.9930000305175781,
        0.7509999871253967,
        1.9959999322891235,
        1.999000072479248,
        1.999000072479248,
        2.002000093460083,
        2.002000093460083,
        0.6959999799728394,
        0.6480000019073486,
        1.312999963760376,
        2.009000062942505,
        2.0119998455047607,
        2.0119998455047607,
        2.0160000324249268,
        2.0160000324249268,
        0.7029999494552612,
        2.0190000534057617,
        1.8819999694824219,
        0.7089999914169312,
        2.2330000400543213,
        1.747999906539917,
        2.0290000438690186,
        0.9269999861717224,
        2.0320000648498535,
        2.0350000858306885,
        2.0350000858306885,
        1.8949999809265137,
        3.2170000076293945,
        2.0420000553131104,
        2.0420000553131104,
        2.0420000553131104,
        2.2230000495910645
    ],
    "Generations needed": 23,
    "Population 1": 211.0850067138672,
    "Population 10": 2182.655029296875,
    "Population 11": 2142.5849609375,
    "Population 12": 2242.070068359375,
    "Population 13": 2331.6650390625,
    "Population 14": 2494.340087890625,
    "Population 15": 2545.425048828125,
    "Population 16": 2650.60498046875,
    "Population 17": 2964.544921875,
    "Population 18": 2935.10498046875,
    "Population 19": 3052.449951171875,
    "Population 2": 848.6799926757813,
    "Population 20": 3029.695068359375,
    "Population 21": 3067.5849609375,
    "Population 22": 3150.6650390625,
    "Population 3": 821.1199951171875,
    "Population 4": 826.2650146484375,
    "Population 5": 1139.93505859375,
    "Population 6": 1376.0050048828125,
    "Population 7": 1595.3699951171875,
    "Population 8": 1605.4449462890625,
    "Population 9": 1839.18505859375,
    "start": "today"
}
