{
    "Champ at 1": 887.0,
    "Champ at 10": 2935.0,
    "Champ at 11": 2935.0,
    "Champ at 12": 2935.0,
    "Champ at 13": 2935.0,
    "Champ at 14": 2935.0,
    "Champ at 15": 2935.0,
    "Champ at 16": 2935.0,
    "Champ at 17": 2935.0,
    "Champ at 18": 2935.0,
    "Champ at 19": 2935.0,
    "Champ at 2": 887.0,
    "Champ at 20": 2935.0,
    "Champ at 21": 2935.0,
    "Champ at 22": 2935.0,
    "Champ at 23": 2935.0,
    "Champ at 24": 2935.0,
    "Champ at 25": 2935.0,
    "Champ at 26": 3304.0,
    "Champ at 27": 3330.0,
    "Champ at 28": 3330.0,
    "Champ at 29": 3959.0,
    "Champ at 3": 887.0,
    "Champ at 30": 4263.0,
    "Champ at 31": 4354.0,
    "Champ at 32": 4354.0,
    "Champ at 33": 4695.0,
    "Champ at 34": 4695.0,
    "Champ at 35": 4786.0,
    "Champ at 36": 4786.0,
    "Champ at 37": 4786.0,
    "Champ at 38": 4786.0,
    "Champ at 39": 4983.0,
    "Champ at 4": 1538.0,
    "Champ at 40": 5141.0,
    "Champ at 5": 1853.0,
    "Champ at 6": 2297.0,
    "Champ at 7": 2830.0,
    "Champ at 8": 2935.0,
    "Champ at 9": 2935.0,
    "ChampFitness": 5141.0,
    "ChampInputs": [
        1.8690000772476196,
        1.8690000772476196,
        1.872999906539917,
        1.872999906539917,
        1.8760000467300415,
        1.8760000467300415,
        3.186999797821045,
        1.8790000677108765,
        1.8860000371932983,
        1.8860000371932983,
        0.47600001096725464,
        1.8889999389648438,
        1.8919999599456787,
        1.8989999294281006,
        1.8989999294281006,
        2.9240000247955322,
        1.9019999504089355,
        1.90500009059906,
        2.7649998664855957,
        1.912000060081482,
        1.912000060081482,
        1.9149999618530273,
        1.9149999618530273,
        1.9560000896453857,
        0.4919999837875366,
        1.9179999828338623,
        1.7829999923706055,
        0.9259999990463257,
        1.9279999732971191,
        1.930999994277954,
        1.930999994277954,
        1.934999942779541,
        1.7929999828338623,
        3.0,
        1.9449999332427979,
        0.31800001859664917,
        2.316999912261963,
        1.9509999752044678,
        1.9539999961853027,
        1.9539999961853027,
        2.0199999809265137,
        1.9609999656677246,
        2.7039999961853027,
        1.9639999866485596,
        0.9449999928474426,
        3.013000011444092,
        1.9709999561309814,
        1.9709999561309814,
        1.9709999561309814,
        1.9739999771118164,
        0.9520000219345093,
        0.5180000066757202,
        1.9769999980926514,
        1.9769999980926514,
        1.9800000190734863,
        1.9800000190734863,
        1.9840000867843628,
        1.815999984741211,
        1.9900000095367432,
        1.9900000095367432,
        0.527999997138977,
        2.0,
        3.242000102996826,
        2.003000020980835,
        1.994999885559082,
        2.003000020980835,
        2.006999969482422,
        2.013000011444092,
        7.63800048828125,
        2.732999801635742,
        2.0160000324249268,
        2.816999912261963,
        2.0199999809265137,
        2.0490000247955322,
        7.644000053405762,
        0.3569999933242798,
        2.0260000228881836,
        2.0260000228881836,
        2.0260000228881836,
        2.0290000438690186,
        0.3630000054836273,
        2.0329999923706055,
        2.746000051498413,
        2.0329999923706055,
        2.0360000133514404,
        2.365999937057495,
        2.0390000343322754,
        2.0390000343322754,
        2.0390000343322754,
        2.753000020980835,
        2.0429999828338623,
        0.37300002574920654,
        2.0460000038146973,
        2.0460000038146973,
        2.0490000247955322,
        2.0490000247955322,
        2.052000045776367,
        0.3799999952316284,
        2.76200008392334,
        2.075000047683716
    ],
    "Generations needed": 41,
    "Population 1": 198.6300048828125,
    "Population 10": 2252.419921875,
    "Population 11": 2381.47509765625,
    "Population 12": 2394.2451171875,
    "Population 13": 2314.31494140625,
    "Population 14": 2245.919921875,
    "Population 15": 2308.47509765625,
    "Population 16": 2363.02490234375,
    "Population 17": 2336.56494140625,
    "Population 18": 2266.070068359375,
    "Population 19": 2268.3349609375,
    "Population 2": 838.864990234375,
    "Population 20": 2236.60009765625,
    "Population 21": 2294.89501953125,
    "Population 22": 2208.469970703125,
    "Population 23": 2133.735107421875,
    "Population 24": 2185.22509765625,
    "Population 25": 2169.544921875,
    "Population 26": 2133.47509765625,
    "Population 27": 2432.375,
    "Population 28": 2417.10009765625,
    "Population 29": 2631.469970703125,
    "Population 3": 828.6649780273438,
    "Population 30": 2786.72998046875,
    "Population 31": 3011.830078125,
    "Population 32": 2853.635009765625,
    "Population 33": 2888.449951171875,
    "Population 34": 3182.625,
    "Population 35": 3013.860107421875,
    "Population 36": 3218.10498046875,
    "Population 37": 3114.10009765625,
    "Population 38": 3024.030029296875,
    "Population 39": 3090.5400390625,
    "Population 4": 839.125,
    "Population 40": 3304.324951171875,
    "Population 5": 1356.1800537109375,
    "Population 6": 1612.385009765625,
    "Population 7": 1890.050048828125,
    "Population 8": 2132.8349609375,
    "Population 9": 2255.52490234375,
    "start": "today"
}
