{
    "Champ at 1": 887.0,
    "Champ at 10": 2935.0,
    "Champ at 11": 3899.0,
    "Champ at 12": 3959.0,
    "Champ at 13": 3959.0,
    "Champ at 14": 3959.0,
    "Champ at 15": 3959.0,
    "Champ at 16": 4078.0,
    "Champ at 17": 4078.0,
    "Champ at 18": 4695.0,
    "Champ at 19": 4695.0,
    "Champ at 2": 1253.0,
    "Champ at 20": 5135.0,
    "Champ at 3": 1846.0,
    "Champ at 4": 2868.0,
    "Champ at 5": 2935.0,
    "Champ at 6": 2935.0,
    "Champ at 7": 2935.0,
    "Champ at 8": 2935.0,
    "Champ at 9": 2935.0,
    "ChampFitness": 5135.0,
    "ChampInputs": [
        1.8880000114440918,
        1.8919999599456787,
        1.8919999599456787,
        1.8949999809265137,
        1.8949999809265137,
        1.8980000019073486,
        2.3919999599456787,
        1.9010000228881836,
        0.8840000033378601,
        1.9079999923706055,
        1.9079999923706055,
        1.9110000133514404,
        1.9140000343322754,
        1.9140000343322754,
        1.9179999828338623,
        3.450000047683716,
        1.9210000038146973,
        1.9239999055862427,
        1.9239999055862427,
        1.9279999732971191,
        1.930999994277954,
        1.930999994277954,
        1.934000015258789,
        3.0,
        1.937000036239624,
        2.4079999923706055,
        1.944000005722046,
        2.119999885559082,
        1.9470000267028809,
        1.9499999284744263,
        1.9499999284744263,
        1.9539999961853027,
        0.5900000333786011,
        2.135999917984009,
        1.959999918937683,
        3.013000011444092,
        1.9670000076293945,
        1.9670000076293945,
        1.5130000114440918,
        1.9700000286102295,
        1.9730000495910645,
        0.6129999756813049,
        1.9769999980926514,
        1.9800000190734863,
        1.9800000190734863,
        1.9830000400543213,
        1.9859999418258667,
        1.9859999418258667,
        1.9900000095367432,
        1.9930000305175781,
        0.6290000081062317,
        1.9959999322891235,
        1.9959999322891235,
        1.999000072479248,
        0.6360000371932983,
        3.488999843597412,
        3.492000102996826,
        2.00600004196167,
        2.009000062942505,
        2.0119998455047607,
        2.0119998455047607,
        2.0160000324249268,
        2.0190000534057617,
        2.0190000534057617,
        2.0219998359680176,
        2.0250000953674316,
        2.0250000953674316,
        2.0290000438690186,
        2.0320000648498535,
        2.0320000648498535,
        2.0350000858306885,
        2.0390000343322754,
        2.0390000343322754,
        2.0420000553131104,
        2.0450000762939453,
        2.0450000762939453,
        2.047999858856201,
        2.047999858856201,
        1.5520000457763672,
        2.052000045776367,
        2.055000066757202,
        2.058000087738037,
        2.174999952316284,
        2.061000108718872,
        0.9880000352859497,
        2.065000057220459,
        3.5220000743865967,
        0.9920000433921814,
        2.181999921798706,
        2.236999988555908,
        2.078000068664551,
        2.078000068664551,
        2.0810000896453857,
        2.0839998722076416,
        2.0839998722076416,
        0.7069999575614929,
        2.0880000591278076,
        2.0909998416900635,
        3.5350000858306885,
        2.0939998626708984
    ],
    "Generations needed": 21,
    "Population 1": 202.47500610351563,
    "Population 10": 2201.3701171875,
    "Population 11": 2271.945068359375,
    "Population 12": 2785.844970703125,
    "Population 13": 2602.344970703125,
    "Population 14": 2693.6650390625,
    "Population 15": 2765.094970703125,
    "Population 16": 2673.455078125,
    "Population 17": 2874.695068359375,
    "Population 18": 2977.7900390625,
    "Population 19": 3165.02001953125,
    "Population 2": 819.35498046875,
    "Population 20": 2883.43994140625,
    "Population 3": 1121.4200439453125,
    "Population 4": 1630.6199951171875,
    "Population 5": 2204.5400390625,
    "Population 6": 2324.544921875,
    "Population 7": 2232.10009765625,
    "Population 8": 2149.635009765625,
    "Population 9": 2253.5,
    "start": "today"
}
