{
    "Champ at 1": 887.0,
    "Champ at 10": 1911.0,
    "Champ at 11": 1911.0,
    "Champ at 12": 1911.0,
    "Champ at 13": 1911.0,
    "Champ at 14": 1911.0,
    "Champ at 15": 1911.0,
    "Champ at 16": 1911.0,
    "Champ at 17": 1911.0,
    "Champ at 18": 2281.0,
    "Champ at 19": 2647.0,
    "Champ at 2": 887.0,
    "Champ at 20": 2738.0,
    "Champ at 21": 2738.0,
    "Champ at 22": 2738.0,
    "Champ at 23": 2935.0,
    "Champ at 24": 3762.0,
    "Champ at 25": 3762.0,
    "Champ at 26": 3762.0,
    "Champ at 27": 3762.0,
    "Champ at 28": 3762.0,
    "Champ at 29": 3762.0,
    "Champ at 3": 1259.0,
    "Champ at 30": 3793.0,
    "Champ at 31": 3900.0,
    "Champ at 32": 3959.0,
    "Champ at 33": 3959.0,
    "Champ at 34": 4355.0,
    "Champ at 35": 4524.0,
    "Champ at 36": 4610.0,
    "Champ at 37": 4786.0,
    "Champ at 38": 4924.0,
    "Champ at 39": 4983.0,
    "Champ at 4": 1282.0,
    "Champ at 40": 4983.0,
    "Champ at 41": 4983.0,
    "Champ at 42": 4983.0,
    "Champ at 43": 4983.0,
    "Champ at 44": 4983.0,
    "Champ at 45": 4983.0,
    "Champ at 46": 4983.0,
    "Champ at 47": 4983.0,
    "Champ at 48": 4983.0,
    "Champ at 49": 5149.0,
    "Champ at 5": 1282.0,
    "Champ at 6": 1837.0,
    "Champ at 7": 1911.0,
    "Champ at 8": 1911.0,
    "Champ at 9": 1911.0,
    "ChampFitness": 5149.0,
    "ChampInputs": [
        1.8760000467300415,
        1.8799998760223389,
        1.8830000162124634,
        1.8830000162124634,
        1.8860000371932983,
        1.8860000371932983,
        2.6019999980926514,
        1.8889999389648438,
        1.8889999389648438,
        0.7540000081062317,
        1.8930000066757202,
        1.8930000066757202,
        1.8960000276565552,
        1.8960000276565552,
        1.8989999294281006,
        2.927000045776367,
        1.8989999294281006,
        0.7209999561309814,
        1.902999997138977,
        1.902999997138977,
        1.9059998989105225,
        1.9059998989105225,
        2.3489999771118164,
        1.9089999198913574,
        1.9089999198913574,
        1.093000054359436,
        1.912000060081482,
        2.4860000610351563,
        1.9159998893737793,
        1.9159998893737793,
        1.9190000295639038,
        0.47200000286102295,
        1.3609999418258667,
        1.9220000505447388,
        3.072999954223633,
        1.9249999523162842,
        2.5950000286102295,
        1.9290000200271606,
        1.9290000200271606,
        1.1130000352859497,
        0.38499999046325684,
        1.9320000410079956,
        0.024000000208616257,
        1.934999942779541,
        3.1009998321533203,
        1.937999963760376,
        1.937999963760376,
        1.937999963760376,
        1.941999912261963,
        0.4919999837875366,
        1.9449999332427979,
        3.0899999141693115,
        1.9449999332427979,
        1.9480000734329224,
        1.9480000734329224,
        0.49800002574920654,
        1.9519999027252197,
        8.676000595092773,
        2.5189998149871826,
        2.5189998149871826,
        2.5220000743865967,
        6.098999977111816,
        1.9580000638961792,
        0.5049999952316284,
        1.9609999656677246,
        1.9609999656677246,
        1.965000033378601,
        1.965000033378601,
        6.104999542236328,
        2.625,
        1.9679999351501465,
        1.9709999561309814,
        1.9709999561309814,
        2.9820001125335693,
        2.5350000858306885,
        1.9739999771118164,
        1.9779999256134033,
        0.8190000057220459,
        1.9809999465942383,
        1.9809999465942383,
        1.9809999465942383,
        1.9840000867843628,
        3.11899995803833,
        1.9869999885559082,
        1.4100000858306885,
        7.4800004959106445,
        0.527999997138977,
        1.9910000562667847,
        0.7929999828338623,
        1.99399995803833,
        6.125,
        0.8349999785423279,
        1.996999979019165,
        1.996999979019165,
        2.000999927520752,
        2.000999927520752,
        0.8389999866485596,
        2.003999948501587,
        2.003999948501587,
        2.006999969482422
    ],
    "Generations needed": 50,
    "Population 1": 199.8000030517578,
    "Population 10": 1665.7249755859375,
    "Population 11": 1713.9549560546875,
    "Population 12": 1612.89501953125,
    "Population 13": 1657.405029296875,
    "Population 14": 1571.010009765625,
    "Population 15": 1557.9649658203125,
    "Population 16": 1608.31005859375,
    "Population 17": 1608.699951171875,
    "Population 18": 1630.449951171875,
    "Population 19": 1958.93505859375,
    "Population 2": 836.4299926757813,
    "Population 20": 2121.389892578125,
    "Population 21": 2120.5849609375,
    "Population 22": 2190.27490234375,
    "Population 23": 2182.155029296875,
    "Population 24": 2384.669921875,
    "Population 25": 2752.389892578125,
    "Population 26": 2714.110107421875,
    "Population 27": 2710.735107421875,
    "Population 28": 2742.780029296875,
    "Population 29": 2668.530029296875,
    "Population 3": 825.094970703125,
    "Population 30": 2457.18994140625,
    "Population 31": 2748.9599609375,
    "Population 32": 2773.0048828125,
    "Population 33": 2700.534912109375,
    "Population 34": 2682.655029296875,
    "Population 35": 2863.610107421875,
    "Population 36": 2996.89501953125,
    "Population 37": 3180.074951171875,
    "Population 38": 3079.47509765625,
    "Population 39": 3236.784912109375,
    "Population 4": 1123.9300537109375,
    "Population 40": 3075.159912109375,
    "Population 41": 3336.6298828125,
    "Population 42": 3394.360107421875,
    "Population 43": 3260.195068359375,
    "Population 44": 3085.824951171875,
    "Population 45": 3091.919921875,
    "Population 46": 3295.6650390625,
    "Population 47": 3214.780029296875,
    "Population 48": 3160.6201171875,
    "Population 49": 3287.1298828125,
    "Population 5": 1174.4599609375,
    "Population 6": 1175.635009765625,
    "Population 7": 1557.22998046875,
    "Population 8": 1682.3299560546875,
    "Population 9": 1671.4100341796875,
    "start": "today"
}
