{
    "Champ at 1": 827.0,
    "Champ at 10": 3330.0,
    "Champ at 11": 3330.0,
    "Champ at 12": 3330.0,
    "Champ at 13": 3330.0,
    "Champ at 14": 4332.0,
    "Champ at 15": 4354.0,
    "Champ at 16": 4354.0,
    "Champ at 17": 4471.0,
    "Champ at 18": 4471.0,
    "Champ at 19": 4610.0,
    "Champ at 2": 887.0,
    "Champ at 20": 4610.0,
    "Champ at 21": 4610.0,
    "Champ at 22": 4610.0,
    "Champ at 23": 4610.0,
    "Champ at 24": 4610.0,
    "Champ at 25": 4610.0,
    "Champ at 26": 4610.0,
    "Champ at 27": 4983.0,
    "Champ at 28": 4983.0,
    "Champ at 29": 4983.0,
    "Champ at 3": 1262.0,
    "Champ at 30": 4983.0,
    "Champ at 31": 4983.0,
    "Champ at 32": 4983.0,
    "Champ at 33": 4983.0,
    "Champ at 34": 5137.0,
    "Champ at 4": 1911.0,
    "Champ at 5": 1911.0,
    "Champ at 6": 1911.0,
    "Champ at 7": 2562.0,
    "Champ at 8": 2864.0,
    "Champ at 9": 3301.0,
    "ChampFitness": 5137.0,
    "ChampInputs": [
        1.8580000400543213,
        1.8580000400543213,
        1.8610000610351563,
        1.8610000610351563,
        1.8639999628067017,
        1.8639999628067017,
        0.4190000295639038,
        1.8680000305175781,
        0.5180000066757202,
        0.5329999923706055,
        1.8739999532699585,
        1.8739999532699585,
        0.5239999890327454,
        1.877000093460083,
        1.8809999227523804,
        1.8809999227523804,
        1.8840000629425049,
        1.8840000629425049,
        1.8870000839233398,
        1.36899995803833,
        0.14100000262260437,
        1.8899999856948853,
        1.8940000534057617,
        1.8940000534057617,
        1.8970000743865967,
        1.899999976158142,
        1.899999976158142,
        0.4179999828338623,
        1.9040000438690186,
        1.906999945640564,
        0.4580000042915344,
        1.909999966621399,
        1.909999966621399,
        1.0789999961853027,
        1.9130001068115234,
        1.9169999361038208,
        1.9169999361038208,
        1.9200000762939453,
        1.9200000762939453,
        1.9230000972747803,
        0.5720000267028809,
        0.574999988079071,
        1.3959999084472656,
        1.9300000667572021,
        2.38700008392334,
        2.078000068664551,
        2.2279999256134033,
        1.9359999895095825,
        1.9390000104904175,
        1.9390000104904175,
        0.8309999704360962,
        1.9429999589920044,
        1.9459999799728394,
        1.9459999799728394,
        1.9490001201629639,
        1.9490001201629639,
        1.9529999494552612,
        2.0909998416900635,
        0.5040000081062317,
        2.253999948501587,
        5.395999908447266,
        1.9589998722076416,
        1.9620000123977661,
        1.9620000123977661,
        1.9660000801086426,
        2.2679998874664307,
        1.968999981880188,
        1.972000002861023,
        2.4130001068115234,
        1.975000023841858,
        1.975000023841858,
        1.9789999723434448,
        1.9789999723434448,
        1.9819999933242798,
        1.9819999933242798,
        0.8569999933242798,
        1.9850001335144043,
        1.9879999160766602,
        1.9879999160766602,
        1.9920001029968262,
        1.9920001029968262,
        2.002000093460083,
        0.6279999613761902,
        2.004999876022339,
        2.007999897003174,
        2.007999897003174,
        2.011000156402588,
        2.011000156402588,
        2.0149998664855957,
        2.435999870300293,
        2.0180001258850098,
        2.0180001258850098,
        2.0209999084472656,
        2.0239999294281006,
        2.442000150680542,
        2.0280001163482666,
        2.0280001163482666,
        2.0309998989105225,
        0.6539999842643738,
        2.0339999198913574
    ],
    "Generations needed": 35,
    "Population 1": 195.8350067138672,
    "Population 10": 2384.155029296875,
    "Population 11": 2285.010009765625,
    "Population 12": 2335.715087890625,
    "Population 13": 2236.905029296875,
    "Population 14": 2260.114990234375,
    "Population 15": 2666.52490234375,
    "Population 16": 2902.655029296875,
    "Population 17": 2682.0849609375,
    "Population 18": 2903.39990234375,
    "Population 19": 2828.570068359375,
    "Population 2": 800.0150146484375,
    "Population 20": 2950.554931640625,
    "Population 21": 2817.7548828125,
    "Population 22": 2762.300048828125,
    "Population 23": 2869.514892578125,
    "Population 24": 2474.510009765625,
    "Population 25": 2753.885009765625,
    "Population 26": 2770.590087890625,
    "Population 27": 2855.25,
    "Population 28": 3034.81005859375,
    "Population 29": 2911.77490234375,
    "Population 3": 843.6500244140625,
    "Population 30": 3085.9150390625,
    "Population 31": 3036.0400390625,
    "Population 32": 3013.179931640625,
    "Population 33": 2980.97509765625,
    "Population 34": 3031.264892578125,
    "Population 4": 1121.3399658203125,
    "Population 5": 1535.260009765625,
    "Population 6": 1571.2149658203125,
    "Population 7": 1638.550048828125,
    "Population 8": 1908.4200439453125,
    "Population 9": 2069.175048828125,
    "start": "today"
}
