{
    "Champ at 1": 829.0,
    "Champ at 10": 1911.0,
    "Champ at 11": 1911.0,
    "Champ at 12": 1911.0,
    "Champ at 13": 2306.0,
    "Champ at 14": 2738.0,
    "Champ at 15": 2935.0,
    "Champ at 16": 3299.0,
    "Champ at 17": 3671.0,
    "Champ at 18": 3671.0,
    "Champ at 19": 3762.0,
    "Champ at 2": 829.0,
    "Champ at 20": 3762.0,
    "Champ at 21": 3762.0,
    "Champ at 22": 3762.0,
    "Champ at 23": 3762.0,
    "Champ at 24": 3762.0,
    "Champ at 25": 3762.0,
    "Champ at 26": 3762.0,
    "Champ at 27": 3892.0,
    "Champ at 28": 4326.0,
    "Champ at 29": 4610.0,
    "Champ at 3": 887.0,
    "Champ at 30": 5144.0,
    "Champ at 4": 887.0,
    "Champ at 5": 887.0,
    "Champ at 6": 887.0,
    "Champ at 7": 1246.0,
    "Champ at 8": 1911.0,
    "Champ at 9": 1911.0,
    "ChampFitness": 5144.0,
    "ChampInputs": [
        1.8600000143051147,
        1.8600000143051147,
        1.8639999628067017,
        1.8639999628067017,
        1.8669999837875366,
        1.8669999837875366,
        2.546999931335449,
        1.8700001239776611,
        1.8700001239776611,
        3.3399999141693115,
        1.872999906539917,
        1.877000093460083,
        1.877000093460083,
        1.877000093460083,
        0.4749999940395355,
        1.8799998760223389,
        1.8830000162124634,
        3.3469998836517334,
        1.9210000038146973,
        1.8860000371932983,
        1.8860000371932983,
        1.8410000801086426,
        1.8899999856948853,
        3.113999843597412,
        1.8930000066757202,
        0.2789999842643738,
        1.8960000276565552,
        1.8960000276565552,
        0.27799999713897705,
        1.8989999294281006,
        1.902999997138977,
        1.902999997138977,
        1.902999997138977,
        0.5419999957084656,
        1.9059998989105225,
        1.9089999198913574,
        0.5299999713897705,
        2.5889997482299805,
        1.9130001068115234,
        1.9130001068115234,
        1.9159998893737793,
        1.9159998893737793,
        1.9190000295639038,
        2.7960000038146973,
        1.9220000505447388,
        1.9220000505447388,
        1.9259999990463257,
        5.246999740600586,
        1.9290000200271606,
        1.9290000200271606,
        1.9320000410079956,
        1.9320000410079956,
        1.934999942779541,
        1.934999942779541,
        1.934999942779541,
        0.30799999833106995,
        0.30799999833106995,
        3.1459999084472656,
        1.941999912261963,
        2.611999988555908,
        1.9449999332427979,
        1.9480000734329224,
        1.9480000734329224,
        1.9519999027252197,
        1.9519999027252197,
        1.9519999027252197,
        1.9550000429153442,
        1.9550000429153442,
        1.9580000638961792,
        1.9580000638961792,
        2.8349997997283936,
        1.9620000123977661,
        0.3240000009536743,
        1.965000033378601,
        1.965000033378601,
        1.9679999351501465,
        1.9679999351501465,
        1.9709999561309814,
        3.4189999103546143,
        1.9709999561309814,
        1.975000023841858,
        0.5730000138282776,
        1.9779999256134033,
        2.8550000190734863,
        3.171999931335449,
        3.427999973297119,
        0.6040000319480896,
        1.9840000867843628,
        1.9840000867843628,
        1.9879999160766602,
        1.9879999160766602,
        1.9879999160766602,
        1.9910000562667847,
        1.9910000562667847,
        1.99399995803833,
        1.99399995803833,
        1.99399995803833,
        1.996999979019165,
        1.996999979019165,
        3.188999891281128
    ],
    "Generations needed": 31,
    "Population 1": 207.1199951171875,
    "Population 10": 1605.0150146484375,
    "Population 11": 1601.4549560546875,
    "Population 12": 1633.0250244140625,
    "Population 13": 1637.2249755859375,
    "Population 14": 1832.9150390625,
    "Population 15": 2178.89501953125,
    "Population 16": 2189.35498046875,
    "Population 17": 2398.2451171875,
    "Population 18": 2808.860107421875,
    "Population 19": 2816.719970703125,
    "Population 2": 784.27001953125,
    "Population 20": 2720.64990234375,
    "Population 21": 2632.510009765625,
    "Population 22": 2817.929931640625,
    "Population 23": 2681.97509765625,
    "Population 24": 2669.425048828125,
    "Population 25": 2767.10498046875,
    "Population 26": 2975.695068359375,
    "Population 27": 2616.554931640625,
    "Population 28": 2766.47509765625,
    "Population 29": 3025.429931640625,
    "Population 3": 786.7899780273438,
    "Population 30": 3107.514892578125,
    "Population 4": 825.6900024414063,
    "Population 5": 848.905029296875,
    "Population 6": 851.3099975585938,
    "Population 7": 818.739990234375,
    "Population 8": 1130.0849609375,
    "Population 9": 1599.9449462890625,
    "start": "today"
}
