{
    "Champ at 1": 819.0,
    "Champ at 10": 3900.0,
    "Champ at 11": 3959.0,
    "Champ at 12": 3959.0,
    "Champ at 13": 3959.0,
    "Champ at 14": 4078.0,
    "Champ at 15": 4078.0,
    "Champ at 16": 4334.0,
    "Champ at 17": 4983.0,
    "Champ at 18": 4983.0,
    "Champ at 19": 5113.0,
    "Champ at 2": 1853.0,
    "Champ at 3": 1911.0,
    "Champ at 4": 1911.0,
    "Champ at 5": 1911.0,
    "Champ at 6": 2270.0,
    "Champ at 7": 2738.0,
    "Champ at 8": 2867.0,
    "Champ at 9": 3330.0,
    "ChampFitness": 5113.0,
    "ChampInputs": [
        1.840000033378601,
        1.843000054359436,
        1.777999997138977,
        1.8459999561309814,
        1.8459999561309814,
        1.8459999561309814,
        3.003000020980835,
        1.8489999771118164,
        1.8529999256134033,
        3.00600004196167,
        1.8529999256134033,
        1.8559999465942383,
        1.8559999465942383,
        1.8559999465942383,
        2.572999954223633,
        2.617000102996826,
        2.011000156402588,
        2.624000072479248,
        1.8619999885559082,
        1.8659999370574951,
        1.8659999370574951,
        1.559000015258789,
        3.307000160217285,
        1.8690000772476196,
        2.5880000591278076,
        1.871999979019165,
        1.871999979019165,
        1.875,
        1.875,
        1.875,
        1.8790000677108765,
        0.925000011920929,
        1.808000087738037,
        3.366000175476074,
        1.8819999694824219,
        1.8849999904632568,
        1.8849999904632568,
        1.8849999904632568,
        1.5750000476837158,
        2.299999952316284,
        1.8919999599456787,
        1.5780000686645508,
        2.0370001792907715,
        1.8949999809265137,
        1.8949999809265137,
        1.8949999809265137,
        2.6690001487731934,
        1.8980000019073486,
        1.9019999504089355,
        1.9019999504089355,
        1.9019999504089355,
        1.90500009059906,
        1.90500009059906,
        1.9079999923706055,
        1.9079999923706055,
        1.9079999923706055,
        3.3399999141693115,
        1.9110000133514404,
        3.3430001735687256,
        1.9149999618530273,
        1.9149999618530273,
        1.9179999828338623,
        1.9179999828338623,
        1.9210000038146973,
        1.9210000038146973,
        1.9210000038146973,
        1.9239999055862427,
        1.9239999055862427,
        1.9279999732971191,
        2.63100004196167,
        1.9279999732971191,
        2.064000129699707,
        1.930999994277954,
        1.930999994277954,
        1.934000015258789,
        3.4150002002716064,
        5.915999889373779,
        1.937999963760376,
        1.937999963760376,
        3.361999988555908,
        1.8799998760223389,
        1.9410001039505005,
        1.944000005722046,
        1.944000005722046,
        1.9470000267028809,
        2.0799999237060547,
        2.0799999237060547,
        2.0829999446868896,
        1.9509999752044678,
        1.9509999752044678,
        1.9539999961853027,
        5.932000160217285,
        1.9570000171661377,
        2.361999988555908,
        1.9570000171661377,
        1.959999918937683,
        2.365000009536743,
        1.9639999866485596,
        1.9639999866485596,
        1.9639999866485596
    ],
    "Generations needed": 20,
    "Population 1": 203.32000732421875,
    "Population 10": 2604.080078125,
    "Population 11": 2732.60498046875,
    "Population 12": 2768.0849609375,
    "Population 13": 2873.905029296875,
    "Population 14": 2789.93994140625,
    "Population 15": 3001.64501953125,
    "Population 16": 2892.965087890625,
    "Population 17": 2954.18994140625,
    "Population 18": 3216.89990234375,
    "Population 19": 3247.594970703125,
    "Population 2": 782.7000122070313,
    "Population 3": 1700.739990234375,
    "Population 4": 1695.3399658203125,
    "Population 5": 1615.39501953125,
    "Population 6": 1702.43505859375,
    "Population 7": 1948.5150146484375,
    "Population 8": 2222.405029296875,
    "Population 9": 2339.114990234375,
    "start": "today"
}
