{
    "Champ at 1": 819.0,
    "Champ at 10": 2287.0,
    "Champ at 11": 2562.0,
    "Champ at 12": 2562.0,
    "Champ at 13": 2562.0,
    "Champ at 14": 2872.0,
    "Champ at 15": 2935.0,
    "Champ at 16": 3327.0,
    "Champ at 17": 3330.0,
    "Champ at 18": 3330.0,
    "Champ at 19": 3330.0,
    "Champ at 2": 887.0,
    "Champ at 20": 3671.0,
    "Champ at 21": 3671.0,
    "Champ at 22": 3762.0,
    "Champ at 23": 3889.0,
    "Champ at 24": 3899.0,
    "Champ at 25": 4354.0,
    "Champ at 26": 4354.0,
    "Champ at 27": 4354.0,
    "Champ at 28": 4471.0,
    "Champ at 29": 4610.0,
    "Champ at 3": 887.0,
    "Champ at 30": 4695.0,
    "Champ at 31": 4695.0,
    "Champ at 32": 4695.0,
    "Champ at 33": 4695.0,
    "Champ at 34": 4695.0,
    "Champ at 35": 4695.0,
    "Champ at 36": 4695.0,
    "Champ at 37": 4695.0,
    "Champ at 38": 4695.0,
    "Champ at 39": 4695.0,
    "Champ at 4": 887.0,
    "Champ at 40": 4695.0,
    "Champ at 41": 4695.0,
    "Champ at 42": 4695.0,
    "Champ at 43": 4695.0,
    "Champ at 44": 4695.0,
    "Champ at 45": 4695.0,
    "Champ at 46": 4695.0,
    "Champ at 47": 4695.0,
    "Champ at 48": 4695.0,
    "Champ at 49": 4695.0,
    "Champ at 5": 887.0,
    "Champ at 50": 4695.0,
    "Champ at 51": 4695.0,
    "Champ at 52": 4695.0,
    "Champ at 53": 4695.0,
    "Champ at 54": 4695.0,
    "Champ at 55": 4695.0,
    "Champ at 56": 4695.0,
    "Champ at 57": 4695.0,
    "Champ at 58": 4786.0,
    "Champ at 59": 4786.0,
    "Champ at 6": 887.0,
    "Champ at 60": 5156.0,
    "Champ at 7": 1538.0,
    "Champ at 8": 1538.0,
    "Champ at 9": 1911.0,
    "ChampFitness": 5156.0,
    "ChampInputs": [
        1.8420000076293945,
        1.8420000076293945,
        1.8420000076293945,
        1.84499990940094,
        1.84499990940094,
        1.84499990940094,
        3.447999954223633,
        1.8480000495910645,
        1.8480000495910645,
        0.8880000114440918,
        1.8510000705718994,
        1.8510000705718994,
        1.8550000190734863,
        1.8550000190734863,
        1.8550000190734863,
        2.434000015258789,
        0.8309999704360962,
        1.8580000400543213,
        1.8610000610351563,
        1.8610000610351563,
        1.8610000610351563,
        0.42399999499320984,
        1.8639999628067017,
        1.8639999628067017,
        0.06700000166893005,
        1.8680000305175781,
        3.26200008392334,
        1.8709999322891235,
        1.8709999322891235,
        0.9960000514984131,
        1.8709999322891235,
        1.8739999532699585,
        1.8739999532699585,
        1.63100004196167,
        1.877000093460083,
        1.877000093460083,
        0.8510000109672546,
        1.8809999227523804,
        1.8809999227523804,
        2.4760000705718994,
        1.7200000286102295,
        2.687000036239624,
        1.4920001029968262,
        1.8870000839233398,
        3.2910001277923584,
        1.8870000839233398,
        2.4860000610351563,
        0.4729999899864197,
        0.4729999899864197,
        0.47600001096725464,
        1.8940000534057617,
        1.7299998998641968,
        1.8970000743865967,
        1.8970000743865967,
        1.8970000743865967,
        1.899999976158142,
        3.2940001487731934,
        1.0360000133514404,
        1.0390000343322754,
        1.9040000438690186,
        1.7400000095367432,
        3.5240001678466797,
        2.7090001106262207,
        2.4789998531341553,
        1.906999945640564,
        1.909999966621399,
        1.909999966621399,
        1.909999966621399,
        3.5299997329711914,
        5.520999908447266,
        3.5329999923706055,
        1.9169999361038208,
        1.9169999361038208,
        2.488999843597412,
        3.312999963760376,
        3.3430001735687256,
        1.9200000762939453,
        1.0750000476837158,
        1.9230000972747803,
        1.9230000972747803,
        1.9259999990463257,
        1.9259999990463257,
        1.7589999437332153,
        5.536999702453613,
        2.25600004196167,
        1.5350000858306885,
        1.9300000667572021,
        5.539999961853027,
        1.9329999685287476,
        1.9329999685287476,
        1.9359999895095825,
        1.9359999895095825,
        1.9359999895095825,
        1.940000057220459,
        3.3329999446868896,
        1.940000057220459,
        0.13899999856948853,
        1.9429999589920044,
        3.381999969482422,
        1.9459999799728394
    ],
    "Generations needed": 61,
    "Population 1": 197.94500732421875,
    "Population 10": 1540.5,
    "Population 11": 1953.8349609375,
    "Population 12": 2042.35498046875,
    "Population 13": 1911.1800537109375,
    "Population 14": 2144.5849609375,
    "Population 15": 2178.9150390625,
    "Population 16": 2199.080078125,
    "Population 17": 2527.169921875,
    "Population 18": 2519.949951171875,
    "Population 19": 2400.784912109375,
    "Population 2": 787.72998046875,
    "Population 20": 2423.594970703125,
    "Population 21": 2658.22998046875,
    "Population 22": 2727.544921875,
    "Population 23": 2454.385009765625,
    "Population 24": 2716.304931640625,
    "Population 25": 2724.794921875,
    "Population 26": 2974.514892578125,
    "Population 27": 2975.14501953125,
    "Population 28": 2966.02001953125,
    "Population 29": 2959.909912109375,
    "Population 3": 815.85498046875,
    "Population 30": 2952.47509765625,
    "Population 31": 3075.764892578125,
    "Population 32": 3001.485107421875,
    "Population 33": 3014.205078125,
    "Population 34": 3024.68505859375,
    "Population 35": 3090.554931640625,
    "Population 36": 2975.139892578125,
    "Population 37": 3010.0849609375,
    "Population 38": 3026.550048828125,
    "Population 39": 3163.125,
    "Population 4": 847.9650268554688,
    "Population 40": 2949.080078125,
    "Population 41": 3302.85498046875,
    "Population 42": 3009.889892578125,
    "Population 43": 3092.43505859375,
    "Population 44": 2975.139892578125,
    "Population 45": 2925.52490234375,
    "Population 46": 3049.110107421875,
    "Population 47": 3113.43505859375,
    "Population 48": 3108.97998046875,
    "Population 49": 3032.794921875,
    "Population 5": 830.6400146484375,
    "Population 50": 3075.02490234375,
    "Population 51": 3014.409912109375,
    "Population 52": 2935.9951171875,
    "Population 53": 2885.705078125,
    "Population 54": 3097.2451171875,
    "Population 55": 2994.2548828125,
    "Population 56": 3170.6650390625,
    "Population 57": 3036.31005859375,
    "Population 58": 3108.050048828125,
    "Population 59": 3193.1298828125,
    "Population 6": 819.9749755859375,
    "Population 60": 2957.31494140625,
    "Population 7": 854.6099853515625,
    "Population 8": 1347.905029296875,
    "Population 9": 1364.074951171875,
    "start": "today"
}
