{
    "Champ at 1": 816.0,
    "Champ at 10": 2867.0,
    "Champ at 11": 2879.0,
    "Champ at 12": 3671.0,
    "Champ at 13": 3762.0,
    "Champ at 14": 3959.0,
    "Champ at 15": 4786.0,
    "Champ at 16": 4786.0,
    "Champ at 17": 4786.0,
    "Champ at 18": 4786.0,
    "Champ at 19": 4786.0,
    "Champ at 2": 1238.0,
    "Champ at 20": 4907.0,
    "Champ at 21": 5210.0,
    "Champ at 3": 1282.0,
    "Champ at 4": 1282.0,
    "Champ at 5": 1714.0,
    "Champ at 6": 1714.0,
    "Champ at 7": 1911.0,
    "Champ at 8": 2278.0,
    "Champ at 9": 2562.0,
    "ChampFitness": 5210.0,
    "ChampInputs": [
        1.8289999961853027,
        1.8320000171661377,
        1.8320000171661377,
        1.8350000381469727,
        1.837999939918518,
        1.837999939918518,
        2.6989998817443848,
        1.8420000076293945,
        1.84499990940094,
        3.7230000495910645,
        1.8480000495910645,
        1.8480000495910645,
        1.690000057220459,
        1.8550000190734863,
        2.5749998092651367,
        1.8580000400543213,
        1.8580000400543213,
        2.5310001373291016,
        0.3840000033378601,
        1.8650000095367432,
        1.8650000095367432,
        1.8680000305175781,
        1.8680000305175781,
        0.19200000166893005,
        2.7970001697540283,
        1.8739999532699585,
        2.7250001430511475,
        1.878000020980835,
        1.8809999227523804,
        2.517000198364258,
        1.1779999732971191,
        1.8840000629425049,
        0.3970000147819519,
        0.05100000277161598,
        2.5199999809265137,
        1.8940000534057617,
        2.813999891281128,
        1.8970000743865967,
        1.8970000743865967,
        1.899999976158142,
        1.899999976158142,
        1.6110000610351563,
        3.565999984741211,
        2.752000093460083,
        1.909999966621399,
        1.6140000820159912,
        1.9140000343322754,
        1.9140000343322754,
        1.9169999361038208,
        1.9200000762939453,
        1.9329999685287476,
        1.9359999895095825,
        1.940000057220459,
        1.940000057220459,
        1.7319999933242798,
        3.5789999961853027,
        1.9459999799728394,
        0.22500000894069672,
        0.4230000078678131,
        1.9529999494552612,
        1.9529999494552612,
        1.9560000896453857,
        1.9560000896453857,
        1.9589998722076416,
        0.08000000566244125,
        1.9630000591278076,
        1.9660000801086426,
        1.9660000801086426,
        0.43299999833106995,
        1.968999981880188,
        1.972000002861023,
        0.2409999966621399,
        2.7939999103546143,
        1.9760000705718994,
        1.9789999723434448,
        1.9789999723434448,
        2.633999824523926,
        1.9819999933242798,
        1.9850001335144043,
        1.9850001335144043,
        1.9889999628067017,
        2.809999942779541,
        1.9920001029968262,
        1.9920001029968262,
        1.994999885559082,
        3.7940001487731934,
        1.9980000257492065,
        1.9980000257492065,
        2.002000093460083,
        2.002000093460083,
        2.004999876022339,
        2.004999876022339,
        2.007999897003174,
        2.007999897003174,
        2.0119998455047607,
        2.0119998455047607,
        2.0149998664855957,
        2.0149998664855957,
        2.0180001258850098,
        2.0180001258850098
    ],
    "Generations needed": 22,
    "Population 1": 209.0800018310547,
    "Population 10": 2028.4599609375,
    "Population 11": 2355.030029296875,
    "Population 12": 2275.89501953125,
    "Population 13": 2716.985107421875,
    "Population 14": 2670.715087890625,
    "Population 15": 2883.419921875,
    "Population 16": 3276.405029296875,
    "Population 17": 3145.909912109375,
    "Population 18": 3101.0400390625,
    "Population 19": 3284.1201171875,
    "Population 2": 770.614990234375,
    "Population 20": 3320.114990234375,
    "Population 21": 3268.860107421875,
    "Population 3": 1129.1199951171875,
    "Population 4": 1126.324951171875,
    "Population 5": 1142.2149658203125,
    "Population 6": 1417.239990234375,
    "Population 7": 1489.1600341796875,
    "Population 8": 1589.56005859375,
    "Population 9": 1854.5150146484375,
    "start": "today"
}
