{
    "Champ at 1": 824.0,
    "Champ at 10": 1911.0,
    "Champ at 11": 1911.0,
    "Champ at 12": 1911.0,
    "Champ at 13": 2308.0,
    "Champ at 14": 2871.0,
    "Champ at 15": 3296.0,
    "Champ at 16": 3303.0,
    "Champ at 17": 3586.0,
    "Champ at 18": 3671.0,
    "Champ at 19": 3671.0,
    "Champ at 2": 887.0,
    "Champ at 20": 3671.0,
    "Champ at 21": 3671.0,
    "Champ at 22": 3671.0,
    "Champ at 23": 3671.0,
    "Champ at 24": 3762.0,
    "Champ at 25": 3959.0,
    "Champ at 26": 3959.0,
    "Champ at 27": 3959.0,
    "Champ at 28": 3959.0,
    "Champ at 29": 3959.0,
    "Champ at 3": 887.0,
    "Champ at 30": 3959.0,
    "Champ at 31": 3959.0,
    "Champ at 32": 4338.0,
    "Champ at 33": 4354.0,
    "Champ at 34": 4912.0,
    "Champ at 35": 5184.0,
    "Champ at 4": 1263.0,
    "Champ at 5": 1848.0,
    "Champ at 6": 1911.0,
    "Champ at 7": 1911.0,
    "Champ at 8": 1911.0,
    "Champ at 9": 1911.0,
    "ChampFitness": 5184.0,
    "ChampInputs": [
        1.8489999771118164,
        1.8489999771118164,
        1.8529999256134033,
        1.8529999256134033,
        1.8529999256134033,
        1.8559999465942383,
        2.940000057220459,
        1.8559999465942383,
        1.8589999675750732,
        2.381999969482422,
        1.8589999675750732,
        2.384999990463257,
        1.8619999885559082,
        1.6890000104904175,
        3.4140000343322754,
        1.8659999370574951,
        1.8659999370574951,
        0.5699999928474426,
        1.8690000772476196,
        1.8690000772476196,
        1.8690000772476196,
        1.871999979019165,
        1.871999979019165,
        2.682000160217285,
        1.875,
        1.875,
        3.134000062942505,
        1.875,
        2.2790000438690186,
        1.7409999370574951,
        1.8790000677108765,
        2.6760001182556152,
        1.8819999694824219,
        0.29100000858306885,
        0.6880000233650208,
        1.8849999904632568,
        1.8849999904632568,
        1.8880000114440918,
        1.8880000114440918,
        1.8880000114440918,
        1.8919999599456787,
        3.1670000553131104,
        2.2920000553131104,
        0.7010000348091125,
        1.8949999809265137,
        9.437000274658203,
        1.8949999809265137,
        1.8980000019073486,
        1.8980000019073486,
        1.8980000019073486,
        1.9019999504089355,
        1.9019999504089355,
        1.9019999504089355,
        1.90500009059906,
        1.90500009059906,
        2.6989998817443848,
        1.9079999923706055,
        1.9079999923706055,
        1.9079999923706055,
        1.9079999923706055,
        1.9110000133514404,
        1.9110000133514404,
        1.9110000133514404,
        1.9149999618530273,
        1.9149999618530273,
        1.9149999618530273,
        1.9179999828338623,
        1.9179999828338623,
        1.9179999828338623,
        4.458000183105469,
        1.8819999694824219,
        1.9210000038146973,
        1.9239999055862427,
        1.9239999055862427,
        1.9239999055862427,
        1.9279999732971191,
        3.359999895095825,
        2.75,
        1.930999994277954,
        1.930999994277954,
        3.4790000915527344,
        1.930999994277954,
        1.934000015258789,
        1.934000015258789,
        1.934000015258789,
        2.3340001106262207,
        3.4850001335144043,
        1.937000036239624,
        1.9179999828338623,
        3.0739998817443848,
        3.377000093460083,
        1.944000005722046,
        1.944000005722046,
        1.944000005722046,
        1.9470000267028809,
        1.9470000267028809,
        1.9470000267028809,
        1.9470000267028809,
        2.3469998836517334,
        0.49300000071525574
    ],
    "Generations needed": 36,
    "Population 1": 198.88999938964844,
    "Population 10": 1639.4549560546875,
    "Population 11": 1649.2550048828125,
    "Population 12": 1682.135009765625,
    "Population 13": 1683.8399658203125,
    "Population 14": 1859.094970703125,
    "Population 15": 2262.300048828125,
    "Population 16": 2588.7548828125,
    "Population 17": 2449.5,
    "Population 18": 2611.9951171875,
    "Population 19": 2799.580078125,
    "Population 2": 772.739990234375,
    "Population 20": 2634.3349609375,
    "Population 21": 2649.385009765625,
    "Population 22": 2739.159912109375,
    "Population 23": 2798.864990234375,
    "Population 24": 2740.030029296875,
    "Population 25": 2668.489990234375,
    "Population 26": 2931.39501953125,
    "Population 27": 2752.760009765625,
    "Population 28": 2888.47509765625,
    "Population 29": 2907.635009765625,
    "Population 3": 840.35498046875,
    "Population 30": 2972.264892578125,
    "Population 31": 2851.43505859375,
    "Population 32": 2651.25,
    "Population 33": 2867.909912109375,
    "Population 34": 2939.590087890625,
    "Population 35": 3282.6201171875,
    "Population 4": 812.5650024414063,
    "Population 5": 1176.7900390625,
    "Population 6": 1588.1600341796875,
    "Population 7": 1695.9749755859375,
    "Population 8": 1638.949951171875,
    "Population 9": 1548.324951171875,
    "start": "today"
}
