{
    "Champ at 1": 887.0,
    "Champ at 10": 2935.0,
    "Champ at 11": 2935.0,
    "Champ at 12": 3447.0,
    "Champ at 13": 3762.0,
    "Champ at 14": 4078.0,
    "Champ at 15": 4471.0,
    "Champ at 16": 5141.0,
    "Champ at 2": 1263.0,
    "Champ at 3": 1845.0,
    "Champ at 4": 1911.0,
    "Champ at 5": 1911.0,
    "Champ at 6": 1911.0,
    "Champ at 7": 1911.0,
    "Champ at 8": 2871.0,
    "Champ at 9": 2935.0,
    "ChampFitness": 5141.0,
    "ChampInputs": [
        1.8700001239776611,
        1.872999906539917,
        1.8760000467300415,
        1.8760000467300415,
        1.8790000677108765,
        1.8790000677108765,
        2.1480000019073486,
        0.8450000286102295,
        1.8830000162124634,
        0.8330000042915344,
        1.8860000371932983,
        1.8889999389648438,
        1.8889999389648438,
        1.8919999599456787,
        1.8919999599456787,
        1.8960000276565552,
        1.8960000276565552,
        0.48799997568130493,
        0.48799997568130493,
        0.4909999966621399,
        1.9019999504089355,
        1.90500009059906,
        1.90500009059906,
        1.9089999198913574,
        1.9089999198913574,
        1.912000060081482,
        1.912000060081482,
        3.001999855041504,
        1.9149999618530273,
        0.8649999499320984,
        1.9190000295639038,
        2.184000015258789,
        1.9220000505447388,
        1.5899999141693115,
        1.9249999523162842,
        1.9279999732971191,
        3.01200008392334,
        1.3489999771118164,
        3.0149998664855957,
        1.934999942779541,
        1.934999942779541,
        1.5999999046325684,
        1.937999963760376,
        1.9410001039505005,
        3.0219998359680176,
        1.9410001039505005,
        1.9449999332427979,
        1.9449999332427979,
        1.9480000734329224,
        1.9480000734329224,
        1.9509999752044678,
        1.9509999752044678,
        1.9539999961853027,
        1.9539999961853027,
        1.9580000638961792,
        1.9580000638961792,
        1.9609999656677246,
        1.9609999656677246,
        1.9390000104904175,
        1.9639999866485596,
        1.9679999351501465,
        1.9679999351501465,
        1.9709999561309814,
        1.9709999561309814,
        1.4279999732971191,
        1.9739999771118164,
        0.9009999632835388,
        1.9769999980926514,
        1.9809999465942383,
        1.9809999465942383,
        1.9840000867843628,
        1.9840000867843628,
        3.3379998207092285,
        1.9869999885559082,
        1.9550000429153442,
        1.9580000638961792,
        1.99399995803833,
        1.99399995803833,
        1.996999979019165,
        1.996999979019165,
        3.05400013923645,
        2.0,
        2.003000020980835,
        2.003000020980835,
        2.006999969482422,
        2.006999969482422,
        2.009999990463257,
        2.009999990463257,
        2.009999990463257,
        2.013000011444092,
        2.2690000534057617,
        0.9269999861717224,
        2.0169999599456787,
        3.066999912261963,
        0.6060000061988831,
        2.0230000019073486,
        2.0230000019073486,
        0.6089999675750732,
        2.0260000228881836,
        2.0299999713897705
    ],
    "Generations needed": 17,
    "Population 1": 203.86500549316406,
    "Population 10": 2184.205078125,
    "Population 11": 2197.7099609375,
    "Population 12": 2226.35009765625,
    "Population 13": 2431.0048828125,
    "Population 14": 2575.449951171875,
    "Population 15": 2778.6298828125,
    "Population 16": 3129.25,
    "Population 2": 817.0549926757813,
    "Population 3": 1167.0400390625,
    "Population 4": 1614.31005859375,
    "Population 5": 1605.3699951171875,
    "Population 6": 1594.114990234375,
    "Population 7": 1536.2950439453125,
    "Population 8": 1603.7149658203125,
    "Population 9": 2216.3349609375,
    "start": "today"
}
