{
    "Champ at 1": 826.0,
    "Champ at 10": 2562.0,
    "Champ at 11": 3306.0,
    "Champ at 12": 3671.0,
    "Champ at 13": 3903.0,
    "Champ at 14": 4352.0,
    "Champ at 15": 4354.0,
    "Champ at 16": 4354.0,
    "Champ at 17": 4354.0,
    "Champ at 18": 4354.0,
    "Champ at 19": 4695.0,
    "Champ at 2": 887.0,
    "Champ at 20": 4786.0,
    "Champ at 21": 4786.0,
    "Champ at 22": 4983.0,
    "Champ at 23": 4983.0,
    "Champ at 24": 5128.0,
    "Champ at 3": 887.0,
    "Champ at 4": 1272.0,
    "Champ at 5": 1911.0,
    "Champ at 6": 1911.0,
    "Champ at 7": 2293.0,
    "Champ at 8": 2306.0,
    "Champ at 9": 2306.0,
    "ChampFitness": 5128.0,
    "ChampInputs": [
        1.8529999256134033,
        1.8559999465942383,
        1.8559999465942383,
        1.8559999465942383,
        1.8600000143051147,
        0.17399999499320984,
        1.8600000143051147,
        2.872999906539917,
        1.8629999160766602,
        1.0099999904632568,
        1.8659999370574951,
        1.8659999370574951,
        1.8659999370574951,
        1.8659999370574951,
        1.8690000772476196,
        1.8690000772476196,
        1.8690000772476196,
        0.9520000219345093,
        0.21400001645088196,
        1.872999906539917,
        2.4609999656677246,
        1.8760000467300415,
        1.8760000467300415,
        1.8790000677108765,
        1.8790000677108765,
        1.8790000677108765,
        2.8929998874664307,
        1.8830000162124634,
        1.8830000162124634,
        1.0959999561309814,
        1.8860000371932983,
        1.8860000371932983,
        1.8860000371932983,
        1.8539999723434448,
        1.8889999389648438,
        3.048999786376953,
        1.8919999599456787,
        1.8919999599456787,
        2.569999933242798,
        1.8960000276565552,
        1.8960000276565552,
        1.0429999828338623,
        1.13100004196167,
        1.0460000038146973,
        0.7240000367164612,
        2.3450000286102295,
        0.21400001645088196,
        1.9019999504089355,
        1.1150000095367432,
        1.90500009059906,
        1.90500009059906,
        1.90500009059906,
        2.9149999618530273,
        0.22299998998641968,
        0.22299998998641968,
        0.22699999809265137,
        1.912000060081482,
        1.912000060081482,
        1.9149999618530273,
        0.7400000095367432,
        0.7400000095367432,
        0.7440000176429749,
        1.9179999828338623,
        1.9179999828338623,
        1.9179999828338623,
        1.8870000839233398,
        1.9220000505447388,
        9.928999900817871,
        1.9249999523162842,
        1.9249999523162842,
        0.24000000953674316,
        1.9279999732971191,
        1.9279999732971191,
        1.9279999732971191,
        9.935999870300293,
        1.9320000410079956,
        1.9320000410079956,
        1.934999942779541,
        0.2720000147819519,
        1.934999942779541,
        1.934999942779541,
        1.937999963760376,
        1.1710000038146973,
        1.937999963760376,
        1.9410001039505005,
        1.9410001039505005,
        1.9410001039505005,
        1.9449999332427979,
        2.4230000972747803,
        1.9449999332427979,
        9.95199966430664,
        1.9480000734329224,
        2.955000162124634,
        1.9509999752044678,
        1.9509999752044678,
        1.9509999752044678,
        1.9539999961853027,
        1.9539999961853027,
        1.9580000638961792,
        2.442999839782715
    ],
    "Generations needed": 25,
    "Population 1": 199.41000366210938,
    "Population 10": 1809.8599853515625,
    "Population 11": 2026.2349853515625,
    "Population 12": 2497.034912109375,
    "Population 13": 2642.580078125,
    "Population 14": 2634.93505859375,
    "Population 15": 2782.60009765625,
    "Population 16": 2707.989990234375,
    "Population 17": 2851.054931640625,
    "Population 18": 2763.735107421875,
    "Population 19": 2542.93505859375,
    "Population 2": 772.77001953125,
    "Population 20": 2953.679931640625,
    "Population 21": 3147.639892578125,
    "Population 22": 2901.72998046875,
    "Population 23": 3131.215087890625,
    "Population 24": 3083.405029296875,
    "Population 3": 832.760009765625,
    "Population 4": 835.0599975585938,
    "Population 5": 1168.9549560546875,
    "Population 6": 1521.0799560546875,
    "Population 7": 1684.9150390625,
    "Population 8": 1753.5849609375,
    "Population 9": 1837.4849853515625,
    "start": "today"
}
