{
    "Champ at 1": 887.0,
    "Champ at 10": 3762.0,
    "Champ at 11": 3959.0,
    "Champ at 12": 3959.0,
    "Champ at 13": 4336.0,
    "Champ at 14": 4354.0,
    "Champ at 15": 4354.0,
    "Champ at 16": 4354.0,
    "Champ at 17": 4786.0,
    "Champ at 18": 4786.0,
    "Champ at 19": 4786.0,
    "Champ at 2": 1256.0,
    "Champ at 20": 4983.0,
    "Champ at 21": 4983.0,
    "Champ at 22": 5168.0,
    "Champ at 3": 1714.0,
    "Champ at 4": 1854.0,
    "Champ at 5": 2423.0,
    "Champ at 6": 2423.0,
    "Champ at 7": 2509.0,
    "Champ at 8": 2935.0,
    "Champ at 9": 3317.0,
    "ChampFitness": 5168.0,
    "ChampInputs": [
        1.8830000162124634,
        1.8870000839233398,
        1.8870000839233398,
        1.8870000839233398,
        1.8899999856948853,
        1.8899999856948853,
        1.8899999856948853,
        0.6060000061988831,
        1.8930000066757202,
        1.8930000066757202,
        2.9609999656677246,
        1.8960000276565552,
        1.8960000276565552,
        1.8960000276565552,
        1.899999976158142,
        3.384999990463257,
        1.899999976158142,
        0.828000009059906,
        1.902999997138977,
        1.4839999675750732,
        1.9059998989105225,
        1.9059998989105225,
        1.9059998989105225,
        1.9089999198913574,
        1.9089999198913574,
        0.7630000114440918,
        1.9089999198913574,
        1.9130001068115234,
        0.875,
        1.9130001068115234,
        2.000999927520752,
        1.9159998893737793,
        1.9159998893737793,
        1.9190000295639038,
        2.6080000400543213,
        1.9190000295639038,
        1.9230000972747803,
        2.6489999294281006,
        1.9230000972747803,
        1.9259999990463257,
        1.9259999990463257,
        2.011000156402588,
        3.2910001277923584,
        1.9290000200271606,
        1.9290000200271606,
        1.9290000200271606,
        1.9320000410079956,
        1.9320000410079956,
        3.003999948501587,
        1.9359999895095825,
        1.9359999895095825,
        0.6510000228881836,
        1.9390000104904175,
        1.9390000104904175,
        1.9390000104904175,
        1.941999912261963,
        1.941999912261963,
        1.941999912261963,
        1.9449999332427979,
        2.7300000190734863,
        1.9449999332427979,
        1.9449999332427979,
        1.9490001201629639,
        1.9490001201629639,
        3.434000015258789,
        1.9519999027252197,
        1.5329999923706055,
        1.9519999027252197,
        1.9550000429153442,
        0.9170000553131104,
        1.9550000429153442,
        1.9580000638961792,
        1.9580000638961792,
        2.746000051498413,
        1.9620000123977661,
        1.9620000123977661,
        1.9620000123977661,
        4.359999656677246,
        1.965000033378601,
        1.965000033378601,
        4.36299991607666,
        1.9679999351501465,
        1.9679999351501465,
        1.9679999351501465,
        0.902999997138977,
        1.972000002861023,
        2.7660000324249268,
        1.975000023841858,
        1.975000023841858,
        1.975000023841858,
        1.975000023841858,
        1.9779999256134033,
        0.6899999976158142,
        1.9779999256134033,
        0.9440000057220459,
        1.9809999465942383,
        0.8510000109672546,
        1.9850001335144043,
        1.9850001335144043,
        1.9850001335144043
    ],
    "Generations needed": 23,
    "Population 1": 209.30999755859375,
    "Population 10": 2449.889892578125,
    "Population 11": 2802.425048828125,
    "Population 12": 2782.044921875,
    "Population 13": 2706.6201171875,
    "Population 14": 3073.47998046875,
    "Population 15": 3073.030029296875,
    "Population 16": 2963.510009765625,
    "Population 17": 3089.429931640625,
    "Population 18": 3102.4150390625,
    "Population 19": 3130.675048828125,
    "Population 2": 830.8499755859375,
    "Population 20": 3270.324951171875,
    "Population 21": 3230.52001953125,
    "Population 22": 3234.554931640625,
    "Population 3": 1132.3800048828125,
    "Population 4": 1477.8199462890625,
    "Population 5": 1648.60498046875,
    "Population 6": 1933.43505859375,
    "Population 7": 1996.905029296875,
    "Population 8": 2031.0,
    "Population 9": 2231.93994140625,
    "start": "today"
}
