{
    "Champ at 1": 887.0,
    "Champ at 10": 5155.0,
    "Champ at 2": 1243.0,
    "Champ at 3": 1911.0,
    "Champ at 4": 2285.0,
    "Champ at 5": 2935.0,
    "Champ at 6": 3295.0,
    "Champ at 7": 3586.0,
    "Champ at 8": 4786.0,
    "Champ at 9": 4983.0,
    "ChampFitness": 5155.0,
    "ChampInputs": [
        1.8659999370574951,
        1.8690000772476196,
        1.8690000772476196,
        1.871999979019165,
        1.871999979019165,
        1.871999979019165,
        0.5519999861717224,
        1.8760000467300415,
        1.8790000677108765,
        3.3350000381469727,
        1.8790000677108765,
        1.8819999694824219,
        1.8819999694824219,
        1.8849999904632568,
        1.8849999904632568,
        1.8849999904632568,
        0.7170000076293945,
        1.8889999389648438,
        2.442000150680542,
        1.8919999599456787,
        0.5720000267028809,
        1.8949999809265137,
        1.9019999504089355,
        1.90500009059906,
        1.90500009059906,
        2.2860000133514404,
        1.9079999923706055,
        0.7660000324249268,
        1.912000060081482,
        2.181999921798706,
        1.9149999618530273,
        1.9149999618530273,
        1.9149999618530273,
        1.9179999828338623,
        2.4590001106262207,
        0.590999960899353,
        2.2730000019073486,
        1.9210000038146973,
        1.9249999523162842,
        1.9249999523162842,
        1.9279999732971191,
        2.302000045776367,
        1.9279999732971191,
        1.930999994277954,
        1.058000087738037,
        1.934000015258789,
        1.934000015258789,
        1.934000015258789,
        2.4749999046325684,
        1.937999963760376,
        1.9410001039505005,
        1.9410001039505005,
        1.9410001039505005,
        1.944000005722046,
        1.944000005722046,
        1.9470000267028809,
        1.9470000267028809,
        1.9470000267028809,
        1.9509999752044678,
        0.8079999685287476,
        1.9539999961853027,
        1.9539999961853027,
        1.9539999961853027,
        1.9570000171661377,
        1.9570000171661377,
        1.9609999656677246,
        2.3350000381469727,
        1.9609999656677246,
        2.3379998207092285,
        1.9639999866485596,
        1.9670000076293945,
        2.2249999046325684,
        1.9739999771118164,
        1.9769999980926514,
        2.3540000915527344,
        1.9800000190734863,
        1.9800000190734863,
        0.6430000066757202,
        1.1230000257492065,
        1.9830000400543213,
        2.2339999675750732,
        1.9869999885559082,
        1.9869999885559082,
        2.3440001010894775,
        1.9900000095367432,
        1.9930000305175781,
        2.3480000495910645,
        1.9930000305175781,
        1.9959999322891235,
        1.9959999322891235,
        2.0,
        2.0,
        2.0,
        2.003000020980835,
        2.003000020980835,
        2.00600004196167,
        2.00600004196167,
        2.00600004196167,
        2.013000011444092,
        2.0160000324249268
    ],
    "Generations needed": 11,
    "Population 1": 208.00999450683594,
    "Population 10": 2975.93505859375,
    "Population 2": 837.344970703125,
    "Population 3": 1143.530029296875,
    "Population 4": 1556.2449951171875,
    "Population 5": 1851.1199951171875,
    "Population 6": 2102.4951171875,
    "Population 7": 2340.75,
    "Population 8": 2446.0400390625,
    "Population 9": 3106.989990234375,
    "start": "today"
}
