{
    "Champ at 1": 887.0,
    "Champ at 10": 3959.0,
    "Champ at 11": 3959.0,
    "Champ at 12": 4695.0,
    "Champ at 13": 4786.0,
    "Champ at 14": 4983.0,
    "Champ at 15": 5160.0,
    "Champ at 2": 1265.0,
    "Champ at 3": 1538.0,
    "Champ at 4": 2562.0,
    "Champ at 5": 2866.0,
    "Champ at 6": 3239.0,
    "Champ at 7": 3330.0,
    "Champ at 8": 3762.0,
    "Champ at 9": 3959.0,
    "ChampFitness": 5160.0,
    "ChampInputs": [
        1.8849999904632568,
        1.8880000114440918,
        1.8910000324249268,
        1.8910000324249268,
        1.8949999809265137,
        1.8949999809265137,
        1.8980000019073486,
        0.6920000314712524,
        1.9010000228881836,
        0.5400000214576721,
        1.9040000438690186,
        1.9040000438690186,
        1.9079999923706055,
        1.9079999923706055,
        0.4690000116825104,
        1.9110000133514404,
        1.9110000133514404,
        0.5530000329017639,
        1.9140000343322754,
        1.9179999828338623,
        0.4749999940395355,
        1.9179999828338623,
        1.9210000038146973,
        1.9210000038146973,
        1.9239999055862427,
        0.1720000058412552,
        1.8209999799728394,
        1.9270000457763672,
        2.8550000190734863,
        1.930999994277954,
        2.442000150680542,
        1.934000015258789,
        0.5759999752044678,
        1.937000036239624,
        1.940000057220459,
        1.940000057220459,
        1.944000005722046,
        2.5409998893737793,
        1.684000015258789,
        0.19600000977516174,
        1.9499999284744263,
        0.4950000047683716,
        1.9529999494552612,
        1.9529999494552612,
        0.203000009059906,
        1.9570000171661377,
        1.959999918937683,
        1.959999918937683,
        1.9630000591278076,
        1.1200000047683716,
        1.9670000076293945,
        2.876999855041504,
        0.2160000056028366,
        1.9700000286102295,
        0.1979999989271164,
        1.9730000495910645,
        0.20099999010562897,
        1.9760000705718994,
        1.9800000190734863,
        0.20400001108646393,
        1.9830000400543213,
        1.9830000400543213,
        2.890000104904175,
        1.9859999418258667,
        1.9889999628067017,
        1.9889999628067017,
        1.9930000305175781,
        1.9930000305175781,
        0.5209999680519104,
        1.9959999322891235,
        1.999000072479248,
        1.999000072479248,
        2.002000093460083,
        1.7269999980926514,
        2.00600004196167,
        1.149999976158142,
        0.7609999775886536,
        2.9040000438690186,
        1.152999997138977,
        2.0119998455047607,
        2.0160000324249268,
        2.0160000324249268,
        2.0190000534057617,
        2.0190000534057617,
        2.9130001068115234,
        2.0219998359680176,
        2.0219998359680176,
        2.0250000953674316,
        2.0250000953674316,
        0.2580000162124634,
        2.9200000762939453,
        2.0290000438690186,
        2.0320000648498535,
        0.546999990940094,
        0.26499998569488525,
        3.614000082015991,
        2.0350000858306885,
        2.0350000858306885,
        0.2709999978542328,
        0.27399998903274536
    ],
    "Generations needed": 16,
    "Population 1": 206.8000030517578,
    "Population 10": 2797.6201171875,
    "Population 11": 2925.885009765625,
    "Population 12": 2719.735107421875,
    "Population 13": 2848.695068359375,
    "Population 14": 2891.489990234375,
    "Population 15": 2862.159912109375,
    "Population 2": 842.7000122070313,
    "Population 3": 1134.6800537109375,
    "Population 4": 1352.6700439453125,
    "Population 5": 2012.6700439453125,
    "Population 6": 2257.9150390625,
    "Population 7": 2332.56005859375,
    "Population 8": 2360.31005859375,
    "Population 9": 2597.18994140625,
    "start": "today"
}
