{
    "Champ at 1": 818.0,
    "Champ at 10": 2738.0,
    "Champ at 11": 2738.0,
    "Champ at 12": 2860.0,
    "Champ at 13": 3326.0,
    "Champ at 14": 3897.0,
    "Champ at 15": 4320.0,
    "Champ at 16": 4354.0,
    "Champ at 17": 4354.0,
    "Champ at 18": 4786.0,
    "Champ at 19": 4925.0,
    "Champ at 2": 1268.0,
    "Champ at 20": 4983.0,
    "Champ at 21": 5138.0,
    "Champ at 3": 1847.0,
    "Champ at 4": 1911.0,
    "Champ at 5": 2279.0,
    "Champ at 6": 2738.0,
    "Champ at 7": 2738.0,
    "Champ at 8": 2738.0,
    "Champ at 9": 2738.0,
    "ChampFitness": 5138.0,
    "ChampInputs": [
        1.8299999237060547,
        1.8340001106262207,
        1.8340001106262207,
        1.8369998931884766,
        1.8369998931884766,
        1.9059998989105225,
        3.1649999618530273,
        1.843000054359436,
        2.813999891281128,
        1.847000002861023,
        1.847000002861023,
        1.850000023841858,
        1.850000023841858,
        1.8529999256134033,
        2.8259997367858887,
        1.8559999465942383,
        3.190999984741211,
        1.8559999465942383,
        1.8600000143051147,
        1.8600000143051147,
        1.8629999160766602,
        1.50600004196167,
        3.3590002059936523,
        1.8659999370574951,
        1.8700001239776611,
        0.7300000190734863,
        1.872999906539917,
        1.872999906539917,
        1.8760000467300415,
        1.8760000467300415,
        1.8790000677108765,
        2.618000030517578,
        1.8830000162124634,
        1.8830000162124634,
        3.488999843597412,
        1.8860000371932983,
        1.8889999389648438,
        1.503999948501587,
        1.8919999599456787,
        1.8919999599456787,
        1.3330000638961792,
        3.381999969482422,
        3.384999990463257,
        1.8989999294281006,
        1.9509999752044678,
        1.9019999504089355,
        1.90500009059906,
        1.90500009059906,
        1.9089999198913574,
        3.3919999599456787,
        1.912000060081482,
        1.9580000638961792,
        1.9149999618530273,
        1.9149999618530273,
        1.9190000295639038,
        1.9190000295639038,
        0.7590000629425049,
        1.9220000505447388,
        7.381999969482422,
        2.6469998359680176,
        1.9279999732971191,
        3.263000011444092,
        1.9320000410079956,
        0.7689999938011169,
        3.257000207901001,
        1.934999942779541,
        1.937999963760376,
        3.5220000743865967,
        1.9410001039505005,
        1.5809999704360962,
        1.9449999332427979,
        1.9449999332427979,
        1.9480000734329224,
        3.2789998054504395,
        1.3849999904632568,
        1.9509999752044678,
        1.9539999961853027,
        2.888000011444092,
        1.9910000562667847,
        1.9580000638961792,
        1.9609999656677246,
        1.9609999656677246,
        1.9639999866485596,
        1.9639999866485596,
        1.9679999351501465,
        2.6730000972747803,
        1.4049999713897705,
        1.9709999561309814,
        3.305000066757202,
        1.9739999771118164,
        1.9769999980926514,
        1.9769999980926514,
        1.9769999980926514,
        2.8990001678466797,
        1.9809999465942383,
        1.9840000867843628,
        6.065000534057617,
        1.9869999885559082,
        3.309000015258789,
        0.8020000457763672
    ],
    "Generations needed": 22,
    "Population 1": 204.93499755859375,
    "Population 10": 2273.68994140625,
    "Population 11": 2137.1298828125,
    "Population 12": 2233.030029296875,
    "Population 13": 2391.5,
    "Population 14": 2672.554931640625,
    "Population 15": 2922.85009765625,
    "Population 16": 3146.5400390625,
    "Population 17": 3074.949951171875,
    "Population 18": 2965.675048828125,
    "Population 19": 3405.094970703125,
    "Population 2": 790.9349975585938,
    "Population 20": 3288.409912109375,
    "Population 21": 3352.47509765625,
    "Population 3": 1169.4549560546875,
    "Population 4": 1635.5350341796875,
    "Population 5": 1634.2099609375,
    "Population 6": 1897.3499755859375,
    "Population 7": 2318.7099609375,
    "Population 8": 2150.030029296875,
    "Population 9": 2189.360107421875,
    "start": "today"
}
