{
    "Champ at 1": 820.0,
    "Champ at 10": 2306.0,
    "Champ at 11": 2306.0,
    "Champ at 12": 2306.0,
    "Champ at 13": 2562.0,
    "Champ at 14": 2647.0,
    "Champ at 15": 3762.0,
    "Champ at 16": 4335.0,
    "Champ at 17": 4983.0,
    "Champ at 18": 4983.0,
    "Champ at 19": 4983.0,
    "Champ at 2": 887.0,
    "Champ at 20": 4983.0,
    "Champ at 21": 5113.0,
    "Champ at 3": 887.0,
    "Champ at 4": 887.0,
    "Champ at 5": 887.0,
    "Champ at 6": 887.0,
    "Champ at 7": 1282.0,
    "Champ at 8": 1538.0,
    "Champ at 9": 1854.0,
    "ChampFitness": 5113.0,
    "ChampInputs": [
        1.84499990940094,
        1.84499990940094,
        1.84499990940094,
        1.8480000495910645,
        1.8480000495910645,
        1.8480000495910645,
        2.888000011444092,
        1.8510000705718994,
        2.5950000286102295,
        2.447999954223633,
        1.8550000190734863,
        1.8550000190734863,
        1.8550000190734863,
        1.8580000400543213,
        2.4539999961853027,
        0.2939999997615814,
        1.8610000610351563,
        0.5230000019073486,
        1.8610000610351563,
        1.8639999628067017,
        1.8639999628067017,
        2.6080000400543213,
        1.8639999628067017,
        1.8680000305175781,
        2.6110000610351563,
        1.8680000305175781,
        1.8709999322891235,
        2.813000202178955,
        1.8739999532699585,
        1.8739999532699585,
        0.3109999895095825,
        1.877000093460083,
        1.8840000629425049,
        2.621000051498413,
        1.8870000839233398,
        1.0149999856948853,
        1.8910000324249268,
        1.8910000324249268,
        1.8910000324249268,
        1.8940000534057617,
        1.8940000534057617,
        1.8970000743865967,
        2.427000045776367,
        1.899999976158142,
        2.633999824523926,
        1.899999976158142,
        1.9040000438690186,
        1.9040000438690186,
        0.32999998331069946,
        1.906999945640564,
        1.906999945640564,
        1.909999966621399,
        5.085000038146973,
        1.9130001068115234,
        1.9130001068115234,
        1.9169999361038208,
        1.9200000762939453,
        1.9200000762939453,
        1.9230000972747803,
        1.9259999990463257,
        1.9259999990463257,
        1.9300000667572021,
        1.9329999685287476,
        1.9329999685287476,
        0.3460000157356262,
        1.940000057220459,
        1.940000057220459,
        1.9429999589920044,
        1.9429999589920044,
        1.9459999799728394,
        1.9490001201629639,
        2.4600000381469727,
        1.9529999494552612,
        1.9560000896453857,
        1.9560000896453857,
        1.9589998722076416,
        2.4660000801086426,
        1.9620000123977661,
        0.3630000054836273,
        5.131000518798828,
        1.968999981880188,
        1.972000002861023,
        1.972000002861023,
        2.6730000972747803,
        1.9789999723434448,
        1.9789999723434448,
        0.6340000033378601,
        1.9819999933242798,
        1.9850001335144043,
        1.9889999628067017,
        2.4789998531341553,
        1.0709999799728394,
        1.9920001029968262,
        2.875,
        1.9980000257492065,
        1.9980000257492065,
        0.3819999694824219,
        2.004999876022339,
        2.885000228881836,
        2.007999897003174
    ],
    "Generations needed": 22,
    "Population 1": 201.24000549316406,
    "Population 10": 1582.9449462890625,
    "Population 11": 1994.06494140625,
    "Population 12": 1899.18505859375,
    "Population 13": 1951.405029296875,
    "Population 14": 2071.60498046875,
    "Population 15": 2168.364990234375,
    "Population 16": 2631.804931640625,
    "Population 17": 2941.169921875,
    "Population 18": 3250.31494140625,
    "Population 19": 3118.14501953125,
    "Population 2": 763.5499877929688,
    "Population 20": 3318.965087890625,
    "Population 21": 3037.590087890625,
    "Population 3": 842.2550048828125,
    "Population 4": 820.2550048828125,
    "Population 5": 844.7750244140625,
    "Population 6": 832.9199829101563,
    "Population 7": 812.0599975585938,
    "Population 8": 1130.0799560546875,
    "Population 9": 1382.85498046875,
    "start": "today"
}
