{
    "Champ at 1": 887.0,
    "Champ at 10": 1911.0,
    "Champ at 11": 2030.0,
    "Champ at 12": 2030.0,
    "Champ at 13": 2876.0,
    "Champ at 14": 2935.0,
    "Champ at 15": 3320.0,
    "Champ at 16": 3330.0,
    "Champ at 17": 3330.0,
    "Champ at 18": 3330.0,
    "Champ at 19": 3330.0,
    "Champ at 2": 1538.0,
    "Champ at 20": 3330.0,
    "Champ at 21": 3447.0,
    "Champ at 22": 3762.0,
    "Champ at 23": 4332.0,
    "Champ at 24": 4540.0,
    "Champ at 25": 4555.0,
    "Champ at 26": 4927.0,
    "Champ at 27": 4983.0,
    "Champ at 28": 4983.0,
    "Champ at 29": 5157.0,
    "Champ at 3": 1843.0,
    "Champ at 4": 1911.0,
    "Champ at 5": 1911.0,
    "Champ at 6": 1911.0,
    "Champ at 7": 1911.0,
    "Champ at 8": 1911.0,
    "Champ at 9": 1911.0,
    "ChampFitness": 5157.0,
    "ChampInputs": [
        1.8889999389648438,
        1.8889999389648438,
        1.8889999389648438,
        1.8919999599456787,
        1.8919999599456787,
        1.8919999599456787,
        2.99399995803833,
        1.8960000276565552,
        1.8960000276565552,
        1.8989999294281006,
        1.8989999294281006,
        0.3409999907016754,
        1.9019999504089355,
        1.9019999504089355,
        1.9019999504089355,
        3.5290000438690186,
        1.8140000104904175,
        1.9059998989105225,
        0.11699999868869781,
        1.9089999198913574,
        1.9089999198913574,
        0.3540000021457672,
        1.912000060081482,
        1.912000060081482,
        1.912000060081482,
        1.912000060081482,
        0.859000027179718,
        1.9149999618530273,
        1.9149999618530273,
        0.32600000500679016,
        1.9190000295639038,
        0.5160000324249268,
        1.9220000505447388,
        1.9220000505447388,
        1.9220000505447388,
        1.9249999523162842,
        1.9249999523162842,
        0.5389999747276306,
        2.4169998168945313,
        1.9279999732971191,
        1.9279999732971191,
        1.1299999952316284,
        1.1389999389648438,
        1.9320000410079956,
        1.9320000410079956,
        1.934999942779541,
        2.621000051498413,
        0.5559999942779541,
        1.937999963760376,
        1.937999963760376,
        7.62399959564209,
        1.937999963760376,
        1.9410001039505005,
        3.567999839782715,
        1.9410001039505005,
        1.9449999332427979,
        1.9449999332427979,
        1.9449999332427979,
        1.9480000734329224,
        1.8600000143051147,
        1.9480000734329224,
        1.9509999752044678,
        1.9509999752044678,
        1.9509999752044678,
        3.5859999656677246,
        1.9539999961853027,
        0.15900000929832458,
        1.9539999961853027,
        1.9580000638961792,
        1.9580000638961792,
        7.659999847412109,
        1.9609999656677246,
        1.9609999656677246,
        1.9609999656677246,
        3.5960001945495605,
        1.9639999866485596,
        1.9639999866485596,
        3.063000202178955,
        1.9679999351501465,
        1.1749999523162842,
        1.9679999351501465,
        1.9709999561309814,
        1.9709999561309814,
        3.6090002059936523,
        1.9739999771118164,
        0.6239999532699585,
        1.9739999771118164,
        0.18200001120567322,
        1.9769999980926514,
        1.9769999980926514,
        1.9769999980926514,
        1.9809999465942383,
        1.9809999465942383,
        1.9809999465942383,
        2.669999837875366,
        3.621999979019165,
        1.9840000867843628,
        1.9869999885559082,
        0.9570000171661377,
        1.9869999885559082
    ],
    "Generations needed": 30,
    "Population 1": 204.47000122070313,
    "Population 10": 1645.3699951171875,
    "Population 11": 1612.0799560546875,
    "Population 12": 1699.6500244140625,
    "Population 13": 1752.614990234375,
    "Population 14": 2244.169921875,
    "Population 15": 2191.929931640625,
    "Population 16": 2468.52490234375,
    "Population 17": 2411.550048828125,
    "Population 18": 2554.219970703125,
    "Population 19": 2486.830078125,
    "Population 2": 843.9450073242188,
    "Population 20": 2516.320068359375,
    "Population 21": 2345.235107421875,
    "Population 22": 2627.715087890625,
    "Population 23": 2730.385009765625,
    "Population 24": 2972.300048828125,
    "Population 25": 2704.300048828125,
    "Population 26": 2926.514892578125,
    "Population 27": 2855.0849609375,
    "Population 28": 3201.465087890625,
    "Population 29": 3012.02001953125,
    "Population 3": 1376.0899658203125,
    "Population 4": 1628.0350341796875,
    "Population 5": 1651.72998046875,
    "Population 6": 1576.0050048828125,
    "Population 7": 1593.594970703125,
    "Population 8": 1622.56494140625,
    "Population 9": 1627.0849609375,
    "start": "today"
}
