{
    "Champ at 1": 887.0,
    "Champ at 10": 2935.0,
    "Champ at 11": 3321.0,
    "Champ at 12": 3671.0,
    "Champ at 13": 3671.0,
    "Champ at 14": 3959.0,
    "Champ at 15": 4983.0,
    "Champ at 16": 4983.0,
    "Champ at 17": 4983.0,
    "Champ at 18": 4983.0,
    "Champ at 19": 4983.0,
    "Champ at 2": 1538.0,
    "Champ at 20": 5125.0,
    "Champ at 3": 1819.0,
    "Champ at 4": 1911.0,
    "Champ at 5": 1911.0,
    "Champ at 6": 1911.0,
    "Champ at 7": 2030.0,
    "Champ at 8": 2299.0,
    "Champ at 9": 2935.0,
    "ChampFitness": 5125.0,
    "ChampInputs": [
        1.8739999532699585,
        1.877000093460083,
        1.877000093460083,
        1.8799998760223389,
        1.8799998760223389,
        1.8830000162124634,
        1.8830000162124634,
        1.3489999771118164,
        1.8870000839233398,
        1.8899999856948853,
        1.8899999856948853,
        1.8930000066757202,
        2.490000009536743,
        1.8970000743865967,
        1.8970000743865967,
        2.493000030517578,
        0.2879999876022339,
        1.902999997138977,
        1.8089998960494995,
        2.6559998989105225,
        1.9059998989105225,
        1.909999966621399,
        1.909999966621399,
        1.9130001068115234,
        2.82099986076355,
        1.9159998893737793,
        2.3929998874664307,
        1.9190000295639038,
        2.3929998874664307,
        1.9230000972747803,
        1.8220000267028809,
        1.9259999990463257,
        1.9290000200271606,
        0.5270000100135803,
        1.9320000410079956,
        1.9320000410079956,
        0.5299999713897705,
        1.9359999895095825,
        2.4060001373291016,
        1.9390000104904175,
        1.941999912261963,
        1.941999912261963,
        1.9459999799728394,
        0.6100000143051147,
        1.9490001201629639,
        0.5400000214576721,
        1.9519999027252197,
        1.9519999027252197,
        1.9550000429153442,
        1.9550000429153442,
        1.9589998722076416,
        1.9589998722076416,
        1.9620000123977661,
        1.9620000123977661,
        1.965000033378601,
        1.965000033378601,
        1.9679999351501465,
        1.9679999351501465,
        0.5530000329017639,
        1.972000002861023,
        1.975000023841858,
        1.8510000705718994,
        1.9779999256134033,
        1.9779999256134033,
        1.9809999465942383,
        0.5590000152587891,
        1.9850001335144043,
        1.9850001335144043,
        1.9879999160766602,
        1.9879999160766602,
        1.9910000562667847,
        1.9910000562667847,
        1.994999885559082,
        1.994999885559082,
        1.9980000257492065,
        1.9980000257492065,
        2.000999927520752,
        2.000999927520752,
        2.003999948501587,
        2.003999948501587,
        2.007999897003174,
        2.007999897003174,
        1.8739999532699585,
        2.011000156402588,
        2.0139999389648438,
        2.0139999389648438,
        0.5090000033378601,
        2.0169999599456787,
        2.0209999084472656,
        2.0209999084472656,
        2.0239999294281006,
        2.0239999294281006,
        2.0269999504089355,
        2.0269999504089355,
        2.8889999389648438,
        2.0299999713897705,
        1.8870000839233398,
        2.0339999198913574,
        2.0370001792907715,
        2.8960001468658447
    ],
    "Generations needed": 21,
    "Population 1": 208.4199981689453,
    "Population 10": 2302.52490234375,
    "Population 11": 2162.885009765625,
    "Population 12": 2498.344970703125,
    "Population 13": 2743.8701171875,
    "Population 14": 2601.2451171875,
    "Population 15": 2630.175048828125,
    "Population 16": 3068.614990234375,
    "Population 17": 3209.0400390625,
    "Population 18": 3144.81494140625,
    "Population 19": 2964.5,
    "Population 2": 830.2899780273438,
    "Population 20": 3123.929931640625,
    "Population 3": 1358.9150390625,
    "Population 4": 1529.3399658203125,
    "Population 5": 1607.8199462890625,
    "Population 6": 1652.0450439453125,
    "Population 7": 1635.3699951171875,
    "Population 8": 1736.2650146484375,
    "Population 9": 1888.4100341796875,
    "start": "today"
}
