{
    "Champ at 1": 809.0,
    "Champ at 10": 3895.0,
    "Champ at 11": 3959.0,
    "Champ at 12": 3959.0,
    "Champ at 13": 4354.0,
    "Champ at 14": 4610.0,
    "Champ at 15": 4695.0,
    "Champ at 16": 4786.0,
    "Champ at 17": 4983.0,
    "Champ at 18": 4983.0,
    "Champ at 19": 4983.0,
    "Champ at 2": 887.0,
    "Champ at 20": 4983.0,
    "Champ at 21": 4983.0,
    "Champ at 22": 4983.0,
    "Champ at 23": 5190.0,
    "Champ at 3": 887.0,
    "Champ at 4": 1282.0,
    "Champ at 5": 1285.0,
    "Champ at 6": 1911.0,
    "Champ at 7": 2293.0,
    "Champ at 8": 2780.0,
    "Champ at 9": 3333.0,
    "ChampFitness": 5190.0,
    "ChampInputs": [
        1.812000036239624,
        1.815000057220459,
        1.815000057220459,
        1.8179999589920044,
        1.8179999589920044,
        1.8220000267028809,
        3.578000068664551,
        1.8250000476837158,
        1.8250000476837158,
        2.8999998569488525,
        1.8279999494552612,
        1.8309999704360962,
        1.8309999704360962,
        1.8350000381469727,
        1.8350000381469727,
        1.0109999179840088,
        1.837999939918518,
        1.8410000801086426,
        3.0829999446868896,
        1.84499990940094,
        1.84499990940094,
        1.84499990940094,
        1.8480000495910645,
        3.0859999656677246,
        1.8510000705718994,
        2.1089999675750732,
        2.5299999713897705,
        1.8539999723434448,
        1.8580000400543213,
        1.8580000400543213,
        1.8580000400543213,
        0.5370000004768372,
        1.8610000610351563,
        2.4600000381469727,
        1.8639999628067017,
        2.5339999198913574,
        2.0999999046325684,
        1.8669999837875366,
        1.3330000638961792,
        2.1029999256134033,
        3.179999828338623,
        0.737000048160553,
        1.877000093460083,
        1.877000093460083,
        1.8799998760223389,
        1.8799998760223389,
        2.546999931335449,
        1.8840000629425049,
        1.055999994277954,
        2.116000175476074,
        1.9410001039505005,
        1.8899999856948853,
        1.8930000066757202,
        1.8930000066757202,
        1.8970000743865967,
        1.8970000743865967,
        1.899999976158142,
        1.899999976158142,
        2.6050000190734863,
        0.7630000114440918,
        1.902999997138977,
        1.9580000638961792,
        1.0759999752044678,
        1.909999966621399,
        2.567000150680542,
        1.9130001068115234,
        1.9130001068115234,
        2.495999813079834,
        1.9159998893737793,
        1.9200000762939453,
        2.574000120162964,
        1.9230000972747803,
        1.9230000972747803,
        2.1389999389648438,
        1.9259999990463257,
        1.9290000200271606,
        1.9290000200271606,
        2.50600004196167,
        3.007999897003174,
        1.9329999685287476,
        1.9359999895095825,
        1.9359999895095825,
        1.9390000104904175,
        1.9390000104904175,
        1.996999979019165,
        3.319999933242798,
        1.9459999799728394,
        3.6590001583099365,
        5.380000114440918,
        1.4010000228881836,
        2.6510000228881836,
        1.9519999027252197,
        1.9519999027252197,
        1.9560000896453857,
        3.3299999237060547,
        1.9589998722076416,
        3.0379998683929443,
        1.9620000123977661,
        1.9620000123977661,
        1.965000033378601
    ],
    "Generations needed": 24,
    "Population 1": 197.83999633789063,
    "Population 10": 2491.080078125,
    "Population 11": 2850.969970703125,
    "Population 12": 2931.669921875,
    "Population 13": 2937.22509765625,
    "Population 14": 3078.425048828125,
    "Population 15": 3081.179931640625,
    "Population 16": 3161.4599609375,
    "Population 17": 3240.830078125,
    "Population 18": 3110.409912109375,
    "Population 19": 3078.39990234375,
    "Population 2": 765.5449829101563,
    "Population 20": 3268.114990234375,
    "Population 21": 3282.304931640625,
    "Population 22": 3231.10009765625,
    "Population 23": 3298.014892578125,
    "Population 3": 816.7949829101563,
    "Population 4": 829.5349731445313,
    "Population 5": 1163.0050048828125,
    "Population 6": 1163.2950439453125,
    "Population 7": 1576.364990234375,
    "Population 8": 1902.5,
    "Population 9": 2212.9599609375,
    "start": "today"
}
