{
    "Champ at 1": 814.0,
    "Champ at 10": 3762.0,
    "Champ at 11": 3959.0,
    "Champ at 12": 4315.0,
    "Champ at 13": 4786.0,
    "Champ at 14": 4786.0,
    "Champ at 15": 4908.0,
    "Champ at 16": 5165.0,
    "Champ at 2": 1283.0,
    "Champ at 3": 1755.0,
    "Champ at 4": 1911.0,
    "Champ at 5": 2288.0,
    "Champ at 6": 2562.0,
    "Champ at 7": 2935.0,
    "Champ at 8": 2935.0,
    "Champ at 9": 3290.0,
    "ChampFitness": 5165.0,
    "ChampInputs": [
        1.8299999237060547,
        1.8299999237060547,
        1.8330000638961792,
        1.8330000638961792,
        1.8330000638961792,
        1.8369998931884766,
        3.4749999046325684,
        1.8369998931884766,
        0.4560000002384186,
        0.4580000042915344,
        1.840000033378601,
        1.843000054359436,
        1.843000054359436,
        1.843000054359436,
        1.843000054359436,
        1.8459999561309814,
        2.82099986076355,
        0.3840000033378601,
        1.850000023841858,
        1.850000023841858,
        2.2750000953674316,
        1.8529999256134033,
        1.8529999256134033,
        2.2779998779296875,
        1.8559999465942383,
        1.8559999465942383,
        0.5090000033378601,
        1.8589999675750732,
        1.8589999675750732,
        3.2039999961853027,
        0.2370000034570694,
        1.8629999160766602,
        1.8629999160766602,
        1.8629999160766602,
        1.8659999370574951,
        2.367000102996826,
        1.8659999370574951,
        3.496999979019165,
        1.3639999628067017,
        1.8690000772476196,
        1.872999906539917,
        2.258999824523926,
        1.872999906539917,
        1.8760000467300415,
        1.3709999322891235,
        1.8760000467300415,
        1.8790000677108765,
        1.8790000677108765,
        1.8790000677108765,
        0.4950000047683716,
        3.5179998874664307,
        2.303999900817871,
        0.5350000262260437,
        0.4359999895095825,
        1.8860000371932983,
        1.8860000371932983,
        1.8889999389648438,
        2.310999870300293,
        0.44599997997283936,
        1.8919999599456787,
        0.5410000085830688,
        1.3869999647140503,
        1.8949999809265137,
        1.8949999809265137,
        1.8949999809265137,
        1.8989999294281006,
        1.8989999294281006,
        1.8989999294281006,
        0.5110000371932983,
        0.5509999990463257,
        1.9019999504089355,
        0.4659999907016754,
        1.90500009059906,
        0.4690000116825104,
        1.9079999923706055,
        1.9079999923706055,
        1.9079999923706055,
        1.9079999923706055,
        1.912000060081482,
        1.912000060081482,
        1.912000060081482,
        1.9149999618530273,
        1.9149999618530273,
        1.9149999618530273,
        1.9179999828338623,
        1.9179999828338623,
        3.562999963760376,
        0.48799997568130493,
        1.9220000505447388,
        1.9220000505447388,
        1.9249999523162842,
        1.9249999523162842,
        1.9249999523162842,
        1.9279999732971191,
        1.9279999732971191,
        1.9279999732971191,
        0.5770000219345093,
        1.930999994277954,
        3.318000078201294,
        1.930999994277954
    ],
    "Generations needed": 17,
    "Population 1": 201.27999877929688,
    "Population 10": 2267.139892578125,
    "Population 11": 2754.510009765625,
    "Population 12": 2694.3798828125,
    "Population 13": 2819.925048828125,
    "Population 14": 2986.054931640625,
    "Population 15": 2991.47509765625,
    "Population 16": 3093.635009765625,
    "Population 2": 768.5650024414063,
    "Population 3": 1175.14501953125,
    "Population 4": 1554.6300048828125,
    "Population 5": 1550.81005859375,
    "Population 6": 1812.1300048828125,
    "Population 7": 2019.0250244140625,
    "Population 8": 2157.324951171875,
    "Population 9": 2190.294921875,
    "start": "today"
}
