{
    "Champ at 1": 690.0,
    "Champ at 10": 2562.0,
    "Champ at 11": 2935.0,
    "Champ at 12": 3316.0,
    "Champ at 13": 3586.0,
    "Champ at 14": 3902.0,
    "Champ at 15": 3959.0,
    "Champ at 16": 3959.0,
    "Champ at 17": 3959.0,
    "Champ at 18": 3959.0,
    "Champ at 19": 4610.0,
    "Champ at 2": 816.0,
    "Champ at 20": 4983.0,
    "Champ at 21": 4983.0,
    "Champ at 22": 4983.0,
    "Champ at 23": 4983.0,
    "Champ at 24": 4983.0,
    "Champ at 25": 4983.0,
    "Champ at 26": 4983.0,
    "Champ at 27": 4983.0,
    "Champ at 28": 4983.0,
    "Champ at 29": 5138.0,
    "Champ at 3": 1269.0,
    "Champ at 4": 1282.0,
    "Champ at 5": 1623.0,
    "Champ at 6": 1714.0,
    "Champ at 7": 1714.0,
    "Champ at 8": 1841.0,
    "Champ at 9": 1911.0,
    "ChampFitness": 5138.0,
    "ChampInputs": [
        1.930999994277954,
        1.934000015258789,
        1.934000015258789,
        1.934000015258789,
        1.937000036239624,
        1.2020000219345093,
        3.0149998664855957,
        1.940000057220459,
        1.940000057220459,
        2.7049999237060547,
        1.944000005722046,
        2.013000011444092,
        1.944000005722046,
        1.7669999599456787,
        3.258999824523926,
        1.9470000267028809,
        2.0199999809265137,
        2.0199999809265137,
        2.0799999237060547,
        1.9499999284744263,
        1.9529999494552612,
        1.9529999494552612,
        0.5649999976158142,
        1.9570000171661377,
        0.32499998807907104,
        2.0759999752044678,
        1.959999918937683,
        1.959999918937683,
        1.959999918937683,
        2.0829999446868896,
        1.9630000591278076,
        1.9630000591278076,
        3.061000108718872,
        1.9670000076293945,
        2.003000020980835,
        1.9670000076293945,
        1.9700000286102295,
        2.11299991607666,
        1.9700000286102295,
        1.9700000286102295,
        1.9730000495910645,
        1.0299999713897705,
        6.368000030517578,
        1.9760000705718994,
        3.2920000553131104,
        1.9760000705718994,
        2.125999927520752,
        1.9800000190734863,
        1.9800000190734863,
        0.3610000014305115,
        1.9830000400543213,
        8.829000473022461,
        1.9830000400543213,
        2.746999740600586,
        1.9859999418258667,
        1.9859999418258667,
        1.9889999628067017,
        1.9889999628067017,
        1.9889999628067017,
        1.9930000305175781,
        1.9930000305175781,
        1.9930000305175781,
        1.9959999322891235,
        1.9959999322891235,
        1.9959999322891235,
        1.287000060081482,
        2.11899995803833,
        1.999000072479248,
        1.999000072479248,
        2.002000093460083,
        2.0420000553131104,
        2.002000093460083,
        3.0999999046325684,
        2.171999931335449,
        2.00600004196167,
        2.009000062942505,
        2.009000062942505,
        6.4039998054504395,
        2.009000062942505,
        2.0119998455047607,
        2.0119998455047607,
        2.0119998455047607,
        2.0160000324249268,
        0.40700000524520874,
        2.0160000324249268,
        2.0190000534057617,
        1.8389999866485596,
        2.0190000534057617,
        2.0190000534057617,
        2.0219998359680176,
        7.197999954223633,
        2.0219998359680176,
        2.2039999961853027,
        2.7900002002716064,
        2.0250000953674316,
        2.0290000438690186,
        2.0290000438690186,
        2.0290000438690186,
        2.0320000648498535,
        2.0320000648498535
    ],
    "Generations needed": 30,
    "Population 1": 196.3000030517578,
    "Population 10": 1602.614990234375,
    "Population 11": 2118.4599609375,
    "Population 12": 2293.074951171875,
    "Population 13": 2406.594970703125,
    "Population 14": 2668.72509765625,
    "Population 15": 2914.43505859375,
    "Population 16": 2893.89501953125,
    "Population 17": 2898.030029296875,
    "Population 18": 2863.260009765625,
    "Population 19": 2647.340087890625,
    "Population 2": 666.7999877929688,
    "Population 20": 3347.14501953125,
    "Population 21": 3424.2451171875,
    "Population 22": 3053.97998046875,
    "Population 23": 3143.784912109375,
    "Population 24": 3347.925048828125,
    "Population 25": 3456.784912109375,
    "Population 26": 3318.510009765625,
    "Population 27": 3158.340087890625,
    "Population 28": 3366.905029296875,
    "Population 29": 3509.93505859375,
    "Population 3": 769.8300170898438,
    "Population 4": 1180.81494140625,
    "Population 5": 1194.9150390625,
    "Population 6": 1398.22998046875,
    "Population 7": 1463.6400146484375,
    "Population 8": 1513.074951171875,
    "Population 9": 1642.5,
    "start": "today"
}
