{
    "Champ at 1": 829.0,
    "Champ at 10": 1911.0,
    "Champ at 11": 1911.0,
    "Champ at 12": 1911.0,
    "Champ at 13": 2030.0,
    "Champ at 14": 2030.0,
    "Champ at 15": 2036.0,
    "Champ at 16": 2036.0,
    "Champ at 17": 2215.0,
    "Champ at 18": 2215.0,
    "Champ at 19": 2738.0,
    "Champ at 2": 887.0,
    "Champ at 20": 2738.0,
    "Champ at 21": 2738.0,
    "Champ at 22": 2773.0,
    "Champ at 23": 2935.0,
    "Champ at 24": 2935.0,
    "Champ at 25": 2935.0,
    "Champ at 26": 3447.0,
    "Champ at 27": 3892.0,
    "Champ at 28": 4300.0,
    "Champ at 29": 4354.0,
    "Champ at 3": 1714.0,
    "Champ at 30": 4354.0,
    "Champ at 31": 4354.0,
    "Champ at 32": 4354.0,
    "Champ at 33": 4354.0,
    "Champ at 34": 4354.0,
    "Champ at 35": 4354.0,
    "Champ at 36": 4354.0,
    "Champ at 37": 4354.0,
    "Champ at 38": 4471.0,
    "Champ at 39": 4786.0,
    "Champ at 4": 1846.0,
    "Champ at 40": 4786.0,
    "Champ at 41": 5138.0,
    "Champ at 5": 1911.0,
    "Champ at 6": 1911.0,
    "Champ at 7": 1911.0,
    "Champ at 8": 1911.0,
    "Champ at 9": 1911.0,
    "ChampFitness": 5138.0,
    "ChampInputs": [
        1.8629999160766602,
        1.9130001068115234,
        1.8659999370574951,
        1.8659999370574951,
        1.8690000772476196,
        1.8690000772476196,
        3.0379998683929443,
        1.369999885559082,
        1.871999979019165,
        3.0410001277923584,
        1.8760000467300415,
        1.8760000467300415,
        2.177999973297119,
        1.8790000677108765,
        2.9640002250671387,
        1.434000015258789,
        2.425999879837036,
        0.5329999923706055,
        2.428999900817871,
        1.8849999904632568,
        1.8889999389648438,
        1.4100000858306885,
        1.8919999599456787,
        1.8919999599456787,
        0.8690000176429749,
        2.058000087738037,
        1.8949999809265137,
        2.435999870300293,
        0.14800000190734863,
        1.8980000019073486,
        1.9019999504089355,
        1.9019999504089355,
        1.9019999504089355,
        2.6730000972747803,
        0.15399999916553497,
        1.9079999923706055,
        1.3969999551773071,
        2.8960001468658447,
        2.071000099182129,
        1.912000060081482,
        1.9149999618530273,
        1.9149999618530273,
        2.990000009536743,
        9.791000366210938,
        1.9179999828338623,
        1.9210000038146973,
        1.9210000038146973,
        3.077000141143799,
        2.685999870300293,
        1.9249999523162842,
        1.9279999732971191,
        1.9279999732971191,
        1.9279999732971191,
        1.930999994277954,
        2.9130001068115234,
        1.930999994277954,
        1.934000015258789,
        2.9159998893737793,
        1.937999963760376,
        1.937999963760376,
        1.937999963760376,
        1.9410001039505005,
        1.9410001039505005,
        2.4719998836517334,
        1.944000005722046,
        2.922999858856201,
        1.4830000400543213,
        1.4859999418258667,
        9.824000358581543,
        1.9509999752044678,
        1.9509999752044678,
        1.9539999961853027,
        1.9539999961853027,
        1.9539999961853027,
        1.4589999914169312,
        2.935999870300293,
        1.959999918937683,
        1.959999918937683,
        1.959999918937683,
        2.109999895095825,
        9.84000015258789,
        1.4679999351501465,
        3.1130001544952393,
        1.9670000076293945,
        1.9700000286102295,
        1.9700000286102295,
        2.7250001430511475,
        1.9739999771118164,
        1.9739999771118164,
        2.9489998817443848,
        0.6019999980926514,
        1.9769999980926514,
        1.9800000190734863,
        1.9800000190734863,
        3.122999906539917,
        1.9830000400543213,
        1.9830000400543213,
        1.9869999885559082,
        2.9589998722076416,
        0.9399999380111694
    ],
    "Generations needed": 42,
    "Population 1": 199.42999267578125,
    "Population 10": 1634.0999755859375,
    "Population 11": 1575.6800537109375,
    "Population 12": 1648.6700439453125,
    "Population 13": 1666.3349609375,
    "Population 14": 1740.010009765625,
    "Population 15": 1726.4000244140625,
    "Population 16": 1765.5400390625,
    "Population 17": 1747.739990234375,
    "Population 18": 1887.1500244140625,
    "Population 19": 1910.81494140625,
    "Population 2": 750.6099853515625,
    "Population 20": 2220.425048828125,
    "Population 21": 2129.219970703125,
    "Population 22": 2166.320068359375,
    "Population 23": 2152.875,
    "Population 24": 2325.544921875,
    "Population 25": 2346.85009765625,
    "Population 26": 2313.514892578125,
    "Population 27": 2568.375,
    "Population 28": 2831.455078125,
    "Population 29": 2973.074951171875,
    "Population 3": 854.0549926757813,
    "Population 30": 2933.6201171875,
    "Population 31": 2835.800048828125,
    "Population 32": 2879.590087890625,
    "Population 33": 2981.39990234375,
    "Population 34": 3003.175048828125,
    "Population 35": 3143.320068359375,
    "Population 36": 2991.159912109375,
    "Population 37": 3005.705078125,
    "Population 38": 2895.885009765625,
    "Population 39": 2947.094970703125,
    "Population 4": 1486.949951171875,
    "Population 40": 3097.955078125,
    "Population 41": 3071.469970703125,
    "Population 5": 1615.375,
    "Population 6": 1643.2850341796875,
    "Population 7": 1638.4599609375,
    "Population 8": 1707.199951171875,
    "Population 9": 1674.3199462890625,
    "start": "today"
}
