{
    "Champ at 1": 831.0,
    "Champ at 10": 1835.0,
    "Champ at 11": 1911.0,
    "Champ at 12": 2562.0,
    "Champ at 13": 2872.0,
    "Champ at 14": 2935.0,
    "Champ at 15": 3892.0,
    "Champ at 16": 3959.0,
    "Champ at 17": 4610.0,
    "Champ at 18": 4695.0,
    "Champ at 19": 4695.0,
    "Champ at 2": 887.0,
    "Champ at 20": 4695.0,
    "Champ at 21": 4695.0,
    "Champ at 22": 4695.0,
    "Champ at 23": 4695.0,
    "Champ at 24": 4695.0,
    "Champ at 25": 4695.0,
    "Champ at 26": 4695.0,
    "Champ at 27": 4695.0,
    "Champ at 28": 4695.0,
    "Champ at 29": 4695.0,
    "Champ at 3": 887.0,
    "Champ at 30": 4695.0,
    "Champ at 31": 4695.0,
    "Champ at 32": 4695.0,
    "Champ at 33": 4695.0,
    "Champ at 34": 4695.0,
    "Champ at 35": 4695.0,
    "Champ at 36": 4695.0,
    "Champ at 37": 4695.0,
    "Champ at 38": 4695.0,
    "Champ at 39": 4695.0,
    "Champ at 4": 887.0,
    "Champ at 40": 4695.0,
    "Champ at 41": 4695.0,
    "Champ at 42": 4695.0,
    "Champ at 43": 4695.0,
    "Champ at 44": 4695.0,
    "Champ at 45": 4695.0,
    "Champ at 46": 4695.0,
    "Champ at 47": 4695.0,
    "Champ at 48": 4695.0,
    "Champ at 49": 4695.0,
    "Champ at 5": 1538.0,
    "Champ at 50": 4695.0,
    "Champ at 51": 4695.0,
    "Champ at 52": 4695.0,
    "Champ at 53": 4695.0,
    "Champ at 54": 4695.0,
    "Champ at 55": 4695.0,
    "Champ at 56": 4695.0,
    "Champ at 57": 4695.0,
    "Champ at 58": 4695.0,
    "Champ at 59": 4695.0,
    "Champ at 6": 1623.0,
    "Champ at 60": 4786.0,
    "Champ at 61": 4983.0,
    "Champ at 62": 5138.0,
    "Champ at 7": 1623.0,
    "Champ at 8": 1714.0,
    "Champ at 9": 1749.0,
    "ChampFitness": 5138.0,
    "ChampInputs": [
        1.8639999628067017,
        1.8639999628067017,
        1.8680000305175781,
        1.8680000305175781,
        1.8680000305175781,
        1.8709999322891235,
        3.260999917984009,
        1.8709999322891235,
        1.8739999532699585,
        0.17999999225139618,
        1.8739999532699585,
        2.687999963760376,
        1.877000093460083,
        1.1549999713897705,
        1.8809999227523804,
        3.4819998741149902,
        1.8809999227523804,
        1.8840000629425049,
        0.30799999833106995,
        1.8840000629425049,
        1.8870000839233398,
        1.8870000839233398,
        1.8870000839233398,
        1.8910000324249268,
        3.6410000324249268,
        1.8910000324249268,
        1.8940000534057617,
        0.19600000977516174,
        1.8940000534057617,
        1.8970000743865967,
        1.8970000743865967,
        1.8970000743865967,
        1.899999976158142,
        3.321000099182129,
        1.899999976158142,
        1.9040000438690186,
        1.9040000438690186,
        1.659999966621399,
        3.190999984741211,
        1.4480000734329224,
        1.906999945640564,
        3.2920000553131104,
        2.7209999561309814,
        1.909999966621399,
        1.9130001068115234,
        1.9130001068115234,
        1.9130001068115234,
        1.9169999361038208,
        1.9169999361038208,
        1.9169999361038208,
        1.9200000762939453,
        1.9200000762939453,
        1.690000057220459,
        1.9230000972747803,
        1.9230000972747803,
        1.9230000972747803,
        3.884999990463257,
        1.9259999990463257,
        3.2100000381469727,
        1.9300000667572021,
        1.9300000667572021,
        1.9300000667572021,
        1.9329999685287476,
        3.687000036239624,
        1.9329999685287476,
        3.5310001373291016,
        1.9359999895095825,
        2.74399995803833,
        1.9390000104904175,
        1.9390000104904175,
        1.9390000104904175,
        1.9429999589920044,
        1.9429999589920044,
        1.9429999589920044,
        1.9459999799728394,
        1.9459999799728394,
        1.9459999799728394,
        1.9490001201629639,
        1.9490001201629639,
        0.5530000329017639,
        1.9529999494552612,
        1.9529999494552612,
        3.380000114440918,
        1.9529999494552612,
        1.9560000896453857,
        1.9560000896453857,
        1.4900000095367432,
        3.240000009536743,
        1.9589998722076416,
        3.7259998321533203,
        1.9620000123977661,
        1.9620000123977661,
        1.9620000123977661,
        1.9660000801086426,
        1.9660000801086426,
        3.246000051498413,
        1.968999981880188,
        1.968999981880188,
        1.968999981880188,
        1.972000002861023
    ],
    "Generations needed": 63,
    "Population 1": 201.63999938964844,
    "Population 10": 1648.2349853515625,
    "Population 11": 1728.52001953125,
    "Population 12": 1783.574951171875,
    "Population 13": 2308.284912109375,
    "Population 14": 2558.034912109375,
    "Population 15": 2533.534912109375,
    "Population 16": 3335.22998046875,
    "Population 17": 3407.8701171875,
    "Population 18": 3747.949951171875,
    "Population 19": 3813.64990234375,
    "Population 2": 814.4400024414063,
    "Population 20": 3712.429931640625,
    "Population 21": 3639.175048828125,
    "Population 22": 3809.610107421875,
    "Population 23": 3755.39990234375,
    "Population 24": 4075.35498046875,
    "Population 25": 3840.89990234375,
    "Population 26": 3631.93505859375,
    "Population 27": 3849.9951171875,
    "Population 28": 3752.784912109375,
    "Population 29": 3753.27490234375,
    "Population 3": 844.1400146484375,
    "Population 30": 3792.695068359375,
    "Population 31": 3938.175048828125,
    "Population 32": 3776.52001953125,
    "Population 33": 3764.18994140625,
    "Population 34": 3829.764892578125,
    "Population 35": 3606.419921875,
    "Population 36": 3686.77001953125,
    "Population 37": 3757.139892578125,
    "Population 38": 3663.465087890625,
    "Population 39": 3887.5849609375,
    "Population 4": 861.4099731445313,
    "Population 40": 3789.485107421875,
    "Population 41": 3644.4599609375,
    "Population 42": 3699.0849609375,
    "Population 43": 3694.2099609375,
    "Population 44": 3759.580078125,
    "Population 45": 3812.239990234375,
    "Population 46": 3725.570068359375,
    "Population 47": 3811.72509765625,
    "Population 48": 3770.844970703125,
    "Population 49": 3735.8349609375,
    "Population 5": 848.9550170898438,
    "Population 50": 3722.77001953125,
    "Population 51": 3957.080078125,
    "Population 52": 3746.260009765625,
    "Population 53": 3977.320068359375,
    "Population 54": 3793.885009765625,
    "Population 55": 3775.800048828125,
    "Population 56": 3789.81494140625,
    "Population 57": 3868.3349609375,
    "Population 58": 3753.0849609375,
    "Population 59": 3791.5,
    "Population 6": 1467.0250244140625,
    "Population 60": 3576.469970703125,
    "Population 61": 3830.465087890625,
    "Population 62": 3947.64501953125,
    "Population 7": 1540.1199951171875,
    "Population 8": 1518.8349609375,
    "Population 9": 1562.550048828125,
    "start": "today"
}
