{
    "Champ at 1": 887.0,
    "Champ at 10": 1911.0,
    "Champ at 11": 2295.0,
    "Champ at 12": 2738.0,
    "Champ at 13": 2738.0,
    "Champ at 14": 2879.0,
    "Champ at 15": 3522.0,
    "Champ at 16": 3903.0,
    "Champ at 17": 4335.0,
    "Champ at 18": 4983.0,
    "Champ at 19": 4983.0,
    "Champ at 2": 887.0,
    "Champ at 20": 5140.0,
    "Champ at 3": 1248.0,
    "Champ at 4": 1282.0,
    "Champ at 5": 1282.0,
    "Champ at 6": 1538.0,
    "Champ at 7": 1911.0,
    "Champ at 8": 1911.0,
    "Champ at 9": 1911.0,
    "ChampFitness": 5140.0,
    "ChampInputs": [
        1.8880000114440918,
        1.8910000324249268,
        1.8910000324249268,
        1.8940000534057617,
        1.8940000534057617,
        1.8970000743865967,
        1.8970000743865967,
        0.8539999723434448,
        1.9010000228881836,
        1.9010000228881836,
        2.563999891281128,
        1.9040000438690186,
        1.9040000438690186,
        1.906999945640564,
        1.906999945640564,
        0.4909999966621399,
        1.9110000133514404,
        0.6769999861717224,
        1.9140000343322754,
        1.11899995803833,
        1.4730000495910645,
        1.9169999361038208,
        1.9200000762939453,
        1.9200000762939453,
        1.9239999055862427,
        1.9239999055862427,
        3.1459999084472656,
        1.9270000457763672,
        1.9270000457763672,
        1.9300000667572021,
        1.4859999418258667,
        0.7569999694824219,
        1.9329999685287476,
        1.937000036239624,
        1.937000036239624,
        1.940000057220459,
        0.5239999890327454,
        2.811000108718872,
        1.9429999589920044,
        1.9429999589920044,
        1.9459999799728394,
        1.9459999799728394,
        1.9459999799728394,
        1.9499999284744263,
        2.7660000324249268,
        1.9529999494552612,
        1.9529999494552612,
        1.9529999494552612,
        3.1649999618530273,
        1.9560000896453857,
        1.959999918937683,
        1.959999918937683,
        1.9630000591278076,
        1.9630000591278076,
        1.9660000801086426,
        1.9660000801086426,
        1.968999981880188,
        1.968999981880188,
        1.9730000495910645,
        1.9730000495910645,
        1.9730000495910645,
        1.9760000705718994,
        1.9760000705718994,
        1.9789999723434448,
        1.9789999723434448,
        1.9819999933242798,
        1.9819999933242798,
        1.9819999933242798,
        1.9859999418258667,
        1.5219999551773071,
        1.9889999628067017,
        6.747999668121338,
        1.9920001029968262,
        1.9920001029968262,
        6.751999855041504,
        1.994999885559082,
        1.994999885559082,
        1.999000072479248,
        3.194999933242798,
        2.002000093460083,
        2.002000093460083,
        2.002000093460083,
        2.004999876022339,
        2.004999876022339,
        2.004999876022339,
        2.009000062942505,
        2.009000062942505,
        2.0119998455047607,
        2.0119998455047607,
        2.0149998664855957,
        2.0149998664855957,
        2.0149998664855957,
        2.0180001258850098,
        2.0180001258850098,
        2.0219998359680176,
        2.0219998359680176,
        2.0219998359680176,
        2.872999906539917,
        2.0250000953674316,
        2.0280001163482666
    ],
    "Generations needed": 21,
    "Population 1": 205.4199981689453,
    "Population 10": 1747.9449462890625,
    "Population 11": 1761.5699462890625,
    "Population 12": 2093.909912109375,
    "Population 13": 2473.320068359375,
    "Population 14": 2392.02001953125,
    "Population 15": 2567.64990234375,
    "Population 16": 2972.375,
    "Population 17": 3202.905029296875,
    "Population 18": 3541.155029296875,
    "Population 19": 4013.985107421875,
    "Population 2": 876.5250244140625,
    "Population 20": 3854.304931640625,
    "Population 3": 844.9099731445313,
    "Population 4": 1167.8699951171875,
    "Population 5": 1223.6700439453125,
    "Population 6": 1215.219970703125,
    "Population 7": 1392.8900146484375,
    "Population 8": 1784.2049560546875,
    "Population 9": 1771.6400146484375,
    "start": "today"
}
