{
    "Champ at 1": 887.0,
    "Champ at 10": 3330.0,
    "Champ at 11": 3959.0,
    "Champ at 12": 3959.0,
    "Champ at 13": 4353.0,
    "Champ at 14": 4353.0,
    "Champ at 15": 4786.0,
    "Champ at 16": 4786.0,
    "Champ at 17": 4983.0,
    "Champ at 18": 4983.0,
    "Champ at 19": 4983.0,
    "Champ at 2": 1834.0,
    "Champ at 20": 4983.0,
    "Champ at 21": 5155.0,
    "Champ at 3": 1911.0,
    "Champ at 4": 2562.0,
    "Champ at 5": 2562.0,
    "Champ at 6": 2875.0,
    "Champ at 7": 2935.0,
    "Champ at 8": 2935.0,
    "Champ at 9": 3300.0,
    "ChampFitness": 5155.0,
    "ChampInputs": [
        1.8659999370574951,
        1.8690000772476196,
        1.8690000772476196,
        1.8690000772476196,
        1.871999979019165,
        1.871999979019165,
        1.871999979019165,
        0.7999999523162842,
        1.875,
        0.8070000410079956,
        1.875,
        1.8790000677108765,
        1.8790000677108765,
        0.3669999837875366,
        1.8819999694824219,
        1.8819999694824219,
        1.8819999694824219,
        3.1760001182556152,
        1.8849999904632568,
        0.453000009059906,
        1.8889999389648438,
        1.8889999389648438,
        2.009999990463257,
        1.8889999389648438,
        1.8919999599456787,
        1.8919999599456787,
        1.8919999599456787,
        0.6239999532699585,
        1.8949999809265137,
        1.8949999809265137,
        0.48500001430511475,
        2.2740001678466797,
        1.8980000019073486,
        1.9019999504089355,
        1.9019999504089355,
        1.9019999504089355,
        2.9179999828338623,
        1.90500009059906,
        1.90500009059906,
        1.0570000410079956,
        1.9079999923706055,
        1.9079999923706055,
        1.9079999923706055,
        1.9110000133514404,
        1.9110000133514404,
        1.9110000133514404,
        1.1230000257492065,
        1.9149999618530273,
        1.9149999618530273,
        1.9149999618530273,
        2.0390000343322754,
        1.9179999828338623,
        1.9179999828338623,
        1.9210000038146973,
        1.1330000162124634,
        3.2150001525878906,
        0.4100000262260437,
        1.9239999055862427,
        1.9239999055862427,
        1.9239999055862427,
        1.9279999732971191,
        1.9279999732971191,
        1.9279999732971191,
        1.930999994277954,
        2.052000045776367,
        1.930999994277954,
        1.934000015258789,
        1.934000015258789,
        1.934000015258789,
        1.937999963760376,
        1.937999963760376,
        1.937999963760376,
        1.937999963760376,
        1.9410001039505005,
        1.9410001039505005,
        1.9410001039505005,
        1.944000005722046,
        1.156000018119812,
        1.944000005722046,
        1.9470000267028809,
        1.9470000267028809,
        1.9470000267028809,
        1.9509999752044678,
        1.9509999752044678,
        1.9509999752044678,
        1.9539999961853027,
        1.9539999961853027,
        1.9539999961853027,
        0.4390000104904175,
        1.9570000171661377,
        1.9570000171661377,
        1.9570000171661377,
        1.959999918937683,
        1.959999918937683,
        2.0820000171661377,
        0.44599997997283936,
        1.9639999866485596,
        1.9639999866485596,
        1.1119999885559082,
        1.9670000076293945
    ],
    "Generations needed": 22,
    "Population 1": 209.3699951171875,
    "Population 10": 2827.885009765625,
    "Population 11": 2862.3349609375,
    "Population 12": 3288.804931640625,
    "Population 13": 3268.875,
    "Population 14": 3455.955078125,
    "Population 15": 3506.909912109375,
    "Population 16": 3539.9599609375,
    "Population 17": 3634.22998046875,
    "Population 18": 3872.81494140625,
    "Population 19": 3817.919921875,
    "Population 2": 849.875,
    "Population 20": 3795.125,
    "Population 21": 3819.114990234375,
    "Population 3": 1676.050048828125,
    "Population 4": 1727.800048828125,
    "Population 5": 2263.02001953125,
    "Population 6": 2212.3798828125,
    "Population 7": 2557.534912109375,
    "Population 8": 2506.264892578125,
    "Population 9": 2514.385009765625,
    "start": "today"
}
