{
    "Champ at 1": 826.0,
    "Champ at 10": 2423.0,
    "Champ at 11": 2562.0,
    "Champ at 12": 2738.0,
    "Champ at 13": 2738.0,
    "Champ at 14": 2862.0,
    "Champ at 15": 2935.0,
    "Champ at 16": 2935.0,
    "Champ at 17": 2935.0,
    "Champ at 18": 2935.0,
    "Champ at 19": 2935.0,
    "Champ at 2": 887.0,
    "Champ at 20": 2935.0,
    "Champ at 21": 2935.0,
    "Champ at 22": 2935.0,
    "Champ at 23": 2935.0,
    "Champ at 24": 2935.0,
    "Champ at 25": 2935.0,
    "Champ at 26": 2935.0,
    "Champ at 27": 2935.0,
    "Champ at 28": 3296.0,
    "Champ at 29": 3330.0,
    "Champ at 3": 1283.0,
    "Champ at 30": 3781.0,
    "Champ at 31": 3805.0,
    "Champ at 32": 3805.0,
    "Champ at 33": 3959.0,
    "Champ at 34": 4983.0,
    "Champ at 35": 4983.0,
    "Champ at 36": 5090.0,
    "Champ at 37": 5138.0,
    "Champ at 4": 1283.0,
    "Champ at 5": 1283.0,
    "Champ at 6": 1911.0,
    "Champ at 7": 1911.0,
    "Champ at 8": 1911.0,
    "Champ at 9": 2423.0,
    "ChampFitness": 5138.0,
    "ChampInputs": [
        1.8559999465942383,
        1.8559999465942383,
        1.8600000143051147,
        1.8600000143051147,
        2.004999876022339,
        1.8629999160766602,
        3.0759999752044678,
        1.8659999370574951,
        1.8659999370574951,
        0.7999999523162842,
        1.8690000772476196,
        1.872999906539917,
        1.872999906539917,
        1.872999906539917,
        1.8760000467300415,
        1.8760000467300415,
        1.218999981880188,
        1.8790000677108765,
        1.8790000677108765,
        1.8819999694824219,
        0.17599999904632568,
        1.8860000371932983,
        1.8860000371932983,
        0.6279999613761902,
        1.8889999389648438,
        1.7869999408721924,
        0.5160000324249268,
        1.8919999599456787,
        2.2840001583099365,
        1.8949999809265137,
        2.8289999961853027,
        1.8989999294281006,
        1.8989999294281006,
        1.9019999504089355,
        1.8440001010894775,
        3.134000062942505,
        1.90500009059906,
        1.90500009059906,
        1.9089999198913574,
        2.546999931335449,
        1.912000060081482,
        1.8029999732971191,
        1.9149999618530273,
        1.9149999618530273,
        0.5360000133514404,
        5.605999946594238,
        1.9179999828338623,
        1.9220000505447388,
        0.6570000052452087,
        0.20600000023841858,
        1.9249999523162842,
        1.9249999523162842,
        2.309999942779541,
        1.9279999732971191,
        1.9279999732971191,
        1.930999994277954,
        1.930999994277954,
        1.934999942779541,
        1.934999942779541,
        1.934999942779541,
        1.937999963760376,
        1.937999963760376,
        2.319999933242798,
        1.9410001039505005,
        5.625,
        1.944000005722046,
        0.5590000152587891,
        1.2680000066757202,
        1.9480000734329224,
        1.4520000219345093,
        1.9509999752044678,
        1.9509999752044678,
        1.8320000171661377,
        1.9539999961853027,
        1.9580000638961792,
        1.9580000638961792,
        2.072999954223633,
        1.9609999656677246,
        1.9609999656677246,
        1.9609999656677246,
        1.9639999866485596,
        1.899999976158142,
        1.9670000076293945,
        1.9670000076293945,
        1.9709999561309814,
        1.9709999561309814,
        1.9739999771118164,
        1.9739999771118164,
        1.9739999771118164,
        1.9769999980926514,
        1.9769999980926514,
        1.9800000190734863,
        1.9800000190734863,
        1.9840000867843628,
        1.9840000867843628,
        1.9840000867843628,
        5.65500020980835,
        1.9869999885559082,
        1.9900000095367432,
        1.9900000095367432
    ],
    "Generations needed": 38,
    "Population 1": 201.13499450683594,
    "Population 10": 2146.570068359375,
    "Population 11": 2118.764892578125,
    "Population 12": 2316.905029296875,
    "Population 13": 2442.89990234375,
    "Population 14": 2379.6201171875,
    "Population 15": 2532.56494140625,
    "Population 16": 2541.0849609375,
    "Population 17": 2562.9150390625,
    "Population 18": 2582.699951171875,
    "Population 19": 2574.659912109375,
    "Population 2": 808.5250244140625,
    "Population 20": 2498.4599609375,
    "Population 21": 2561.425048828125,
    "Population 22": 2617.455078125,
    "Population 23": 2556.0,
    "Population 24": 2563.969970703125,
    "Population 25": 2479.669921875,
    "Population 26": 2489.239990234375,
    "Population 27": 2559.0849609375,
    "Population 28": 2578.3349609375,
    "Population 29": 2754.360107421875,
    "Population 3": 839.030029296875,
    "Population 30": 2900.06494140625,
    "Population 31": 3080.885009765625,
    "Population 32": 3103.47998046875,
    "Population 33": 3253.3798828125,
    "Population 34": 3448.110107421875,
    "Population 35": 3948.199951171875,
    "Population 36": 3884.284912109375,
    "Population 37": 4013.489990234375,
    "Population 4": 1211.31005859375,
    "Population 5": 1249.7449951171875,
    "Population 6": 1206.5250244140625,
    "Population 7": 1741.824951171875,
    "Population 8": 1744.5799560546875,
    "Population 9": 1797.7099609375,
    "start": "today"
}
