{
    "Champ at 1": 887.0,
    "Champ at 10": 3671.0,
    "Champ at 11": 3762.0,
    "Champ at 12": 3801.0,
    "Champ at 13": 3838.0,
    "Champ at 14": 3959.0,
    "Champ at 15": 3959.0,
    "Champ at 16": 3959.0,
    "Champ at 17": 3959.0,
    "Champ at 18": 3959.0,
    "Champ at 19": 3959.0,
    "Champ at 2": 887.0,
    "Champ at 20": 4355.0,
    "Champ at 21": 4786.0,
    "Champ at 22": 4983.0,
    "Champ at 23": 5138.0,
    "Champ at 3": 1538.0,
    "Champ at 4": 1911.0,
    "Champ at 5": 2289.0,
    "Champ at 6": 2306.0,
    "Champ at 7": 2877.0,
    "Champ at 8": 2935.0,
    "Champ at 9": 2935.0,
    "ChampFitness": 5138.0,
    "ChampInputs": [
        1.8919999599456787,
        1.8919999599456787,
        1.8949999809265137,
        1.8949999809265137,
        1.8949999809265137,
        1.8980000019073486,
        3.1089999675750732,
        1.8980000019073486,
        2.318000078201294,
        1.9010000228881836,
        1.9010000228881836,
        1.9010000228881836,
        1.90500009059906,
        1.90500009059906,
        1.90500009059906,
        0.8090000152587891,
        1.7769999504089355,
        1.9079999923706055,
        0.8349999785423279,
        1.9110000133514404,
        1.9110000133514404,
        1.9140000343322754,
        1.9140000343322754,
        1.9140000343322754,
        0.47200000286102295,
        1.9179999828338623,
        0.9650000333786011,
        1.9179999828338623,
        1.9210000038146973,
        0.8219999670982361,
        1.9210000038146973,
        1.9239999055862427,
        1.9239999055862427,
        0.26600000262260437,
        1.4600000381469727,
        1.4639999866485596,
        2.7950000762939453,
        1.930999994277954,
        1.930999994277954,
        0.7989999651908875,
        1.930999994277954,
        1.934000015258789,
        1.934000015258789,
        1.934000015258789,
        1.937000036239624,
        2.996000051498413,
        3.187999963760376,
        1.9410001039505005,
        1.9410001039505005,
        1.9410001039505005,
        1.944000005722046,
        1.944000005722046,
        1.944000005722046,
        1.9470000267028809,
        0.8479999899864197,
        1.9470000267028809,
        1.9470000267028809,
        4.077000141143799,
        0.8510000109672546,
        1.9499999284744263,
        1.9539999961853027,
        2.818000078201294,
        1.9539999961853027,
        1.9570000171661377,
        1.9570000171661377,
        1.9570000171661377,
        0.9000000357627869,
        1.959999918937683,
        1.959999918937683,
        1.9630000591278076,
        1.9630000591278076,
        2.8279998302459717,
        1.9630000591278076,
        1.9670000076293945,
        1.9670000076293945,
        1.9670000076293945,
        1.9700000286102295,
        1.9700000286102295,
        1.9700000286102295,
        1.9730000495910645,
        1.9730000495910645,
        1.9730000495910645,
        1.9760000705718994,
        1.9760000705718994,
        1.9760000705718994,
        1.9800000190734863,
        1.9800000190734863,
        1.9800000190734863,
        1.9800000190734863,
        1.9830000400543213,
        1.9830000400543213,
        1.9830000400543213,
        1.9859999418258667,
        0.9359999895095825,
        1.9859999418258667,
        1.9900000095367432,
        1.9900000095367432,
        1.9900000095367432,
        1.9930000305175781,
        1.9930000305175781
    ],
    "Generations needed": 24,
    "Population 1": 198.7050018310547,
    "Population 10": 2519.14990234375,
    "Population 11": 3094.280029296875,
    "Population 12": 3169.429931640625,
    "Population 13": 3170.054931640625,
    "Population 14": 3327.72998046875,
    "Population 15": 3154.719970703125,
    "Population 16": 3304.544921875,
    "Population 17": 3416.52001953125,
    "Population 18": 3330.844970703125,
    "Population 19": 3271.635009765625,
    "Population 2": 851.0050048828125,
    "Population 20": 3247.235107421875,
    "Population 21": 3598.14501953125,
    "Population 22": 3790.864990234375,
    "Population 23": 4026.510009765625,
    "Population 3": 865.97998046875,
    "Population 4": 1453.2249755859375,
    "Population 5": 1748.199951171875,
    "Population 6": 2086.68505859375,
    "Population 7": 2038.875,
    "Population 8": 2529.469970703125,
    "Population 9": 2579.010009765625,
    "start": "today"
}
