{
    "Champ at 1": 824.0,
    "Champ at 10": 2281.0,
    "Champ at 11": 2858.0,
    "Champ at 12": 2935.0,
    "Champ at 13": 3300.0,
    "Champ at 14": 3586.0,
    "Champ at 15": 3762.0,
    "Champ at 16": 3762.0,
    "Champ at 17": 4326.0,
    "Champ at 18": 4925.0,
    "Champ at 19": 4983.0,
    "Champ at 2": 887.0,
    "Champ at 20": 4983.0,
    "Champ at 21": 4983.0,
    "Champ at 22": 4983.0,
    "Champ at 23": 4983.0,
    "Champ at 24": 4983.0,
    "Champ at 25": 4983.0,
    "Champ at 26": 4983.0,
    "Champ at 27": 4983.0,
    "Champ at 28": 4983.0,
    "Champ at 29": 4983.0,
    "Champ at 3": 887.0,
    "Champ at 30": 4983.0,
    "Champ at 31": 4983.0,
    "Champ at 32": 4983.0,
    "Champ at 33": 4983.0,
    "Champ at 34": 4983.0,
    "Champ at 35": 4983.0,
    "Champ at 36": 4983.0,
    "Champ at 37": 4983.0,
    "Champ at 38": 4983.0,
    "Champ at 39": 4983.0,
    "Champ at 4": 1265.0,
    "Champ at 40": 4983.0,
    "Champ at 41": 4983.0,
    "Champ at 42": 4983.0,
    "Champ at 43": 4983.0,
    "Champ at 44": 4983.0,
    "Champ at 45": 4983.0,
    "Champ at 46": 4983.0,
    "Champ at 47": 4983.0,
    "Champ at 48": 4983.0,
    "Champ at 49": 4983.0,
    "Champ at 5": 1911.0,
    "Champ at 50": 5143.0,
    "Champ at 6": 1911.0,
    "Champ at 7": 1911.0,
    "Champ at 8": 1911.0,
    "Champ at 9": 1911.0,
    "ChampFitness": 5143.0,
    "ChampInputs": [
        1.8489999771118164,
        1.8489999771118164,
        1.8519999980926514,
        1.8519999980926514,
        1.8519999980926514,
        1.8559999465942383,
        2.013000011444092,
        0.9650000333786011,
        1.8589999675750732,
        1.8589999675750732,
        3.0820000171661377,
        1.8589999675750732,
        1.8619999885559082,
        1.8619999885559082,
        1.8619999885559082,
        1.8650000095367432,
        0.7339999675750732,
        1.8650000095367432,
        0.8330000042915344,
        1.8690000772476196,
        1.8690000772476196,
        1.871999979019165,
        1.871999979019165,
        1.871999979019165,
        1.875,
        2.9600000381469727,
        1.875,
        1.878000020980835,
        1.0499999523162842,
        1.878000020980835,
        1.878000020980835,
        1.8819999694824219,
        1.8819999694824219,
        2.133000135421753,
        2.5420000553131104,
        1.8849999904632568,
        1.8849999904632568,
        3.009999990463257,
        1.8880000114440918,
        1.8880000114440918,
        1.8910000324249268,
        1.8910000324249268,
        2.986999988555908,
        1.8949999809265137,
        1.8949999809265137,
        2.1459999084472656,
        1.8949999809265137,
        1.8980000019073486,
        1.8980000019073486,
        1.8980000019073486,
        1.9010000228881836,
        1.9010000228881836,
        1.9010000228881836,
        1.90500009059906,
        2.059000015258789,
        1.90500009059906,
        1.9079999923706055,
        1.9079999923706055,
        1.9079999923706055,
        1.9110000133514404,
        1.9110000133514404,
        1.9110000133514404,
        1.9110000133514404,
        3.1640000343322754,
        1.9140000343322754,
        1.9140000343322754,
        1.9179999828338623,
        1.9179999828338623,
        1.9179999828338623,
        1.9210000038146973,
        1.9210000038146973,
        1.9210000038146973,
        1.9239999055862427,
        1.9239999055862427,
        6.223999977111816,
        1.9270000457763672,
        1.9270000457763672,
        1.9270000457763672,
        1.930999994277954,
        1.930999994277954,
        1.930999994277954,
        1.930999994277954,
        1.934000015258789,
        1.934000015258789,
        1.934000015258789,
        1.937000036239624,
        1.937000036239624,
        1.937000036239624,
        1.940000057220459,
        1.940000057220459,
        1.940000057220459,
        1.944000005722046,
        1.944000005722046,
        1.944000005722046,
        1.9470000267028809,
        1.9470000267028809,
        1.9470000267028809,
        1.9499999284744263,
        1.9499999284744263,
        1.9499999284744263
    ],
    "Generations needed": 51,
    "Population 1": 207.7899932861328,
    "Population 10": 1705.280029296875,
    "Population 11": 2133.56494140625,
    "Population 12": 2577.929931640625,
    "Population 13": 2551.610107421875,
    "Population 14": 2803.155029296875,
    "Population 15": 2970.97509765625,
    "Population 16": 3219.955078125,
    "Population 17": 3064.929931640625,
    "Population 18": 3608.389892578125,
    "Population 19": 3891.85009765625,
    "Population 2": 806.1300048828125,
    "Population 20": 3970.909912109375,
    "Population 21": 4013.3798828125,
    "Population 22": 3972.969970703125,
    "Population 23": 3889.0849609375,
    "Population 24": 4221.865234375,
    "Population 25": 3956.125,
    "Population 26": 3733.820068359375,
    "Population 27": 4036.175048828125,
    "Population 28": 3748.485107421875,
    "Population 29": 3949.830078125,
    "Population 3": 851.5399780273438,
    "Population 30": 4054.125,
    "Population 31": 3908.885009765625,
    "Population 32": 3827.455078125,
    "Population 33": 3905.68505859375,
    "Population 34": 3872.925048828125,
    "Population 35": 3988.429931640625,
    "Population 36": 3983.610107421875,
    "Population 37": 3996.050048828125,
    "Population 38": 3852.485107421875,
    "Population 39": 3917.485107421875,
    "Population 4": 860.8400268554688,
    "Population 40": 3935.030029296875,
    "Population 41": 3932.010009765625,
    "Population 42": 4039.679931640625,
    "Population 43": 3870.780029296875,
    "Population 44": 3867.764892578125,
    "Population 45": 3885.320068359375,
    "Population 46": 4003.219970703125,
    "Population 47": 3705.375,
    "Population 48": 3867.215087890625,
    "Population 49": 4003.35498046875,
    "Population 5": 1187.1600341796875,
    "Population 50": 3858.155029296875,
    "Population 6": 1755.81005859375,
    "Population 7": 1758.824951171875,
    "Population 8": 1771.5450439453125,
    "Population 9": 1744.2449951171875,
    "start": "today"
}
