{
    "Champ at 1": 826.0,
    "Champ at 10": 887.0,
    "Champ at 11": 887.0,
    "Champ at 12": 887.0,
    "Champ at 13": 887.0,
    "Champ at 14": 887.0,
    "Champ at 15": 887.0,
    "Champ at 16": 1259.0,
    "Champ at 17": 1911.0,
    "Champ at 18": 1911.0,
    "Champ at 19": 2562.0,
    "Champ at 2": 887.0,
    "Champ at 20": 2935.0,
    "Champ at 21": 2935.0,
    "Champ at 22": 2935.0,
    "Champ at 23": 2935.0,
    "Champ at 24": 2935.0,
    "Champ at 25": 2935.0,
    "Champ at 26": 3586.0,
    "Champ at 27": 3762.0,
    "Champ at 28": 4346.0,
    "Champ at 29": 4927.0,
    "Champ at 3": 887.0,
    "Champ at 30": 4983.0,
    "Champ at 31": 4983.0,
    "Champ at 32": 4983.0,
    "Champ at 33": 4983.0,
    "Champ at 34": 4983.0,
    "Champ at 35": 5172.0,
    "Champ at 4": 887.0,
    "Champ at 5": 887.0,
    "Champ at 6": 887.0,
    "Champ at 7": 887.0,
    "Champ at 8": 887.0,
    "Champ at 9": 887.0,
    "ChampFitness": 5172.0,
    "ChampInputs": [
        1.850000023841858,
        1.8529999256134033,
        1.8559999465942383,
        1.8559999465942383,
        1.8600000143051147,
        1.8600000143051147,
        2.8489999771118164,
        1.8629999160766602,
        1.8659999370574951,
        3.1640000343322754,
        1.8700001239776611,
        1.8700001239776611,
        1.872999906539917,
        1.872999906539917,
        3.1430001258850098,
        1.8760000467300415,
        1.8790000677108765,
        1.8790000677108765,
        2.427000045776367,
        1.8830000162124634,
        2.0160000324249268,
        1.8860000371932983,
        3.199000120162964,
        1.8889999389648438,
        1.8919999599456787,
        0.777999997138977,
        1.8960000276565552,
        1.8960000276565552,
        1.8989999294281006,
        1.6649999618530273,
        1.9019999504089355,
        2.875,
        1.90500009059906,
        2.6469998359680176,
        1.9089999198913574,
        1.9089999198913574,
        1.912000060081482,
        1.912000060081482,
        1.9149999618530273,
        3.190999984741211,
        2.0450000762939453,
        1.9179999828338623,
        1.9220000505447388,
        1.9220000505447388,
        1.9249999523162842,
        1.9279999732971191,
        1.9279999732971191,
        1.9320000410079956,
        1.9320000410079956,
        1.934999942779541,
        1.934999942779541,
        1.937999963760376,
        1.937999963760376,
        6.89300012588501,
        1.9410001039505005,
        1.9449999332427979,
        1.9449999332427979,
        1.9480000734329224,
        1.9480000734329224,
        0.8100000023841858,
        1.9509999752044678,
        1.9539999961853027,
        1.9539999961853027,
        1.9580000638961792,
        3.192000150680542,
        1.9609999656677246,
        1.9609999656677246,
        1.9639999866485596,
        1.9639999866485596,
        1.9670000076293945,
        1.9670000076293945,
        1.9709999561309814,
        1.9709999561309814,
        1.9739999771118164,
        1.9739999771118164,
        1.9769999980926514,
        1.9769999980926514,
        3.2290000915527344,
        1.9809999465942383,
        1.9840000867843628,
        1.9840000867843628,
        1.9869999885559082,
        1.9869999885559082,
        1.9900000095367432,
        1.9900000095367432,
        1.99399995803833,
        1.996999979019165,
        2.927000045776367,
        2.0,
        2.0,
        3.2150001525878906,
        2.003000020980835,
        2.006999969482422,
        2.006999969482422,
        2.009999990463257,
        2.009999990463257,
        2.502000093460083,
        2.013000011444092,
        2.0160000324249268,
        2.0160000324249268
    ],
    "Generations needed": 36,
    "Population 1": 208.41000366210938,
    "Population 10": 860.5349731445313,
    "Population 11": 853.7349853515625,
    "Population 12": 853.8350219726563,
    "Population 13": 874.5449829101563,
    "Population 14": 857.1099853515625,
    "Population 15": 852.2349853515625,
    "Population 16": 849.3200073242188,
    "Population 17": 1205.4549560546875,
    "Population 18": 1814.4599609375,
    "Population 19": 1787.760009765625,
    "Population 2": 805.969970703125,
    "Population 20": 2308.8349609375,
    "Population 21": 2591.93505859375,
    "Population 22": 2676.195068359375,
    "Population 23": 2577.4599609375,
    "Population 24": 2674.514892578125,
    "Population 25": 2546.534912109375,
    "Population 26": 2474.530029296875,
    "Population 27": 3057.455078125,
    "Population 28": 3278.3798828125,
    "Population 29": 3643.8798828125,
    "Population 3": 843.7650146484375,
    "Population 30": 3895.14501953125,
    "Population 31": 3953.52490234375,
    "Population 32": 3964.074951171875,
    "Population 33": 3834.47509765625,
    "Population 34": 4084.9599609375,
    "Population 35": 3881.2548828125,
    "Population 4": 870.219970703125,
    "Population 5": 859.7050170898438,
    "Population 6": 854.4849853515625,
    "Population 7": 861.135009765625,
    "Population 8": 874.875,
    "Population 9": 857.114990234375,
    "start": "today"
}
