{
    "Champ at 1": 812.0,
    "Champ at 10": 2779.0,
    "Champ at 11": 2779.0,
    "Champ at 12": 2779.0,
    "Champ at 13": 2935.0,
    "Champ at 14": 2935.0,
    "Champ at 15": 2935.0,
    "Champ at 16": 2935.0,
    "Champ at 17": 2935.0,
    "Champ at 18": 2935.0,
    "Champ at 19": 2935.0,
    "Champ at 2": 887.0,
    "Champ at 20": 2935.0,
    "Champ at 21": 2935.0,
    "Champ at 22": 2935.0,
    "Champ at 23": 2935.0,
    "Champ at 24": 3299.0,
    "Champ at 25": 3302.0,
    "Champ at 26": 3887.0,
    "Champ at 27": 3959.0,
    "Champ at 28": 3959.0,
    "Champ at 29": 3959.0,
    "Champ at 3": 887.0,
    "Champ at 30": 3959.0,
    "Champ at 31": 3959.0,
    "Champ at 32": 4610.0,
    "Champ at 33": 4983.0,
    "Champ at 34": 4983.0,
    "Champ at 35": 4983.0,
    "Champ at 36": 4983.0,
    "Champ at 37": 4983.0,
    "Champ at 38": 4983.0,
    "Champ at 39": 4983.0,
    "Champ at 4": 887.0,
    "Champ at 40": 4983.0,
    "Champ at 41": 4983.0,
    "Champ at 42": 4983.0,
    "Champ at 43": 4983.0,
    "Champ at 44": 4983.0,
    "Champ at 45": 4983.0,
    "Champ at 46": 5139.0,
    "Champ at 5": 1263.0,
    "Champ at 6": 1840.0,
    "Champ at 7": 1911.0,
    "Champ at 8": 2280.0,
    "Champ at 9": 2562.0,
    "ChampFitness": 5139.0,
    "ChampInputs": [
        1.8170000314712524,
        1.8209999799728394,
        1.8240000009536743,
        1.8240000009536743,
        1.8269999027252197,
        1.8830000162124634,
        3.1610000133514404,
        1.8340001106262207,
        0.9729999899864197,
        1.8369998931884766,
        1.840000033378601,
        1.840000033378601,
        1.8440001010894775,
        1.847000002861023,
        1.847000002861023,
        2.9499998092651367,
        2.611999988555908,
        1.9509999752044678,
        1.8569999933242798,
        1.8600000143051147,
        1.8600000143051147,
        2.328000068664551,
        1.8659999370574951,
        1.8700001239776611,
        0.6570000052452087,
        0.8690000176429749,
        1.8760000467300415,
        1.8760000467300415,
        1.90500009059906,
        1.8830000162124634,
        1.8830000162124634,
        1.8860000371932983,
        1.8889999389648438,
        3.1630001068115234,
        2.3410000801086426,
        1.8960000276565552,
        1.8960000276565552,
        2.3359999656677246,
        1.9019999504089355,
        1.9019999504089355,
        1.9059998989105225,
        1.9089999198913574,
        0.875,
        1.912000060081482,
        1.9149999618530273,
        1.0189999341964722,
        4.375999927520752,
        1.9220000505447388,
        1.9220000505447388,
        1.9220000505447388,
        2.3569998741149902,
        1.9279999732971191,
        1.0290000438690186,
        1.9320000410079956,
        8.329999923706055,
        1.9320000410079956,
        1.934999942779541,
        1.934999942779541,
        1.937999963760376,
        1.937999963760376,
        1.937999963760376,
        1.941999912261963,
        1.941999912261963,
        1.9449999332427979,
        2.006999969482422,
        1.9449999332427979,
        1.9480000734329224,
        1.9480000734329224,
        1.9509999752044678,
        1.9509999752044678,
        1.9550000429153442,
        2.3889999389648438,
        1.9580000638961792,
        3.0379998683929443,
        1.9609999656677246,
        1.9639999866485596,
        1.9639999866485596,
        1.9679999351501465,
        3.2049999237060547,
        1.9709999561309814,
        3.0480000972747803,
        1.9739999771118164,
        1.9769999980926514,
        1.9809999465942383,
        1.9840000867843628,
        1.9840000867843628,
        1.9869999885559082,
        1.9869999885559082,
        1.9910000562667847,
        1.99399995803833,
        1.996999979019165,
        1.996999979019165,
        2.0,
        2.003999948501587,
        0.7419999837875366,
        2.006999969482422,
        2.006999969482422,
        2.009999990463257,
        2.013000011444092,
        2.0169999599456787
    ],
    "Generations needed": 47,
    "Population 1": 203.60000610351563,
    "Population 10": 2341.715087890625,
    "Population 11": 2417.8349609375,
    "Population 12": 2478.455078125,
    "Population 13": 2511.6201171875,
    "Population 14": 2476.3798828125,
    "Population 15": 2581.8349609375,
    "Population 16": 2729.47998046875,
    "Population 17": 2579.739990234375,
    "Population 18": 2549.364990234375,
    "Population 19": 2658.844970703125,
    "Population 2": 799.0650024414063,
    "Population 20": 2582.239990234375,
    "Population 21": 2634.2548828125,
    "Population 22": 2525.0849609375,
    "Population 23": 2541.77001953125,
    "Population 24": 2529.669921875,
    "Population 25": 2825.719970703125,
    "Population 26": 2770.425048828125,
    "Population 27": 3191.7099609375,
    "Population 28": 3365.659912109375,
    "Population 29": 3312.969970703125,
    "Population 3": 857.6649780273438,
    "Population 30": 3357.875,
    "Population 31": 3398.429931640625,
    "Population 32": 3226.4150390625,
    "Population 33": 3648.39501953125,
    "Population 34": 4005.485107421875,
    "Population 35": 3989.68994140625,
    "Population 36": 3865.18505859375,
    "Population 37": 3927.77001953125,
    "Population 38": 3975.175048828125,
    "Population 39": 3962.574951171875,
    "Population 4": 859.3049926757813,
    "Population 40": 3931.034912109375,
    "Population 41": 3931.360107421875,
    "Population 42": 3947.31494140625,
    "Population 43": 3883.43994140625,
    "Population 44": 4074.27490234375,
    "Population 45": 3906.3349609375,
    "Population 46": 3995.655029296875,
    "Population 5": 857.405029296875,
    "Population 6": 1219.6099853515625,
    "Population 7": 1712.3299560546875,
    "Population 8": 1792.8349609375,
    "Population 9": 2108.260009765625,
    "start": "today"
}
