{
    "Champ at 1": 887.0,
    "Champ at 10": 2738.0,
    "Champ at 11": 2738.0,
    "Champ at 12": 2935.0,
    "Champ at 13": 2935.0,
    "Champ at 14": 2935.0,
    "Champ at 15": 2935.0,
    "Champ at 16": 2935.0,
    "Champ at 17": 2935.0,
    "Champ at 18": 3306.0,
    "Champ at 19": 3306.0,
    "Champ at 2": 887.0,
    "Champ at 20": 3316.0,
    "Champ at 21": 3586.0,
    "Champ at 22": 3883.0,
    "Champ at 23": 3959.0,
    "Champ at 24": 3959.0,
    "Champ at 25": 3959.0,
    "Champ at 26": 4350.0,
    "Champ at 27": 4786.0,
    "Champ at 28": 4786.0,
    "Champ at 29": 4786.0,
    "Champ at 3": 887.0,
    "Champ at 30": 4786.0,
    "Champ at 31": 4786.0,
    "Champ at 32": 4786.0,
    "Champ at 33": 4786.0,
    "Champ at 34": 4983.0,
    "Champ at 35": 4983.0,
    "Champ at 36": 4983.0,
    "Champ at 37": 4983.0,
    "Champ at 38": 4983.0,
    "Champ at 39": 4983.0,
    "Champ at 4": 1283.0,
    "Champ at 40": 4983.0,
    "Champ at 41": 4983.0,
    "Champ at 42": 4983.0,
    "Champ at 43": 5134.0,
    "Champ at 5": 1845.0,
    "Champ at 6": 1911.0,
    "Champ at 7": 1911.0,
    "Champ at 8": 2290.0,
    "Champ at 9": 2738.0,
    "ChampFitness": 5134.0,
    "ChampInputs": [
        1.8659999370574951,
        1.6760001182556152,
        1.8700001239776611,
        1.8700001239776611,
        1.872999906539917,
        1.872999906539917,
        3.1050000190734863,
        1.8760000467300415,
        1.8760000467300415,
        2.4590001106262207,
        1.8790000677108765,
        1.8790000677108765,
        1.8790000677108765,
        1.8830000162124634,
        2.9690001010894775,
        1.8830000162124634,
        1.8860000371932983,
        3.2089998722076416,
        1.8860000371932983,
        1.8889999389648438,
        1.8889999389648438,
        1.8889999389648438,
        2.9159998893737793,
        1.8919999599456787,
        2.065000057220459,
        1.8960000276565552,
        2.4730000495910645,
        1.8960000276565552,
        1.8989999294281006,
        1.8989999294281006,
        1.8989999294281006,
        0.5889999866485596,
        2.684999942779541,
        1.9019999504089355,
        1.9019999504089355,
        1.90500009059906,
        1.90500009059906,
        1.90500009059906,
        0.44699999690055847,
        1.9089999198913574,
        1.9089999198913574,
        0.7230000495910645,
        1.912000060081482,
        1.912000060081482,
        1.9149999618530273,
        1.9149999618530273,
        1.9149999618530273,
        1.9190000295639038,
        1.9190000295639038,
        1.9190000295639038,
        1.9190000295639038,
        1.9220000505447388,
        1.9220000505447388,
        1.9220000505447388,
        2.504999876022339,
        1.9249999523162842,
        1.9249999523162842,
        3.260999917984009,
        1.9279999732971191,
        1.9279999732971191,
        0.2019999921321869,
        1.9320000410079956,
        1.9320000410079956,
        2.7180001735687256,
        1.934999942779541,
        1.934999942779541,
        1.934999942779541,
        1.937999963760376,
        3.2739999294281006,
        0.7559999823570251,
        3.1670000553131104,
        1.9410001039505005,
        1.9410001039505005,
        3.0279998779296875,
        1.9449999332427979,
        1.9449999332427979,
        1.9480000734329224,
        1.9480000734329224,
        0.07600000500679016,
        0.07899999618530273,
        1.9509999752044678,
        1.9509999752044678,
        1.9539999961853027,
        1.9539999961853027,
        1.9539999961853027,
        1.9539999961853027,
        1.9580000638961792,
        1.9580000638961792,
        2.126999855041504,
        1.9609999656677246,
        1.9609999656677246,
        2.130000114440918,
        1.9639999866485596,
        1.9639999866485596,
        1.9639999866485596,
        1.9679999351501465,
        1.9679999351501465,
        1.9679999351501465,
        1.9709999561309814,
        1.9709999561309814
    ],
    "Generations needed": 44,
    "Population 1": 207.1699981689453,
    "Population 10": 2470.570068359375,
    "Population 11": 2498.284912109375,
    "Population 12": 2458.179931640625,
    "Population 13": 2603.77001953125,
    "Population 14": 2638.485107421875,
    "Population 15": 2514.179931640625,
    "Population 16": 2590.5,
    "Population 17": 2499.7099609375,
    "Population 18": 2621.02490234375,
    "Population 19": 2939.4150390625,
    "Population 2": 855.5250244140625,
    "Population 20": 2865.419921875,
    "Population 21": 2912.35009765625,
    "Population 22": 3075.114990234375,
    "Population 23": 3352.175048828125,
    "Population 24": 3333.239990234375,
    "Population 25": 3482.02001953125,
    "Population 26": 3380.39990234375,
    "Population 27": 3535.485107421875,
    "Population 28": 3876.510009765625,
    "Population 29": 4022.090087890625,
    "Population 3": 840.3699951171875,
    "Population 30": 3933.4951171875,
    "Population 31": 3821.844970703125,
    "Population 32": 3788.705078125,
    "Population 33": 3828.830078125,
    "Population 34": 3921.675048828125,
    "Population 35": 4129.93994140625,
    "Population 36": 3987.969970703125,
    "Population 37": 3958.385009765625,
    "Population 38": 4061.544921875,
    "Population 39": 3975.655029296875,
    "Population 4": 864.3499755859375,
    "Population 40": 4023.889892578125,
    "Population 41": 4018.52490234375,
    "Population 42": 3996.735107421875,
    "Population 43": 3855.125,
    "Population 5": 1240.81005859375,
    "Population 6": 1711.39501953125,
    "Population 7": 1744.5050048828125,
    "Population 8": 1728.7950439453125,
    "Population 9": 2013.27001953125,
    "start": "today"
}
