{
    "Champ at 1": 887.0,
    "Champ at 10": 2297.0,
    "Champ at 11": 2562.0,
    "Champ at 12": 2738.0,
    "Champ at 13": 2738.0,
    "Champ at 14": 2876.0,
    "Champ at 15": 2935.0,
    "Champ at 16": 2935.0,
    "Champ at 17": 2935.0,
    "Champ at 18": 3586.0,
    "Champ at 19": 3902.0,
    "Champ at 2": 887.0,
    "Champ at 20": 4610.0,
    "Champ at 21": 4983.0,
    "Champ at 22": 4983.0,
    "Champ at 23": 4983.0,
    "Champ at 24": 4983.0,
    "Champ at 25": 4983.0,
    "Champ at 26": 4983.0,
    "Champ at 27": 4983.0,
    "Champ at 28": 5158.0,
    "Champ at 3": 1538.0,
    "Champ at 4": 1840.0,
    "Champ at 5": 1911.0,
    "Champ at 6": 1911.0,
    "Champ at 7": 1911.0,
    "Champ at 8": 1911.0,
    "Champ at 9": 1911.0,
    "ChampFitness": 5158.0,
    "ChampInputs": [
        1.872999906539917,
        1.872999906539917,
        1.8760000467300415,
        1.8760000467300415,
        1.8799998760223389,
        1.8799998760223389,
        1.8799998760223389,
        1.2610000371932983,
        1.8830000162124634,
        1.8830000162124634,
        1.8860000371932983,
        2.009999990463257,
        1.8889999389648438,
        0.3489999771118164,
        1.8889999389648438,
        1.8930000066757202,
        3.1740000247955322,
        0.03400000184774399,
        1.8960000276565552,
        1.8960000276565552,
        0.35600000619888306,
        1.8989999294281006,
        1.902999997138977,
        2.190999984741211,
        1.9059998989105225,
        1.9059998989105225,
        2.6010000705718994,
        2.6050000190734863,
        0.3050000071525574,
        1.912000060081482,
        1.912000060081482,
        1.9159998893737793,
        1.9159998893737793,
        1.9190000295639038,
        1.9190000295639038,
        2.504000186920166,
        2.6110000610351563,
        1.9220000505447388,
        1.9249999523162842,
        1.9249999523162842,
        1.9290000200271606,
        1.9290000200271606,
        1.9290000200271606,
        2.2109999656677246,
        1.2059999704360962,
        1.934999942779541,
        1.934999942779541,
        1.937999963760376,
        0.3819999694824219,
        1.941999912261963,
        1.941999912261963,
        1.941999912261963,
        1.9449999332427979,
        0.33100003004074097,
        1.9480000734329224,
        2.63100004196167,
        1.340000033378601,
        1.9519999027252197,
        1.9550000429153442,
        1.9550000429153442,
        1.9550000429153442,
        1.9580000638961792,
        1.9580000638961792,
        1.9609999656677246,
        1.9609999656677246,
        1.965000033378601,
        1.965000033378601,
        1.9679999351501465,
        1.9679999351501465,
        1.9679999351501465,
        1.9709999561309814,
        1.9709999561309814,
        1.9739999771118164,
        1.9739999771118164,
        1.9779999256134033,
        1.9779999256134033,
        1.9779999256134033,
        1.9809999465942383,
        1.9809999465942383,
        1.9840000867843628,
        1.9840000867843628,
        1.9840000867843628,
        1.9869999885559082,
        2.0789999961853027,
        1.9910000562667847,
        1.9910000562667847,
        1.99399995803833,
        1.99399995803833,
        0.42100000381469727,
        1.996999979019165,
        1.996999979019165,
        1.996999979019165,
        2.000999927520752,
        2.000999927520752,
        2.003999948501587,
        2.003999948501587,
        2.0230000019073486,
        2.0230000019073486,
        2.0230000019073486,
        0.6700000166893005
    ],
    "Generations needed": 29,
    "Population 1": 208.24000549316406,
    "Population 10": 1737.574951171875,
    "Population 11": 2094.294921875,
    "Population 12": 2245.419921875,
    "Population 13": 2393.93505859375,
    "Population 14": 2450.614990234375,
    "Population 15": 2427.22998046875,
    "Population 16": 2495.074951171875,
    "Population 17": 2540.81005859375,
    "Population 18": 2465.7451171875,
    "Population 19": 3046.4951171875,
    "Population 2": 845.405029296875,
    "Population 20": 3252.429931640625,
    "Population 21": 3806.294921875,
    "Population 22": 3788.820068359375,
    "Population 23": 3928.465087890625,
    "Population 24": 3840.6650390625,
    "Population 25": 3900.179931640625,
    "Population 26": 4014.574951171875,
    "Population 27": 3684.294921875,
    "Population 28": 3849.889892578125,
    "Population 3": 867.1699829101563,
    "Population 4": 1416.6700439453125,
    "Population 5": 1673.5400390625,
    "Population 6": 1712.9300537109375,
    "Population 7": 1784.1500244140625,
    "Population 8": 1729.0050048828125,
    "Population 9": 1727.5699462890625,
    "start": "today"
}
