{
    "Champ at 1": 887.0,
    "Champ at 10": 3959.0,
    "Champ at 11": 3959.0,
    "Champ at 12": 3959.0,
    "Champ at 13": 3959.0,
    "Champ at 14": 3959.0,
    "Champ at 15": 3959.0,
    "Champ at 16": 3959.0,
    "Champ at 17": 3959.0,
    "Champ at 18": 3959.0,
    "Champ at 19": 3959.0,
    "Champ at 2": 1538.0,
    "Champ at 20": 3959.0,
    "Champ at 21": 3959.0,
    "Champ at 22": 3959.0,
    "Champ at 23": 3959.0,
    "Champ at 24": 3959.0,
    "Champ at 25": 3959.0,
    "Champ at 26": 3959.0,
    "Champ at 27": 3959.0,
    "Champ at 28": 3959.0,
    "Champ at 29": 3959.0,
    "Champ at 3": 1845.0,
    "Champ at 30": 3959.0,
    "Champ at 31": 3959.0,
    "Champ at 32": 3959.0,
    "Champ at 33": 3959.0,
    "Champ at 34": 3959.0,
    "Champ at 35": 3959.0,
    "Champ at 36": 4919.0,
    "Champ at 37": 4983.0,
    "Champ at 38": 5120.0,
    "Champ at 4": 2306.0,
    "Champ at 5": 2879.0,
    "Champ at 6": 2935.0,
    "Champ at 7": 3309.0,
    "Champ at 8": 3586.0,
    "Champ at 9": 3862.0,
    "ChampFitness": 5120.0,
    "ChampInputs": [
        1.872999906539917,
        1.872999906539917,
        1.872999906539917,
        1.872999906539917,
        1.877000093460083,
        1.877000093460083,
        1.877000093460083,
        1.3880000114440918,
        1.8799998760223389,
        2.2170000076293945,
        1.8830000162124634,
        1.8830000162124634,
        1.8830000162124634,
        1.8860000371932983,
        1.8860000371932983,
        3.2309999465942383,
        1.8860000371932983,
        0.687000036239624,
        1.8899999856948853,
        1.8899999856948853,
        2.000999927520752,
        1.8930000066757202,
        1.8930000066757202,
        1.8960000276565552,
        1.8960000276565552,
        1.2280000448226929,
        2.1500000953674316,
        1.8989999294281006,
        1.8989999294281006,
        1.8989999294281006,
        1.902999997138977,
        1.902999997138977,
        1.902999997138977,
        3.318000078201294,
        1.9059998989105225,
        1.9059998989105225,
        2.1589999198913574,
        2.0199999809265137,
        1.9089999198913574,
        1.912000060081482,
        1.912000060081482,
        2.7129998207092285,
        1.912000060081482,
        1.9159998893737793,
        1.9159998893737793,
        1.9159998893737793,
        2.253000020980835,
        1.9190000295639038,
        1.9190000295639038,
        1.9220000505447388,
        1.9220000505447388,
        1.9220000505447388,
        1.9249999523162842,
        6.233999729156494,
        1.9249999523162842,
        2.7259998321533203,
        3.3410000801086426,
        1.9290000200271606,
        1.9290000200271606,
        1.9320000410079956,
        1.9320000410079956,
        1.9320000410079956,
        6.244000434875488,
        1.934999942779541,
        1.934999942779541,
        1.934999942779541,
        1.9390000104904175,
        1.9390000104904175,
        2.049999952316284,
        1.941999912261963,
        1.941999912261963,
        1.941999912261963,
        1.9449999332427979,
        1.9449999332427979,
        1.9449999332427979,
        1.9480000734329224,
        1.9480000734329224,
        1.9480000734329224,
        1.9480000734329224,
        1.9519999027252197,
        1.9519999027252197,
        1.9519999027252197,
        1.9550000429153442,
        1.9550000429153442,
        1.9550000429153442,
        1.9580000638961792,
        1.9580000638961792,
        1.9580000638961792,
        1.9580000638961792,
        1.9609999656677246,
        1.9609999656677246,
        1.9609999656677246,
        1.965000033378601,
        1.965000033378601,
        1.965000033378601,
        1.9679999351501465,
        1.9679999351501465,
        1.9679999351501465,
        1.9709999561309814,
        1.9709999561309814
    ],
    "Generations needed": 39,
    "Population 1": 217.47500610351563,
    "Population 10": 3253.864990234375,
    "Population 11": 3281.094970703125,
    "Population 12": 3256.27490234375,
    "Population 13": 3436.780029296875,
    "Population 14": 3069.864990234375,
    "Population 15": 3227.699951171875,
    "Population 16": 3331.7900390625,
    "Population 17": 3270.205078125,
    "Population 18": 3375.375,
    "Population 19": 3369.485107421875,
    "Population 2": 863.9600219726563,
    "Population 20": 3394.830078125,
    "Population 21": 3277.8798828125,
    "Population 22": 3322.8798828125,
    "Population 23": 3317.625,
    "Population 24": 3257.830078125,
    "Population 25": 3300.070068359375,
    "Population 26": 3168.705078125,
    "Population 27": 3379.02490234375,
    "Population 28": 3405.110107421875,
    "Population 29": 3433.5849609375,
    "Population 3": 1421.655029296875,
    "Population 30": 3260.5,
    "Population 31": 3341.6201171875,
    "Population 32": 3285.7548828125,
    "Population 33": 3258.330078125,
    "Population 34": 3065.7451171875,
    "Population 35": 3286.705078125,
    "Population 36": 3345.06494140625,
    "Population 37": 3842.679931640625,
    "Population 38": 3815.375,
    "Population 4": 1657.030029296875,
    "Population 5": 2132.530029296875,
    "Population 6": 2510.8701171875,
    "Population 7": 2568.60009765625,
    "Population 8": 2833.39501953125,
    "Population 9": 3067.8701171875,
    "start": "today"
}
