{
    "Champ at 1": 690.0,
    "Champ at 10": 887.0,
    "Champ at 11": 1538.0,
    "Champ at 12": 1714.0,
    "Champ at 13": 1714.0,
    "Champ at 14": 1911.0,
    "Champ at 15": 2286.0,
    "Champ at 16": 2647.0,
    "Champ at 17": 2738.0,
    "Champ at 18": 2778.0,
    "Champ at 19": 2869.0,
    "Champ at 2": 690.0,
    "Champ at 20": 2935.0,
    "Champ at 21": 3054.0,
    "Champ at 22": 3054.0,
    "Champ at 23": 3054.0,
    "Champ at 24": 3054.0,
    "Champ at 25": 3151.0,
    "Champ at 26": 3762.0,
    "Champ at 27": 3762.0,
    "Champ at 28": 3903.0,
    "Champ at 29": 3959.0,
    "Champ at 3": 690.0,
    "Champ at 30": 3959.0,
    "Champ at 31": 3959.0,
    "Champ at 32": 4347.0,
    "Champ at 33": 4349.0,
    "Champ at 34": 4786.0,
    "Champ at 35": 4786.0,
    "Champ at 36": 4786.0,
    "Champ at 37": 4786.0,
    "Champ at 38": 4786.0,
    "Champ at 39": 4786.0,
    "Champ at 4": 690.0,
    "Champ at 40": 4786.0,
    "Champ at 41": 4786.0,
    "Champ at 42": 4786.0,
    "Champ at 43": 4913.0,
    "Champ at 44": 4983.0,
    "Champ at 45": 4983.0,
    "Champ at 46": 4983.0,
    "Champ at 47": 4983.0,
    "Champ at 48": 5122.0,
    "Champ at 5": 827.0,
    "Champ at 6": 887.0,
    "Champ at 7": 887.0,
    "Champ at 8": 887.0,
    "Champ at 9": 887.0,
    "ChampFitness": 5122.0,
    "ChampInputs": [
        1.9410001039505005,
        1.3709999322891235,
        1.944000005722046,
        1.944000005722046,
        1.9470000267028809,
        1.9470000267028809,
        3.050999879837036,
        1.9499999284744263,
        1.9499999284744263,
        2.2360000610351563,
        1.9539999961853027,
        1.9570000171661377,
        1.9570000171661377,
        2.009999990463257,
        0.562000036239624,
        1.9630000591278076,
        1.9630000591278076,
        0.15799999237060547,
        2.9179999828338623,
        1.9700000286102295,
        1.9700000286102295,
        0.5720000267028809,
        1.3899999856948853,
        1.2980000972747803,
        2.382999897003174,
        1.9800000190734863,
        1.184000015258789,
        1.3020000457763672,
        1.0460000038146973,
        1.3050000667572021,
        2.3899998664855957,
        1.9859999418258667,
        1.6079999208450317,
        1.9900000095367432,
        1.9930000305175781,
        2.75,
        0.281000018119812,
        2.0190000534057617,
        1.999000072479248,
        2.003000020980835,
        2.00600004196167,
        2.3989999294281006,
        2.009000062942505,
        1.2039999961853027,
        2.8369998931884766,
        2.0119998455047607,
        1.3209999799728394,
        2.0160000324249268,
        2.0160000324249268,
        2.0160000324249268,
        2.0190000534057617,
        1.2100000381469727,
        2.0219998359680176,
        2.0219998359680176,
        2.0219998359680176,
        2.0250000953674316,
        2.0250000953674316,
        2.0290000438690186,
        2.0290000438690186,
        9.805999755859375,
        2.0320000648498535,
        2.0320000648498535,
        6.8989996910095215,
        2.0350000858306885,
        2.0490000247955322,
        2.0390000343322754,
        2.0420000553131104,
        2.0420000553131104,
        2.0450000762939453,
        2.0450000762939453,
        2.0450000762939453,
        2.047999858856201,
        2.047999858856201,
        2.052000045776367,
        2.052000045776367,
        2.052000045776367,
        0.04800000041723251,
        2.055000066757202,
        2.058000087738037,
        0.3269999921321869,
        2.058000087738037,
        1.2400000095367432,
        2.061000108718872,
        2.061000108718872,
        2.442000150680542,
        2.065000057220459,
        2.068000078201294,
        2.068000078201294,
        2.071000099182129,
        2.071000099182129,
        0.22600001096725464,
        2.0739998817443848,
        1.4030001163482666,
        0.07699999958276749,
        2.078000068664551,
        2.0810000896453857,
        2.0810000896453857,
        2.0839998722076416,
        2.0839998722076416,
        2.0880000591278076
    ],
    "Generations needed": 49,
    "Population 1": 207.5,
    "Population 10": 866.3900146484375,
    "Population 11": 866.4650268554688,
    "Population 12": 1425.1800537109375,
    "Population 13": 1540.925048828125,
    "Population 14": 1632.9849853515625,
    "Population 15": 1816.2249755859375,
    "Population 16": 2136.385009765625,
    "Population 17": 2358.844970703125,
    "Population 18": 2406.60498046875,
    "Population 19": 2487.635009765625,
    "Population 2": 677.3250122070313,
    "Population 20": 2504.419921875,
    "Population 21": 2609.9951171875,
    "Population 22": 2726.14990234375,
    "Population 23": 2607.93505859375,
    "Population 24": 2703.18994140625,
    "Population 25": 2672.054931640625,
    "Population 26": 2660.304931640625,
    "Population 27": 3079.485107421875,
    "Population 28": 3163.1298828125,
    "Population 29": 3337.929931640625,
    "Population 3": 678.4949951171875,
    "Population 30": 3310.7451171875,
    "Population 31": 3217.159912109375,
    "Population 32": 3210.909912109375,
    "Population 33": 3432.034912109375,
    "Population 34": 3572.090087890625,
    "Population 35": 3808.7548828125,
    "Population 36": 3755.27001953125,
    "Population 37": 3822.074951171875,
    "Population 38": 3763.0048828125,
    "Population 39": 3778.094970703125,
    "Population 4": 680.7899780273438,
    "Population 40": 3726.465087890625,
    "Population 41": 3722.97509765625,
    "Population 42": 3648.169921875,
    "Population 43": 3865.875,
    "Population 44": 3759.1298828125,
    "Population 45": 3834.030029296875,
    "Population 46": 4005.60498046875,
    "Population 47": 3997.050048828125,
    "Population 48": 4159.10498046875,
    "Population 5": 675.0750122070313,
    "Population 6": 803.969970703125,
    "Population 7": 870.5850219726563,
    "Population 8": 861.4600219726563,
    "Population 9": 863.3350219726563,
    "start": "today"
}
