{
    "Champ at 1": 887.0,
    "Champ at 10": 994.0,
    "Champ at 11": 1538.0,
    "Champ at 12": 1911.0,
    "Champ at 13": 1911.0,
    "Champ at 14": 2278.0,
    "Champ at 15": 2877.0,
    "Champ at 16": 2935.0,
    "Champ at 17": 2935.0,
    "Champ at 18": 2935.0,
    "Champ at 19": 2935.0,
    "Champ at 2": 887.0,
    "Champ at 20": 2935.0,
    "Champ at 21": 2935.0,
    "Champ at 22": 3301.0,
    "Champ at 23": 3762.0,
    "Champ at 24": 3762.0,
    "Champ at 25": 3762.0,
    "Champ at 26": 3762.0,
    "Champ at 27": 3959.0,
    "Champ at 28": 3959.0,
    "Champ at 29": 3959.0,
    "Champ at 3": 887.0,
    "Champ at 30": 4344.0,
    "Champ at 31": 4346.0,
    "Champ at 32": 4925.0,
    "Champ at 33": 5148.0,
    "Champ at 4": 887.0,
    "Champ at 5": 887.0,
    "Champ at 6": 887.0,
    "Champ at 7": 887.0,
    "Champ at 8": 887.0,
    "Champ at 9": 887.0,
    "ChampFitness": 5148.0,
    "ChampInputs": [
        1.8220000267028809,
        1.8799998760223389,
        1.8830000162124634,
        1.8830000162124634,
        1.8870000839233398,
        1.8870000839233398,
        1.8899999856948853,
        1.3680000305175781,
        1.837999939918518,
        1.8930000066757202,
        0.48799997568130493,
        1.8960000276565552,
        1.8960000276565552,
        1.899999976158142,
        1.899999976158142,
        1.8350000381469727,
        0.5389999747276306,
        1.902999997138977,
        1.9059998989105225,
        1.0140000581741333,
        1.909999966621399,
        1.909999966621399,
        1.9130001068115234,
        1.9130001068115234,
        2.075000047683716,
        1.9159998893737793,
        1.9190000295639038,
        0.9790000319480896,
        1.9550000429153442,
        2.632000207901001,
        1.9259999990463257,
        1.9259999990463257,
        1.9259999990463257,
        1.9290000200271606,
        1.8550000190734863,
        1.9320000410079956,
        0.8289999961853027,
        0.5260000228881836,
        1.9359999895095825,
        1.9390000104904175,
        1.9390000104904175,
        1.9390000104904175,
        1.941999912261963,
        1.9449999332427979,
        1.9449999332427979,
        3.068000078201294,
        1.9490001201629639,
        1.0399999618530273,
        0.8450000286102295,
        1.9519999027252197,
        1.9519999027252197,
        1.9550000429153442,
        1.9550000429153442,
        1.9589998722076416,
        1.9589998722076416,
        1.9620000123977661,
        1.0499999523162842,
        1.9620000123977661,
        1.8870000839233398,
        1.965000033378601,
        1.9679999351501465,
        1.9679999351501465,
        1.972000002861023,
        1.972000002861023,
        1.9869999885559082,
        1.975000023841858,
        1.975000023841858,
        1.9779999256134033,
        1.9779999256134033,
        1.9809999465942383,
        1.9809999465942383,
        1.9850001335144043,
        2.140000104904175,
        1.9879999160766602,
        1.9879999160766602,
        1.9910000562667847,
        1.9910000562667847,
        1.99399995803833,
        1.027999997138977,
        1.9980000257492065,
        1.9980000257492065,
        2.000999927520752,
        2.000999927520752,
        2.1570000648498535,
        2.003999948501587,
        2.006999969482422,
        2.006999969482422,
        2.006999969482422,
        2.011000156402588,
        2.011000156402588,
        0.6110000014305115,
        2.0139999389648438,
        2.0169999599456787,
        2.0169999599456787,
        1.0410000085830688,
        2.0209999084472656,
        0.5699999928474426,
        2.0239999294281006,
        2.2290000915527344,
        2.0269999504089355
    ],
    "Generations needed": 34,
    "Population 1": 203.03500366210938,
    "Population 10": 856.7949829101563,
    "Population 11": 946.7000122070313,
    "Population 12": 1424.4849853515625,
    "Population 13": 1735.7900390625,
    "Population 14": 1721.155029296875,
    "Population 15": 2007.6199951171875,
    "Population 16": 2538.97998046875,
    "Population 17": 2572.544921875,
    "Population 18": 2595.455078125,
    "Population 19": 2455.5048828125,
    "Population 2": 871.7949829101563,
    "Population 20": 2516.02490234375,
    "Population 21": 2525.139892578125,
    "Population 22": 2523.014892578125,
    "Population 23": 2728.5400390625,
    "Population 24": 2911.215087890625,
    "Population 25": 3060.610107421875,
    "Population 26": 3122.72509765625,
    "Population 27": 3117.695068359375,
    "Population 28": 3350.340087890625,
    "Population 29": 3062.7900390625,
    "Population 3": 871.375,
    "Population 30": 3379.02490234375,
    "Population 31": 3381.050048828125,
    "Population 32": 3434.919921875,
    "Population 33": 3726.10498046875,
    "Population 4": 865.0750122070313,
    "Population 5": 850.4550170898438,
    "Population 6": 879.4349975585938,
    "Population 7": 855.219970703125,
    "Population 8": 860.14501953125,
    "Population 9": 863.7750244140625,
    "start": "today"
}
