{
    "Champ at 1": 887.0,
    "Champ at 10": 1911.0,
    "Champ at 11": 2273.0,
    "Champ at 12": 2562.0,
    "Champ at 13": 2871.0,
    "Champ at 14": 2935.0,
    "Champ at 15": 2935.0,
    "Champ at 16": 2935.0,
    "Champ at 17": 3312.0,
    "Champ at 18": 3895.0,
    "Champ at 19": 4354.0,
    "Champ at 2": 1281.0,
    "Champ at 20": 4786.0,
    "Champ at 21": 4786.0,
    "Champ at 22": 4786.0,
    "Champ at 23": 4983.0,
    "Champ at 24": 4983.0,
    "Champ at 25": 4983.0,
    "Champ at 26": 4983.0,
    "Champ at 27": 4983.0,
    "Champ at 28": 4983.0,
    "Champ at 29": 4983.0,
    "Champ at 3": 1538.0,
    "Champ at 30": 5135.0,
    "Champ at 4": 1714.0,
    "Champ at 5": 1714.0,
    "Champ at 6": 1714.0,
    "Champ at 7": 1911.0,
    "Champ at 8": 1911.0,
    "Champ at 9": 1911.0,
    "ChampFitness": 5135.0,
    "ChampInputs": [
        1.8709999322891235,
        1.9570000171661377,
        1.875,
        1.875,
        1.878000020980835,
        1.878000020980835,
        1.878000020980835,
        1.180999994277954,
        1.8809999227523804,
        1.8809999227523804,
        2.5970001220703125,
        1.8840000629425049,
        1.8840000629425049,
        1.9700000286102295,
        1.753000020980835,
        1.8880000114440918,
        0.5669999718666077,
        1.8910000324249268,
        2.6030001640319824,
        1.8910000324249268,
        1.8940000534057617,
        0.5149999856948853,
        1.8940000534057617,
        1.7630000114440918,
        1.8970000743865967,
        2.86299991607666,
        1.9010000228881836,
        1.9010000228881836,
        2.5920000076293945,
        1.9010000228881836,
        2.065999984741211,
        1.9859999418258667,
        1.9040000438690186,
        3.1710000038146973,
        1.906999945640564,
        1.906999945640564,
        1.909999966621399,
        1.909999966621399,
        2.6019999980926514,
        1.9140000343322754,
        1.7000000476837158,
        0.12400000542402267,
        2.630000114440918,
        1.9169999361038208,
        1.9169999361038208,
        1.9169999361038208,
        1.9200000762939453,
        1.9200000762939453,
        1.9200000762939453,
        2.611999988555908,
        2.0859999656677246,
        1.9239999055862427,
        1.9270000457763672,
        1.9270000457763672,
        1.9270000457763672,
        1.9300000667572021,
        3.810999870300293,
        1.9300000667572021,
        1.9329999685287476,
        0.14300000667572021,
        1.9329999685287476,
        1.9329999685287476,
        1.937000036239624,
        1.937000036239624,
        1.937000036239624,
        1.940000057220459,
        1.940000057220459,
        1.940000057220459,
        1.9429999589920044,
        1.9429999589920044,
        1.9429999589920044,
        1.9459999799728394,
        1.9459999799728394,
        1.9459999799728394,
        1.9499999284744263,
        1.9499999284744263,
        1.9499999284744263,
        1.9529999494552612,
        1.9529999494552612,
        1.9529999494552612,
        1.9529999494552612,
        1.9560000896453857,
        1.3179999589920044,
        1.9560000896453857,
        1.9589998722076416,
        1.9589998722076416,
        1.8220000267028809,
        1.9630000591278076,
        1.9630000591278076,
        1.9630000591278076,
        1.9660000801086426,
        1.9660000801086426,
        1.9660000801086426,
        1.968999981880188,
        1.968999981880188,
        1.968999981880188,
        1.968999981880188,
        1.7519999742507935,
        1.972000002861023,
        1.972000002861023
    ],
    "Generations needed": 31,
    "Population 1": 195.28500366210938,
    "Population 10": 1793.9150390625,
    "Population 11": 1772.5550537109375,
    "Population 12": 2096.75,
    "Population 13": 2293.034912109375,
    "Population 14": 2498.985107421875,
    "Population 15": 2539.175048828125,
    "Population 16": 2573.114990234375,
    "Population 17": 2526.699951171875,
    "Population 18": 2885.0048828125,
    "Population 19": 3227.6650390625,
    "Population 2": 858.3350219726563,
    "Population 20": 3538.375,
    "Population 21": 3835.324951171875,
    "Population 22": 3820.304931640625,
    "Population 23": 3828.364990234375,
    "Population 24": 3928.3798828125,
    "Population 25": 4007.47509765625,
    "Population 26": 3812.5048828125,
    "Population 27": 3940.919921875,
    "Population 28": 3972.27001953125,
    "Population 29": 3992.18994140625,
    "Population 3": 1221.1199951171875,
    "Population 30": 3991.985107421875,
    "Population 4": 1456.0050048828125,
    "Population 5": 1627.68994140625,
    "Population 6": 1596.4649658203125,
    "Population 7": 1558.739990234375,
    "Population 8": 1768.405029296875,
    "Population 9": 1741.52001953125,
    "start": "today"
}
