{
    "Champ at 1": 887.0,
    "Champ at 10": 1623.0,
    "Champ at 11": 1714.0,
    "Champ at 12": 1714.0,
    "Champ at 13": 1911.0,
    "Champ at 14": 2274.0,
    "Champ at 15": 2562.0,
    "Champ at 16": 2935.0,
    "Champ at 17": 2935.0,
    "Champ at 18": 2935.0,
    "Champ at 19": 3586.0,
    "Champ at 2": 887.0,
    "Champ at 20": 3671.0,
    "Champ at 21": 4333.0,
    "Champ at 22": 4610.0,
    "Champ at 23": 4983.0,
    "Champ at 24": 4983.0,
    "Champ at 25": 4983.0,
    "Champ at 26": 5135.0,
    "Champ at 3": 887.0,
    "Champ at 4": 887.0,
    "Champ at 5": 887.0,
    "Champ at 6": 887.0,
    "Champ at 7": 887.0,
    "Champ at 8": 887.0,
    "Champ at 9": 1251.0,
    "ChampFitness": 5135.0,
    "ChampInputs": [
        1.877000093460083,
        1.8799998760223389,
        1.8799998760223389,
        1.8830000162124634,
        1.8830000162124634,
        1.8830000162124634,
        2.5160000324249268,
        1.8860000371932983,
        2.8580000400543213,
        1.6699999570846558,
        1.8899999856948853,
        2.442000150680542,
        1.8930000066757202,
        1.8960000276565552,
        2.437999963760376,
        1.8960000276565552,
        0.5740000009536743,
        1.8989999294281006,
        1.902999997138977,
        2.496999979019165,
        1.9059998989105225,
        1.9059998989105225,
        1.9059998989105225,
        3.052999973297119,
        1.9089999198913574,
        1.9130001068115234,
        1.9130001068115234,
        1.9130001068115234,
        0.31199997663497925,
        0.26899999380111694,
        1.9159998893737793,
        1.9190000295639038,
        1.9190000295639038,
        2.5420000553131104,
        2.248000144958496,
        2.5350000858306885,
        1.9259999990463257,
        1.9259999990463257,
        1.9290000200271606,
        1.9290000200271606,
        1.9290000200271606,
        2.763000011444092,
        1.9320000410079956,
        1.9320000410079956,
        1.934999942779541,
        1.934999942779541,
        1.9390000104904175,
        1.9390000104904175,
        1.9390000104904175,
        1.941999912261963,
        1.941999912261963,
        1.941999912261963,
        1.9449999332427979,
        1.9449999332427979,
        1.9449999332427979,
        1.9480000734329224,
        1.9480000734329224,
        1.9519999027252197,
        1.9519999027252197,
        1.9519999027252197,
        1.9550000429153442,
        2.560999870300293,
        2.5390000343322754,
        1.9580000638961792,
        1.9580000638961792,
        0.02199999988079071,
        1.9620000123977661,
        1.9620000123977661,
        1.965000033378601,
        1.965000033378601,
        1.965000033378601,
        1.9679999351501465,
        1.9679999351501465,
        1.9709999561309814,
        1.9709999561309814,
        1.9709999561309814,
        1.975000023841858,
        1.975000023841858,
        1.975000023841858,
        1.9779999256134033,
        2.5880000591278076,
        1.9809999465942383,
        1.9840000867843628,
        1.9840000867843628,
        1.7389999628067017,
        1.9879999160766602,
        1.9910000562667847,
        1.9910000562667847,
        1.9910000562667847,
        1.99399995803833,
        1.99399995803833,
        1.996999979019165,
        1.996999979019165,
        2.572000026702881,
        2.000999927520752,
        2.000999927520752,
        2.003999948501587,
        2.006999969482422,
        2.006999969482422,
        2.009999990463257
    ],
    "Generations needed": 27,
    "Population 1": 205.24000549316406,
    "Population 10": 1190.9150390625,
    "Population 11": 1536.010009765625,
    "Population 12": 1588.760009765625,
    "Population 13": 1631.85498046875,
    "Population 14": 1710.300048828125,
    "Population 15": 2097.85498046875,
    "Population 16": 2376.4150390625,
    "Population 17": 2633.294921875,
    "Population 18": 2596.6650390625,
    "Population 19": 2672.5849609375,
    "Population 2": 854.3699951171875,
    "Population 20": 3053.14501953125,
    "Population 21": 3097.824951171875,
    "Population 22": 3655.885009765625,
    "Population 23": 3656.405029296875,
    "Population 24": 3968.010009765625,
    "Population 25": 4005.205078125,
    "Population 26": 4022.284912109375,
    "Population 3": 846.3599853515625,
    "Population 4": 865.2249755859375,
    "Population 5": 854.655029296875,
    "Population 6": 875.844970703125,
    "Population 7": 846.75,
    "Population 8": 862.0250244140625,
    "Population 9": 854.4749755859375,
    "start": "today"
}
