{
    "Champ at 1": 826.0,
    "Champ at 10": 3892.0,
    "Champ at 11": 3959.0,
    "Champ at 12": 3959.0,
    "Champ at 13": 4321.0,
    "Champ at 14": 4924.0,
    "Champ at 15": 4983.0,
    "Champ at 16": 4983.0,
    "Champ at 17": 4983.0,
    "Champ at 18": 4983.0,
    "Champ at 19": 4983.0,
    "Champ at 2": 1538.0,
    "Champ at 20": 4983.0,
    "Champ at 21": 4983.0,
    "Champ at 22": 4983.0,
    "Champ at 23": 4983.0,
    "Champ at 24": 5138.0,
    "Champ at 3": 1834.0,
    "Champ at 4": 1911.0,
    "Champ at 5": 1911.0,
    "Champ at 6": 2296.0,
    "Champ at 7": 2869.0,
    "Champ at 8": 2935.0,
    "Champ at 9": 3326.0,
    "ChampFitness": 5138.0,
    "ChampInputs": [
        1.8559999465942383,
        1.8600000143051147,
        1.8600000143051147,
        1.8629999160766602,
        1.8629999160766602,
        1.8659999370574951,
        3.3989999294281006,
        1.8690000772476196,
        2.071000099182129,
        1.872999906539917,
        1.872999906539917,
        1.8760000467300415,
        1.8760000467300415,
        1.8790000677108765,
        3.2780001163482666,
        1.8819999694824219,
        0.6639999747276306,
        1.8860000371932983,
        2.0320000648498535,
        1.8860000371932983,
        1.8889999389648438,
        1.8889999389648438,
        1.8919999599456787,
        2.0850000381469727,
        0.8669999837875366,
        2.0390000343322754,
        2.0909998416900635,
        0.453000009059906,
        1.9019999504089355,
        1.9019999504089355,
        1.90500009059906,
        1.90500009059906,
        1.9089999198913574,
        2.3919999599456787,
        2.946000099182129,
        1.912000060081482,
        1.9149999618530273,
        1.9149999618530273,
        1.9179999828338623,
        1.9179999828338623,
        1.9220000505447388,
        3.4040000438690186,
        3.4070000648498535,
        1.9249999523162842,
        1.9279999732971191,
        1.9279999732971191,
        1.930999994277954,
        1.930999994277954,
        3.440999984741211,
        1.934999942779541,
        1.937999963760376,
        1.937999963760376,
        1.9410001039505005,
        1.9410001039505005,
        1.9449999332427979,
        1.9449999332427979,
        1.9480000734329224,
        1.9480000734329224,
        1.9509999752044678,
        1.9509999752044678,
        1.9539999961853027,
        1.9539999961853027,
        1.9580000638961792,
        1.9580000638961792,
        1.9609999656677246,
        1.9609999656677246,
        1.9639999866485596,
        1.9639999866485596,
        3.4609999656677246,
        1.9670000076293945,
        1.9670000076293945,
        0.4960000216960907,
        1.9709999561309814,
        2.133000135421753,
        5.239999771118164,
        1.9769999980926514,
        1.9769999980926514,
        6.2260003089904785,
        1.9800000190734863,
        1.9840000867843628,
        1.9840000867843628,
        1.9840000867843628,
        1.9869999885559082,
        1.9869999885559082,
        1.9900000095367432,
        1.9900000095367432,
        1.9930000305175781,
        5.253000259399414,
        1.996999979019165,
        1.996999979019165,
        2.0,
        2.0,
        2.003000020980835,
        2.003000020980835,
        2.006999969482422,
        2.006999969482422,
        2.009999990463257,
        2.009999990463257,
        2.013000011444092,
        2.013000011444092
    ],
    "Generations needed": 25,
    "Population 1": 206.8300018310547,
    "Population 10": 2818.68505859375,
    "Population 11": 3341.469970703125,
    "Population 12": 3323.27001953125,
    "Population 13": 3267.4951171875,
    "Population 14": 3612.580078125,
    "Population 15": 4053.449951171875,
    "Population 16": 3909.9951171875,
    "Population 17": 3775.875,
    "Population 18": 4085.18505859375,
    "Population 19": 3855.215087890625,
    "Population 2": 811.030029296875,
    "Population 20": 4044.840087890625,
    "Population 21": 3960.97509765625,
    "Population 22": 3830.945068359375,
    "Population 23": 3894.68505859375,
    "Population 24": 4113.22021484375,
    "Population 3": 1433.81494140625,
    "Population 4": 1684.4200439453125,
    "Population 5": 1807.56494140625,
    "Population 6": 1758.0699462890625,
    "Population 7": 2081.72509765625,
    "Population 8": 2549.93994140625,
    "Population 9": 2532.179931640625,
    "start": "today"
}
