{
    "Champ at 1": 887.0,
    "Champ at 10": 1714.0,
    "Champ at 11": 1783.0,
    "Champ at 12": 1911.0,
    "Champ at 13": 1911.0,
    "Champ at 14": 2307.0,
    "Champ at 15": 2738.0,
    "Champ at 16": 2935.0,
    "Champ at 17": 3302.0,
    "Champ at 18": 3671.0,
    "Champ at 19": 3762.0,
    "Champ at 2": 887.0,
    "Champ at 20": 3762.0,
    "Champ at 21": 3893.0,
    "Champ at 22": 3959.0,
    "Champ at 23": 3959.0,
    "Champ at 24": 3959.0,
    "Champ at 25": 3959.0,
    "Champ at 26": 4925.0,
    "Champ at 27": 5149.0,
    "Champ at 3": 887.0,
    "Champ at 4": 887.0,
    "Champ at 5": 1254.0,
    "Champ at 6": 1538.0,
    "Champ at 7": 1714.0,
    "Champ at 8": 1714.0,
    "Champ at 9": 1714.0,
    "ChampFitness": 5149.0,
    "ChampInputs": [
        1.8819999694824219,
        1.8860000371932983,
        1.8860000371932983,
        1.8889999389648438,
        1.8889999389648438,
        1.8889999389648438,
        1.8919999599456787,
        0.8880000114440918,
        1.8949999809265137,
        1.8949999809265137,
        2.4769999980926514,
        1.8989999294281006,
        1.8989999294281006,
        0.3269999921321869,
        1.9019999504089355,
        1.9019999504089355,
        0.4309999942779541,
        2.802000045776367,
        1.90500009059906,
        1.9089999198913574,
        1.9089999198913574,
        1.6710000038146973,
        2.493000030517578,
        1.912000060081482,
        1.9149999618530273,
        2.2009999752044678,
        0.5170000195503235,
        1.9179999828338623,
        1.9179999828338623,
        3.1459999084472656,
        1.4920001029968262,
        0.03199999779462814,
        1.9249999523162842,
        1.9249999523162842,
        1.9249999523162842,
        1.9279999732971191,
        0.6539999842643738,
        0.6570000052452087,
        1.930999994277954,
        1.930999994277954,
        1.934999942779541,
        1.934999942779541,
        1.934999942779541,
        1.937999963760376,
        1.937999963760376,
        3.0959999561309814,
        1.9410001039505005,
        1.9410001039505005,
        1.944000005722046,
        1.944000005722046,
        1.9480000734329224,
        1.9509999752044678,
        0.6710000038146973,
        1.9539999961853027,
        1.9580000638961792,
        1.9580000638961792,
        1.9609999656677246,
        1.9609999656677246,
        0.4729999899864197,
        1.9670000076293945,
        0.3720000088214874,
        1.9670000076293945,
        1.9709999561309814,
        3.115999937057495,
        1.9739999771118164,
        1.9739999771118164,
        1.9739999771118164,
        1.9769999980926514,
        1.9769999980926514,
        1.9800000190734863,
        1.9800000190734863,
        1.9800000190734863,
        1.9840000867843628,
        1.9840000867843628,
        1.9869999885559082,
        1.9869999885559082,
        1.9869999885559082,
        1.9900000095367432,
        1.9900000095367432,
        1.9930000305175781,
        1.9930000305175781,
        1.996999979019165,
        1.996999979019165,
        1.996999979019165,
        2.0,
        2.0,
        2.003000020980835,
        2.003000020980835,
        2.003000020980835,
        2.006999969482422,
        2.006999969482422,
        2.006999969482422,
        2.009999990463257,
        0.968999981880188,
        2.013000011444092,
        2.013000011444092,
        2.013000011444092,
        2.0160000324249268,
        3.1480000019073486,
        2.0160000324249268
    ],
    "Generations needed": 28,
    "Population 1": 203.3249969482422,
    "Population 10": 1595.68505859375,
    "Population 11": 1644.2049560546875,
    "Population 12": 1617.510009765625,
    "Population 13": 1762.4599609375,
    "Population 14": 1841.8349609375,
    "Population 15": 2168.64990234375,
    "Population 16": 2469.56005859375,
    "Population 17": 2523.64990234375,
    "Population 18": 2750.85498046875,
    "Population 19": 3066.5,
    "Population 2": 851.8699951171875,
    "Population 20": 3217.985107421875,
    "Population 21": 3275.419921875,
    "Population 22": 3228.485107421875,
    "Population 23": 3261.10498046875,
    "Population 24": 3277.81005859375,
    "Population 25": 3297.719970703125,
    "Population 26": 3187.97509765625,
    "Population 27": 3724.31494140625,
    "Population 3": 854.2650146484375,
    "Population 4": 873.4949951171875,
    "Population 5": 871.0700073242188,
    "Population 6": 1192.3349609375,
    "Population 7": 1439.7950439453125,
    "Population 8": 1567.4100341796875,
    "Population 9": 1596.510009765625,
    "start": "today"
}
