{
    "Champ at 1": 819.0,
    "Champ at 10": 1282.0,
    "Champ at 11": 1282.0,
    "Champ at 12": 1756.0,
    "Champ at 13": 1840.0,
    "Champ at 14": 1911.0,
    "Champ at 15": 1911.0,
    "Champ at 16": 1911.0,
    "Champ at 17": 1911.0,
    "Champ at 18": 1911.0,
    "Champ at 19": 1911.0,
    "Champ at 2": 887.0,
    "Champ at 20": 2299.0,
    "Champ at 21": 2562.0,
    "Champ at 22": 2857.0,
    "Champ at 23": 2935.0,
    "Champ at 24": 2935.0,
    "Champ at 25": 2935.0,
    "Champ at 26": 3054.0,
    "Champ at 27": 3054.0,
    "Champ at 28": 3054.0,
    "Champ at 29": 3054.0,
    "Champ at 3": 887.0,
    "Champ at 30": 3054.0,
    "Champ at 31": 3054.0,
    "Champ at 32": 3054.0,
    "Champ at 33": 3881.0,
    "Champ at 34": 3959.0,
    "Champ at 35": 3959.0,
    "Champ at 36": 3959.0,
    "Champ at 37": 3959.0,
    "Champ at 38": 4351.0,
    "Champ at 39": 4695.0,
    "Champ at 4": 887.0,
    "Champ at 40": 4786.0,
    "Champ at 41": 4918.0,
    "Champ at 42": 4983.0,
    "Champ at 43": 4983.0,
    "Champ at 44": 5139.0,
    "Champ at 5": 887.0,
    "Champ at 6": 887.0,
    "Champ at 7": 1239.0,
    "Champ at 8": 1282.0,
    "Champ at 9": 1282.0,
    "ChampFitness": 5139.0,
    "ChampInputs": [
        1.843000054359436,
        1.8459999561309814,
        1.8459999561309814,
        1.8459999561309814,
        1.8489999771118164,
        1.8489999771118164,
        2.6010000705718994,
        1.8519999980926514,
        1.8519999980926514,
        3.174999952316284,
        2.11299991607666,
        1.8559999465942383,
        1.8559999465942383,
        1.8559999465942383,
        3.2820000648498535,
        1.8589999675750732,
        2.203000068664551,
        1.8619999885559082,
        1.8619999885559082,
        2.328000068664551,
        1.8650000095367432,
        1.8650000095367432,
        1.8650000095367432,
        1.125,
        2.2730000019073486,
        1.8690000772476196,
        0.4410000145435333,
        1.871999979019165,
        1.871999979019165,
        1.871999979019165,
        1.875,
        1.875,
        2.9830000400543213,
        1.878000020980835,
        2.065000057220459,
        1.878000020980835,
        1.878000020980835,
        2.3440001010894775,
        1.8799998760223389,
        0.26499998569488525,
        1.8849999904632568,
        1.8860000371932983,
        0.8500000238418579,
        1.8880000114440918,
        1.8880000114440918,
        1.8880000114440918,
        1.8919999599456787,
        1.8919999599456787,
        1.8919999599456787,
        1.8949999809265137,
        1.8949999809265137,
        1.8949999809265137,
        1.8949999809265137,
        1.8980000019073486,
        1.8980000019073486,
        1.8980000019073486,
        1.9010000228881836,
        1.9010000228881836,
        3.1500000953674316,
        1.90500009059906,
        1.90500009059906,
        1.90500009059906,
        1.90500009059906,
        1.9079999923706055,
        1.9079999923706055,
        1.9079999923706055,
        1.9110000133514404,
        1.9110000133514404,
        1.9110000133514404,
        0.8770000338554382,
        1.9140000343322754,
        1.9140000343322754,
        1.9179999828338623,
        1.9179999828338623,
        1.9179999828338623,
        1.9179999828338623,
        3.1690001487731934,
        1.9210000038146973,
        3.172999858856201,
        5.314999580383301,
        1.9239999055862427,
        1.9239999055862427,
        1.9270000457763672,
        1.2049999237060547,
        1.9270000457763672,
        1.930999994277954,
        1.930999994277954,
        1.930999994277954,
        1.930999994277954,
        1.934000015258789,
        1.934000015258789,
        0.5029999613761902,
        1.937000036239624,
        3.185999870300293,
        3.257000207901001,
        1.9410001039505005,
        1.9410001039505005,
        1.9410001039505005,
        1.944000005722046,
        1.944000005722046
    ],
    "Generations needed": 45,
    "Population 1": 203.2100067138672,
    "Population 10": 1224.10498046875,
    "Population 11": 1197.614990234375,
    "Population 12": 1237.4200439453125,
    "Population 13": 1637.614990234375,
    "Population 14": 1724.0999755859375,
    "Population 15": 1783.0999755859375,
    "Population 16": 1761.864990234375,
    "Population 17": 1759.06005859375,
    "Population 18": 1772.489990234375,
    "Population 19": 1790.675048828125,
    "Population 2": 788.5700073242188,
    "Population 20": 1747.14501953125,
    "Population 21": 2049.169921875,
    "Population 22": 2251.110107421875,
    "Population 23": 2561.050048828125,
    "Population 24": 2574.909912109375,
    "Population 25": 2537.72509765625,
    "Population 26": 2634.35498046875,
    "Population 27": 2625.264892578125,
    "Population 28": 2704.18994140625,
    "Population 29": 2753.235107421875,
    "Population 3": 865.8150024414063,
    "Population 30": 2757.570068359375,
    "Population 31": 2718.264892578125,
    "Population 32": 2641.715087890625,
    "Population 33": 2679.77490234375,
    "Population 34": 3253.81005859375,
    "Population 35": 3250.68994140625,
    "Population 36": 3402.60498046875,
    "Population 37": 3391.5849609375,
    "Population 38": 3284.72509765625,
    "Population 39": 3614.35009765625,
    "Population 4": 862.9299926757813,
    "Population 40": 3800.669921875,
    "Population 41": 3791.780029296875,
    "Population 42": 4082.070068359375,
    "Population 43": 3956.06494140625,
    "Population 44": 3965.0,
    "Population 5": 852.780029296875,
    "Population 6": 858.39501953125,
    "Population 7": 852.3150024414063,
    "Population 8": 1192.2249755859375,
    "Population 9": 1219.97998046875,
    "start": "today"
}
