{
    "Champ at 1": 812.0,
    "Champ at 10": 1486.0,
    "Champ at 11": 1486.0,
    "Champ at 12": 1911.0,
    "Champ at 13": 1911.0,
    "Champ at 14": 1911.0,
    "Champ at 15": 1911.0,
    "Champ at 16": 1911.0,
    "Champ at 17": 1911.0,
    "Champ at 18": 2562.0,
    "Champ at 19": 2562.0,
    "Champ at 2": 887.0,
    "Champ at 20": 2562.0,
    "Champ at 21": 2562.0,
    "Champ at 22": 2562.0,
    "Champ at 23": 2562.0,
    "Champ at 24": 2935.0,
    "Champ at 25": 2935.0,
    "Champ at 26": 2935.0,
    "Champ at 27": 2935.0,
    "Champ at 28": 2935.0,
    "Champ at 29": 2935.0,
    "Champ at 3": 1274.0,
    "Champ at 30": 3586.0,
    "Champ at 31": 3586.0,
    "Champ at 32": 3586.0,
    "Champ at 33": 3586.0,
    "Champ at 34": 3586.0,
    "Champ at 35": 3586.0,
    "Champ at 36": 3959.0,
    "Champ at 37": 3959.0,
    "Champ at 38": 3959.0,
    "Champ at 39": 3959.0,
    "Champ at 4": 1284.0,
    "Champ at 40": 3959.0,
    "Champ at 41": 3959.0,
    "Champ at 42": 4610.0,
    "Champ at 43": 4610.0,
    "Champ at 44": 4610.0,
    "Champ at 45": 4610.0,
    "Champ at 46": 4610.0,
    "Champ at 47": 4610.0,
    "Champ at 48": 4983.0,
    "Champ at 49": 4983.0,
    "Champ at 5": 1486.0,
    "Champ at 50": 4983.0,
    "Champ at 51": 4983.0,
    "Champ at 52": 4983.0,
    "Champ at 53": 4983.0,
    "Champ at 54": 5160.0,
    "Champ at 6": 1486.0,
    "Champ at 7": 1486.0,
    "Champ at 8": 1486.0,
    "Champ at 9": 1486.0,
    "ChampFitness": 5160.0,
    "ChampInputs": [
        1.8209999799728394,
        1.8240000009536743,
        1.8240000009536743,
        1.8240000009536743,
        1.8279999494552612,
        1.8279999494552612,
        3.5874693393707275,
        1.8309999704360962,
        1.8309999704360962,
        1.8309999704360962,
        1.8340001106262207,
        2.7869999408721924,
        1.8340001106262207,
        1.8340001106262207,
        3.2300000190734863,
        1.8369998931884766,
        1.8369998931884766,
        1.8410000801086426,
        1.8410000801086426,
        2.6510000228881836,
        1.8440001010894775,
        1.8440001010894775,
        3.2980000972747803,
        1.847000002861023,
        1.847000002861023,
        1.847000002861023,
        1.847000002861023,
        2.7189998626708984,
        1.8510000705718994,
        1.8510000705718994,
        3.075000047683716,
        1.8539999723434448,
        1.8539999723434448,
        1.8569999933242798,
        1.8569999933242798,
        0.7879999876022339,
        1.8600000143051147,
        1.8600000143051147,
        1.8600000143051147,
        3.2210001945495605,
        1.8639999628067017,
        1.8639999628067017,
        1.8639999628067017,
        1.8669999837875366,
        1.8669999837875366,
        1.8669999837875366,
        1.8700001239776611,
        1.8700001239776611,
        1.8700001239776611,
        1.872999906539917,
        1.872999906539917,
        1.872999906539917,
        1.872999906539917,
        1.877000093460083,
        1.877000093460083,
        1.877000093460083,
        1.8799998760223389,
        1.8799998760223389,
        1.8799998760223389,
        1.8830000162124634,
        1.8830000162124634,
        1.8830000162124634,
        1.8830000162124634,
        1.8860000371932983,
        1.8860000371932983,
        1.8860000371932983,
        1.8899999856948853,
        1.8899999856948853,
        1.8899999856948853,
        1.8930000066757202,
        1.8930000066757202,
        1.8930000066757202,
        1.8930000066757202,
        1.8960000276565552,
        1.8960000276565552,
        1.8960000276565552,
        1.899999976158142,
        1.899999976158142,
        1.899999976158142,
        1.902999997138977,
        1.902999997138977,
        1.902999997138977,
        1.9059998989105225,
        1.9059998989105225,
        1.9059998989105225,
        1.9059998989105225,
        1.9089999198913574,
        1.9089999198913574,
        1.9089999198913574,
        1.9130001068115234,
        1.9130001068115234,
        1.9130001068115234,
        1.9159998893737793,
        1.9159998893737793,
        1.9159998893737793,
        1.9159998893737793,
        1.9190000295639038,
        1.9190000295639038,
        1.9190000295639038,
        1.9220000505447388
    ],
    "Generations needed": 54,
    "Population 1": 196.875,
    "Population 10": 1486.0,
    "Population 11": 1486.0,
    "Population 12": 1565.9949951171875,
    "Population 13": 1901.989990234375,
    "Population 14": 1911.0,
    "Population 15": 1911.0,
    "Population 16": 1911.0,
    "Population 17": 1911.0,
    "Population 18": 1940.0350341796875,
    "Population 19": 2551.429931640625,
    "Population 2": 739.7100219726563,
    "Population 20": 2562.0,
    "Population 21": 2562.0,
    "Population 22": 2562.0,
    "Population 23": 2562.0,
    "Population 24": 2610.044921875,
    "Population 25": 2925.514892578125,
    "Population 26": 2935.0,
    "Population 27": 2935.0,
    "Population 28": 2935.0,
    "Population 29": 2935.0,
    "Population 3": 880.239990234375,
    "Population 30": 2947.760009765625,
    "Population 31": 3582.7451171875,
    "Population 32": 3586.0,
    "Population 33": 3586.0,
    "Population 34": 3586.0,
    "Population 35": 3586.0,
    "Population 36": 3629.054931640625,
    "Population 37": 3956.14990234375,
    "Population 38": 3959.0,
    "Population 39": 3959.0,
    "Population 4": 1254.9150390625,
    "Population 40": 3959.0,
    "Population 41": 3959.0,
    "Population 42": 4004.0048828125,
    "Population 43": 4606.16015625,
    "Population 44": 4610.0,
    "Population 45": 4610.0,
    "Population 46": 4610.0,
    "Population 47": 4610.0,
    "Population 48": 4650.2001953125,
    "Population 49": 4980.14990234375,
    "Population 5": 1277.0450439453125,
    "Population 50": 4983.0,
    "Population 51": 4983.0,
    "Population 52": 4983.0,
    "Population 53": 4983.0,
    "Population 54": 4986.75,
    "Population 6": 1476.9949951171875,
    "Population 7": 1484.989990234375,
    "Population 8": 1486.0,
    "Population 9": 1486.0,
    "start": "today"
}
