{
    "Champ at 1": 887.0,
    "Champ at 10": 1911.0,
    "Champ at 11": 1911.0,
    "Champ at 12": 1911.0,
    "Champ at 13": 1911.0,
    "Champ at 14": 2870.0,
    "Champ at 15": 2870.0,
    "Champ at 16": 2870.0,
    "Champ at 17": 2870.0,
    "Champ at 18": 2870.0,
    "Champ at 19": 2870.0,
    "Champ at 2": 1538.0,
    "Champ at 20": 2870.0,
    "Champ at 21": 3586.0,
    "Champ at 22": 3586.0,
    "Champ at 23": 3586.0,
    "Champ at 24": 3586.0,
    "Champ at 25": 3586.0,
    "Champ at 26": 3586.0,
    "Champ at 27": 3959.0,
    "Champ at 28": 3959.0,
    "Champ at 29": 3959.0,
    "Champ at 3": 1538.0,
    "Champ at 30": 3959.0,
    "Champ at 31": 3959.0,
    "Champ at 32": 3959.0,
    "Champ at 33": 3959.0,
    "Champ at 34": 4924.0,
    "Champ at 35": 4924.0,
    "Champ at 36": 4924.0,
    "Champ at 37": 4924.0,
    "Champ at 38": 4924.0,
    "Champ at 39": 4924.0,
    "Champ at 4": 1538.0,
    "Champ at 40": 5166.0,
    "Champ at 5": 1538.0,
    "Champ at 6": 1538.0,
    "Champ at 7": 1538.0,
    "Champ at 8": 1911.0,
    "Champ at 9": 1911.0,
    "ChampFitness": 5166.0,
    "ChampInputs": [
        1.8650000095367432,
        1.8680000305175781,
        1.871999979019165,
        1.871999979019165,
        1.875,
        1.8809999227523804,
        1.8809999227523804,
        1.220651388168335,
        1.8910000324249268,
        1.8940000534057617,
        1.8940000534057617,
        1.8980000019073486,
        0.6299999952316284,
        1.9040000438690186,
        1.906999945640564,
        1.9140000343322754,
        3.2690000534057617,
        1.9169999361038208,
        1.9200000762939453,
        1.9200000762939453,
        1.9239999055862427,
        1.9239999055862427,
        1.9239999055862427,
        1.9270000457763672,
        3.23799991607666,
        1.9270000457763672,
        1.9270000457763672,
        1.9300000667572021,
        1.9300000667572021,
        0.4729999899864197,
        1.934000015258789,
        1.934000015258789,
        1.934000015258789,
        3.2360000610351563,
        1.937000036239624,
        1.937000036239624,
        1.940000057220459,
        1.940000057220459,
        1.940000057220459,
        1.940000057220459,
        1.9429999589920044,
        3.3930001258850098,
        1.9429999589920044,
        1.9470000267028809,
        1.9470000267028809,
        1.9470000267028809,
        1.9499999284744263,
        1.9499999284744263,
        1.9499999284744263,
        1.9529999494552612,
        1.9529999494552612,
        1.9529999494552612,
        1.9529999494552612,
        1.9560000896453857,
        1.9560000896453857,
        1.9560000896453857,
        1.959999918937683,
        1.959999918937683,
        1.959999918937683,
        1.9630000591278076,
        1.9630000591278076,
        1.9630000591278076,
        1.9630000591278076,
        1.9660000801086426,
        1.9660000801086426,
        1.9660000801086426,
        1.968999981880188,
        1.968999981880188,
        1.968999981880188,
        1.9730000495910645,
        1.9730000495910645,
        1.9730000495910645,
        1.9760000705718994,
        1.9760000705718994,
        1.9760000705718994,
        1.9760000705718994,
        1.9789999723434448,
        1.9789999723434448,
        1.9789999723434448,
        1.9830000400543213,
        1.9830000400543213,
        1.9859999418258667,
        1.9859999418258667,
        1.9889999628067017,
        1.9889999628067017,
        1.9920001029968262,
        1.9920001029968262,
        1.999000072479248,
        2.002000093460083,
        2.004999876022339,
        2.0119998455047607,
        2.0119998455047607,
        2.0149998664855957,
        2.0149998664855957,
        2.0180001258850098,
        2.0180001258850098,
        2.0219998359680176,
        2.0219998359680176,
        2.0250000953674316,
        2.0280001163482666
    ],
    "Generations needed": 40,
    "Population 1": 208.7550048828125,
    "Population 10": 1911.0,
    "Population 11": 1911.0,
    "Population 12": 1911.0,
    "Population 13": 1911.0,
    "Population 14": 1961.5350341796875,
    "Population 15": 2828.14990234375,
    "Population 16": 2867.1201171875,
    "Population 17": 2870.0,
    "Population 18": 2870.0,
    "Population 19": 2870.0,
    "Population 2": 799.9749755859375,
    "Population 20": 2870.0,
    "Population 21": 2948.56005859375,
    "Population 22": 3578.1201171875,
    "Population 23": 3586.0,
    "Population 24": 3586.0,
    "Population 25": 3586.0,
    "Population 26": 3586.0,
    "Population 27": 3637.68994140625,
    "Population 28": 3951.219970703125,
    "Population 29": 3958.695068359375,
    "Population 3": 1497.3699951171875,
    "Population 30": 3959.0,
    "Population 31": 3959.0,
    "Population 32": 3959.0,
    "Population 33": 3959.0,
    "Population 34": 4000.760009765625,
    "Population 35": 4918.6201171875,
    "Population 36": 4924.0,
    "Population 37": 4924.0,
    "Population 38": 4924.0,
    "Population 39": 4924.0,
    "Population 4": 1538.0,
    "Population 40": 4978.27490234375,
    "Population 5": 1538.0,
    "Population 6": 1538.0,
    "Population 7": 1538.0,
    "Population 8": 1598.0250244140625,
    "Population 9": 1902.0999755859375,
    "start": "today"
}
