{
    "Champ at 1": 824.0,
    "Champ at 10": 1911.0,
    "Champ at 11": 1911.0,
    "Champ at 12": 1911.0,
    "Champ at 13": 1911.0,
    "Champ at 14": 2562.0,
    "Champ at 15": 2562.0,
    "Champ at 16": 2562.0,
    "Champ at 17": 2562.0,
    "Champ at 18": 2562.0,
    "Champ at 19": 2562.0,
    "Champ at 2": 1538.0,
    "Champ at 20": 2562.0,
    "Champ at 21": 2935.0,
    "Champ at 22": 2935.0,
    "Champ at 23": 2935.0,
    "Champ at 24": 2935.0,
    "Champ at 25": 2935.0,
    "Champ at 26": 2935.0,
    "Champ at 27": 3586.0,
    "Champ at 28": 3586.0,
    "Champ at 29": 3586.0,
    "Champ at 3": 1538.0,
    "Champ at 30": 3586.0,
    "Champ at 31": 3586.0,
    "Champ at 32": 3959.0,
    "Champ at 33": 3959.0,
    "Champ at 34": 3959.0,
    "Champ at 35": 3959.0,
    "Champ at 36": 3959.0,
    "Champ at 37": 3959.0,
    "Champ at 38": 4610.0,
    "Champ at 39": 4610.0,
    "Champ at 4": 1538.0,
    "Champ at 40": 4610.0,
    "Champ at 41": 4610.0,
    "Champ at 42": 4610.0,
    "Champ at 43": 4610.0,
    "Champ at 44": 4983.0,
    "Champ at 45": 4983.0,
    "Champ at 46": 4983.0,
    "Champ at 47": 4983.0,
    "Champ at 48": 4983.0,
    "Champ at 49": 4983.0,
    "Champ at 5": 1538.0,
    "Champ at 50": 5161.0,
    "Champ at 6": 1538.0,
    "Champ at 7": 1538.0,
    "Champ at 8": 1911.0,
    "Champ at 9": 1911.0,
    "ChampFitness": 5161.0,
    "ChampInputs": [
        1.8440001010894775,
        1.847000002861023,
        1.850000023841858,
        1.850000023841858,
        1.8529999256134033,
        1.8529999256134033,
        3.33408260345459,
        1.8600000143051147,
        1.8600000143051147,
        1.8629999160766602,
        1.8629999160766602,
        2.671999931335449,
        1.8700001239776611,
        1.8700001239776611,
        3.194999933242798,
        1.8760000467300415,
        1.8760000467300415,
        1.8799998760223389,
        1.8799998760223389,
        2.502000093460083,
        1.8860000371932983,
        1.8860000371932983,
        3.171999931335449,
        1.8930000066757202,
        1.8930000066757202,
        1.8960000276565552,
        1.8989999294281006,
        2.4070000648498535,
        1.9019999504089355,
        1.9019999504089355,
        3.2319998741149902,
        1.9089999198913574,
        1.9089999198913574,
        1.912000060081482,
        1.912000060081482,
        0.3959999978542328,
        1.9190000295639038,
        1.9190000295639038,
        1.9220000505447388,
        3.125,
        1.9249999523162842,
        1.9249999523162842,
        1.9290000200271606,
        1.9320000410079956,
        1.9320000410079956,
        1.934999942779541,
        1.934999942779541,
        1.937999963760376,
        1.937999963760376,
        1.941999912261963,
        1.9449999332427979,
        1.9449999332427979,
        1.9480000734329224,
        1.9480000734329224,
        1.9509999752044678,
        1.9509999752044678,
        1.9550000429153442,
        1.9550000429153442,
        1.9580000638961792,
        1.9609999656677246,
        1.9609999656677246,
        1.9639999866485596,
        1.9639999866485596,
        1.9679999351501465,
        1.9709999561309814,
        1.9709999561309814,
        1.9739999771118164,
        1.9739999771118164,
        1.9779999256134033,
        1.9779999256134033,
        1.9809999465942383,
        1.9840000867843628,
        1.9840000867843628,
        1.9869999885559082,
        1.9869999885559082,
        1.9910000562667847,
        1.9910000562667847,
        1.99399995803833,
        1.996999979019165,
        1.996999979019165,
        2.0,
        2.0,
        2.003999948501587,
        2.003999948501587,
        2.006999969482422,
        2.009999990463257,
        2.009999990463257,
        2.013000011444092,
        2.013000011444092,
        2.0169999599456787,
        2.0199999809265137,
        2.0199999809265137,
        2.0230000019073486,
        2.0230000019073486,
        2.0269999504089355,
        2.0269999504089355,
        2.0299999713897705,
        2.0329999923706055,
        2.0360000133514404,
        2.0360000133514404
    ],
    "Generations needed": 50,
    "Population 1": 202.30499267578125,
    "Population 10": 1911.0,
    "Population 11": 1911.0,
    "Population 12": 1911.0,
    "Population 13": 1911.0,
    "Population 14": 1947.7900390625,
    "Population 15": 2541.4599609375,
    "Population 16": 2560.52490234375,
    "Population 17": 2562.0,
    "Population 18": 2562.0,
    "Population 19": 2562.0,
    "Population 2": 751.1799926757813,
    "Population 20": 2562.0,
    "Population 21": 2611.8701171875,
    "Population 22": 2930.284912109375,
    "Population 23": 2935.0,
    "Population 24": 2935.0,
    "Population 25": 2935.0,
    "Population 26": 2935.0,
    "Population 27": 2971.760009765625,
    "Population 28": 3586.0,
    "Population 29": 3586.0,
    "Population 3": 1486.2449951171875,
    "Population 30": 3586.0,
    "Population 31": 3586.0,
    "Population 32": 3633.264892578125,
    "Population 33": 3954.7099609375,
    "Population 34": 3959.0,
    "Population 35": 3959.0,
    "Population 36": 3959.0,
    "Population 37": 3959.0,
    "Population 38": 3997.919921875,
    "Population 39": 4600.18017578125,
    "Population 4": 1538.0,
    "Population 40": 4610.0,
    "Population 41": 4610.0,
    "Population 42": 4610.0,
    "Population 43": 4610.0,
    "Population 44": 4679.384765625,
    "Population 45": 4979.27001953125,
    "Population 46": 4983.0,
    "Population 47": 4983.0,
    "Population 48": 4983.0,
    "Population 49": 4983.0,
    "Population 5": 1538.0,
    "Population 50": 4981.84521484375,
    "Population 6": 1538.0,
    "Population 7": 1538.0,
    "Population 8": 1593.8599853515625,
    "Population 9": 1903.2349853515625,
    "start": "today"
}
