{
    "Champ at 1": 887.0,
    "Champ at 10": 1274.0,
    "Champ at 11": 1274.0,
    "Champ at 12": 1274.0,
    "Champ at 13": 1911.0,
    "Champ at 14": 1911.0,
    "Champ at 15": 1911.0,
    "Champ at 16": 1911.0,
    "Champ at 17": 1911.0,
    "Champ at 18": 1911.0,
    "Champ at 19": 2562.0,
    "Champ at 2": 1259.0,
    "Champ at 20": 2562.0,
    "Champ at 21": 2562.0,
    "Champ at 22": 2562.0,
    "Champ at 23": 2562.0,
    "Champ at 24": 2562.0,
    "Champ at 25": 2935.0,
    "Champ at 26": 2935.0,
    "Champ at 27": 2935.0,
    "Champ at 28": 2935.0,
    "Champ at 29": 2935.0,
    "Champ at 3": 1263.0,
    "Champ at 30": 2935.0,
    "Champ at 31": 3896.0,
    "Champ at 32": 3896.0,
    "Champ at 33": 3896.0,
    "Champ at 34": 3896.0,
    "Champ at 35": 3896.0,
    "Champ at 36": 3896.0,
    "Champ at 37": 4927.0,
    "Champ at 38": 4927.0,
    "Champ at 39": 4927.0,
    "Champ at 4": 1267.0,
    "Champ at 40": 4927.0,
    "Champ at 41": 4927.0,
    "Champ at 42": 4927.0,
    "Champ at 43": 5171.0,
    "Champ at 5": 1270.0,
    "Champ at 6": 1272.0,
    "Champ at 7": 1274.0,
    "Champ at 8": 1274.0,
    "Champ at 9": 1274.0,
    "ChampFitness": 5171.0,
    "ChampInputs": [
        1.875,
        1.875,
        1.878000020980835,
        1.8809999227523804,
        1.8809999227523804,
        1.8849999904632568,
        2.87945818901062,
        1.8880000114440918,
        1.8910000324249268,
        0.9490000009536743,
        1.8940000534057617,
        1.8980000019073486,
        1.8980000019073486,
        1.9010000228881836,
        1.9010000228881836,
        3.0480000972747803,
        1.9079999923706055,
        1.9079999923706055,
        1.9110000133514404,
        1.9110000133514404,
        0.42500001192092896,
        1.9169999361038208,
        1.9169999361038208,
        1.9210000038146973,
        3.257999897003174,
        1.9239999055862427,
        1.9270000457763672,
        1.9270000457763672,
        1.9300000667572021,
        1.934000015258789,
        1.934000015258789,
        1.937000036239624,
        3.4509997367858887,
        1.940000057220459,
        1.9429999589920044,
        1.9429999589920044,
        1.9470000267028809,
        1.9499999284744263,
        1.9499999284744263,
        1.9529999494552612,
        3.4169998168945313,
        1.9570000171661377,
        1.959999918937683,
        1.959999918937683,
        1.9630000591278076,
        1.9660000801086426,
        1.9660000801086426,
        1.9700000286102295,
        1.9700000286102295,
        1.9730000495910645,
        1.9760000705718994,
        1.9760000705718994,
        1.9789999723434448,
        1.9789999723434448,
        1.9830000400543213,
        1.9859999418258667,
        1.9859999418258667,
        1.9889999628067017,
        1.9889999628067017,
        1.9920001029968262,
        1.9959999322891235,
        1.9959999322891235,
        1.999000072479248,
        2.002000093460083,
        2.002000093460083,
        2.004999876022339,
        2.004999876022339,
        2.009000062942505,
        2.0119998455047607,
        2.0119998455047607,
        2.0149998664855957,
        2.0149998664855957,
        2.0190000534057617,
        2.0219998359680176,
        2.0219998359680176,
        2.0250000953674316,
        2.0250000953674316,
        2.0280001163482666,
        2.0320000648498535,
        2.0320000648498535,
        2.0350000858306885,
        2.0350000858306885,
        2.0379998683929443,
        2.0409998893737793,
        2.0409998893737793,
        2.0450000762939453,
        2.047999858856201,
        2.047999858856201,
        2.0510001182556152,
        2.0510001182556152,
        2.05400013923645,
        2.058000087738037,
        2.058000087738037,
        2.061000108718872,
        2.061000108718872,
        2.064000129699707,
        2.068000078201294,
        2.068000078201294,
        2.071000099182129,
        2.0739998817443848
    ],
    "Generations needed": 43,
    "Population 1": 201.7899932861328,
    "Population 10": 1274.0,
    "Population 11": 1274.0,
    "Population 12": 1274.0,
    "Population 13": 1399.0150146484375,
    "Population 14": 1896.125,
    "Population 15": 1911.0,
    "Population 16": 1911.0,
    "Population 17": 1911.0,
    "Population 18": 1911.0,
    "Population 19": 1945.1099853515625,
    "Population 2": 789.739990234375,
    "Population 20": 2551.8701171875,
    "Population 21": 2562.0,
    "Population 22": 2562.0,
    "Population 23": 2562.0,
    "Population 24": 2562.0,
    "Population 25": 2600.635009765625,
    "Population 26": 2928.5400390625,
    "Population 27": 2935.0,
    "Population 28": 2935.0,
    "Population 29": 2935.0,
    "Population 3": 1227.0699462890625,
    "Population 30": 2935.0,
    "Population 31": 2965.844970703125,
    "Population 32": 3876.780029296875,
    "Population 33": 3896.0,
    "Population 34": 3896.0,
    "Population 35": 3896.0,
    "Population 36": 3896.0,
    "Population 37": 3986.72509765625,
    "Population 38": 4919.22021484375,
    "Population 39": 4927.0,
    "Population 4": 1263.050048828125,
    "Population 40": 4927.0,
    "Population 41": 4927.0,
    "Population 42": 4927.0,
    "Population 43": 4980.2099609375,
    "Population 5": 1266.9949951171875,
    "Population 6": 1269.989990234375,
    "Population 7": 1271.989990234375,
    "Population 8": 1273.97998046875,
    "Population 9": 1274.0,
    "start": "today"
}
