{
    "Champ at 1": 728.0,
    "Champ at 10": 1279.0,
    "Champ at 11": 1279.0,
    "Champ at 12": 1279.0,
    "Champ at 13": 1279.0,
    "Champ at 14": 1911.0,
    "Champ at 15": 1911.0,
    "Champ at 16": 1911.0,
    "Champ at 17": 1911.0,
    "Champ at 18": 1911.0,
    "Champ at 19": 1911.0,
    "Champ at 2": 887.0,
    "Champ at 20": 2307.0,
    "Champ at 21": 2307.0,
    "Champ at 22": 2308.0,
    "Champ at 23": 2308.0,
    "Champ at 24": 2308.0,
    "Champ at 25": 2308.0,
    "Champ at 26": 2308.0,
    "Champ at 27": 2879.0,
    "Champ at 28": 2879.0,
    "Champ at 29": 2879.0,
    "Champ at 3": 887.0,
    "Champ at 30": 2879.0,
    "Champ at 31": 2879.0,
    "Champ at 32": 2879.0,
    "Champ at 33": 3533.0,
    "Champ at 34": 3533.0,
    "Champ at 35": 3533.0,
    "Champ at 36": 3533.0,
    "Champ at 37": 3533.0,
    "Champ at 38": 3533.0,
    "Champ at 39": 3959.0,
    "Champ at 4": 887.0,
    "Champ at 40": 3959.0,
    "Champ at 41": 3959.0,
    "Champ at 42": 3959.0,
    "Champ at 43": 3959.0,
    "Champ at 44": 3959.0,
    "Champ at 45": 4356.0,
    "Champ at 46": 4356.0,
    "Champ at 47": 4356.0,
    "Champ at 48": 4356.0,
    "Champ at 49": 4356.0,
    "Champ at 5": 887.0,
    "Champ at 50": 4356.0,
    "Champ at 51": 4983.0,
    "Champ at 52": 4983.0,
    "Champ at 53": 4983.0,
    "Champ at 54": 4983.0,
    "Champ at 55": 4983.0,
    "Champ at 56": 4983.0,
    "Champ at 57": 5163.0,
    "Champ at 6": 887.0,
    "Champ at 7": 887.0,
    "Champ at 8": 1279.0,
    "Champ at 9": 1279.0,
    "ChampFitness": 5163.0,
    "ChampInputs": [
        1.784999966621399,
        1.7890000343322754,
        1.7890000343322754,
        2.4068655967712402,
        1.7919999361038208,
        1.7949999570846558,
        3.1510000228881836,
        1.7949999570846558,
        1.7980000972747803,
        3.0230000019073486,
        1.7980000972747803,
        1.8019999265670776,
        1.8019999265670776,
        1.8050000667572021,
        3.213728666305542,
        1.8050000667572021,
        1.808000087738037,
        1.0640000104904175,
        1.812000036239624,
        1.812000036239624,
        1.812000036239624,
        1.815000057220459,
        1.815000057220459,
        3.2699999809265137,
        1.8179999589920044,
        1.8179999589920044,
        1.8209999799728394,
        1.8209999799728394,
        2.7760000228881836,
        1.8250000476837158,
        1.8250000476837158,
        3.2200000286102295,
        1.8279999494552612,
        1.8309999704360962,
        0.9650000333786011,
        1.8340001106262207,
        1.8340001106262207,
        1.8340001106262207,
        1.837999939918518,
        1.837999939918518,
        3.2120001316070557,
        1.8410000801086426,
        1.8410000801086426,
        1.8440001010894775,
        1.8440001010894775,
        1.847000002861023,
        1.847000002861023,
        1.8510000705718994,
        1.8510000705718994,
        1.8510000705718994,
        1.8539999723434448,
        1.8539999723434448,
        1.8569999933242798,
        1.8569999933242798,
        1.8569999933242798,
        1.8610000610351563,
        1.8610000610351563,
        1.8639999628067017,
        1.8639999628067017,
        1.8639999628067017,
        1.8669999837875366,
        1.8669999837875366,
        1.8700001239776611,
        1.8700001239776611,
        1.8700001239776611,
        1.8739999532699585,
        1.8739999532699585,
        1.877000093460083,
        1.877000093460083,
        1.8799998760223389,
        1.8799998760223389,
        1.8830000162124634,
        1.8830000162124634,
        1.8870000839233398,
        1.8870000839233398,
        1.8899999856948853,
        1.8899999856948853,
        1.8899999856948853,
        1.8930000066757202,
        1.8930000066757202,
        1.8960000276565552,
        1.8960000276565552,
        1.8960000276565552,
        1.899999976158142,
        1.899999976158142,
        1.902999997138977,
        1.902999997138977,
        1.902999997138977,
        1.9059998989105225,
        1.9059998989105225,
        1.9089999198913574,
        1.9089999198913574,
        1.9089999198913574,
        1.9130001068115234,
        1.9130001068115234,
        1.9159998893737793,
        1.9159998893737793,
        1.9159998893737793,
        1.9190000295639038,
        1.9190000295639038
    ],
    "Generations needed": 57,
    "Population 1": 201.1999969482422,
    "Population 10": 1279.0,
    "Population 11": 1279.0,
    "Population 12": 1279.0,
    "Population 13": 1279.0,
    "Population 14": 1382.0250244140625,
    "Population 15": 1894.3050537109375,
    "Population 16": 1911.0,
    "Population 17": 1911.0,
    "Population 18": 1911.0,
    "Population 19": 1911.0,
    "Population 2": 664.8300170898438,
    "Population 20": 1948.614990234375,
    "Population 21": 2300.72998046875,
    "Population 22": 2307.0048828125,
    "Population 23": 2308.0,
    "Population 24": 2308.0,
    "Population 25": 2308.0,
    "Population 26": 2308.0,
    "Population 27": 2407.294921875,
    "Population 28": 2874.304931640625,
    "Population 29": 2879.0,
    "Population 3": 863.0050048828125,
    "Population 30": 2879.0,
    "Population 31": 2879.0,
    "Population 32": 2879.0,
    "Population 33": 2977.614990234375,
    "Population 34": 3527.02001953125,
    "Population 35": 3533.0,
    "Population 36": 3533.0,
    "Population 37": 3533.0,
    "Population 38": 3533.0,
    "Population 39": 3627.889892578125,
    "Population 4": 887.0,
    "Population 40": 3958.594970703125,
    "Population 41": 3959.0,
    "Population 42": 3959.0,
    "Population 43": 3959.0,
    "Population 44": 3959.0,
    "Population 45": 3981.56494140625,
    "Population 46": 4348.06005859375,
    "Population 47": 4356.0,
    "Population 48": 4356.0,
    "Population 49": 4356.0,
    "Population 5": 887.0,
    "Population 50": 4356.0,
    "Population 51": 4463.09521484375,
    "Population 52": 4977.6748046875,
    "Population 53": 4983.0,
    "Population 54": 4983.0,
    "Population 55": 4983.0,
    "Population 56": 4983.0,
    "Population 57": 4987.98486328125,
    "Population 6": 887.0,
    "Population 7": 887.0,
    "Population 8": 918.7150268554688,
    "Population 9": 1268.6800537109375,
    "start": "today"
}
