{
    "Champ at 1": 887.0,
    "Champ at 10": 1911.0,
    "Champ at 11": 1911.0,
    "Champ at 12": 1911.0,
    "Champ at 13": 1911.0,
    "Champ at 14": 1911.0,
    "Champ at 15": 1911.0,
    "Champ at 16": 2562.0,
    "Champ at 17": 2562.0,
    "Champ at 18": 2562.0,
    "Champ at 19": 2562.0,
    "Champ at 2": 1260.0,
    "Champ at 20": 2562.0,
    "Champ at 21": 2562.0,
    "Champ at 22": 2935.0,
    "Champ at 23": 2935.0,
    "Champ at 24": 2935.0,
    "Champ at 25": 2935.0,
    "Champ at 26": 2935.0,
    "Champ at 27": 2935.0,
    "Champ at 28": 3586.0,
    "Champ at 29": 3586.0,
    "Champ at 3": 1283.0,
    "Champ at 30": 3586.0,
    "Champ at 31": 3586.0,
    "Champ at 32": 3586.0,
    "Champ at 33": 3586.0,
    "Champ at 34": 3959.0,
    "Champ at 35": 3959.0,
    "Champ at 36": 3959.0,
    "Champ at 37": 3959.0,
    "Champ at 38": 3959.0,
    "Champ at 39": 3959.0,
    "Champ at 4": 1538.0,
    "Champ at 40": 4610.0,
    "Champ at 41": 4610.0,
    "Champ at 42": 4610.0,
    "Champ at 43": 4610.0,
    "Champ at 44": 4610.0,
    "Champ at 45": 4610.0,
    "Champ at 46": 4983.0,
    "Champ at 47": 4983.0,
    "Champ at 48": 4983.0,
    "Champ at 49": 4983.0,
    "Champ at 5": 1538.0,
    "Champ at 50": 4983.0,
    "Champ at 51": 4983.0,
    "Champ at 52": 5166.0,
    "Champ at 6": 1538.0,
    "Champ at 7": 1538.0,
    "Champ at 8": 1538.0,
    "Champ at 9": 1538.0,
    "ChampFitness": 5166.0,
    "ChampInputs": [
        1.8709999322891235,
        1.8709999322891235,
        1.8709999322891235,
        1.8709999322891235,
        1.875,
        1.875,
        3.2657599449157715,
        1.878000020980835,
        1.878000020980835,
        1.878000020980835,
        1.8809999227523804,
        2.5769999027252197,
        1.8809999227523804,
        1.8840000629425049,
        3.1670000553131104,
        1.8840000629425049,
        1.8840000629425049,
        1.8880000114440918,
        1.8880000114440918,
        0.5669999718666077,
        1.8910000324249268,
        1.8910000324249268,
        1.8910000324249268,
        3.0970001220703125,
        1.8940000534057617,
        1.8940000534057617,
        1.8970000743865967,
        1.8970000743865967,
        2.3999998569488525,
        1.8970000743865967,
        1.9010000228881836,
        3.072999954223633,
        1.9010000228881836,
        1.9040000438690186,
        1.9040000438690186,
        1.9040000438690186,
        2.4679999351501465,
        1.906999945640564,
        1.906999945640564,
        3.307000160217285,
        1.909999966621399,
        1.909999966621399,
        1.909999966621399,
        1.9140000343322754,
        1.9140000343322754,
        1.9140000343322754,
        1.9169999361038208,
        1.9169999361038208,
        1.9169999361038208,
        1.9200000762939453,
        1.9200000762939453,
        1.9200000762939453,
        1.9200000762939453,
        1.9239999055862427,
        1.9239999055862427,
        1.9239999055862427,
        1.9270000457763672,
        1.9270000457763672,
        1.9270000457763672,
        1.9300000667572021,
        1.9300000667572021,
        1.9300000667572021,
        1.9329999685287476,
        1.9329999685287476,
        1.9329999685287476,
        1.9329999685287476,
        1.937000036239624,
        1.937000036239624,
        1.937000036239624,
        1.940000057220459,
        1.940000057220459,
        1.940000057220459,
        1.9429999589920044,
        1.9429999589920044,
        1.9429999589920044,
        1.9429999589920044,
        1.9459999799728394,
        1.9459999799728394,
        1.9459999799728394,
        1.9499999284744263,
        1.9499999284744263,
        1.9499999284744263,
        1.9529999494552612,
        1.9529999494552612,
        1.9529999494552612,
        1.9560000896453857,
        1.9560000896453857,
        1.9560000896453857,
        1.9560000896453857,
        1.9589998722076416,
        1.9589998722076416,
        1.9589998722076416,
        1.9630000591278076,
        1.9630000591278076,
        1.9630000591278076,
        1.9660000801086426,
        1.9660000801086426,
        1.9660000801086426,
        1.9660000801086426,
        1.968999981880188
    ],
    "Generations needed": 52,
    "Population 1": 197.53500366210938,
    "Population 10": 1571.1600341796875,
    "Population 11": 1902.18994140625,
    "Population 12": 1911.0,
    "Population 13": 1911.0,
    "Population 14": 1911.0,
    "Population 15": 1911.0,
    "Population 16": 1932.06494140625,
    "Population 17": 2554.139892578125,
    "Population 18": 2562.0,
    "Population 19": 2562.0,
    "Population 2": 760.6849975585938,
    "Population 20": 2562.0,
    "Population 21": 2562.0,
    "Population 22": 2620.7451171875,
    "Population 23": 2929.8701171875,
    "Population 24": 2935.0,
    "Population 25": 2935.0,
    "Population 26": 2935.0,
    "Population 27": 2935.0,
    "Population 28": 2974.14501953125,
    "Population 29": 3579.489990234375,
    "Population 3": 1241.68994140625,
    "Population 30": 3586.0,
    "Population 31": 3586.0,
    "Population 32": 3586.0,
    "Population 33": 3586.0,
    "Population 34": 3624.840087890625,
    "Population 35": 3956.675048828125,
    "Population 36": 3959.0,
    "Population 37": 3959.0,
    "Population 38": 3959.0,
    "Population 39": 3959.0,
    "Population 4": 1283.324951171875,
    "Population 40": 4002.969970703125,
    "Population 41": 4596.52978515625,
    "Population 42": 4610.0,
    "Population 43": 4610.0,
    "Population 44": 4610.0,
    "Population 45": 4610.0,
    "Population 46": 4650.31494140625,
    "Population 47": 4981.56005859375,
    "Population 48": 4983.0,
    "Population 49": 4983.0,
    "Population 5": 1521.7249755859375,
    "Population 50": 4983.0,
    "Population 51": 4983.0,
    "Population 52": 4991.8251953125,
    "Population 6": 1538.0,
    "Population 7": 1538.0,
    "Population 8": 1538.0,
    "Population 9": 1538.0,
    "start": "today"
}
