{
    "Champ at 1": 887.0,
    "Champ at 10": 1911.0,
    "Champ at 11": 1911.0,
    "Champ at 12": 1911.0,
    "Champ at 13": 1911.0,
    "Champ at 14": 1911.0,
    "Champ at 15": 2863.0,
    "Champ at 16": 2863.0,
    "Champ at 17": 2863.0,
    "Champ at 18": 2863.0,
    "Champ at 19": 2863.0,
    "Champ at 2": 1538.0,
    "Champ at 20": 2863.0,
    "Champ at 21": 3586.0,
    "Champ at 22": 3586.0,
    "Champ at 23": 3586.0,
    "Champ at 24": 3586.0,
    "Champ at 25": 3586.0,
    "Champ at 26": 3586.0,
    "Champ at 27": 3959.0,
    "Champ at 28": 3959.0,
    "Champ at 29": 3959.0,
    "Champ at 3": 1538.0,
    "Champ at 30": 3959.0,
    "Champ at 31": 3959.0,
    "Champ at 32": 3959.0,
    "Champ at 33": 4916.0,
    "Champ at 34": 4916.0,
    "Champ at 35": 4916.0,
    "Champ at 36": 4916.0,
    "Champ at 37": 4916.0,
    "Champ at 38": 4916.0,
    "Champ at 39": 5165.0,
    "Champ at 4": 1538.0,
    "Champ at 5": 1538.0,
    "Champ at 6": 1538.0,
    "Champ at 7": 1538.0,
    "Champ at 8": 1911.0,
    "Champ at 9": 1911.0,
    "ChampFitness": 5165.0,
    "ChampInputs": [
        1.8880000114440918,
        1.8910000324249268,
        1.8910000324249268,
        1.8910000324249268,
        1.8940000534057617,
        1.8940000534057617,
        1.8940000534057617,
        1.15126633644104,
        1.8980000019073486,
        1.9010000228881836,
        1.9010000228881836,
        1.9010000228881836,
        0.5720000267028809,
        1.9040000438690186,
        1.9040000438690186,
        1.9040000438690186,
        3.2229998111724854,
        1.906999945640564,
        1.906999945640564,
        1.9110000133514404,
        1.9110000133514404,
        1.9110000133514404,
        1.9140000343322754,
        1.9140000343322754,
        3.50600004196167,
        1.9140000343322754,
        1.9169999361038208,
        1.9169999361038208,
        1.9169999361038208,
        2.3350000381469727,
        1.9200000762939453,
        1.9200000762939453,
        3.2039999961853027,
        1.9239999055862427,
        1.9239999055862427,
        1.9270000457763672,
        1.9270000457763672,
        1.9270000457763672,
        1.9270000457763672,
        1.9300000667572021,
        3.5159997940063477,
        1.9300000667572021,
        1.934000015258789,
        1.934000015258789,
        1.934000015258789,
        1.937000036239624,
        1.937000036239624,
        1.937000036239624,
        1.937000036239624,
        1.940000057220459,
        1.940000057220459,
        1.940000057220459,
        1.9429999589920044,
        1.9429999589920044,
        1.9429999589920044,
        1.9470000267028809,
        1.9470000267028809,
        1.9470000267028809,
        1.9499999284744263,
        1.9499999284744263,
        1.9499999284744263,
        1.9499999284744263,
        1.9529999494552612,
        1.9529999494552612,
        1.9529999494552612,
        1.9560000896453857,
        1.9560000896453857,
        1.9560000896453857,
        1.959999918937683,
        1.959999918937683,
        1.959999918937683,
        1.9630000591278076,
        1.9630000591278076,
        1.9630000591278076,
        1.9630000591278076,
        1.9660000801086426,
        1.9660000801086426,
        1.9660000801086426,
        1.968999981880188,
        1.968999981880188,
        1.968999981880188,
        1.9730000495910645,
        1.9730000495910645,
        1.9730000495910645,
        1.9760000705718994,
        1.9760000705718994,
        1.9760000705718994,
        1.9760000705718994,
        1.9789999723434448,
        1.9789999723434448,
        1.9789999723434448,
        1.9819999933242798,
        1.9819999933242798,
        1.9819999933242798,
        1.9859999418258667,
        1.9859999418258667,
        1.9859999418258667,
        1.9889999628067017,
        1.9889999628067017,
        1.9889999628067017
    ],
    "Generations needed": 39,
    "Population 1": 200.0500030517578,
    "Population 10": 1910.64501953125,
    "Population 11": 1911.0,
    "Population 12": 1911.0,
    "Population 13": 1911.0,
    "Population 14": 1911.0,
    "Population 15": 1953.6600341796875,
    "Population 16": 2853.47998046875,
    "Population 17": 2863.0,
    "Population 18": 2863.0,
    "Population 19": 2863.0,
    "Population 2": 798.2249755859375,
    "Population 20": 2863.0,
    "Population 21": 2950.294921875,
    "Population 22": 3575.705078125,
    "Population 23": 3586.0,
    "Population 24": 3586.0,
    "Population 25": 3586.0,
    "Population 26": 3586.0,
    "Population 27": 3636.64990234375,
    "Population 28": 3957.135009765625,
    "Population 29": 3959.0,
    "Population 3": 1498.5050048828125,
    "Population 30": 3959.0,
    "Population 31": 3959.0,
    "Population 32": 3959.0,
    "Population 33": 3989.304931640625,
    "Population 34": 4899.2451171875,
    "Population 35": 4916.0,
    "Population 36": 4916.0,
    "Population 37": 4916.0,
    "Population 38": 4916.0,
    "Population 39": 4977.5,
    "Population 4": 1538.0,
    "Population 5": 1538.0,
    "Population 6": 1538.0,
    "Population 7": 1538.0,
    "Population 8": 1584.4300537109375,
    "Population 9": 1901.324951171875,
    "start": "today"
}
