{
    "Champ at 1": 887.0,
    "Champ at 10": 1911.0,
    "Champ at 11": 1911.0,
    "Champ at 12": 1911.0,
    "Champ at 13": 1911.0,
    "Champ at 14": 2562.0,
    "Champ at 15": 2562.0,
    "Champ at 16": 2562.0,
    "Champ at 17": 2562.0,
    "Champ at 18": 2562.0,
    "Champ at 19": 2562.0,
    "Champ at 2": 1538.0,
    "Champ at 20": 2935.0,
    "Champ at 21": 2935.0,
    "Champ at 22": 2935.0,
    "Champ at 23": 2935.0,
    "Champ at 24": 2935.0,
    "Champ at 25": 2935.0,
    "Champ at 26": 2935.0,
    "Champ at 27": 3586.0,
    "Champ at 28": 3586.0,
    "Champ at 29": 3586.0,
    "Champ at 3": 1538.0,
    "Champ at 30": 3586.0,
    "Champ at 31": 3586.0,
    "Champ at 32": 3586.0,
    "Champ at 33": 3959.0,
    "Champ at 34": 3959.0,
    "Champ at 35": 3959.0,
    "Champ at 36": 3959.0,
    "Champ at 37": 3959.0,
    "Champ at 38": 3959.0,
    "Champ at 39": 4914.0,
    "Champ at 4": 1538.0,
    "Champ at 40": 4914.0,
    "Champ at 41": 4914.0,
    "Champ at 42": 4914.0,
    "Champ at 43": 4914.0,
    "Champ at 44": 4914.0,
    "Champ at 45": 5162.0,
    "Champ at 5": 1538.0,
    "Champ at 6": 1538.0,
    "Champ at 7": 1538.0,
    "Champ at 8": 1911.0,
    "Champ at 9": 1911.0,
    "ChampFitness": 5162.0,
    "ChampInputs": [
        1.8709999322891235,
        1.8739999532699585,
        1.8739999532699585,
        1.8739999532699585,
        1.877000093460083,
        1.877000093460083,
        1.8809999227523804,
        1.3996496200561523,
        1.8809999227523804,
        1.8840000629425049,
        1.8840000629425049,
        1.8870000839233398,
        2.493000030517578,
        1.8870000839233398,
        1.8910000324249268,
        3.0809998512268066,
        1.8940000534057617,
        1.8940000534057617,
        1.8940000534057617,
        1.8970000743865967,
        0.5419999957084656,
        1.899999976158142,
        1.899999976158142,
        1.899999976158142,
        3.046999931335449,
        1.9040000438690186,
        1.906999945640564,
        1.906999945640564,
        1.906999945640564,
        2.500999927520752,
        1.909999966621399,
        1.909999966621399,
        3.2229998111724854,
        1.9130001068115234,
        1.9169999361038208,
        1.9169999361038208,
        1.9169999361038208,
        1.9200000762939453,
        1.9200000762939453,
        1.9230000972747803,
        3.494999885559082,
        1.9230000972747803,
        1.9259999990463257,
        1.9259999990463257,
        1.9300000667572021,
        1.9300000667572021,
        1.9300000667572021,
        1.9329999685287476,
        1.9329999685287476,
        1.9359999895095825,
        1.9359999895095825,
        1.9359999895095825,
        1.9390000104904175,
        1.9390000104904175,
        1.9390000104904175,
        1.9429999589920044,
        1.9429999589920044,
        1.9459999799728394,
        1.9459999799728394,
        1.9459999799728394,
        1.9490001201629639,
        1.9490001201629639,
        1.9529999494552612,
        1.9529999494552612,
        1.9529999494552612,
        1.9560000896453857,
        1.9560000896453857,
        1.9589998722076416,
        1.9589998722076416,
        1.9589998722076416,
        1.9620000123977661,
        1.9620000123977661,
        1.9660000801086426,
        1.9660000801086426,
        1.9660000801086426,
        1.968999981880188,
        1.968999981880188,
        1.968999981880188,
        1.972000002861023,
        1.972000002861023,
        1.975000023841858,
        1.975000023841858,
        1.975000023841858,
        1.9789999723434448,
        1.9789999723434448,
        1.9819999933242798,
        1.9819999933242798,
        1.9819999933242798,
        1.9850001335144043,
        1.9850001335144043,
        1.9850001335144043,
        1.9879999160766602,
        1.9879999160766602,
        1.9920001029968262,
        1.9920001029968262,
        1.9920001029968262,
        1.994999885559082,
        1.994999885559082,
        1.9980000257492065,
        1.9980000257492065
    ],
    "Generations needed": 45,
    "Population 1": 200.7449951171875,
    "Population 10": 1911.0,
    "Population 11": 1911.0,
    "Population 12": 1911.0,
    "Population 13": 1911.0,
    "Population 14": 1940.02001953125,
    "Population 15": 2550.800048828125,
    "Population 16": 2562.0,
    "Population 17": 2562.0,
    "Population 18": 2562.0,
    "Population 19": 2562.0,
    "Population 2": 804.4849853515625,
    "Population 20": 2604.125,
    "Population 21": 2931.27001953125,
    "Population 22": 2933.135009765625,
    "Population 23": 2935.0,
    "Population 24": 2935.0,
    "Population 25": 2935.0,
    "Population 26": 2935.0,
    "Population 27": 2969.514892578125,
    "Population 28": 3574.6201171875,
    "Population 29": 3586.0,
    "Population 3": 1507.1500244140625,
    "Population 30": 3586.0,
    "Population 31": 3586.0,
    "Population 32": 3586.0,
    "Population 33": 3626.905029296875,
    "Population 34": 3952.8798828125,
    "Population 35": 3959.0,
    "Population 36": 3959.0,
    "Population 37": 3959.0,
    "Population 38": 3959.0,
    "Population 39": 3998.889892578125,
    "Population 4": 1538.0,
    "Population 40": 4893.97021484375,
    "Population 41": 4914.0,
    "Population 42": 4914.0,
    "Population 43": 4914.0,
    "Population 44": 4914.0,
    "Population 45": 4972.3251953125,
    "Population 5": 1538.0,
    "Population 6": 1538.0,
    "Population 7": 1538.0,
    "Population 8": 1600.4150390625,
    "Population 9": 1900.2650146484375,
    "start": "today"
}
