{
    "Champ at 1": 887.0,
    "Champ at 10": 1276.0,
    "Champ at 11": 1911.0,
    "Champ at 12": 1911.0,
    "Champ at 13": 1911.0,
    "Champ at 14": 1911.0,
    "Champ at 15": 1911.0,
    "Champ at 16": 1911.0,
    "Champ at 17": 2562.0,
    "Champ at 18": 2562.0,
    "Champ at 19": 2562.0,
    "Champ at 2": 1270.0,
    "Champ at 20": 2562.0,
    "Champ at 21": 2562.0,
    "Champ at 22": 2562.0,
    "Champ at 23": 2935.0,
    "Champ at 24": 2935.0,
    "Champ at 25": 2935.0,
    "Champ at 26": 2935.0,
    "Champ at 27": 2935.0,
    "Champ at 28": 2935.0,
    "Champ at 29": 3586.0,
    "Champ at 3": 1273.0,
    "Champ at 30": 3586.0,
    "Champ at 31": 3586.0,
    "Champ at 32": 3586.0,
    "Champ at 33": 3586.0,
    "Champ at 34": 3959.0,
    "Champ at 35": 3959.0,
    "Champ at 36": 3959.0,
    "Champ at 37": 3959.0,
    "Champ at 38": 3959.0,
    "Champ at 39": 3959.0,
    "Champ at 4": 1275.0,
    "Champ at 40": 3959.0,
    "Champ at 41": 4919.0,
    "Champ at 42": 4919.0,
    "Champ at 43": 4919.0,
    "Champ at 44": 4919.0,
    "Champ at 45": 4919.0,
    "Champ at 46": 4919.0,
    "Champ at 47": 5163.0,
    "Champ at 5": 1276.0,
    "Champ at 6": 1276.0,
    "Champ at 7": 1276.0,
    "Champ at 8": 1276.0,
    "Champ at 9": 1276.0,
    "ChampFitness": 5163.0,
    "ChampInputs": [
        1.8799998760223389,
        1.974630355834961,
        1.8799998760223389,
        1.8830000162124634,
        1.8830000162124634,
        1.8870000839233398,
        2.816361665725708,
        1.8870000839233398,
        1.8899999856948853,
        2.7170000076293945,
        1.8930000066757202,
        1.8930000066757202,
        1.8930000066757202,
        1.8960000276565552,
        3.2679998874664307,
        1.899999976158142,
        1.899999976158142,
        1.899999976158142,
        1.902999997138977,
        0.3190000057220459,
        1.9059998989105225,
        1.9059998989105225,
        1.9059998989105225,
        3.1999998092651367,
        1.9089999198913574,
        1.9089999198913574,
        1.9130001068115234,
        1.9130001068115234,
        2.378000020980835,
        1.9159998893737793,
        1.9159998893737793,
        3.305999994277954,
        1.9190000295639038,
        1.9220000505447388,
        1.9220000505447388,
        1.9220000505447388,
        1.9259999990463257,
        1.9259999990463257,
        1.9290000200271606,
        3.4179999828338623,
        1.9290000200271606,
        1.9320000410079956,
        1.9320000410079956,
        1.9320000410079956,
        1.9359999895095825,
        1.9359999895095825,
        1.9390000104904175,
        1.9390000104904175,
        1.9390000104904175,
        1.941999912261963,
        1.941999912261963,
        1.9449999332427979,
        1.9449999332427979,
        1.9449999332427979,
        1.9490001201629639,
        1.9490001201629639,
        1.9490001201629639,
        1.9519999027252197,
        1.9519999027252197,
        1.9550000429153442,
        1.9550000429153442,
        1.9550000429153442,
        1.9580000638961792,
        1.9580000638961792,
        1.9620000123977661,
        1.9620000123977661,
        1.9620000123977661,
        1.965000033378601,
        1.965000033378601,
        1.9679999351501465,
        1.9679999351501465,
        1.9679999351501465,
        1.9709999561309814,
        1.9709999561309814,
        1.9709999561309814,
        1.975000023841858,
        1.975000023841858,
        1.9779999256134033,
        1.9779999256134033,
        1.9779999256134033,
        1.9809999465942383,
        1.9809999465942383,
        1.9850001335144043,
        1.9850001335144043,
        1.9850001335144043,
        1.9879999160766602,
        1.9879999160766602,
        1.9910000562667847,
        1.9910000562667847,
        1.9910000562667847,
        1.99399995803833,
        1.99399995803833,
        1.99399995803833,
        1.9980000257492065,
        1.9980000257492065,
        2.000999927520752,
        2.000999927520752,
        2.000999927520752,
        2.003999948501587,
        2.003999948501587
    ],
    "Generations needed": 47,
    "Population 1": 197.51499938964844,
    "Population 10": 1276.0,
    "Population 11": 1376.155029296875,
    "Population 12": 1903.8399658203125,
    "Population 13": 1911.0,
    "Population 14": 1911.0,
    "Population 15": 1911.0,
    "Population 16": 1911.0,
    "Population 17": 1941.0799560546875,
    "Population 18": 2551.7900390625,
    "Population 19": 2562.0,
    "Population 2": 800.2750244140625,
    "Population 20": 2562.0,
    "Population 21": 2562.0,
    "Population 22": 2562.0,
    "Population 23": 2619.85498046875,
    "Population 24": 2932.77001953125,
    "Population 25": 2935.0,
    "Population 26": 2935.0,
    "Population 27": 2935.0,
    "Population 28": 2935.0,
    "Population 29": 2966.205078125,
    "Population 3": 1242.324951171875,
    "Population 30": 3586.0,
    "Population 31": 3586.0,
    "Population 32": 3586.0,
    "Population 33": 3586.0,
    "Population 34": 3633.52490234375,
    "Population 35": 3951.344970703125,
    "Population 36": 3957.56005859375,
    "Population 37": 3959.0,
    "Population 38": 3959.0,
    "Population 39": 3959.0,
    "Population 4": 1273.030029296875,
    "Population 40": 3959.0,
    "Population 41": 4008.554931640625,
    "Population 42": 4914.2001953125,
    "Population 43": 4919.0,
    "Population 44": 4919.0,
    "Population 45": 4919.0,
    "Population 46": 4919.0,
    "Population 47": 4984.75,
    "Population 5": 1274.9849853515625,
    "Population 6": 1267.2049560546875,
    "Population 7": 1276.0,
    "Population 8": 1276.0,
    "Population 9": 1276.0,
    "start": "today"
}
