{
    "Champ at 1": 806.0,
    "Champ at 10": 1485.0,
    "Champ at 11": 1911.0,
    "Champ at 12": 1911.0,
    "Champ at 13": 1911.0,
    "Champ at 14": 1911.0,
    "Champ at 15": 1911.0,
    "Champ at 16": 1911.0,
    "Champ at 17": 2562.0,
    "Champ at 18": 2562.0,
    "Champ at 19": 2562.0,
    "Champ at 2": 1266.0,
    "Champ at 20": 2562.0,
    "Champ at 21": 2562.0,
    "Champ at 22": 2562.0,
    "Champ at 23": 2935.0,
    "Champ at 24": 2935.0,
    "Champ at 25": 2935.0,
    "Champ at 26": 2935.0,
    "Champ at 27": 2935.0,
    "Champ at 28": 2935.0,
    "Champ at 29": 3586.0,
    "Champ at 3": 1280.0,
    "Champ at 30": 3586.0,
    "Champ at 31": 3586.0,
    "Champ at 32": 3586.0,
    "Champ at 33": 3586.0,
    "Champ at 34": 3586.0,
    "Champ at 35": 3959.0,
    "Champ at 36": 3959.0,
    "Champ at 37": 3959.0,
    "Champ at 38": 3959.0,
    "Champ at 39": 3959.0,
    "Champ at 4": 1284.0,
    "Champ at 40": 3959.0,
    "Champ at 41": 4610.0,
    "Champ at 42": 4610.0,
    "Champ at 43": 4610.0,
    "Champ at 44": 4610.0,
    "Champ at 45": 4610.0,
    "Champ at 46": 4610.0,
    "Champ at 47": 4983.0,
    "Champ at 48": 4983.0,
    "Champ at 49": 4983.0,
    "Champ at 5": 1485.0,
    "Champ at 50": 4983.0,
    "Champ at 51": 4983.0,
    "Champ at 52": 4983.0,
    "Champ at 53": 5175.0,
    "Champ at 6": 1485.0,
    "Champ at 7": 1485.0,
    "Champ at 8": 1485.0,
    "Champ at 9": 1485.0,
    "ChampFitness": 5175.0,
    "ChampInputs": [
        1.805999994277954,
        1.809999942779541,
        1.809999942779541,
        1.812999963760376,
        1.812999963760376,
        1.815999984741211,
        3.711245536804199,
        1.8199999332427979,
        1.8229999542236328,
        1.8229999542236328,
        1.8260000944137573,
        2.8510000705718994,
        1.8289999961853027,
        1.8330000638961792,
        3.172999858856201,
        1.8359999656677246,
        1.8389999866485596,
        1.8389999866485596,
        1.8420000076293945,
        2.690000057220459,
        1.8459999561309814,
        1.8489999771118164,
        3.1700000762939453,
        1.8519999980926514,
        1.8519999980926514,
        1.8550000190734863,
        1.8589999675750732,
        2.682000160217285,
        1.8619999885559082,
        1.8650000095367432,
        3.2170000076293945,
        1.8680000305175781,
        1.871999979019165,
        1.871999979019165,
        1.875,
        2.4670000076293945,
        1.878000020980835,
        1.878000020980835,
        3.305000066757202,
        2.0350000858306885,
        2.0379998683929443,
        2.0379998683929443,
        2.0420000553131104,
        2.0450000762939453,
        2.0450000762939453,
        2.047999858856201,
        2.047999858856201,
        2.0510001182556152,
        2.0510001182556152,
        2.055000066757202,
        2.055000066757202,
        2.058000087738037,
        2.058000087738037,
        2.061000108718872,
        2.061000108718872,
        2.064000129699707,
        2.068000078201294,
        2.068000078201294,
        2.071000099182129,
        2.071000099182129,
        2.0739998817443848,
        2.0739998817443848,
        2.0769999027252197,
        2.0769999027252197,
        2.0810000896453857,
        2.0810000896453857,
        2.0839998722076416,
        2.0839998722076416,
        2.0869998931884766,
        2.0869998931884766,
        2.0909998416900635,
        2.0939998626708984,
        2.0939998626708984,
        2.0939998626708984,
        2.0970001220703125,
        2.0999999046325684,
        2.0999999046325684,
        2.1040000915527344,
        2.1040000915527344,
        2.1070001125335693,
        2.1070001125335693,
        2.109999895095825,
        2.11299991607666,
        2.11299991607666,
        2.117000102996826,
        2.119999885559082,
        2.119999885559082,
        2.123000144958496,
        2.123000144958496,
        2.125999927520752,
        2.130000114440918,
        2.130000114440918,
        2.130000114440918,
        2.133000135421753,
        2.135999917984009,
        2.135999917984009,
        2.140000104904175,
        2.1430001258850098,
        2.1430001258850098,
        2.1459999084472656
    ],
    "Generations needed": 53,
    "Population 1": 193.7550048828125,
    "Population 10": 1485.0,
    "Population 11": 1577.969970703125,
    "Population 12": 1902.75,
    "Population 13": 1911.0,
    "Population 14": 1911.0,
    "Population 15": 1911.0,
    "Population 16": 1911.0,
    "Population 17": 1945.1199951171875,
    "Population 18": 2550.945068359375,
    "Population 19": 2562.0,
    "Population 2": 749.0250244140625,
    "Population 20": 2562.0,
    "Population 21": 2562.0,
    "Population 22": 2562.0,
    "Population 23": 2586.304931640625,
    "Population 24": 2927.735107421875,
    "Population 25": 2935.0,
    "Population 26": 2935.0,
    "Population 27": 2935.0,
    "Population 28": 2935.0,
    "Population 29": 2952.804931640625,
    "Population 3": 1246.9200439453125,
    "Population 30": 3571.4951171875,
    "Population 31": 3586.0,
    "Population 32": 3586.0,
    "Population 33": 3586.0,
    "Population 34": 3586.0,
    "Population 35": 3614.594970703125,
    "Population 36": 3954.330078125,
    "Population 37": 3959.0,
    "Population 38": 3959.0,
    "Population 39": 3959.0,
    "Population 4": 1273.18505859375,
    "Population 40": 3959.0,
    "Population 41": 3997.445068359375,
    "Population 42": 4600.23486328125,
    "Population 43": 4610.0,
    "Population 44": 4610.0,
    "Population 45": 4610.0,
    "Population 46": 4610.0,
    "Population 47": 4672.490234375,
    "Population 48": 4978.2548828125,
    "Population 49": 4983.0,
    "Population 5": 1282.9300537109375,
    "Population 50": 4983.0,
    "Population 51": 4983.0,
    "Population 52": 4983.0,
    "Population 53": 5001.384765625,
    "Population 6": 1477.9949951171875,
    "Population 7": 1485.0,
    "Population 8": 1485.0,
    "Population 9": 1485.0,
    "start": "today"
}
