{
    "Champ at 1": 887.0,
    "Champ at 10": 1911.0,
    "Champ at 11": 1911.0,
    "Champ at 12": 1911.0,
    "Champ at 13": 1911.0,
    "Champ at 14": 1911.0,
    "Champ at 15": 1911.0,
    "Champ at 16": 2562.0,
    "Champ at 17": 2562.0,
    "Champ at 18": 2562.0,
    "Champ at 19": 2562.0,
    "Champ at 2": 1262.0,
    "Champ at 20": 2562.0,
    "Champ at 21": 2562.0,
    "Champ at 22": 2935.0,
    "Champ at 23": 2935.0,
    "Champ at 24": 2935.0,
    "Champ at 25": 2935.0,
    "Champ at 26": 2935.0,
    "Champ at 27": 2935.0,
    "Champ at 28": 3586.0,
    "Champ at 29": 3586.0,
    "Champ at 3": 1285.0,
    "Champ at 30": 3586.0,
    "Champ at 31": 3586.0,
    "Champ at 32": 3586.0,
    "Champ at 33": 3586.0,
    "Champ at 34": 3959.0,
    "Champ at 35": 3959.0,
    "Champ at 36": 3959.0,
    "Champ at 37": 3959.0,
    "Champ at 38": 3959.0,
    "Champ at 39": 3959.0,
    "Champ at 4": 1538.0,
    "Champ at 40": 4910.0,
    "Champ at 41": 4910.0,
    "Champ at 42": 4910.0,
    "Champ at 43": 4910.0,
    "Champ at 44": 4910.0,
    "Champ at 45": 4910.0,
    "Champ at 46": 5168.0,
    "Champ at 5": 1538.0,
    "Champ at 6": 1538.0,
    "Champ at 7": 1538.0,
    "Champ at 8": 1538.0,
    "Champ at 9": 1538.0,
    "ChampFitness": 5168.0,
    "ChampInputs": [
        1.8680000305175781,
        1.8680000305175781,
        1.8680000305175781,
        1.871999979019165,
        1.871999979019165,
        1.871999979019165,
        1.875,
        1.380405306816101,
        1.875,
        1.878000020980835,
        1.878000020980835,
        1.878000020980835,
        0.6310000419616699,
        1.8809999227523804,
        1.8809999227523804,
        1.8809999227523804,
        3.118000030517578,
        1.8849999904632568,
        1.8849999904632568,
        1.8880000114440918,
        1.8880000114440918,
        0.5680000185966492,
        1.8910000324249268,
        1.8910000324249268,
        1.8910000324249268,
        3.2719998359680176,
        1.8940000534057617,
        1.8940000534057617,
        1.8940000534057617,
        1.8980000019073486,
        0.4390000104904175,
        1.8980000019073486,
        1.9010000228881836,
        1.9010000228881836,
        3.328000068664551,
        1.9040000438690186,
        1.9040000438690186,
        1.9040000438690186,
        1.9040000438690186,
        1.906999945640564,
        1.906999945640564,
        1.906999945640564,
        3.6539998054504395,
        1.9110000133514404,
        1.9110000133514404,
        1.9140000343322754,
        1.9140000343322754,
        1.9140000343322754,
        1.9140000343322754,
        1.9169999361038208,
        1.9169999361038208,
        1.9169999361038208,
        1.9210000038146973,
        1.9210000038146973,
        1.9210000038146973,
        1.9239999055862427,
        1.9239999055862427,
        1.9239999055862427,
        1.9270000457763672,
        1.9270000457763672,
        1.9270000457763672,
        1.9270000457763672,
        1.9300000667572021,
        1.9300000667572021,
        1.9300000667572021,
        1.934000015258789,
        1.934000015258789,
        1.934000015258789,
        1.937000036239624,
        1.937000036239624,
        1.937000036239624,
        1.937000036239624,
        1.940000057220459,
        1.940000057220459,
        1.940000057220459,
        1.9429999589920044,
        1.9429999589920044,
        1.9429999589920044,
        1.9470000267028809,
        1.9470000267028809,
        1.9470000267028809,
        1.9470000267028809,
        1.9499999284744263,
        1.9499999284744263,
        1.9499999284744263,
        1.9529999494552612,
        1.9529999494552612,
        1.9529999494552612,
        1.9560000896453857,
        1.9560000896453857,
        1.9560000896453857,
        1.959999918937683,
        1.959999918937683,
        1.959999918937683,
        1.959999918937683,
        1.9630000591278076,
        1.9630000591278076,
        1.9630000591278076,
        1.9660000801086426,
        1.9660000801086426
    ],
    "Generations needed": 46,
    "Population 1": 198.2899932861328,
    "Population 10": 1599.89501953125,
    "Population 11": 1893.10498046875,
    "Population 12": 1911.0,
    "Population 13": 1911.0,
    "Population 14": 1911.0,
    "Population 15": 1911.0,
    "Population 16": 1961.9849853515625,
    "Population 17": 2553.760009765625,
    "Population 18": 2562.0,
    "Population 19": 2562.0,
    "Population 2": 810.4249877929688,
    "Population 20": 2562.0,
    "Population 21": 2562.0,
    "Population 22": 2610.969970703125,
    "Population 23": 2931.27001953125,
    "Population 24": 2935.0,
    "Population 25": 2935.0,
    "Population 26": 2935.0,
    "Population 27": 2935.0,
    "Population 28": 2970.489990234375,
    "Population 29": 3568.81494140625,
    "Population 3": 1240.324951171875,
    "Population 30": 3586.0,
    "Population 31": 3586.0,
    "Population 32": 3586.0,
    "Population 33": 3586.0,
    "Population 34": 3630.179931640625,
    "Population 35": 3956.6650390625,
    "Population 36": 3959.0,
    "Population 37": 3959.0,
    "Population 38": 3959.0,
    "Population 39": 3959.0,
    "Population 4": 1284.68505859375,
    "Population 40": 4004.044921875,
    "Population 41": 4897.68017578125,
    "Population 42": 4910.0,
    "Population 43": 4910.0,
    "Population 44": 4910.0,
    "Population 45": 4910.0,
    "Population 46": 4973.22998046875,
    "Population 5": 1530.2249755859375,
    "Population 6": 1538.0,
    "Population 7": 1538.0,
    "Population 8": 1538.0,
    "Population 9": 1538.0,
    "start": "today"
}
