{
    "Champ at 1": 819.0,
    "Champ at 10": 1911.0,
    "Champ at 11": 1911.0,
    "Champ at 12": 1911.0,
    "Champ at 13": 1911.0,
    "Champ at 14": 1911.0,
    "Champ at 15": 1911.0,
    "Champ at 16": 1911.0,
    "Champ at 17": 2562.0,
    "Champ at 18": 2562.0,
    "Champ at 19": 2562.0,
    "Champ at 2": 1280.0,
    "Champ at 20": 2562.0,
    "Champ at 21": 2562.0,
    "Champ at 22": 2562.0,
    "Champ at 23": 2935.0,
    "Champ at 24": 2935.0,
    "Champ at 25": 2935.0,
    "Champ at 26": 2935.0,
    "Champ at 27": 2935.0,
    "Champ at 28": 2935.0,
    "Champ at 29": 2935.0,
    "Champ at 3": 1486.0,
    "Champ at 30": 3586.0,
    "Champ at 31": 3586.0,
    "Champ at 32": 3586.0,
    "Champ at 33": 3586.0,
    "Champ at 34": 3586.0,
    "Champ at 35": 3586.0,
    "Champ at 36": 3959.0,
    "Champ at 37": 3959.0,
    "Champ at 38": 3959.0,
    "Champ at 39": 3959.0,
    "Champ at 4": 1538.0,
    "Champ at 40": 3959.0,
    "Champ at 41": 3959.0,
    "Champ at 42": 4610.0,
    "Champ at 43": 4610.0,
    "Champ at 44": 4610.0,
    "Champ at 45": 4610.0,
    "Champ at 46": 4610.0,
    "Champ at 47": 4610.0,
    "Champ at 48": 4983.0,
    "Champ at 49": 4983.0,
    "Champ at 5": 1538.0,
    "Champ at 50": 4983.0,
    "Champ at 51": 4983.0,
    "Champ at 52": 4983.0,
    "Champ at 53": 4983.0,
    "Champ at 54": 5160.0,
    "Champ at 6": 1538.0,
    "Champ at 7": 1538.0,
    "Champ at 8": 1538.0,
    "Champ at 9": 1538.0,
    "ChampFitness": 5160.0,
    "ChampInputs": [
        1.8350000381469727,
        1.837999939918518,
        1.837999939918518,
        1.837999939918518,
        1.8410000801086426,
        1.9932825565338135,
        3.344308376312256,
        1.8410000801086426,
        1.84499990940094,
        1.84499990940094,
        1.84499990940094,
        2.7279999256134033,
        1.8480000495910645,
        1.8480000495910645,
        3.13100004196167,
        1.8510000705718994,
        1.8510000705718994,
        1.8539999723434448,
        1.8539999723434448,
        2.684000015258789,
        1.8539999723434448,
        1.8580000400543213,
        3.172999858856201,
        1.8610000610351563,
        1.8610000610351563,
        1.8639999628067017,
        1.8639999628067017,
        2.615999937057495,
        1.8669999837875366,
        1.8709999322891235,
        3.240999937057495,
        1.8739999532699585,
        1.8739999532699585,
        1.877000093460083,
        1.8840000629425049,
        2.5139999389648438,
        1.8870000839233398,
        1.8870000839233398,
        3.1459999084472656,
        1.8899999856948853,
        1.8899999856948853,
        1.8940000534057617,
        1.8970000743865967,
        1.8970000743865967,
        1.899999976158142,
        1.899999976158142,
        1.902999997138977,
        1.902999997138977,
        1.906999945640564,
        1.906999945640564,
        1.909999966621399,
        1.909999966621399,
        1.909999966621399,
        1.9130001068115234,
        1.9130001068115234,
        1.9159998893737793,
        1.9159998893737793,
        1.9200000762939453,
        1.9230000972747803,
        1.9230000972747803,
        1.9259999990463257,
        1.9290000200271606,
        1.9290000200271606,
        1.9329999685287476,
        1.9329999685287476,
        1.9329999685287476,
        1.9359999895095825,
        1.9390000104904175,
        1.9390000104904175,
        1.9459999799728394,
        1.9490001201629639,
        1.9490001201629639,
        1.9519999027252197,
        1.9519999027252197,
        1.9519999027252197,
        1.9560000896453857,
        1.9560000896453857,
        1.9560000896453857,
        1.9589998722076416,
        1.9589998722076416,
        1.9589998722076416,
        1.9620000123977661,
        1.9620000123977661,
        1.9620000123977661,
        1.965000033378601,
        1.965000033378601,
        1.965000033378601,
        1.965000033378601,
        1.968999981880188,
        1.968999981880188,
        1.968999981880188,
        1.972000002861023,
        1.972000002861023,
        1.972000002861023,
        1.975000023841858,
        1.975000023841858,
        1.975000023841858,
        1.9779999256134033,
        1.9779999256134033,
        1.9779999256134033
    ],
    "Generations needed": 54,
    "Population 1": 202.9149932861328,
    "Population 10": 1585.199951171875,
    "Population 11": 1900.8599853515625,
    "Population 12": 1909.135009765625,
    "Population 13": 1911.0,
    "Population 14": 1911.0,
    "Population 15": 1911.0,
    "Population 16": 1911.0,
    "Population 17": 1950.8399658203125,
    "Population 18": 2556.0048828125,
    "Population 19": 2562.0,
    "Population 2": 774.8300170898438,
    "Population 20": 2562.0,
    "Population 21": 2562.0,
    "Population 22": 2562.0,
    "Population 23": 2597.22998046875,
    "Population 24": 2928.159912109375,
    "Population 25": 2933.135009765625,
    "Population 26": 2935.0,
    "Population 27": 2935.0,
    "Population 28": 2935.0,
    "Population 29": 2935.0,
    "Population 3": 1260.4649658203125,
    "Population 30": 2961.614990234375,
    "Population 31": 3581.429931640625,
    "Population 32": 3586.0,
    "Population 33": 3586.0,
    "Population 34": 3586.0,
    "Population 35": 3586.0,
    "Population 36": 3628.56494140625,
    "Population 37": 3955.344970703125,
    "Population 38": 3959.0,
    "Population 39": 3959.0,
    "Population 4": 1481.77001953125,
    "Population 40": 3959.0,
    "Population 41": 3959.0,
    "Population 42": 3982.989990234375,
    "Population 43": 4603.490234375,
    "Population 44": 4610.0,
    "Population 45": 4610.0,
    "Population 46": 4610.0,
    "Population 47": 4610.0,
    "Population 48": 4661.3349609375,
    "Population 49": 4979.27001953125,
    "Population 5": 1524.2049560546875,
    "Population 50": 4983.0,
    "Population 51": 4983.0,
    "Population 52": 4983.0,
    "Population 53": 4983.0,
    "Population 54": 4988.81005859375,
    "Population 6": 1538.0,
    "Population 7": 1538.0,
    "Population 8": 1538.0,
    "Population 9": 1538.0,
    "start": "today"
}
