{
    "Champ at 1": 887.0,
    "Champ at 10": 2935.0,
    "Champ at 11": 2935.0,
    "Champ at 12": 2935.0,
    "Champ at 13": 2935.0,
    "Champ at 14": 2935.0,
    "Champ at 15": 3959.0,
    "Champ at 16": 3959.0,
    "Champ at 17": 3959.0,
    "Champ at 18": 3959.0,
    "Champ at 19": 3959.0,
    "Champ at 2": 1538.0,
    "Champ at 20": 4983.0,
    "Champ at 21": 4983.0,
    "Champ at 22": 4983.0,
    "Champ at 23": 4983.0,
    "Champ at 24": 4983.0,
    "Champ at 25": 4983.0,
    "Champ at 26": 4983.0,
    "Champ at 27": 5175.0,
    "Champ at 3": 1911.0,
    "Champ at 4": 1911.0,
    "Champ at 5": 1911.0,
    "Champ at 6": 1911.0,
    "Champ at 7": 1911.0,
    "Champ at 8": 1911.0,
    "Champ at 9": 2935.0,
    "ChampFitness": 5175.0,
    "ChampInputs": [
        1.877000093460083,
        1.877000093460083,
        1.877000093460083,
        1.8799998760223389,
        1.8799998760223389,
        1.8840000629425049,
        1.8840000629425049,
        1.2785958051681519,
        1.8870000839233398,
        1.9910000562667847,
        1.994999885559082,
        1.994999885559082,
        1.994999885559082,
        1.9980000257492065,
        1.9980000257492065,
        2.9769997596740723,
        2.000999927520752,
        2.003999948501587,
        2.003999948501587,
        2.003999948501587,
        2.007999897003174,
        2.007999897003174,
        2.011000156402588,
        2.703000068664551,
        2.0139999389648438,
        2.0139999389648438,
        2.0139999389648438,
        2.0169999599456787,
        2.0169999599456787,
        2.0209999084472656,
        2.0209999084472656,
        2.9139997959136963,
        2.0239999294281006,
        2.0239999294281006,
        2.0269999504089355,
        2.0269999504089355,
        2.0269999504089355,
        2.0309998989105225,
        2.0309998989105225,
        3.303999900817871,
        2.0339999198913574,
        2.0339999198913574,
        2.0370001792907715,
        2.0370001792907715,
        2.0370001792907715,
        2.0399999618530273,
        2.0399999618530273,
        2.0399999618530273,
        2.0440001487731934,
        2.0440001487731934,
        2.046999931335449,
        2.046999931335449,
        2.046999931335449,
        2.049999952316284,
        2.049999952316284,
        2.052999973297119,
        2.052999973297119,
        2.052999973297119,
        2.056999921798706,
        2.056999921798706,
        2.056999921798706,
        2.059999942779541,
        2.059999942779541,
        2.062999963760376,
        2.062999963760376,
        2.062999963760376,
        2.065999984741211,
        2.069999933242798,
        2.069999933242798,
        2.072999954223633,
        2.0759999752044678,
        2.0759999752044678,
        2.0799999237060547,
        2.0799999237060547,
        2.0829999446868896,
        2.0829999446868896,
        2.0859999656677246,
        2.0859999656677246,
        2.0889999866485596,
        2.0889999866485596,
        2.0889999866485596,
        2.0929999351501465,
        2.0929999351501465,
        2.0959999561309814,
        2.0959999561309814,
        2.0989999771118164,
        2.0989999771118164,
        2.1019999980926514,
        2.1019999980926514,
        2.1059999465942383,
        2.1059999465942383,
        2.1059999465942383,
        2.1089999675750732,
        2.1089999675750732,
        2.111999988555908,
        2.111999988555908,
        2.115000009536743,
        2.115000009536743,
        2.11899995803833,
        2.11899995803833
    ],
    "Generations needed": 27,
    "Population 1": 209.52000427246094,
    "Population 10": 2907.72509765625,
    "Population 11": 2935.0,
    "Population 12": 2935.0,
    "Population 13": 2935.0,
    "Population 14": 2935.0,
    "Population 15": 2985.25,
    "Population 16": 3959.0,
    "Population 17": 3959.0,
    "Population 18": 3959.0,
    "Population 19": 3959.0,
    "Population 2": 797.739990234375,
    "Population 20": 4026.955078125,
    "Population 21": 4957.06005859375,
    "Population 22": 4977.8798828125,
    "Population 23": 4983.0,
    "Population 24": 4983.0,
    "Population 25": 4983.0,
    "Population 26": 4983.0,
    "Population 27": 4998.44482421875,
    "Population 3": 1475.135009765625,
    "Population 4": 1895.89501953125,
    "Population 5": 1911.0,
    "Population 6": 1911.0,
    "Population 7": 1911.0,
    "Population 8": 1911.0,
    "Population 9": 1987.43994140625,
    "start": "today"
}
