{
    "Champ at 1": 887.0,
    "Champ at 10": 2935.0,
    "Champ at 11": 2935.0,
    "Champ at 12": 2935.0,
    "Champ at 13": 2935.0,
    "Champ at 14": 2935.0,
    "Champ at 15": 2935.0,
    "Champ at 16": 2935.0,
    "Champ at 17": 2935.0,
    "Champ at 18": 3762.0,
    "Champ at 19": 3762.0,
    "Champ at 2": 1837.0,
    "Champ at 20": 3762.0,
    "Champ at 21": 3762.0,
    "Champ at 22": 3762.0,
    "Champ at 23": 3959.0,
    "Champ at 24": 3959.0,
    "Champ at 25": 3959.0,
    "Champ at 26": 4334.0,
    "Champ at 27": 4471.0,
    "Champ at 28": 4471.0,
    "Champ at 29": 4695.0,
    "Champ at 3": 2289.0,
    "Champ at 30": 4695.0,
    "Champ at 31": 4695.0,
    "Champ at 32": 4695.0,
    "Champ at 33": 4695.0,
    "Champ at 34": 4695.0,
    "Champ at 35": 4695.0,
    "Champ at 36": 4695.0,
    "Champ at 37": 4695.0,
    "Champ at 38": 4695.0,
    "Champ at 39": 4695.0,
    "Champ at 4": 2562.0,
    "Champ at 40": 4695.0,
    "Champ at 41": 4695.0,
    "Champ at 42": 4695.0,
    "Champ at 43": 4695.0,
    "Champ at 44": 4808.0,
    "Champ at 45": 4875.0,
    "Champ at 46": 4875.0,
    "Champ at 47": 4983.0,
    "Champ at 48": 4983.0,
    "Champ at 49": 4983.0,
    "Champ at 5": 2870.0,
    "Champ at 50": 4983.0,
    "Champ at 51": 4983.0,
    "Champ at 52": 4983.0,
    "Champ at 53": 4983.0,
    "Champ at 54": 4983.0,
    "Champ at 55": 4983.0,
    "Champ at 56": 4983.0,
    "Champ at 57": 4983.0,
    "Champ at 58": 5131.0,
    "Champ at 6": 2935.0,
    "Champ at 7": 2935.0,
    "Champ at 8": 2935.0,
    "Champ at 9": 2935.0,
    "ChampFitness": 5131.0,
    "ChampInputs": [
        1.872999906539917,
        1.8760000467300415,
        1.8760000467300415,
        1.8760000467300415,
        1.8799998760223389,
        1.8799998760223389,
        1.8799998760223389,
        0.7680000066757202,
        1.8830000162124634,
        2.2860000133514404,
        0.7710000276565552,
        1.8860000371932983,
        1.8860000371932983,
        1.8860000371932983,
        1.8899999856948853,
        1.8899999856948853,
        3.0920000076293945,
        1.8930000066757202,
        2.2939999103546143,
        2.0379998683929443,
        1.8960000276565552,
        1.8960000276565552,
        1.8960000276565552,
        1.8989999294281006,
        2.7239999771118164,
        1.8989999294281006,
        1.8989999294281006,
        2.7279999256134033,
        1.902999997138977,
        1.902999997138977,
        1.9059998989105225,
        1.8989999294281006,
        2.996000051498413,
        1.9089999198913574,
        2.196000099182129,
        1.9089999198913574,
        3.003000020980835,
        2.3910000324249268,
        1.2580000162124634,
        1.2580000162124634,
        2.9750001430511475,
        1.9159998893737793,
        2.3299999237060547,
        3.009000062942505,
        1.9190000295639038,
        1.9190000295639038,
        2.3399999141693115,
        1.912000060081482,
        1.9220000505447388,
        2.0869998931884766,
        2.75,
        1.9249999523162842,
        2.0939998626708984,
        1.9290000200271606,
        1.9290000200271606,
        2.4200000762939453,
        1.9320000410079956,
        2.365000009536743,
        1.9320000410079956,
        3.0260000228881836,
        1.9249999523162842,
        2.365999937057495,
        1.934999942779541,
        1.9390000104904175,
        3.1410000324249268,
        0.8230000138282776,
        1.941999912261963,
        1.941999912261963,
        1.941999912261963,
        2.119999885559082,
        1.9449999332427979,
        2.234999895095825,
        2.239000082015991,
        1.9480000734329224,
        1.9480000734329224,
        3.1500000953674316,
        1.9519999027252197,
        1.3070000410079956,
        1.9519999027252197,
        1.9550000429153442,
        8.28600025177002,
        1.9550000429153442,
        1.9580000638961792,
        3.0180001258850098,
        1.9580000638961792,
        1.9580000638961792,
        2.4079999923706055,
        3.1630001068115234,
        1.9609999656677246,
        0.8489999771118164,
        2.4730000495910645,
        3.0239999294281006,
        2.4789998531341553,
        1.3269999027252197,
        1.9609999656677246,
        1.3300000429153442,
        3.0309998989105225,
        2.488999843597412,
        1.9709999561309814,
        1.9739999771118164
    ],
    "Generations needed": 59,
    "Population 1": 208.67999267578125,
    "Population 10": 1594.8699951171875,
    "Population 11": 1589.8050537109375,
    "Population 12": 1551.1099853515625,
    "Population 13": 1617.9449462890625,
    "Population 14": 1572.1650390625,
    "Population 15": 1583.1600341796875,
    "Population 16": 1580.385009765625,
    "Population 17": 1534.8599853515625,
    "Population 18": 1533.1700439453125,
    "Population 19": 1731.1800537109375,
    "Population 2": 745.4099731445313,
    "Population 20": 1655.81494140625,
    "Population 21": 1811.4849853515625,
    "Population 22": 1857.7099609375,
    "Population 23": 1739.77001953125,
    "Population 24": 1773.5799560546875,
    "Population 25": 1740.9599609375,
    "Population 26": 1619.2650146484375,
    "Population 27": 1904.7750244140625,
    "Population 28": 1783.0350341796875,
    "Population 29": 1878.2149658203125,
    "Population 3": 1219.2650146484375,
    "Population 30": 1910.5350341796875,
    "Population 31": 1784.2149658203125,
    "Population 32": 1874.06494140625,
    "Population 33": 1739.0999755859375,
    "Population 34": 1821.199951171875,
    "Population 35": 1948.8900146484375,
    "Population 36": 1757.8499755859375,
    "Population 37": 1831.719970703125,
    "Population 38": 2081.760009765625,
    "Population 39": 2050.5849609375,
    "Population 4": 1417.655029296875,
    "Population 40": 1846.0400390625,
    "Population 41": 1765.7650146484375,
    "Population 42": 1828.7249755859375,
    "Population 43": 1800.8399658203125,
    "Population 44": 1912.2950439453125,
    "Population 45": 1855.6500244140625,
    "Population 46": 1892.27001953125,
    "Population 47": 1947.5550537109375,
    "Population 48": 2052.784912109375,
    "Population 49": 1786.864990234375,
    "Population 5": 1411.1700439453125,
    "Population 50": 1840.0450439453125,
    "Population 51": 1819.3900146484375,
    "Population 52": 1816.39501953125,
    "Population 53": 1990.7149658203125,
    "Population 54": 1700.280029296875,
    "Population 55": 1704.010009765625,
    "Population 56": 1779.93994140625,
    "Population 57": 2144.324951171875,
    "Population 58": 1911.18994140625,
    "Population 6": 1521.06494140625,
    "Population 7": 1572.7850341796875,
    "Population 8": 1672.9300537109375,
    "Population 9": 1543.72998046875,
    "start": "today"
}
