{
    "Champ at 1": 821.0,
    "Champ at 10": 3325.0,
    "Champ at 11": 3762.0,
    "Champ at 12": 3762.0,
    "Champ at 13": 3762.0,
    "Champ at 14": 3762.0,
    "Champ at 15": 3762.0,
    "Champ at 16": 3762.0,
    "Champ at 17": 3762.0,
    "Champ at 18": 3762.0,
    "Champ at 19": 3762.0,
    "Champ at 2": 1255.0,
    "Champ at 20": 4610.0,
    "Champ at 21": 4695.0,
    "Champ at 22": 4695.0,
    "Champ at 23": 4695.0,
    "Champ at 24": 4695.0,
    "Champ at 25": 4786.0,
    "Champ at 26": 4786.0,
    "Champ at 27": 4786.0,
    "Champ at 28": 4786.0,
    "Champ at 29": 4786.0,
    "Champ at 3": 1838.0,
    "Champ at 30": 4983.0,
    "Champ at 31": 4983.0,
    "Champ at 32": 4983.0,
    "Champ at 33": 4983.0,
    "Champ at 34": 4983.0,
    "Champ at 35": 5177.0,
    "Champ at 4": 1911.0,
    "Champ at 5": 1911.0,
    "Champ at 6": 2306.0,
    "Champ at 7": 2935.0,
    "Champ at 8": 2935.0,
    "Champ at 9": 2935.0,
    "ChampFitness": 5177.0,
    "ChampInputs": [
        1.8410000801086426,
        1.8440001010894775,
        1.8440001010894775,
        1.8480000495910645,
        1.8480000495910645,
        1.8510000705718994,
        2.8499999046325684,
        1.8539999723434448,
        1.8309999704360962,
        0.9729999899864197,
        1.8610000610351563,
        1.8610000610351563,
        1.8639999628067017,
        1.8639999628067017,
        1.8669999837875366,
        2.748000144958496,
        1.8709999322891235,
        0.9819999933242798,
        1.8739999532699585,
        2.1009998321533203,
        1.877000093460083,
        1.8799998760223389,
        1.8440001010894775,
        1.8840000629425049,
        3.1640000343322754,
        1.8870000839233398,
        1.8870000839233398,
        0.24700000882148743,
        1.8899999856948853,
        1.8930000066757202,
        2.876000165939331,
        1.8539999723434448,
        1.1010000705718994,
        0.2529999911785126,
        3.177000045776367,
        1.902999997138977,
        2.2929999828338623,
        1.9059998989105225,
        1.8600000143051147,
        2.2990000247955322,
        1.0049999952316284,
        0.7100000381469727,
        1.9159998893737793,
        2.8610000610351563,
        0.7129999995231628,
        1.9200000762939453,
        1.9230000972747803,
        0.26600000262260437,
        2.7810001373291016,
        1.9290000200271606,
        2.13100004196167,
        1.872999906539917,
        1.0149999856948853,
        1.9359999895095825,
        1.9359999895095825,
        2.7869999408721924,
        3.19599986076355,
        1.941999912261963,
        2.315999984741211,
        2.9060001373291016,
        1.9459999799728394,
        4.015999794006348,
        1.9490001201629639,
        3.2060000896453857,
        1.9519999027252197,
        0.7389999628067017,
        1.9589998722076416,
        1.9589998722076416,
        2.1500000953674316,
        1.1330000162124634,
        0.7460000514984131,
        1.965000033378601,
        1.968999981880188,
        1.968999981880188,
        2.8999998569488525,
        0.753000020980835,
        1.1430000066757202,
        2.3350000381469727,
        1.8989999294281006,
        2.9069998264312744,
        1.9779999256134033,
        1.9819999933242798,
        0.7620000243186951,
        3.2260000705718994,
        1.9850001335144043,
        1.9879999160766602,
        1.9879999160766602,
        1.152999997138977,
        1.9910000562667847,
        1.9910000562667847,
        1.912000060081482,
        1.994999885559082,
        0.7749999761581421,
        1.9980000257492065,
        3.2350001335144043,
        2.940999984741211,
        2.003999948501587,
        2.003999948501587,
        2.007999897003174,
        2.933000087738037
    ],
    "Generations needed": 36,
    "Population 1": 202.8300018310547,
    "Population 10": 1604.9000244140625,
    "Population 11": 1803.06005859375,
    "Population 12": 1778.780029296875,
    "Population 13": 1812.074951171875,
    "Population 14": 1595.7049560546875,
    "Population 15": 1758.0450439453125,
    "Population 16": 1688.260009765625,
    "Population 17": 1878.4549560546875,
    "Population 18": 2017.7550048828125,
    "Population 19": 2025.0799560546875,
    "Population 2": 717.2550048828125,
    "Population 20": 1798.550048828125,
    "Population 21": 1718.385009765625,
    "Population 22": 1828.1400146484375,
    "Population 23": 2025.0050048828125,
    "Population 24": 1955.9949951171875,
    "Population 25": 1975.905029296875,
    "Population 26": 1808.7650146484375,
    "Population 27": 2005.739990234375,
    "Population 28": 1919.260009765625,
    "Population 29": 1891.3299560546875,
    "Population 3": 1006.85498046875,
    "Population 30": 1799.8050537109375,
    "Population 31": 1946.97998046875,
    "Population 32": 1915.469970703125,
    "Population 33": 2050.909912109375,
    "Population 34": 1896.2850341796875,
    "Population 35": 1822.0699462890625,
    "Population 4": 1233.8499755859375,
    "Population 5": 1397.5250244140625,
    "Population 6": 1302.0849609375,
    "Population 7": 1552.905029296875,
    "Population 8": 1594.800048828125,
    "Population 9": 1599.31005859375,
    "start": "today"
}
