{
    "Champ at 1": 805.0,
    "Champ at 10": 2864.0,
    "Champ at 11": 3447.0,
    "Champ at 12": 3447.0,
    "Champ at 13": 3447.0,
    "Champ at 14": 3447.0,
    "Champ at 15": 3447.0,
    "Champ at 16": 3671.0,
    "Champ at 17": 3671.0,
    "Champ at 18": 3671.0,
    "Champ at 19": 3671.0,
    "Champ at 2": 887.0,
    "Champ at 20": 3671.0,
    "Champ at 21": 3671.0,
    "Champ at 22": 3671.0,
    "Champ at 23": 3671.0,
    "Champ at 24": 3671.0,
    "Champ at 25": 3671.0,
    "Champ at 26": 3671.0,
    "Champ at 27": 3671.0,
    "Champ at 28": 3671.0,
    "Champ at 29": 3762.0,
    "Champ at 3": 1242.0,
    "Champ at 30": 3762.0,
    "Champ at 31": 3762.0,
    "Champ at 32": 3959.0,
    "Champ at 33": 3959.0,
    "Champ at 34": 4337.0,
    "Champ at 35": 4471.0,
    "Champ at 36": 4610.0,
    "Champ at 37": 4610.0,
    "Champ at 38": 4610.0,
    "Champ at 39": 4610.0,
    "Champ at 4": 1538.0,
    "Champ at 40": 4610.0,
    "Champ at 41": 4610.0,
    "Champ at 42": 4695.0,
    "Champ at 43": 4983.0,
    "Champ at 44": 4983.0,
    "Champ at 45": 4983.0,
    "Champ at 46": 4983.0,
    "Champ at 47": 5125.0,
    "Champ at 5": 1854.0,
    "Champ at 6": 1911.0,
    "Champ at 7": 1911.0,
    "Champ at 8": 2289.0,
    "Champ at 9": 2306.0,
    "ChampFitness": 5125.0,
    "ChampInputs": [
        1.805999994277954,
        1.805999994277954,
        2.0490000247955322,
        1.8089998960494995,
        1.812000036239624,
        1.812000036239624,
        2.9750001430511475,
        1.815000057220459,
        2.7900002002716064,
        1.819000005722046,
        1.8220000267028809,
        1.8220000267028809,
        2.059000015258789,
        1.8250000476837158,
        2.934000015258789,
        1.8279999494552612,
        2.062999963760376,
        2.2090001106262207,
        2.05400013923645,
        2.2120001316070557,
        1.8350000381469727,
        2.0889999866485596,
        2.7360000610351563,
        1.837999939918518,
        2.947000026702881,
        1.8410000801086426,
        2.0920000076293945,
        2.0950000286102295,
        1.3760000467300415,
        1.8480000495910645,
        2.7049999237060547,
        2.2249999046325684,
        1.8550000190734863,
        0.7519999742507935,
        2.177000045776367,
        1.5460000038146973,
        2.2290000915527344,
        1.8610000610351563,
        1.8639999628067017,
        2.2319998741149902,
        0.19500000774860382,
        2.0889999866485596,
        2.822999954223633,
        2.111999988555908,
        2.239000082015991,
        1.8739999532699585,
        3.061000108718872,
        3.064000129699707,
        1.8809999227523804,
        1.8809999227523804,
        2.7250001430511475,
        0.20800000429153442,
        1.8870000839233398,
        2.0869998931884766,
        1.402000069618225,
        2.8359999656677246,
        2.9800000190734863,
        1.4049999713897705,
        1.8970000743865967,
        2.800999879837036,
        2.128000020980835,
        3.078000068664551,
        1.902999997138977,
        1.902999997138977,
        0.781000018119812,
        0.7850000262260437,
        1.909999966621399,
        2.5119998455047607,
        2.74399995803833,
        2.115000009536743,
        1.9169999361038208,
        2.5180001258850098,
        1.9200000762939453,
        1.9200000762939453,
        1.9230000972747803,
        1.5850000381469727,
        2.754000186920166,
        1.9259999990463257,
        2.11299991607666,
        1.5889999866485596,
        0.23399999737739563,
        3.0970001220703125,
        3.0999999046325684,
        0.8009999990463257,
        1.9359999895095825,
        1.9359999895095825,
        1.9359999895095825,
        2.8499999046325684,
        2.2810001373291016,
        3.01200008392334,
        1.6019999980926514,
        1.9459999799728394,
        2.1610000133514404,
        1.9490001201629639,
        2.86299991607666,
        1.9490001201629639,
        2.2360000610351563,
        0.25099998712539673,
        1.9560000896453857,
        0.8169999718666077
    ],
    "Generations needed": 48,
    "Population 1": 193.88999938964844,
    "Population 10": 1486.9599609375,
    "Population 11": 1694.3599853515625,
    "Population 12": 1790.4100341796875,
    "Population 13": 1805.550048828125,
    "Population 14": 1930.2249755859375,
    "Population 15": 1773.375,
    "Population 16": 1669.489990234375,
    "Population 17": 1872.9100341796875,
    "Population 18": 1837.030029296875,
    "Population 19": 1898.8499755859375,
    "Population 2": 718.0349731445313,
    "Population 20": 1845.0400390625,
    "Population 21": 1691.64501953125,
    "Population 22": 1712.925048828125,
    "Population 23": 1923.9649658203125,
    "Population 24": 1799.7449951171875,
    "Population 25": 1872.06005859375,
    "Population 26": 1927.6300048828125,
    "Population 27": 1833.3299560546875,
    "Population 28": 1887.4599609375,
    "Population 29": 1940.8599853515625,
    "Population 3": 776.8400268554688,
    "Population 30": 2033.1650390625,
    "Population 31": 1734.175048828125,
    "Population 32": 1716.4949951171875,
    "Population 33": 1835.8299560546875,
    "Population 34": 2019.9749755859375,
    "Population 35": 1992.2550048828125,
    "Population 36": 1994.31005859375,
    "Population 37": 2017.06005859375,
    "Population 38": 1838.574951171875,
    "Population 39": 1930.0849609375,
    "Population 4": 995.9349975585938,
    "Population 40": 1960.989990234375,
    "Population 41": 1968.7750244140625,
    "Population 42": 1847.81494140625,
    "Population 43": 2125.905029296875,
    "Population 44": 2073.199951171875,
    "Population 45": 1989.3199462890625,
    "Population 46": 2047.0550537109375,
    "Population 47": 1989.72998046875,
    "Population 5": 1186.0699462890625,
    "Population 6": 1308.1650390625,
    "Population 7": 1378.1199951171875,
    "Population 8": 1349.75,
    "Population 9": 1437.10498046875,
    "start": "today"
}
