{
    "Champ at 1": 728.0,
    "Champ at 10": 2935.0,
    "Champ at 11": 2935.0,
    "Champ at 12": 2935.0,
    "Champ at 13": 3762.0,
    "Champ at 14": 3762.0,
    "Champ at 15": 3762.0,
    "Champ at 16": 3762.0,
    "Champ at 17": 4078.0,
    "Champ at 18": 4078.0,
    "Champ at 19": 4319.0,
    "Champ at 2": 887.0,
    "Champ at 20": 4983.0,
    "Champ at 21": 4983.0,
    "Champ at 22": 5110.0,
    "Champ at 3": 1274.0,
    "Champ at 4": 1753.0,
    "Champ at 5": 1833.0,
    "Champ at 6": 1911.0,
    "Champ at 7": 2270.0,
    "Champ at 8": 2647.0,
    "Champ at 9": 2778.0,
    "ChampFitness": 5110.0,
    "ChampInputs": [
        1.7879999876022339,
        2.3989999294281006,
        1.7879999876022339,
        1.7910001277923584,
        1.7910001277923584,
        1.7910001277923584,
        3.0899999141693115,
        1.7939999103546143,
        1.7939999103546143,
        0.7419999837875366,
        0.06200000271201134,
        1.9390000104904175,
        1.7980000972747803,
        0.06499999761581421,
        1.8009998798370361,
        1.8009998798370361,
        1.8040000200271606,
        2.86299991607666,
        1.8040000200271606,
        2.322999954223633,
        2.9210000038146973,
        1.8070000410079956,
        1.8970000743865967,
        1.8109999895095825,
        1.875,
        2.3299999237060547,
        1.8140000104904175,
        3.1130001544952393,
        1.6610000133514404,
        1.8170000314712524,
        0.7620000243186951,
        1.8170000314712524,
        1.8199999332427979,
        1.8199999332427979,
        3.11899995803833,
        1.8949999809265137,
        0.47699999809265137,
        1.8240000009536743,
        1.8240000009536743,
        1.8269999027252197,
        2.3489999771118164,
        1.8269999027252197,
        1.8760000467300415,
        1.8299999237060547,
        0.48399999737739563,
        1.8299999237060547,
        1.8819999694824219,
        1.8340001106262207,
        1.8340001106262207,
        2.957000255584717,
        1.8860000371932983,
        1.8369998931884766,
        1.7000000476837158,
        1.9359999895095825,
        2.9660000801086426,
        2.4509999752044678,
        1.843000054359436,
        1.9980000257492065,
        1.843000054359436,
        2.9730000495910645,
        2.9149999618530273,
        1.9210000038146973,
        1.850000023841858,
        2.003999948501587,
        2.4609999656677246,
        1.8529999256134033,
        1.8529999256134033,
        2.381999969482422,
        1.8529999256134033,
        1.8559999465942383,
        1.9589998722076416,
        1.8559999465942383,
        0.5099999904632568,
        0.5130000114440918,
        1.8600000143051147,
        1.7949999570846558,
        0.14300000667572021,
        1.8629999160766602,
        1.968999981880188,
        1.8659999370574951,
        1.8659999370574951,
        1.9410001039505005,
        1.8690000772476196,
        0.5230000019073486,
        1.8690000772476196,
        0.5260000228881836,
        1.8109999895095825,
        1.9210000038146973,
        3.1710000038146973,
        1.9249999523162842,
        1.9819999933242798,
        1.9850001335144043,
        1.9279999732971191,
        1.9279999732971191,
        1.930999994277954,
        1.8279999494552612,
        0.5360000133514404,
        1.8340001106262207,
        3.180999994277954,
        0.5389999747276306
    ],
    "Generations needed": 23,
    "Population 1": 199.6999969482422,
    "Population 10": 1612.800048828125,
    "Population 11": 1619.574951171875,
    "Population 12": 1513.8050537109375,
    "Population 13": 1521.5849609375,
    "Population 14": 1708.7349853515625,
    "Population 15": 1671.6500244140625,
    "Population 16": 1591.3499755859375,
    "Population 17": 1636.489990234375,
    "Population 18": 1651.324951171875,
    "Population 19": 1832.510009765625,
    "Population 2": 660.1500244140625,
    "Population 20": 1721.6650390625,
    "Population 21": 2117.9599609375,
    "Population 22": 1980.4749755859375,
    "Population 3": 754.3250122070313,
    "Population 4": 1001.0900268554688,
    "Population 5": 1188.3599853515625,
    "Population 6": 1203.9449462890625,
    "Population 7": 1266.9599609375,
    "Population 8": 1445.81494140625,
    "Population 9": 1548.3699951171875,
    "start": "today"
}
