{
    "Champ at 1": 887.0,
    "Champ at 10": 2935.0,
    "Champ at 11": 3762.0,
    "Champ at 12": 3762.0,
    "Champ at 13": 3762.0,
    "Champ at 14": 3762.0,
    "Champ at 15": 3762.0,
    "Champ at 16": 3959.0,
    "Champ at 17": 3959.0,
    "Champ at 18": 3959.0,
    "Champ at 19": 3959.0,
    "Champ at 2": 1911.0,
    "Champ at 20": 3959.0,
    "Champ at 21": 3959.0,
    "Champ at 22": 3959.0,
    "Champ at 23": 3959.0,
    "Champ at 24": 4983.0,
    "Champ at 25": 4983.0,
    "Champ at 26": 5179.0,
    "Champ at 3": 1911.0,
    "Champ at 4": 1911.0,
    "Champ at 5": 2301.0,
    "Champ at 6": 2423.0,
    "Champ at 7": 2647.0,
    "Champ at 8": 2877.0,
    "Champ at 9": 2935.0,
    "ChampFitness": 5179.0,
    "ChampInputs": [
        1.8870000839233398,
        1.8870000839233398,
        1.8899999856948853,
        1.8899999856948853,
        1.8899999856948853,
        1.8930000066757202,
        1.8930000066757202,
        0.8250000476837158,
        1.8960000276565552,
        1.8960000276565552,
        0.828000009059906,
        1.899999976158142,
        1.902999997138977,
        1.902999997138977,
        1.902999997138977,
        1.9059998989105225,
        1.9059998989105225,
        0.9860000014305115,
        2.2239999771118164,
        1.909999966621399,
        1.9130001068115234,
        0.7599999904632568,
        1.9159998893737793,
        0.6549999713897705,
        0.7630000114440918,
        1.9190000295639038,
        1.9190000295639038,
        2.5490000247955322,
        0.8450000286102295,
        1.9230000972747803,
        0.6610000133514404,
        1.3079999685287476,
        1.9259999990463257,
        1.9290000200271606,
        1.9290000200271606,
        1.9320000410079956,
        0.8550000190734863,
        1.3140000104904175,
        1.9359999895095825,
        0.687000036239624,
        1.9390000104904175,
        1.0260000228881836,
        1.9390000104904175,
        1.941999912261963,
        1.3209999799728394,
        2.25600004196167,
        1.9449999332427979,
        1.9449999332427979,
        2.258999824523926,
        0.4390000104904175,
        0.699999988079071,
        1.9519999027252197,
        0.7039999961853027,
        2.5920000076293945,
        0.44300001859664917,
        1.9550000429153442,
        1.9589998722076416,
        0.8739999532699585,
        1.3370000123977661,
        0.4490000009536743,
        1.9620000123977661,
        0.8810000419616699,
        1.965000033378601,
        0.7129999995231628,
        0.4560000002384186,
        0.8840000033378601,
        1.972000002861023,
        1.972000002861023,
        2.618000030517578,
        1.975000023841858,
        1.975000023841858,
        1.9779999256134033,
        1.9779999256134033,
        1.0779999494552612,
        1.9809999465942383,
        1.9809999465942383,
        2.63100004196167,
        1.9850001335144043,
        1.3569999933242798,
        1.9879999160766602,
        0.7329999804496765,
        1.9910000562667847,
        1.9910000562667847,
        0.7360000014305115,
        2.6440000534057617,
        2.6469998359680176,
        1.9980000257492065,
        1.3670001029968262,
        0.7389999628067017,
        4.867000102996826,
        2.000999927520752,
        0.7269999980926514,
        2.308000087738037,
        0.7460000514984131,
        2.007999897003174,
        0.8320000171661377,
        0.7490000128746033,
        2.6670000553131104,
        2.011000156402588,
        2.0139999389648438
    ],
    "Generations needed": 27,
    "Population 1": 198.42999267578125,
    "Population 10": 1539.6650390625,
    "Population 11": 1510.760009765625,
    "Population 12": 1743.47998046875,
    "Population 13": 1607.6099853515625,
    "Population 14": 1638.5899658203125,
    "Population 15": 1662.9100341796875,
    "Population 16": 1594.7099609375,
    "Population 17": 1659.125,
    "Population 18": 1683.81005859375,
    "Population 19": 1515.3900146484375,
    "Population 2": 771.77001953125,
    "Population 20": 1698.5,
    "Population 21": 1525.31005859375,
    "Population 22": 1793.60498046875,
    "Population 23": 1681.5400390625,
    "Population 24": 1677.4150390625,
    "Population 25": 1652.4549560546875,
    "Population 26": 1917.4150390625,
    "Population 3": 1250.8299560546875,
    "Population 4": 1327.949951171875,
    "Population 5": 1252.8399658203125,
    "Population 6": 1484.3699951171875,
    "Population 7": 1318.6300048828125,
    "Population 8": 1517.510009765625,
    "Population 9": 1581.0,
    "start": "today"
}
