{
    "Champ at 1": 887.0,
    "Champ at 10": 4695.0,
    "Champ at 11": 4695.0,
    "Champ at 12": 4695.0,
    "Champ at 13": 4695.0,
    "Champ at 14": 4920.0,
    "Champ at 15": 5162.0,
    "Champ at 2": 1538.0,
    "Champ at 3": 1911.0,
    "Champ at 4": 2306.0,
    "Champ at 5": 2738.0,
    "Champ at 6": 2738.0,
    "Champ at 7": 2874.0,
    "Champ at 8": 3902.0,
    "Champ at 9": 4344.0,
    "ChampFitness": 5162.0,
    "ChampInputs": [
        1.878000020980835,
        1.8809999227523804,
        1.8809999227523804,
        1.8840000629425049,
        1.8840000629425049,
        1.8880000114440918,
        1.8880000114440918,
        1.246000051498413,
        1.9800000190734863,
        1.8940000534057617,
        1.8940000534057617,
        1.9869999885559082,
        2.205000162124634,
        1.9010000228881836,
        1.9010000228881836,
        2.046999931335449,
        0.6840000152587891,
        2.049999952316284,
        0.9780000448226929,
        1.9110000133514404,
        0.6899999976158142,
        0.9810000061988831,
        1.9140000343322754,
        1.9169999361038208,
        1.9169999361038208,
        0.9850000143051147,
        0.9880000352859497,
        1.9239999055862427,
        0.9880000352859497,
        1.9270000457763672,
        0.9909999966621399,
        2.00600004196167,
        1.9300000667572021,
        1.2730000019073486,
        1.9329999685287476,
        1.937000036239624,
        1.937000036239624,
        1.940000057220459,
        1.0010000467300415,
        1.940000057220459,
        2.937000036239624,
        1.847000002861023,
        1.9470000267028809,
        1.9470000267028809,
        1.2489999532699585,
        0.19900000095367432,
        1.8539999723434448,
        0.203000009059906,
        1.9560000896453857,
        1.0109999179840088,
        2.116000175476074,
        1.959999918937683,
        2.0290000438690186,
        1.9630000591278076,
        1.0169999599456787,
        1.9660000801086426,
        1.968999981880188,
        1.968999981880188,
        2.0360000133514404,
        1.9760000705718994,
        1.9760000705718994,
        1.347000002861023,
        1.2989999055862427,
        1.9819999933242798,
        1.9819999933242798,
        1.9859999418258667,
        1.9859999418258667,
        2.9640002250671387,
        1.9889999628067017,
        1.9920001029968262,
        1.9920001029968262,
        2.0490000247955322,
        1.9959999322891235,
        1.999000072479248,
        2.052000045776367,
        2.002000093460083,
        2.002000093460083,
        2.004999876022339,
        2.004999876022339,
        2.009000062942505,
        2.009000062942505,
        1.3179999589920044,
        2.0119998455047607,
        2.0149998664855957,
        2.0149998664855957,
        2.062000036239624,
        0.23800000548362732,
        2.0219998359680176,
        2.0219998359680176,
        2.0250000953674316,
        2.0250000953674316,
        2.0280001163482666,
        2.072000026702881,
        1.0529999732971191,
        2.309000015258789,
        1.0570000410079956,
        2.246000051498413,
        0.25200000405311584,
        2.0409998893737793,
        2.0409998893737793
    ],
    "Generations needed": 16,
    "Population 1": 193.19500732421875,
    "Population 10": 1643.7149658203125,
    "Population 11": 1787.93505859375,
    "Population 12": 1708.9649658203125,
    "Population 13": 1732.89501953125,
    "Population 14": 1749.2850341796875,
    "Population 15": 1873.56494140625,
    "Population 2": 755.114990234375,
    "Population 3": 1115.489990234375,
    "Population 4": 1301.199951171875,
    "Population 5": 1389.10498046875,
    "Population 6": 1439.9649658203125,
    "Population 7": 1496.77001953125,
    "Population 8": 1541.2650146484375,
    "Population 9": 1545.9300537109375,
    "start": "today"
}
