{
    "Champ at 1": 887.0,
    "Champ at 10": 3671.0,
    "Champ at 11": 3959.0,
    "Champ at 12": 3959.0,
    "Champ at 13": 3959.0,
    "Champ at 14": 3959.0,
    "Champ at 15": 3959.0,
    "Champ at 16": 3959.0,
    "Champ at 17": 3959.0,
    "Champ at 18": 4334.0,
    "Champ at 19": 5138.0,
    "Champ at 2": 1538.0,
    "Champ at 3": 1851.0,
    "Champ at 4": 2306.0,
    "Champ at 5": 2562.0,
    "Champ at 6": 2647.0,
    "Champ at 7": 2647.0,
    "Champ at 8": 3586.0,
    "Champ at 9": 3671.0,
    "ChampFitness": 5138.0,
    "ChampInputs": [
        1.8330000638961792,
        1.8359999656677246,
        1.8860000371932983,
        1.8860000371932983,
        1.8860000371932983,
        1.8889999389648438,
        3.1389999389648438,
        1.8889999389648438,
        1.8919999599456787,
        1.8919999599456787,
        0.41700002551078796,
        1.8260000944137573,
        1.8960000276565552,
        1.8960000276565552,
        1.8289999961853027,
        3.319000005722046,
        1.8989999294281006,
        1.9019999504089355,
        2.075000047683716,
        1.9019999504089355,
        0.3630000054836273,
        1.90500009059906,
        1.90500009059906,
        2.0810000896453857,
        3.1589999198913574,
        1.9089999198913574,
        1.9089999198913574,
        1.912000060081482,
        1.912000060081482,
        0.03500000014901161,
        1.8619999885559082,
        0.4359999895095825,
        1.9149999618530273,
        1.9179999828338623,
        2.639000177383423,
        0.6440000534057617,
        1.9220000505447388,
        1.8519999980926514,
        1.9220000505447388,
        1.9249999523162842,
        1.9249999523162842,
        1.871999979019165,
        1.9279999732971191,
        3.18500018119812,
        0.4490000009536743,
        3.3489999771118164,
        3.3520002365112305,
        1.930999994277954,
        1.934999942779541,
        1.934999942779541,
        2.1070001125335693,
        1.8650000095367432,
        1.937999963760376,
        1.937999963760376,
        1.9410001039505005,
        0.4620000123977661,
        1.9410001039505005,
        1.9410001039505005,
        3.2049999237060547,
        1.9449999332427979,
        1.9449999332427979,
        0.6700000166893005,
        0.4690000116825104,
        0.47200000286102295,
        1.9509999752044678,
        1.9509999752044678,
        1.9509999752044678,
        2.671999931335449,
        2.671999931335449,
        2.671999931335449,
        2.6750001907348633,
        1.8849999904632568,
        3.2239999771118164,
        2.130000114440918,
        2.677999973297119,
        0.08999999612569809,
        1.9639999866485596,
        1.9639999866485596,
        1.9639999866485596,
        0.48500001430511475,
        1.9670000076293945,
        1.9670000076293945,
        1.9670000076293945,
        0.4919999837875366,
        2.687999963760376,
        1.9709999561309814,
        1.9739999771118164,
        2.1430001258850098,
        1.9739999771118164,
        3.24399995803833,
        1.9769999980926514,
        1.9210000038146973,
        1.9079999923706055,
        0.5019999742507935,
        0.699999988079071,
        1.9840000867843628,
        1.9840000867843628,
        3.4010000228881836,
        1.9140000343322754,
        0.706000030040741
    ],
    "Generations needed": 20,
    "Population 1": 197.22500610351563,
    "Population 10": 1719.81005859375,
    "Population 11": 1836.300048828125,
    "Population 12": 1620.18505859375,
    "Population 13": 1903.925048828125,
    "Population 14": 1832.844970703125,
    "Population 15": 1856.9100341796875,
    "Population 16": 1951.4949951171875,
    "Population 17": 1795.7049560546875,
    "Population 18": 1794.9200439453125,
    "Population 19": 1890.3800048828125,
    "Population 2": 760.3099975585938,
    "Population 3": 1112.4949951171875,
    "Population 4": 1347.43994140625,
    "Population 5": 1493.2550048828125,
    "Population 6": 1539.0550537109375,
    "Population 7": 1563.7249755859375,
    "Population 8": 1632.5699462890625,
    "Population 9": 1897.5,
    "start": "today"
}
