{
    "Champ at 1": 887.0,
    "Champ at 10": 2738.0,
    "Champ at 11": 2875.0,
    "Champ at 12": 3330.0,
    "Champ at 13": 3671.0,
    "Champ at 14": 3671.0,
    "Champ at 15": 3671.0,
    "Champ at 16": 3762.0,
    "Champ at 17": 3900.0,
    "Champ at 18": 3959.0,
    "Champ at 19": 3959.0,
    "Champ at 2": 1538.0,
    "Champ at 20": 4610.0,
    "Champ at 21": 4786.0,
    "Champ at 22": 4983.0,
    "Champ at 23": 4983.0,
    "Champ at 24": 4983.0,
    "Champ at 25": 4983.0,
    "Champ at 26": 4983.0,
    "Champ at 27": 5156.0,
    "Champ at 3": 1911.0,
    "Champ at 4": 2284.0,
    "Champ at 5": 2647.0,
    "Champ at 6": 2647.0,
    "Champ at 7": 2738.0,
    "Champ at 8": 2738.0,
    "Champ at 9": 2738.0,
    "ChampFitness": 5156.0,
    "ChampInputs": [
        1.8880000114440918,
        1.8880000114440918,
        1.8880000114440918,
        1.8910000324249268,
        1.8910000324249268,
        1.8910000324249268,
        2.991000175476074,
        1.8940000534057617,
        1.9490001201629639,
        1.8940000534057617,
        0.6040000319480896,
        1.8970000743865967,
        1.8970000743865967,
        1.9010000228881836,
        1.9010000228881836,
        2.624000072479248,
        1.9040000438690186,
        0.8399999737739563,
        1.9040000438690186,
        1.9040000438690186,
        1.2510000467300415,
        2.6110000610351563,
        1.906999945640564,
        1.8040000200271606,
        3.197999954223633,
        1.909999966621399,
        1.9140000343322754,
        2.5409998893737793,
        1.9140000343322754,
        1.9679999351501465,
        1.812999963760376,
        1.9169999361038208,
        2.5940001010894775,
        1.9200000762939453,
        1.5950000286102295,
        3.2210001945495605,
        1.9230000972747803,
        1.284999966621399,
        0.6299999952316284,
        1.9270000457763672,
        1.9270000457763672,
        1.9270000457763672,
        0.5090000033378601,
        2.556999921798706,
        0.5090000033378601,
        1.9300000667572021,
        0.5119999647140503,
        1.277999997138977,
        1.2980000972747803,
        1.937000036239624,
        1.937000036239624,
        2.6600000858306885,
        1.937000036239624,
        0.5189999938011169,
        1.940000057220459,
        2.569999933242798,
        1.9429999589920044,
        1.287000060081482,
        0.8789999485015869,
        1.9459999799728394,
        0.652999997138977,
        2.000999927520752,
        2.7059998512268066,
        1.2940000295639038,
        2.7090001106262207,
        1.9499999284744263,
        1.8489999771118164,
        1.9529999494552612,
        2.6760001182556152,
        1.9560000896453857,
        1.9560000896453857,
        1.8559999465942383,
        2.5870001316070557,
        2.680000066757202,
        1.9589998722076416,
        2.5900001525878906,
        0.6660000085830688,
        0.6690000295639038,
        1.309999942779541,
        1.9660000801086426,
        1.9660000801086426,
        2.690000057220459,
        1.968999981880188,
        1.8659999370574951,
        1.6439999341964722,
        1.972000002861023,
        1.3199999332427979,
        1.3199999332427979,
        1.3230000734329224,
        0.6819999814033508,
        0.5550000071525574,
        1.6500000953674316,
        2.6059999465942383,
        2.734999895095825,
        2.6100001335144043,
        0.5609999895095825,
        1.9819999933242798,
        1.9819999933242798,
        1.9819999933242798,
        1.9859999418258667
    ],
    "Generations needed": 28,
    "Population 1": 215.52000427246094,
    "Population 10": 1580.27001953125,
    "Population 11": 1565.574951171875,
    "Population 12": 1493.875,
    "Population 13": 1631.6650390625,
    "Population 14": 1602.93505859375,
    "Population 15": 1706.300048828125,
    "Population 16": 1696.719970703125,
    "Population 17": 1739.824951171875,
    "Population 18": 1905.7550048828125,
    "Population 19": 1823.8699951171875,
    "Population 2": 763.2849731445313,
    "Population 20": 1753.594970703125,
    "Population 21": 1855.31494140625,
    "Population 22": 2027.7550048828125,
    "Population 23": 2067.68505859375,
    "Population 24": 1935.6700439453125,
    "Population 25": 1831.094970703125,
    "Population 26": 1816.10498046875,
    "Population 27": 2013.18994140625,
    "Population 3": 1132.3199462890625,
    "Population 4": 1367.56005859375,
    "Population 5": 1536.5899658203125,
    "Population 6": 1457.8349609375,
    "Population 7": 1579.2750244140625,
    "Population 8": 1585.969970703125,
    "Population 9": 1535.5899658203125,
    "start": "today"
}
