{
    "Champ at 1": 805.0,
    "Champ at 10": 3762.0,
    "Champ at 11": 3762.0,
    "Champ at 12": 3762.0,
    "Champ at 13": 3959.0,
    "Champ at 14": 3959.0,
    "Champ at 15": 4507.0,
    "Champ at 16": 4548.0,
    "Champ at 17": 4548.0,
    "Champ at 18": 4695.0,
    "Champ at 19": 4695.0,
    "Champ at 2": 1283.0,
    "Champ at 20": 4786.0,
    "Champ at 21": 4786.0,
    "Champ at 22": 4786.0,
    "Champ at 23": 4786.0,
    "Champ at 24": 4786.0,
    "Champ at 25": 4786.0,
    "Champ at 26": 4786.0,
    "Champ at 27": 4860.0,
    "Champ at 28": 4860.0,
    "Champ at 29": 4983.0,
    "Champ at 3": 1714.0,
    "Champ at 30": 4983.0,
    "Champ at 31": 5187.0,
    "Champ at 4": 1846.0,
    "Champ at 5": 1911.0,
    "Champ at 6": 2030.0,
    "Champ at 7": 2860.0,
    "Champ at 8": 3671.0,
    "Champ at 9": 3671.0,
    "ChampFitness": 5187.0,
    "ChampInputs": [
        1.805999994277954,
        1.8089998960494995,
        1.8089998960494995,
        1.812999963760376,
        1.8830000162124634,
        1.7960000038146973,
        3.6419999599456787,
        1.819000005722046,
        1.8899999856948853,
        2.7869999408721924,
        1.8220000267028809,
        1.8930000066757202,
        1.8289999961853027,
        1.7120001316070557,
        1.8320000171661377,
        0.9170000553131104,
        1.8089998960494995,
        0.9200000166893005,
        0.9200000166893005,
        0.9240000247955322,
        1.8420000076293945,
        1.8420000076293945,
        1.84499990940094,
        1.84499990940094,
        1.8489999771118164,
        3.05400013923645,
        1.9089999198913574,
        0.9300000071525574,
        1.9089999198913574,
        1.8580000400543213,
        1.9130001068115234,
        1.8619999885559082,
        0.33899998664855957,
        1.8650000095367432,
        1.6680001020431519,
        0.34200000762939453,
        1.8680000305175781,
        0.8380000591278076,
        1.7380000352859497,
        2.3550000190734863,
        2.3580000400543213,
        1.8320000171661377,
        0.6129999756813049,
        1.4789999723434448,
        1.7450000047683716,
        0.6159999966621399,
        0.4690000116825104,
        0.8550000190734863,
        3.0739998817443848,
        2.375999927520752,
        1.8940000534057617,
        1.8940000534057617,
        1.755000114440918,
        1.9010000228881836,
        1.4890000820159912,
        1.9040000438690186,
        1.4920001029968262,
        1.906999945640564,
        1.906999945640564,
        1.694000005722046,
        0.6319999694824219,
        3.697000026702881,
        1.499000072479248,
        1.7009999752044678,
        0.968999981880188,
        3.0180001258850098,
        0.6389999985694885,
        0.4919999837875366,
        0.8810000419616699,
        1.9270000457763672,
        3.0250000953674316,
        1.9300000667572021,
        1.9329999685287476,
        0.8869999647140503,
        2.4149999618530273,
        2.4179999828338623,
        1.940000057220459,
        1.940000057220459,
        0.8939999938011169,
        1.9459999799728394,
        1.9459999799728394,
        0.5080000162124634,
        1.9499999284744263,
        1.9529999494552612,
        2.3999998569488525,
        1.5219999551773071,
        2.861999988555908,
        2.865000009536743,
        0.39800000190734863,
        0.9920000433921814,
        0.9960000514984131,
        0.9139999747276306,
        2.4070000648498535,
        0.9170000553131104,
        1.975000023841858,
        2.4140000343322754,
        0.527999997138977,
        3.122000217437744,
        1.0019999742507935,
        3.122000217437744
    ],
    "Generations needed": 32,
    "Population 1": 210.80999755859375,
    "Population 10": 1835.31494140625,
    "Population 11": 1777.760009765625,
    "Population 12": 1713.1199951171875,
    "Population 13": 1903.344970703125,
    "Population 14": 1783.47998046875,
    "Population 15": 1697.7850341796875,
    "Population 16": 1888.2650146484375,
    "Population 17": 1942.8349609375,
    "Population 18": 1686.1199951171875,
    "Population 19": 1767.4749755859375,
    "Population 2": 726.0349731445313,
    "Population 20": 1845.824951171875,
    "Population 21": 1768.60498046875,
    "Population 22": 1887.3050537109375,
    "Population 23": 2003.6800537109375,
    "Population 24": 1886.0400390625,
    "Population 25": 1909.4949951171875,
    "Population 26": 1951.925048828125,
    "Population 27": 1853.27001953125,
    "Population 28": 1815.22998046875,
    "Population 29": 1937.43505859375,
    "Population 3": 1029.739990234375,
    "Population 30": 1871.5250244140625,
    "Population 31": 1879.1300048828125,
    "Population 4": 1246.1500244140625,
    "Population 5": 1322.9849853515625,
    "Population 6": 1334.5550537109375,
    "Population 7": 1319.4849853515625,
    "Population 8": 1582.7850341796875,
    "Population 9": 1737.8349609375,
    "start": "today"
}
