{
    "Champ at 1": 822.0,
    "Champ at 10": 2738.0,
    "Champ at 11": 2843.0,
    "Champ at 12": 2935.0,
    "Champ at 13": 3899.0,
    "Champ at 14": 4354.0,
    "Champ at 15": 4354.0,
    "Champ at 16": 4354.0,
    "Champ at 17": 4354.0,
    "Champ at 18": 4354.0,
    "Champ at 19": 4354.0,
    "Champ at 2": 887.0,
    "Champ at 20": 4354.0,
    "Champ at 21": 4354.0,
    "Champ at 22": 4354.0,
    "Champ at 23": 4354.0,
    "Champ at 24": 4695.0,
    "Champ at 25": 4695.0,
    "Champ at 26": 4695.0,
    "Champ at 27": 4695.0,
    "Champ at 28": 4695.0,
    "Champ at 29": 4983.0,
    "Champ at 3": 887.0,
    "Champ at 30": 4983.0,
    "Champ at 31": 4983.0,
    "Champ at 32": 4983.0,
    "Champ at 33": 4983.0,
    "Champ at 34": 4983.0,
    "Champ at 35": 4983.0,
    "Champ at 36": 4983.0,
    "Champ at 37": 4983.0,
    "Champ at 38": 4983.0,
    "Champ at 39": 4983.0,
    "Champ at 4": 1285.0,
    "Champ at 40": 5143.0,
    "Champ at 5": 1538.0,
    "Champ at 6": 1840.0,
    "Champ at 7": 1911.0,
    "Champ at 8": 1911.0,
    "Champ at 9": 2738.0,
    "ChampFitness": 5143.0,
    "ChampInputs": [
        1.7980000972747803,
        1.9589998722076416,
        1.8529999256134033,
        1.8529999256134033,
        1.8559999465942383,
        1.8559999465942383,
        3.3410000801086426,
        1.8600000143051147,
        1.8629999160766602,
        1.8629999160766602,
        1.8659999370574951,
        1.8659999370574951,
        0.390999972820282,
        1.8690000772476196,
        1.8690000772476196,
        3.5260000228881836,
        1.872999906539917,
        1.8760000467300415,
        1.9639999866485596,
        0.4039999842643738,
        0.07899999618530273,
        1.9670000076293945,
        2.071000099182129,
        1.4749999046325684,
        0.08299999684095383,
        1.9739999771118164,
        1.9769999980926514,
        0.8690000176429749,
        1.9800000190734863,
        0.08900000154972076,
        0.09200000017881393,
        2.0810000896453857,
        0.4269999861717224,
        1.9869999885559082,
        1.9869999885559082,
        1.9910000562667847,
        0.0989999994635582,
        0.43699997663497925,
        0.8820000290870667,
        1.996999979019165,
        2.6530001163482666,
        0.44300001859664917,
        2.0939998626708984,
        1.5139999389648438,
        2.0970001220703125,
        0.06399999558925629,
        2.0970001220703125,
        2.009999990463257,
        2.1529998779296875,
        2.009999990463257,
        2.013000011444092,
        0.6690000295639038,
        2.007999897003174,
        2.0160000324249268,
        0.675000011920929,
        3.5940001010894775,
        1.5410000085830688,
        0.07400000095367432,
        2.0260000228881836,
        2.0260000228881836,
        3.805999994277954,
        2.1659998893737793,
        2.0329999923706055,
        1.553999900817871,
        2.0360000133514404,
        2.0360000133514404,
        2.0390000343322754,
        2.0390000343322754,
        0.08699999749660492,
        2.174999952316284,
        2.0420000553131104,
        0.08999999612569809,
        2.0460000038146973,
        2.0490000247955322,
        2.0299999713897705,
        2.052000045776367,
        1.5759999752044678,
        2.055999994277954,
        2.055999994277954,
        0.9210000038146973,
        2.059000015258789,
        9.652999877929688,
        3.63700008392334,
        2.062000036239624,
        2.065000057220459,
        0.10300000011920929,
        2.069000005722046,
        3.4720001220703125,
        0.1510000079870224,
        0.9309999942779541,
        2.075000047683716,
        2.74399995803833,
        0.10999999940395355,
        3.4779999256134033,
        2.0820000171661377,
        2.754000186920166,
        2.0850000381469727,
        0.7410000562667847,
        0.16100001335144043,
        2.0880000591278076
    ],
    "Generations needed": 41,
    "Population 1": 201.75,
    "Population 10": 1564.050048828125,
    "Population 11": 1646.1199951171875,
    "Population 12": 1460.0799560546875,
    "Population 13": 1719.4200439453125,
    "Population 14": 1847.4300537109375,
    "Population 15": 1779.6650390625,
    "Population 16": 1868.60498046875,
    "Population 17": 2010.43994140625,
    "Population 18": 1753.5849609375,
    "Population 19": 1841.6650390625,
    "Population 2": 692.8150024414063,
    "Population 20": 1900.4649658203125,
    "Population 21": 1690.574951171875,
    "Population 22": 1762.81494140625,
    "Population 23": 1654.6949462890625,
    "Population 24": 1747.949951171875,
    "Population 25": 1724.074951171875,
    "Population 26": 1747.050048828125,
    "Population 27": 1619.6099853515625,
    "Population 28": 1732.3050537109375,
    "Population 29": 1716.594970703125,
    "Population 3": 759.7899780273438,
    "Population 30": 2026.97998046875,
    "Population 31": 1890.6400146484375,
    "Population 32": 1801.594970703125,
    "Population 33": 1835.949951171875,
    "Population 34": 1973.9549560546875,
    "Population 35": 1849.9449462890625,
    "Population 36": 1944.719970703125,
    "Population 37": 1805.2900390625,
    "Population 38": 1735.8800048828125,
    "Population 39": 1939.81005859375,
    "Population 4": 781.7449951171875,
    "Population 40": 1854.2249755859375,
    "Population 5": 990.864990234375,
    "Population 6": 1221.8800048828125,
    "Population 7": 1246.094970703125,
    "Population 8": 1309.1650390625,
    "Population 9": 1313.1199951171875,
    "start": "today"
}
