{
    "Champ at 1": 829.0,
    "Champ at 10": 4323.0,
    "Champ at 11": 4354.0,
    "Champ at 12": 4354.0,
    "Champ at 13": 4354.0,
    "Champ at 14": 4354.0,
    "Champ at 15": 4354.0,
    "Champ at 16": 4354.0,
    "Champ at 17": 4354.0,
    "Champ at 18": 4354.0,
    "Champ at 19": 4695.0,
    "Champ at 2": 1270.0,
    "Champ at 20": 4786.0,
    "Champ at 21": 4786.0,
    "Champ at 22": 4786.0,
    "Champ at 23": 4786.0,
    "Champ at 24": 4786.0,
    "Champ at 25": 4786.0,
    "Champ at 26": 4786.0,
    "Champ at 27": 5131.0,
    "Champ at 3": 2280.0,
    "Champ at 4": 2878.0,
    "Champ at 5": 3054.0,
    "Champ at 6": 3762.0,
    "Champ at 7": 3959.0,
    "Champ at 8": 3959.0,
    "Champ at 9": 3959.0,
    "ChampFitness": 5131.0,
    "ChampInputs": [
        1.8600000143051147,
        1.8600000143051147,
        1.8629999160766602,
        1.8629999160766602,
        1.8669999837875366,
        1.8669999837875366,
        2.942999839782715,
        1.8700001239776611,
        1.872999906539917,
        2.5180001258850098,
        1.8760000467300415,
        1.8760000467300415,
        1.8799998760223389,
        1.8799998760223389,
        2.9559998512268066,
        1.812999963760376,
        0.5389999747276306,
        0.038999997079372406,
        1.8889999389648438,
        1.8889999389648438,
        1.8930000066757202,
        0.5460000038146973,
        1.8960000276565552,
        1.8229999542236328,
        1.8989999294281006,
        2.569999933242798,
        0.5490000247955322,
        1.9019999504089355,
        1.9059998989105225,
        2.572999954223633,
        1.9089999198913574,
        1.6050000190734863,
        0.390999972820282,
        0.390999972820282,
        1.6079999208450317,
        1.6110000610351563,
        0.5590000152587891,
        1.9190000295639038,
        1.9220000505447388,
        1.7100000381469727,
        3.5249998569488525,
        1.6180000305175781,
        1.9290000200271606,
        1.621000051498413,
        1.9320000410079956,
        3.005000114440918,
        1.934999942779541,
        1.7170000076293945,
        2.556999921798706,
        1.937999963760376,
        1.941999912261963,
        2.5960001945495605,
        9.055000305175781,
        1.9449999332427979,
        0.578000009059906,
        1.9480000734329224,
        0.5820000171661377,
        1.7299998998641968,
        0.5849999785423279,
        0.0949999988079071,
        1.9580000638961792,
        1.9580000638961792,
        2.6059999465942383,
        9.07800006866455,
        0.4230000078678131,
        1.965000033378601,
        0.10499999672174454,
        1.7400000095367432,
        0.4300000071525574,
        1.9709999561309814,
        1.8680000305175781,
        1.9739999771118164,
        1.7430000305175781,
        1.9779999256134033,
        1.9809999465942383,
        1.9809999465942383,
        1.9840000867843628,
        1.9840000867843628,
        1.878000020980835,
        1.8809999227523804,
        1.9869999885559082,
        1.9910000562667847,
        1.9910000562667847,
        1.99399995803833,
        9.121000289916992,
        1.996999979019165,
        1.996999979019165,
        2.0,
        2.0,
        2.003999948501587,
        2.003999948501587,
        2.006999969482422,
        2.006999969482422,
        0.6179999709129333,
        0.14399999380111694,
        2.013000011444092,
        2.013000011444092,
        2.0169999599456787,
        1.7690000534057617,
        9.14699935913086
    ],
    "Generations needed": 28,
    "Population 1": 195.1300048828125,
    "Population 10": 1846.699951171875,
    "Population 11": 1721.81494140625,
    "Population 12": 1742.43505859375,
    "Population 13": 1805.68505859375,
    "Population 14": 1899.489990234375,
    "Population 15": 1741.4649658203125,
    "Population 16": 1823.135009765625,
    "Population 17": 1865.52001953125,
    "Population 18": 1936.7349853515625,
    "Population 19": 1893.1199951171875,
    "Population 2": 723.5700073242188,
    "Population 20": 1953.2449951171875,
    "Population 21": 1906.280029296875,
    "Population 22": 2015.6199951171875,
    "Population 23": 1855.4949951171875,
    "Population 24": 1797.2249755859375,
    "Population 25": 1942.094970703125,
    "Population 26": 1940.864990234375,
    "Population 27": 1993.8299560546875,
    "Population 3": 993.3250122070313,
    "Population 4": 1525.43994140625,
    "Population 5": 1719.949951171875,
    "Population 6": 1599.1700439453125,
    "Population 7": 1879.739990234375,
    "Population 8": 1930.2900390625,
    "Population 9": 1759.3699951171875,
    "start": "today"
}
