{
    "Champ at 1": 828.0,
    "Champ at 10": 2030.0,
    "Champ at 11": 2306.0,
    "Champ at 12": 2647.0,
    "Champ at 13": 2871.0,
    "Champ at 14": 3447.0,
    "Champ at 15": 3447.0,
    "Champ at 16": 3447.0,
    "Champ at 17": 3586.0,
    "Champ at 18": 3671.0,
    "Champ at 19": 3671.0,
    "Champ at 2": 887.0,
    "Champ at 20": 3671.0,
    "Champ at 21": 3671.0,
    "Champ at 22": 3762.0,
    "Champ at 23": 3803.0,
    "Champ at 24": 3900.0,
    "Champ at 25": 3959.0,
    "Champ at 26": 3959.0,
    "Champ at 27": 4322.0,
    "Champ at 28": 4471.0,
    "Champ at 29": 4610.0,
    "Champ at 3": 887.0,
    "Champ at 30": 4884.0,
    "Champ at 31": 4896.0,
    "Champ at 32": 4896.0,
    "Champ at 33": 4896.0,
    "Champ at 34": 5186.0,
    "Champ at 4": 1265.0,
    "Champ at 5": 1714.0,
    "Champ at 6": 1714.0,
    "Champ at 7": 1714.0,
    "Champ at 8": 1714.0,
    "Champ at 9": 1714.0,
    "ChampFitness": 5186.0,
    "ChampInputs": [
        1.8619999885559082,
        1.8550000190734863,
        1.8580000400543213,
        1.9390000104904175,
        1.8650000095367432,
        1.8680000305175781,
        2.875,
        1.8680000305175781,
        2.8289999961853027,
        1.8709999322891235,
        1.875,
        1.875,
        1.5839999914169312,
        1.9959999322891235,
        2.8420000076293945,
        1.9550000429153442,
        0.6729999780654907,
        1.9589998722076416,
        2.002000093460083,
        1.8840000629425049,
        2.002000093460083,
        1.593999981880188,
        2.00600004196167,
        2.9539999961853027,
        2.0139999389648438,
        0.33100003004074097,
        1.6009999513626099,
        2.957000255584717,
        1.2020000219345093,
        2.9600000381469727,
        1.2919999361038208,
        1.9040000438690186,
        2.0810000896453857,
        0.3440000116825104,
        1.9040000438690186,
        1.9110000133514404,
        2.611999988555908,
        2.2170000076293945,
        0.6840000152587891,
        1.9110000133514404,
        1.4079999923706055,
        1.9140000343322754,
        2.618000030517578,
        2.9210000038146973,
        1.9169999361038208,
        1.9730000495910645,
        1.9200000762939453,
        1.9200000762939453,
        1.9239999055862427,
        1.9239999055862427,
        2.0399999618530273,
        1.9329999685287476,
        1.315000057220459,
        2.9069998264312744,
        2.046999931335449,
        2.937000036239624,
        1.9329999685287476,
        1.9429999589920044,
        1.4240000247955322,
        1.9470000267028809,
        1.2309999465942383,
        0.7190000414848328,
        1.6369999647140503,
        2.638000011444092,
        1.9429999589920044,
        2.24399995803833,
        1.434000015258789,
        2.1559998989105225,
        1.6429998874664307,
        2.25,
        1.9630000591278076,
        0.7170000076293945,
        1.24399995803833,
        2.253000020980835,
        2.694999933242798,
        2.6510000228881836,
        0.39900001883506775,
        1.959999918937683,
        1.3410000801086426,
        0.7360000014305115,
        0.7389999628067017,
        1.2540000677108765,
        1.9660000801086426,
        0.4089999794960022,
        2.6570000648498535,
        1.968999981880188,
        0.41200000047683716,
        2.7079999446868896,
        1.9730000495910645,
        3.0219998359680176,
        1.9859999418258667,
        3.0250000953674316,
        1.9789999723434448,
        1.3539999723434448,
        1.9819999933242798,
        1.9819999933242798,
        1.9859999418258667,
        0.7429999709129333,
        1.3609999418258667,
        1.9889999628067017
    ],
    "Generations needed": 35,
    "Population 1": 204.55499267578125,
    "Population 10": 1289.3900146484375,
    "Population 11": 1437.1099853515625,
    "Population 12": 1419.239990234375,
    "Population 13": 1571.6099853515625,
    "Population 14": 1665.68994140625,
    "Population 15": 1811.7249755859375,
    "Population 16": 1815.0150146484375,
    "Population 17": 1854.6700439453125,
    "Population 18": 1792.5899658203125,
    "Population 19": 1815.89501953125,
    "Population 2": 722.9550170898438,
    "Population 20": 1817.3349609375,
    "Population 21": 1656.5450439453125,
    "Population 22": 1809.64501953125,
    "Population 23": 1883.344970703125,
    "Population 24": 1956.114990234375,
    "Population 25": 1793.1949462890625,
    "Population 26": 1858.4100341796875,
    "Population 27": 1823.4150390625,
    "Population 28": 1928.8800048828125,
    "Population 29": 1779.1099853515625,
    "Population 3": 773.7449951171875,
    "Population 30": 1922.4100341796875,
    "Population 31": 1949.8599853515625,
    "Population 32": 2087.175048828125,
    "Population 33": 1903.56494140625,
    "Population 34": 2062.570068359375,
    "Population 4": 765.614990234375,
    "Population 5": 1022.905029296875,
    "Population 6": 1264.655029296875,
    "Population 7": 1198.844970703125,
    "Population 8": 1195.77001953125,
    "Population 9": 1270.2349853515625,
    "start": "today"
}
