{
    "Champ at 1": 887.0,
    "Champ at 10": 3762.0,
    "Champ at 11": 3762.0,
    "Champ at 12": 3762.0,
    "Champ at 13": 3890.0,
    "Champ at 14": 3959.0,
    "Champ at 15": 3959.0,
    "Champ at 16": 3959.0,
    "Champ at 17": 3959.0,
    "Champ at 18": 3959.0,
    "Champ at 19": 3959.0,
    "Champ at 2": 1274.0,
    "Champ at 20": 4544.0,
    "Champ at 21": 4610.0,
    "Champ at 22": 4695.0,
    "Champ at 23": 4983.0,
    "Champ at 24": 4983.0,
    "Champ at 25": 4983.0,
    "Champ at 26": 4983.0,
    "Champ at 27": 4983.0,
    "Champ at 28": 4983.0,
    "Champ at 29": 4983.0,
    "Champ at 3": 1911.0,
    "Champ at 30": 4983.0,
    "Champ at 31": 4983.0,
    "Champ at 32": 5156.0,
    "Champ at 4": 2863.0,
    "Champ at 5": 2935.0,
    "Champ at 6": 3313.0,
    "Champ at 7": 3447.0,
    "Champ at 8": 3447.0,
    "Champ at 9": 3762.0,
    "ChampFitness": 5156.0,
    "ChampInputs": [
        1.8860000371932983,
        1.8860000371932983,
        1.8899999856948853,
        1.8899999856948853,
        1.8899999856948853,
        1.8930000066757202,
        1.8930000066757202,
        0.8899999856948853,
        1.850000023841858,
        0.8320000171661377,
        1.8960000276565552,
        1.8989999294281006,
        1.8989999294281006,
        1.8989999294281006,
        1.8989999294281006,
        1.902999997138977,
        1.902999997138977,
        1.4129998683929443,
        1.84499990940094,
        0.30400002002716064,
        1.9059998989105225,
        1.9089999198913574,
        1.9089999198913574,
        1.9580000638961792,
        1.9620000123977661,
        1.912000060081482,
        2.7100000381469727,
        1.9159998893737793,
        0.5379999876022339,
        1.9159998893737793,
        2.126999855041504,
        1.9190000295639038,
        1.9779999256134033,
        1.9190000295639038,
        1.9850001335144043,
        1.8639999628067017,
        1.0800000429153442,
        1.9259999990463257,
        1.4359999895095825,
        1.0859999656677246,
        1.9259999990463257,
        1.9980000257492065,
        1.8919999599456787,
        1.8949999809265137,
        1.9320000410079956,
        3.063000202178955,
        1.9320000410079956,
        1.934999942779541,
        0.5609999895095825,
        1.446000099182129,
        1.9390000104904175,
        0.8739999532699585,
        1.9390000104904175,
        0.3400000333786011,
        2.739000082015991,
        1.912000060081482,
        3.072999954223633,
        1.9449999332427979,
        2.746000051498413,
        1.1060000658035278,
        2.7690000534057617,
        1.9480000734329224,
        2.748999834060669,
        1.9519999027252197,
        2.752000093460083,
        2.0429999828338623,
        1.9249999523162842,
        1.9550000429153442,
        1.9550000429153442,
        2.052999973297119,
        1.1150000095367432,
        2.7779998779296875,
        1.9580000638961792,
        1.472000002861023,
        1.9609999656677246,
        5.184999465942383,
        1.965000033378601,
        2.171999931335449,
        1.965000033378601,
        3.0959999561309814,
        1.9679999351501465,
        1.9679999351501465,
        0.3659999966621399,
        1.9480000734329224,
        2.181999921798706,
        2.7950000762939453,
        1.975000023841858,
        1.9509999752044678,
        3.1050000190734863,
        1.9779999256134033,
        1.9779999256134033,
        1.9200000762939453,
        1.9779999256134033,
        2.1019999980926514,
        3.111999988555908,
        1.4910000562667847,
        1.9639999866485596,
        1.9670000076293945,
        5.208000183105469,
        0.9810000061988831
    ],
    "Generations needed": 33,
    "Population 1": 195.13999938964844,
    "Population 10": 1748.824951171875,
    "Population 11": 1648.2750244140625,
    "Population 12": 1567.9549560546875,
    "Population 13": 1737.239990234375,
    "Population 14": 1686.6199951171875,
    "Population 15": 1771.905029296875,
    "Population 16": 1749.7149658203125,
    "Population 17": 1649.8050537109375,
    "Population 18": 1669.594970703125,
    "Population 19": 1599.2950439453125,
    "Population 2": 753.9500122070313,
    "Population 20": 1797.8599853515625,
    "Population 21": 1982.8349609375,
    "Population 22": 1754.9949951171875,
    "Population 23": 1753.1650390625,
    "Population 24": 1773.0699462890625,
    "Population 25": 1538.1099853515625,
    "Population 26": 1731.4949951171875,
    "Population 27": 1693.030029296875,
    "Population 28": 1830.280029296875,
    "Population 29": 1829.364990234375,
    "Population 3": 988.030029296875,
    "Population 30": 1858.4150390625,
    "Population 31": 1780.4000244140625,
    "Population 32": 1739.0799560546875,
    "Population 4": 1284.7850341796875,
    "Population 5": 1523.1700439453125,
    "Population 6": 1606.8299560546875,
    "Population 7": 1471.93505859375,
    "Population 8": 1545.43994140625,
    "Population 9": 1618.594970703125,
    "start": "today"
}
