{
    "Champ at 1": 887.0,
    "Champ at 10": 2935.0,
    "Champ at 11": 3299.0,
    "Champ at 12": 3330.0,
    "Champ at 13": 3330.0,
    "Champ at 14": 3586.0,
    "Champ at 15": 3586.0,
    "Champ at 16": 3586.0,
    "Champ at 17": 3671.0,
    "Champ at 18": 3671.0,
    "Champ at 19": 3762.0,
    "Champ at 2": 1258.0,
    "Champ at 20": 3959.0,
    "Champ at 21": 3959.0,
    "Champ at 22": 3959.0,
    "Champ at 23": 4354.0,
    "Champ at 24": 4354.0,
    "Champ at 25": 4354.0,
    "Champ at 26": 4354.0,
    "Champ at 27": 4354.0,
    "Champ at 28": 4354.0,
    "Champ at 29": 4354.0,
    "Champ at 3": 1911.0,
    "Champ at 30": 4354.0,
    "Champ at 31": 5165.0,
    "Champ at 4": 2300.0,
    "Champ at 5": 2306.0,
    "Champ at 6": 2877.0,
    "Champ at 7": 2935.0,
    "Champ at 8": 2935.0,
    "Champ at 9": 2935.0,
    "ChampFitness": 5165.0,
    "ChampInputs": [
        1.8870000839233398,
        1.8899999856948853,
        1.8899999856948853,
        1.8930000066757202,
        1.8930000066757202,
        1.8960000276565552,
        0.5920000076293945,
        1.8960000276565552,
        1.8960000276565552,
        1.899999976158142,
        1.0800000429153442,
        1.899999976158142,
        1.902999997138977,
        1.902999997138977,
        1.902999997138977,
        1.9059998989105225,
        1.9059998989105225,
        0.3020000159740448,
        0.4230000078678131,
        0.3059999942779541,
        1.909999966621399,
        1.9130001068115234,
        0.5009999871253967,
        1.9130001068115234,
        1.9159998893737793,
        1.9159998893737793,
        1.9159998893737793,
        1.690999984741211,
        0.5110000371932983,
        1.9190000295639038,
        0.4359999895095825,
        1.9230000972747803,
        1.9230000972747803,
        0.4390000104904175,
        2.562999963760376,
        1.9259999990463257,
        1.999000072479248,
        1.8799998760223389,
        1.9290000200271606,
        2.556999921798706,
        2.002000093460083,
        0.4350000023841858,
        2.9499998092651367,
        0.6639999747276306,
        0.5410000085830688,
        1.9390000104904175,
        1.9390000104904175,
        1.9390000104904175,
        1.9390000104904175,
        2.0149998664855957,
        0.5110000371932983,
        2.569999933242798,
        1.9449999332427979,
        1.9449999332427979,
        1.9449999332427979,
        1.9490001201629639,
        1.9490001201629639,
        0.5600000023841858,
        1.9519999027252197,
        1.1330000162124634,
        1.9519999027252197,
        1.9550000429153442,
        1.9550000429153442,
        1.9550000429153442,
        2.9730000495910645,
        1.9589998722076416,
        1.9589998722076416,
        1.9620000123977661,
        0.46799999475479126,
        2.0379998683929443,
        1.965000033378601,
        2.63700008392334,
        2.0440001487731934,
        1.9679999351501465,
        0.5339999794960022,
        1.9679999351501465,
        2.6469998359680176,
        2.985999822616577,
        1.972000002861023,
        2.985999822616577,
        0.5400000214576721,
        2.990000009536743,
        0.6029999852180481,
        2.615000009536743,
        0.6060000061988831,
        1.9779999256134033,
        2.61899995803833,
        1.9809999465942383,
        1.9809999465942383,
        2.621999979019165,
        1.7569999694824219,
        1.7569999694824219,
        0.5009999871253967,
        1.9879999160766602,
        2.0769999027252197,
        0.5569999814033508,
        3.8330001831054688,
        1.9910000562667847,
        1.99399995803833,
        1.99399995803833
    ],
    "Generations needed": 32,
    "Population 1": 202.38499450683594,
    "Population 10": 1545.18505859375,
    "Population 11": 1490.9150390625,
    "Population 12": 1615.18994140625,
    "Population 13": 1598.989990234375,
    "Population 14": 1647.0150146484375,
    "Population 15": 1609.93994140625,
    "Population 16": 1632.5400390625,
    "Population 17": 1685.5849609375,
    "Population 18": 1600.3499755859375,
    "Population 19": 1744.0400390625,
    "Population 2": 755.3599853515625,
    "Population 20": 1597.7750244140625,
    "Population 21": 1630.56005859375,
    "Population 22": 1669.0250244140625,
    "Population 23": 1710.7049560546875,
    "Population 24": 1719.3050537109375,
    "Population 25": 1833.3499755859375,
    "Population 26": 1770.655029296875,
    "Population 27": 1736.5,
    "Population 28": 1606.1199951171875,
    "Population 29": 1648.8299560546875,
    "Population 3": 993.905029296875,
    "Population 30": 1672.43994140625,
    "Population 31": 1676.614990234375,
    "Population 4": 1280.800048828125,
    "Population 5": 1398.7049560546875,
    "Population 6": 1419.800048828125,
    "Population 7": 1467.43505859375,
    "Population 8": 1610.530029296875,
    "Population 9": 1472.22998046875,
    "start": "today"
}
