{
    "Champ at 1": 819.0,
    "Champ at 10": 3859.0,
    "Champ at 11": 3859.0,
    "Champ at 12": 4078.0,
    "Champ at 13": 4610.0,
    "Champ at 14": 4610.0,
    "Champ at 15": 4610.0,
    "Champ at 16": 4695.0,
    "Champ at 17": 4786.0,
    "Champ at 18": 4838.0,
    "Champ at 19": 4838.0,
    "Champ at 2": 1273.0,
    "Champ at 20": 4983.0,
    "Champ at 21": 4983.0,
    "Champ at 22": 4983.0,
    "Champ at 23": 4983.0,
    "Champ at 24": 4983.0,
    "Champ at 25": 4983.0,
    "Champ at 26": 4983.0,
    "Champ at 27": 4983.0,
    "Champ at 28": 4983.0,
    "Champ at 29": 4983.0,
    "Champ at 3": 1538.0,
    "Champ at 30": 4983.0,
    "Champ at 31": 4983.0,
    "Champ at 32": 5138.0,
    "Champ at 4": 1911.0,
    "Champ at 5": 2562.0,
    "Champ at 6": 2875.0,
    "Champ at 7": 2935.0,
    "Champ at 8": 3447.0,
    "Champ at 9": 3762.0,
    "ChampFitness": 5138.0,
    "ChampInputs": [
        1.8369998931884766,
        1.840000033378601,
        1.843000054359436,
        1.843000054359436,
        1.8459999561309814,
        1.8459999561309814,
        3.1740000247955322,
        1.850000023841858,
        1.850000023841858,
        2.1440000534057617,
        2.2190001010894775,
        2.1470000743865967,
        1.8559999465942383,
        1.8559999465942383,
        2.1510000228881836,
        1.190999984741211,
        1.8589999675750732,
        2.5440001487731934,
        1.8629999160766602,
        1.8659999370574951,
        1.8659999370574951,
        1.8659999370574951,
        1.8690000772476196,
        1.871999979019165,
        1.1080000400543213,
        2.2750000953674316,
        1.8790000677108765,
        2.202000141143799,
        1.8700001239776611,
        1.722999930381775,
        1.8889999389648438,
        1.872999906539917,
        3.194999933242798,
        2.2849998474121094,
        1.877000093460083,
        1.8799998760223389,
        2.062000036239624,
        0.1899999976158142,
        1.90500009059906,
        1.7330000400543213,
        1.8830000162124634,
        0.46399998664855957,
        2.82099986076355,
        7.888000011444092,
        2.0789999961853027,
        1.8899999856948853,
        7.892000198364258,
        7.892000198364258,
        7.894999980926514,
        1.9279999732971191,
        0.2160000056028366,
        1.934000015258789,
        1.934000015258789,
        2.260999917984009,
        1.899999976158142,
        1.9410001039505005,
        3.2360000610351563,
        1.9480000734329224,
        1.9480000734329224,
        2.5870001316070557,
        1.9539999961853027,
        0.48399999737739563,
        1.9570000171661377,
        2.115000009536743,
        2.8439998626708984,
        2.241999864578247,
        2.8470001220703125,
        1.7589999437332153,
        2.244999885559082,
        2.2779998779296875,
        1.9739999771118164,
        7.918000221252441,
        1.7659999132156372,
        2.2840001583099365,
        1.9830000400543213,
        1.9869999885559082,
        0.2580000162124634,
        1.7690000534057617,
        1.1640000343322754,
        2.3299999237060547,
        1.7760000228881836,
        2.6100001335144043,
        3.24399995803833,
        1.1670000553131104,
        1.7790000438690186,
        1.9290000200271606,
        2.1570000648498535,
        2.009999990463257,
        2.013000011444092,
        1.2860000133514404,
        2.869999885559082,
        1.2890000343322754,
        2.1670000553131104,
        2.0230000019073486,
        2.2709999084472656,
        2.172999858856201,
        2.0290000438690186,
        2.177000045776367,
        2.179999828338623,
        2.0390000343322754
    ],
    "Generations needed": 33,
    "Population 1": 205.63499450683594,
    "Population 10": 1913.6949462890625,
    "Population 11": 1825.56494140625,
    "Population 12": 1685.489990234375,
    "Population 13": 1919.4949951171875,
    "Population 14": 1990.530029296875,
    "Population 15": 1863.219970703125,
    "Population 16": 1822.64501953125,
    "Population 17": 1863.5450439453125,
    "Population 18": 1912.3900146484375,
    "Population 19": 1920.8499755859375,
    "Population 2": 729.7949829101563,
    "Population 20": 1962.614990234375,
    "Population 21": 2073.909912109375,
    "Population 22": 1848.18994140625,
    "Population 23": 2028.5,
    "Population 24": 2135.72998046875,
    "Population 25": 1874.530029296875,
    "Population 26": 2171.22998046875,
    "Population 27": 1849.8050537109375,
    "Population 28": 1904.5899658203125,
    "Population 29": 1971.375,
    "Population 3": 1012.844970703125,
    "Population 30": 2039.760009765625,
    "Population 31": 1891.260009765625,
    "Population 32": 2020.1949462890625,
    "Population 4": 1143.114990234375,
    "Population 5": 1322.7650146484375,
    "Population 6": 1619.52001953125,
    "Population 7": 1602.5250244140625,
    "Population 8": 1595.125,
    "Population 9": 1751.969970703125,
    "start": "today"
}
