{
    "Champ at 1": 887.0,
    "Champ at 10": 3671.0,
    "Champ at 11": 3671.0,
    "Champ at 12": 3762.0,
    "Champ at 13": 4610.0,
    "Champ at 14": 4786.0,
    "Champ at 15": 4786.0,
    "Champ at 16": 4786.0,
    "Champ at 17": 4786.0,
    "Champ at 18": 4786.0,
    "Champ at 19": 4786.0,
    "Champ at 2": 994.0,
    "Champ at 20": 4983.0,
    "Champ at 21": 4983.0,
    "Champ at 22": 5132.0,
    "Champ at 3": 1538.0,
    "Champ at 4": 1854.0,
    "Champ at 5": 1911.0,
    "Champ at 6": 2935.0,
    "Champ at 7": 3296.0,
    "Champ at 8": 3447.0,
    "Champ at 9": 3447.0,
    "ChampFitness": 5132.0,
    "ChampInputs": [
        1.837999939918518,
        1.8930000066757202,
        1.8930000066757202,
        1.7769999504089355,
        1.8960000276565552,
        1.8960000276565552,
        3.2060000896453857,
        1.8989999294281006,
        1.8989999294281006,
        0.390999972820282,
        2.0929999351501465,
        1.902999997138977,
        1.902999997138977,
        1.9059998989105225,
        1.9059998989105225,
        2.4539999961853027,
        1.9089999198913574,
        2.4570000171661377,
        2.0999999046325684,
        1.9089999198913574,
        2.2950000762939453,
        1.912000060081482,
        1.912000060081482,
        2.4630000591278076,
        1.9159998893737793,
        2.937000036239624,
        1.7910001277923584,
        1.596000075340271,
        2.3510000705718994,
        1.7970000505447388,
        2.11299991607666,
        2.944000005722046,
        1.9249999523162842,
        1.9249999523162842,
        2.7929999828338623,
        1.9249999523162842,
        1.9290000200271606,
        1.9290000200271606,
        1.8040000200271606,
        1.8070000410079956,
        0.753000020980835,
        1.9320000410079956,
        1.6130000352859497,
        1.934999942779541,
        2.318000078201294,
        1.937999963760376,
        1.937999963760376,
        1.937999963760376,
        1.941999912261963,
        2.490000009536743,
        0.7630000114440918,
        1.941999912261963,
        1.9449999332427979,
        1.621999979019165,
        2.9670000076293945,
        1.9480000734329224,
        1.9480000734329224,
        1.9480000734329224,
        2.9699997901916504,
        1.9519999027252197,
        1.628999948501587,
        2.1419999599456787,
        1.6320000886917114,
        0.7760000228881836,
        1.6349999904632568,
        1.8330000638961792,
        1.9580000638961792,
        1.9580000638961792,
        3.264000177383423,
        1.9609999656677246,
        0.7829999923706055,
        1.965000033378601,
        1.965000033378601,
        1.965000033378601,
        2.1579999923706055,
        2.5119998455047607,
        1.9130001068115234,
        2.990000009536743,
        1.9709999561309814,
        1.9709999561309814,
        2.992999792098999,
        1.9739999771118164,
        1.9739999771118164,
        3.2809998989105225,
        1.850000023841858,
        1.9779999256134033,
        2.5260000228881836,
        1.9809999465942383,
        2.3600001335144043,
        1.9809999465942383,
        2.5290000438690186,
        3.003000020980835,
        2.3630001544952393,
        1.6649999618530273,
        1.9869999885559082,
        1.9869999885559082,
        2.4160001277923584,
        1.9910000562667847,
        2.8970000743865967,
        1.9910000562667847
    ],
    "Generations needed": 23,
    "Population 1": 193.6300048828125,
    "Population 10": 1792.68505859375,
    "Population 11": 1834.469970703125,
    "Population 12": 1863.1199951171875,
    "Population 13": 1820.4449462890625,
    "Population 14": 2112.0,
    "Population 15": 1927.489990234375,
    "Population 16": 1890.800048828125,
    "Population 17": 1774.2099609375,
    "Population 18": 1997.2750244140625,
    "Population 19": 1819.0350341796875,
    "Population 2": 765.1699829101563,
    "Population 20": 1894.9749755859375,
    "Population 21": 2045.68994140625,
    "Population 22": 2009.280029296875,
    "Population 3": 829.8800048828125,
    "Population 4": 1112.1949462890625,
    "Population 5": 1341.0250244140625,
    "Population 6": 1360.8499755859375,
    "Population 7": 1637.469970703125,
    "Population 8": 1757.364990234375,
    "Population 9": 1871.81005859375,
    "start": "today"
}
