{
    "Champ at 1": 822.0,
    "Champ at 10": 2876.0,
    "Champ at 11": 2935.0,
    "Champ at 12": 2935.0,
    "Champ at 13": 3447.0,
    "Champ at 14": 3899.0,
    "Champ at 15": 3959.0,
    "Champ at 16": 4164.0,
    "Champ at 17": 4263.0,
    "Champ at 18": 4263.0,
    "Champ at 19": 4354.0,
    "Champ at 2": 1271.0,
    "Champ at 20": 4354.0,
    "Champ at 21": 4354.0,
    "Champ at 22": 4695.0,
    "Champ at 23": 4786.0,
    "Champ at 24": 4786.0,
    "Champ at 25": 4786.0,
    "Champ at 26": 4786.0,
    "Champ at 27": 5170.0,
    "Champ at 3": 1855.0,
    "Champ at 4": 2562.0,
    "Champ at 5": 2647.0,
    "Champ at 6": 2647.0,
    "Champ at 7": 2647.0,
    "Champ at 8": 2647.0,
    "Champ at 9": 2647.0,
    "ChampFitness": 5170.0,
    "ChampInputs": [
        1.8440001010894775,
        1.847000002861023,
        1.847000002861023,
        1.6570000648498535,
        1.8510000705718994,
        1.8510000705718994,
        3.1050000190734863,
        1.6570000648498535,
        1.0180000066757202,
        1.8539999723434448,
        1.8539999723434448,
        1.8569999933242798,
        1.8569999933242798,
        1.8569999933242798,
        1.8600000143051147,
        2.9159998893737793,
        1.8600000143051147,
        2.9190001487731934,
        1.8840000629425049,
        1.8639999628067017,
        1.8870000839233398,
        1.8870000839233398,
        1.8910000324249268,
        3.5809998512268066,
        1.8700001239776611,
        1.8700001239776611,
        1.8700001239776611,
        0.6660000085830688,
        1.8739999532699585,
        1.8739999532699585,
        1.6890000104904175,
        1.877000093460083,
        2.5139999389648438,
        2.003000020980835,
        2.006999969482422,
        2.5880000591278076,
        0.6790000200271606,
        1.6990000009536743,
        1.6970000267028809,
        2.3910000324249268,
        1.621000051498413,
        3.140000104904175,
        2.0160000324249268,
        2.948000192642212,
        2.0199999809265137,
        1.8899999856948853,
        3.1439998149871826,
        1.0859999656677246,
        9.010000228881836,
        3.1470000743865967,
        9.013999938964844,
        1.8960000276565552,
        1.8960000276565552,
        2.0329999923706055,
        2.5369999408721924,
        2.4070000648498535,
        1.7970000505447388,
        1.902999997138977,
        2.4099998474121094,
        2.5440001487731934,
        1.9059998989105225,
        9.918000221252441,
        2.9679999351501465,
        1.9300000667572021,
        9.920999526977539,
        1.809999942779541,
        1.9089999198913574,
        1.8170000314712524,
        3.1670000553131104,
        1.9130001068115234,
        1.9159998893737793,
        2.63700008392334,
        1.7389999628067017,
        0.7280000448226929,
        1.9190000295639038,
        2.059000015258789,
        1.9190000295639038,
        1.9230000972747803,
        1.9230000972747803,
        2.430000066757202,
        1.9259999990463257,
        2.433000087738037,
        1.9259999990463257,
        0.7410000562667847,
        2.565999984741211,
        3.6590001583099365,
        1.9320000410079956,
        2.6570000648498535,
        9.048999786376953,
        1.9560000896453857,
        3.6649999618530273,
        1.9359999895095825,
        1.9359999895095825,
        2.6670000553131104,
        1.9390000104904175,
        1.9390000104904175,
        1.941999912261963,
        3.19599986076355,
        1.941999912261963,
        1.941999912261963
    ],
    "Generations needed": 28,
    "Population 1": 197.83999633789063,
    "Population 10": 1451.4449462890625,
    "Population 11": 1591.8349609375,
    "Population 12": 1512.5899658203125,
    "Population 13": 1627.7900390625,
    "Population 14": 1799.2049560546875,
    "Population 15": 1718.8199462890625,
    "Population 16": 1849.7249755859375,
    "Population 17": 1886.375,
    "Population 18": 1831.949951171875,
    "Population 19": 1937.425048828125,
    "Population 2": 738.25,
    "Population 20": 1913.43505859375,
    "Population 21": 1870.0050048828125,
    "Population 22": 1953.385009765625,
    "Population 23": 1935.6650390625,
    "Population 24": 1778.010009765625,
    "Population 25": 1926.72998046875,
    "Population 26": 2007.7750244140625,
    "Population 27": 1909.25,
    "Population 3": 1017.0700073242188,
    "Population 4": 1250.1500244140625,
    "Population 5": 1649.489990234375,
    "Population 6": 1597.6500244140625,
    "Population 7": 1626.5849609375,
    "Population 8": 1502.6949462890625,
    "Population 9": 1581.7750244140625,
    "start": "today"
}
