{
    "Champ at 1": 887.0,
    "Champ at 10": 3447.0,
    "Champ at 11": 3520.0,
    "Champ at 12": 3671.0,
    "Champ at 13": 3762.0,
    "Champ at 14": 3762.0,
    "Champ at 15": 3762.0,
    "Champ at 16": 4353.0,
    "Champ at 17": 4354.0,
    "Champ at 18": 4354.0,
    "Champ at 19": 4355.0,
    "Champ at 2": 1273.0,
    "Champ at 20": 4786.0,
    "Champ at 21": 5136.0,
    "Champ at 3": 1714.0,
    "Champ at 4": 1841.0,
    "Champ at 5": 2423.0,
    "Champ at 6": 2777.0,
    "Champ at 7": 3273.0,
    "Champ at 8": 3273.0,
    "Champ at 9": 3447.0,
    "ChampFitness": 5136.0,
    "ChampInputs": [
        1.8709999322891235,
        1.8619999885559082,
        1.878000020980835,
        1.878000020980835,
        1.878000020980835,
        1.8809999227523804,
        1.8809999227523804,
        0.9909999966621399,
        1.8849999904632568,
        2.9130001068115234,
        1.8849999904632568,
        1.8880000114440918,
        1.9840000867843628,
        1.8880000114440918,
        0.27399998903274536,
        1.003999948501587,
        2.8259997367858887,
        1.9879999160766602,
        1.8940000534057617,
        0.4580000042915344,
        2.9260001182556152,
        1.2660000324249268,
        1.99399995803833,
        1.8980000019073486,
        0.46799999475479126,
        1.2690000534057617,
        2.8459999561309814,
        1.9010000228881836,
        2.628999948501587,
        1.8919999599456787,
        1.0299999713897705,
        0.29999998211860657,
        0.5440000295639038,
        1.8980000019073486,
        0.546999990940094,
        0.3059999942779541,
        1.9010000228881836,
        1.5780000686645508,
        2.869000196456909,
        1.9140000343322754,
        1.9140000343322754,
        0.030000001192092896,
        2.6480002403259277,
        1.5850000381469727,
        1.9200000762939453,
        1.9200000762939453,
        0.31199997663497925,
        1.9239999055862427,
        2.697000026702881,
        1.9239999055862427,
        1.9270000457763672,
        1.9270000457763672,
        2.8909997940063477,
        1.3020000457763672,
        2.0299999713897705,
        1.9179999828338623,
        1.597999930381775,
        2.6710000038146973,
        9.935999870300293,
        2.6740000247955322,
        1.937000036239624,
        1.6009999513626099,
        0.5799999833106995,
        1.315000057220459,
        9.941999435424805,
        1.0859999656677246,
        9.946000099182129,
        2.732999801635742,
        0.0559999980032444,
        0.5299999713897705,
        2.690999984741211,
        1.9470000267028809,
        2.049999952316284,
        9.95199966430664,
        1.9499999284744263,
        1.9499999284744263,
        2.697000026702881,
        1.9529999494552612,
        0.0689999982714653,
        2.7039999961853027,
        3.003999948501587,
        1.3339998722076416,
        1.9560000896453857,
        1.959999918937683,
        1.959999918937683,
        1.959999918937683,
        1.9499999284744263,
        1.9630000591278076,
        1.9630000591278076,
        1.9630000591278076,
        0.3579999804496765,
        0.6089999675750732,
        1.9660000801086426,
        1.347000002861023,
        0.0860000029206276,
        0.08900000154972076,
        1.9730000495910645,
        0.5730000138282776,
        1.6400001049041748,
        0.39800000190734863
    ],
    "Generations needed": 22,
    "Population 1": 207.09500122070313,
    "Population 10": 1717.5899658203125,
    "Population 11": 1520.2099609375,
    "Population 12": 1601.8349609375,
    "Population 13": 1550.18994140625,
    "Population 14": 1804.68505859375,
    "Population 15": 1739.699951171875,
    "Population 16": 1623.8399658203125,
    "Population 17": 1689.5999755859375,
    "Population 18": 1862.260009765625,
    "Population 19": 1710.39501953125,
    "Population 2": 773.5800170898438,
    "Population 20": 1743.93994140625,
    "Population 21": 1704.7349853515625,
    "Population 3": 961.2949829101563,
    "Population 4": 1213.5150146484375,
    "Population 5": 1281.77001953125,
    "Population 6": 1489.81494140625,
    "Population 7": 1454.3900146484375,
    "Population 8": 1534.3900146484375,
    "Population 9": 1611.449951171875,
    "start": "today"
}
