{
    "Champ at 1": 728.0,
    "Champ at 10": 1276.0,
    "Champ at 11": 1276.0,
    "Champ at 12": 1276.0,
    "Champ at 13": 1276.0,
    "Champ at 14": 1911.0,
    "Champ at 15": 1911.0,
    "Champ at 16": 1911.0,
    "Champ at 17": 1911.0,
    "Champ at 18": 1911.0,
    "Champ at 19": 1911.0,
    "Champ at 2": 887.0,
    "Champ at 20": 1911.0,
    "Champ at 21": 1911.0,
    "Champ at 22": 2301.0,
    "Champ at 23": 2301.0,
    "Champ at 24": 2301.0,
    "Champ at 25": 2301.0,
    "Champ at 26": 2301.0,
    "Champ at 27": 2301.0,
    "Champ at 28": 2301.0,
    "Champ at 29": 2301.0,
    "Champ at 3": 887.0,
    "Champ at 30": 2935.0,
    "Champ at 31": 2935.0,
    "Champ at 32": 2935.0,
    "Champ at 33": 2935.0,
    "Champ at 34": 2935.0,
    "Champ at 35": 2935.0,
    "Champ at 36": 2935.0,
    "Champ at 37": 2935.0,
    "Champ at 38": 3533.0,
    "Champ at 39": 3533.0,
    "Champ at 4": 887.0,
    "Champ at 40": 3533.0,
    "Champ at 41": 3533.0,
    "Champ at 42": 3883.0,
    "Champ at 43": 3883.0,
    "Champ at 44": 3883.0,
    "Champ at 45": 3883.0,
    "Champ at 46": 3883.0,
    "Champ at 47": 3883.0,
    "Champ at 48": 3883.0,
    "Champ at 49": 4610.0,
    "Champ at 5": 1251.0,
    "Champ at 50": 4610.0,
    "Champ at 51": 4610.0,
    "Champ at 52": 4610.0,
    "Champ at 53": 4610.0,
    "Champ at 54": 4610.0,
    "Champ at 55": 4610.0,
    "Champ at 56": 4983.0,
    "Champ at 57": 4983.0,
    "Champ at 58": 4983.0,
    "Champ at 59": 4983.0,
    "Champ at 6": 1276.0,
    "Champ at 60": 4983.0,
    "Champ at 61": 4983.0,
    "Champ at 62": 4983.0,
    "Champ at 63": 4983.0,
    "Champ at 64": 5164.0,
    "Champ at 7": 1276.0,
    "Champ at 8": 1276.0,
    "Champ at 9": 1276.0,
    "ChampFitness": 5164.0,
    "ChampInputs": [
        1.7839999198913574,
        1.7879999876022339,
        1.7879999876022339,
        0.6122089624404907,
        1.7910001277923584,
        1.7910001277923584,
        1.7939999103546143,
        1.7939999103546143,
        1.2952630519866943,
        1.7980000972747803,
        1.7980000972747803,
        3.052999973297119,
        1.8009998798370361,
        1.8040000200271606,
        1.8040000200271606,
        1.8070000410079956,
        3.111999988555908,
        1.8070000410079956,
        1.8109999895095825,
        1.1330000162124634,
        1.8140000104904175,
        1.8140000104904175,
        1.8170000314712524,
        1.8170000314712524,
        1.8170000314712524,
        3.2679998874664307,
        1.8199999332427979,
        1.8240000009536743,
        2.430959939956665,
        1.8269999027252197,
        1.8269999027252197,
        1.8299999237060547,
        1.8299999237060547,
        3.617000102996826,
        1.8330000638961792,
        1.8330000638961792,
        1.8369998931884766,
        1.8369998931884766,
        2.684000015258789,
        1.840000033378601,
        1.843000054359436,
        3.2899999618530273,
        1.847000002861023,
        1.847000002861023,
        1.850000023841858,
        1.850000023841858,
        1.8529999256134033,
        1.8529999256134033,
        1.8529999256134033,
        1.8559999465942383,
        1.8559999465942383,
        1.8600000143051147,
        1.8600000143051147,
        1.8629999160766602,
        1.8629999160766602,
        1.8659999370574951,
        1.8659999370574951,
        1.8690000772476196,
        1.8690000772476196,
        1.872999906539917,
        1.872999906539917,
        1.8760000467300415,
        1.8760000467300415,
        1.8790000677108765,
        1.8790000677108765,
        1.8819999694824219,
        1.8819999694824219,
        1.8860000371932983,
        1.8860000371932983,
        1.8889999389648438,
        1.8889999389648438,
        1.8919999599456787,
        1.8919999599456787,
        1.8960000276565552,
        1.8960000276565552,
        1.8989999294281006,
        1.8989999294281006,
        1.9019999504089355,
        1.9019999504089355,
        1.90500009059906,
        1.90500009059906,
        1.9089999198913574,
        1.9089999198913574,
        1.912000060081482,
        1.912000060081482,
        1.9149999618530273,
        1.9149999618530273,
        1.9179999828338623,
        1.9179999828338623,
        1.9220000505447388,
        1.9220000505447388,
        1.9249999523162842,
        1.9249999523162842,
        1.9279999732971191,
        1.9279999732971191,
        1.930999994277954,
        1.930999994277954,
        1.934999942779541,
        1.934999942779541,
        1.937999963760376
    ],
    "Generations needed": 64,
    "Population 1": 188.90499877929688,
    "Population 10": 1264.9100341796875,
    "Population 11": 1264.9100341796875,
    "Population 12": 1264.9100341796875,
    "Population 13": 1261.77001953125,
    "Population 14": 1361.385009765625,
    "Population 15": 1872.81005859375,
    "Population 16": 1890.4150390625,
    "Population 17": 1890.4150390625,
    "Population 18": 1893.56005859375,
    "Population 19": 1884.0150146484375,
    "Population 2": 665.4500122070313,
    "Population 20": 1893.56005859375,
    "Population 21": 1887.4549560546875,
    "Population 22": 1924.5849609375,
    "Population 23": 2262.610107421875,
    "Population 24": 2276.72509765625,
    "Population 25": 2276.72509765625,
    "Population 26": 2279.659912109375,
    "Population 27": 2277.7099609375,
    "Population 28": 2279.659912109375,
    "Population 29": 2272.304931640625,
    "Population 3": 848.2000122070313,
    "Population 30": 2336.824951171875,
    "Population 31": 2894.5849609375,
    "Population 32": 2901.215087890625,
    "Population 33": 2898.2451171875,
    "Population 34": 2907.320068359375,
    "Population 35": 2905.455078125,
    "Population 36": 2907.320068359375,
    "Population 37": 2907.02001953125,
    "Population 38": 2933.6201171875,
    "Population 39": 3489.1650390625,
    "Population 4": 879.010009765625,
    "Population 40": 3495.364990234375,
    "Population 41": 3486.110107421875,
    "Population 42": 3501.090087890625,
    "Population 43": 3840.9599609375,
    "Population 44": 3841.590087890625,
    "Population 45": 3845.840087890625,
    "Population 46": 3832.8349609375,
    "Population 47": 3840.114990234375,
    "Population 48": 3845.840087890625,
    "Population 49": 3937.324951171875,
    "Population 5": 879.7550048828125,
    "Population 50": 4562.31494140625,
    "Population 51": 4565.21484375,
    "Population 52": 4565.56982421875,
    "Population 53": 4561.330078125,
    "Population 54": 4556.2099609375,
    "Population 55": 4565.56982421875,
    "Population 56": 4592.4501953125,
    "Population 57": 4919.14501953125,
    "Population 58": 4933.85498046875,
    "Population 59": 4898.7099609375,
    "Population 6": 1232.9150390625,
    "Population 60": 4934.83984375,
    "Population 61": 4918.4951171875,
    "Population 62": 4934.83984375,
    "Population 63": 4929.72021484375,
    "Population 64": 4919.6298828125,
    "Population 7": 1261.35498046875,
    "Population 8": 1264.7750244140625,
    "Population 9": 1261.885009765625,
    "start": "today"
}
