{
    "Champ at 1": 887.0,
    "Champ at 10": 1911.0,
    "Champ at 11": 1911.0,
    "Champ at 12": 1911.0,
    "Champ at 13": 1911.0,
    "Champ at 14": 1911.0,
    "Champ at 15": 2562.0,
    "Champ at 16": 2562.0,
    "Champ at 17": 2562.0,
    "Champ at 18": 2562.0,
    "Champ at 19": 2562.0,
    "Champ at 2": 1253.0,
    "Champ at 20": 2562.0,
    "Champ at 21": 2562.0,
    "Champ at 22": 2935.0,
    "Champ at 23": 2935.0,
    "Champ at 24": 2935.0,
    "Champ at 25": 2935.0,
    "Champ at 26": 2935.0,
    "Champ at 27": 2935.0,
    "Champ at 28": 3886.0,
    "Champ at 29": 3886.0,
    "Champ at 3": 1284.0,
    "Champ at 30": 3886.0,
    "Champ at 31": 3886.0,
    "Champ at 32": 3886.0,
    "Champ at 33": 3886.0,
    "Champ at 34": 4610.0,
    "Champ at 35": 4610.0,
    "Champ at 36": 4610.0,
    "Champ at 37": 4610.0,
    "Champ at 38": 4610.0,
    "Champ at 39": 4610.0,
    "Champ at 4": 1538.0,
    "Champ at 40": 4610.0,
    "Champ at 41": 4610.0,
    "Champ at 42": 4983.0,
    "Champ at 43": 4983.0,
    "Champ at 44": 4983.0,
    "Champ at 45": 4983.0,
    "Champ at 46": 4983.0,
    "Champ at 47": 5166.0,
    "Champ at 5": 1538.0,
    "Champ at 6": 1538.0,
    "Champ at 7": 1538.0,
    "Champ at 8": 1538.0,
    "Champ at 9": 1911.0,
    "ChampFitness": 5166.0,
    "ChampInputs": [
        1.8709999322891235,
        1.8739999532699585,
        1.8739999532699585,
        1.878000020980835,
        1.878000020980835,
        1.878000020980835,
        1.878000020980835,
        1.2629989385604858,
        1.8809999227523804,
        1.8809999227523804,
        1.8840000629425049,
        1.8840000629425049,
        0.7450000047683716,
        1.8870000839233398,
        1.8870000839233398,
        1.8870000839233398,
        3.048999786376953,
        1.8910000324249268,
        1.8910000324249268,
        1.8910000324249268,
        1.8940000534057617,
        0.5849999785423279,
        1.8940000534057617,
        1.8970000743865967,
        1.8970000743865967,
        3.307000160217285,
        1.899999976158142,
        1.899999976158142,
        1.899999976158142,
        1.9040000438690186,
        1.9040000438690186,
        1.9040000438690186,
        1.9040000438690186,
        3.488999843597412,
        1.906999945640564,
        1.906999945640564,
        1.909999966621399,
        1.909999966621399,
        2.375999927520752,
        1.9130001068115234,
        1.9130001068115234,
        3.308000087738037,
        1.9130001068115234,
        1.9169999361038208,
        1.9169999361038208,
        1.9169999361038208,
        1.9200000762939453,
        1.9200000762939453,
        1.9200000762939453,
        1.9230000972747803,
        1.9230000972747803,
        1.9230000972747803,
        1.9270000457763672,
        1.9270000457763672,
        1.9270000457763672,
        1.9270000457763672,
        1.9300000667572021,
        1.9300000667572021,
        1.9300000667572021,
        1.9329999685287476,
        1.9329999685287476,
        1.9329999685287476,
        1.9359999895095825,
        1.9359999895095825,
        1.9359999895095825,
        1.9359999895095825,
        1.940000057220459,
        1.940000057220459,
        1.940000057220459,
        1.9429999589920044,
        1.9429999589920044,
        1.9429999589920044,
        1.9459999799728394,
        1.9459999799728394,
        1.9490001201629639,
        1.9490001201629639,
        1.9529999494552612,
        1.9529999494552612,
        1.9560000896453857,
        1.9560000896453857,
        1.9589998722076416,
        1.9589998722076416,
        1.9620000123977661,
        1.9660000801086426,
        1.968999981880188,
        1.972000002861023,
        1.972000002861023,
        1.9789999723434448,
        1.9819999933242798,
        1.9850001335144043,
        1.9850001335144043,
        1.9850001335144043,
        1.9889999628067017,
        1.9889999628067017,
        1.9889999628067017,
        1.9889999628067017,
        1.9920001029968262,
        1.9920001029968262,
        1.9920001029968262,
        1.994999885559082
    ],
    "Generations needed": 47,
    "Population 1": 208.13499450683594,
    "Population 10": 1889.425048828125,
    "Population 11": 1893.56005859375,
    "Population 12": 1884.844970703125,
    "Population 13": 1892.574951171875,
    "Population 14": 1886.574951171875,
    "Population 15": 1928.5400390625,
    "Population 16": 2533.455078125,
    "Population 17": 2533.81005859375,
    "Population 18": 2538.050048828125,
    "Population 19": 2538.050048828125,
    "Population 2": 802.7999877929688,
    "Population 20": 2533.35498046875,
    "Population 21": 2521.820068359375,
    "Population 22": 2575.330078125,
    "Population 23": 2903.199951171875,
    "Population 24": 2907.320068359375,
    "Population 25": 2907.320068359375,
    "Population 26": 2895.35009765625,
    "Population 27": 2907.320068359375,
    "Population 28": 2927.534912109375,
    "Population 29": 3839.300048828125,
    "Population 3": 1215.875,
    "Population 30": 3848.81005859375,
    "Population 31": 3840.735107421875,
    "Population 32": 3848.81005859375,
    "Population 33": 3833.81494140625,
    "Population 34": 3929.695068359375,
    "Population 35": 4539.06005859375,
    "Population 36": 4548.43017578125,
    "Population 37": 4548.52978515625,
    "Population 38": 4565.56982421875,
    "Population 39": 4552.0751953125,
    "Population 4": 1267.56494140625,
    "Population 40": 4526.4501953125,
    "Population 41": 4557.19482421875,
    "Population 42": 4603.80517578125,
    "Population 43": 4934.83984375,
    "Population 44": 4911.509765625,
    "Population 45": 4927.75,
    "Population 46": 4922.73486328125,
    "Population 47": 4927.44482421875,
    "Population 5": 1524.2900390625,
    "Population 6": 1524.2900390625,
    "Population 7": 1524.2900390625,
    "Population 8": 1523.010009765625,
    "Population 9": 1575.2750244140625,
    "start": "today"
}
