{
    "Champ at 1": 826.0,
    "Champ at 10": 1911.0,
    "Champ at 11": 1911.0,
    "Champ at 12": 1911.0,
    "Champ at 13": 1911.0,
    "Champ at 14": 1911.0,
    "Champ at 15": 1911.0,
    "Champ at 16": 1911.0,
    "Champ at 17": 2280.0,
    "Champ at 18": 2562.0,
    "Champ at 19": 2562.0,
    "Champ at 2": 1284.0,
    "Champ at 20": 2562.0,
    "Champ at 21": 2562.0,
    "Champ at 22": 2562.0,
    "Champ at 23": 2562.0,
    "Champ at 24": 2647.0,
    "Champ at 25": 2738.0,
    "Champ at 26": 2738.0,
    "Champ at 27": 2738.0,
    "Champ at 28": 2738.0,
    "Champ at 29": 2738.0,
    "Champ at 3": 1284.0,
    "Champ at 30": 2738.0,
    "Champ at 31": 2935.0,
    "Champ at 32": 3586.0,
    "Champ at 33": 3586.0,
    "Champ at 34": 3586.0,
    "Champ at 35": 3586.0,
    "Champ at 36": 3586.0,
    "Champ at 37": 3586.0,
    "Champ at 38": 3586.0,
    "Champ at 39": 3586.0,
    "Champ at 4": 1284.0,
    "Champ at 40": 3959.0,
    "Champ at 41": 3959.0,
    "Champ at 42": 3959.0,
    "Champ at 43": 3959.0,
    "Champ at 44": 3959.0,
    "Champ at 45": 3959.0,
    "Champ at 46": 3959.0,
    "Champ at 47": 4610.0,
    "Champ at 48": 4610.0,
    "Champ at 49": 4610.0,
    "Champ at 5": 1284.0,
    "Champ at 50": 4610.0,
    "Champ at 51": 4610.0,
    "Champ at 52": 4610.0,
    "Champ at 53": 4610.0,
    "Champ at 54": 4610.0,
    "Champ at 55": 4983.0,
    "Champ at 56": 4983.0,
    "Champ at 57": 4983.0,
    "Champ at 58": 4983.0,
    "Champ at 59": 4983.0,
    "Champ at 6": 1284.0,
    "Champ at 60": 4983.0,
    "Champ at 61": 5167.0,
    "Champ at 7": 1284.0,
    "Champ at 8": 1284.0,
    "Champ at 9": 1284.0,
    "ChampFitness": 5167.0,
    "ChampInputs": [
        1.8519999980926514,
        1.8519999980926514,
        1.8519999980926514,
        1.8550000190734863,
        1.8550000190734863,
        1.8550000190734863,
        3.25801944732666,
        1.8589999675750732,
        1.8589999675750732,
        2.694999933242798,
        1.8619999885559082,
        1.8619999885559082,
        1.8650000095367432,
        1.8650000095367432,
        1.8650000095367432,
        0.7768093347549438,
        1.8680000305175781,
        1.8680000305175781,
        0.7175233364105225,
        1.871999979019165,
        1.871999979019165,
        2.7208235263824463,
        1.2289118766784668,
        1.875,
        3.5229997634887695,
        1.878000020980835,
        1.878000020980835,
        1.878000020980835,
        1.878000020980835,
        0.6679999828338623,
        1.8809999227523804,
        1.8849999904632568,
        1.8849999904632568,
        3.242000102996826,
        1.8880000114440918,
        1.8910000324249268,
        1.8910000324249268,
        1.8940000534057617,
        0.5160000324249268,
        1.8980000019073486,
        1.8980000019073486,
        1.9010000228881836,
        3.2069997787475586,
        1.9040000438690186,
        1.9040000438690186,
        1.9079999923706055,
        1.9079999923706055,
        1.9079999923706055,
        1.9110000133514404,
        1.9110000133514404,
        1.9140000343322754,
        1.9140000343322754,
        1.9169999361038208,
        1.9169999361038208,
        1.9210000038146973,
        1.9210000038146973,
        1.9239999055862427,
        1.9270000457763672,
        1.9270000457763672,
        1.9300000667572021,
        1.9300000667572021,
        1.934000015258789,
        1.934000015258789,
        1.937000036239624,
        1.937000036239624,
        1.940000057220459,
        1.940000057220459,
        1.940000057220459,
        1.9429999589920044,
        1.9429999589920044,
        1.9470000267028809,
        1.9499999284744263,
        1.9499999284744263,
        1.9529999494552612,
        1.9529999494552612,
        1.9570000171661377,
        1.9570000171661377,
        1.959999918937683,
        1.959999918937683,
        1.9630000591278076,
        1.9630000591278076,
        1.9660000801086426,
        1.9660000801086426,
        1.9660000801086426,
        1.9700000286102295,
        1.9700000286102295,
        1.9730000495910645,
        1.9730000495910645,
        1.9760000705718994,
        1.9760000705718994,
        1.9789999723434448,
        1.9789999723434448,
        1.9830000400543213,
        1.9830000400543213,
        1.9859999418258667,
        1.9859999418258667,
        1.9889999628067017,
        1.9889999628067017,
        1.9889999628067017,
        1.9920001029968262
    ],
    "Generations needed": 61,
    "Population 1": 200.17999267578125,
    "Population 10": 1397.4449462890625,
    "Population 11": 1876.135009765625,
    "Population 12": 1890.7099609375,
    "Population 13": 1891.0,
    "Population 14": 1892.574951171875,
    "Population 15": 1893.56005859375,
    "Population 16": 1886.469970703125,
    "Population 17": 1895.405029296875,
    "Population 18": 2253.155029296875,
    "Population 19": 2526.669921875,
    "Population 2": 732.0850219726563,
    "Population 20": 2532.235107421875,
    "Population 21": 2538.050048828125,
    "Population 22": 2534.425048828125,
    "Population 23": 2538.050048828125,
    "Population 24": 2538.47509765625,
    "Population 25": 2607.9599609375,
    "Population 26": 2703.570068359375,
    "Population 27": 2712.2900390625,
    "Population 28": 2702.85009765625,
    "Population 29": 2703.114990234375,
    "Population 3": 1236.47998046875,
    "Population 30": 2707.56005859375,
    "Population 31": 2623.1201171875,
    "Population 32": 2924.64990234375,
    "Population 33": 3542.044921875,
    "Population 34": 3528.360107421875,
    "Population 35": 3548.554931640625,
    "Population 36": 3551.81005859375,
    "Population 37": 3551.81005859375,
    "Population 38": 3547.114990234375,
    "Population 39": 3551.81005859375,
    "Population 4": 1264.8050537109375,
    "Population 40": 3597.080078125,
    "Population 41": 3906.679931640625,
    "Population 42": 3903.159912109375,
    "Population 43": 3921.080078125,
    "Population 44": 3913.39990234375,
    "Population 45": 3921.080078125,
    "Population 46": 3921.080078125,
    "Population 47": 3948.985107421875,
    "Population 48": 4541.3251953125,
    "Population 49": 4561.03515625,
    "Population 5": 1269.6400146484375,
    "Population 50": 4545.6748046875,
    "Population 51": 4565.56982421875,
    "Population 52": 4550.2099609375,
    "Population 53": 4565.56982421875,
    "Population 54": 4565.56982421875,
    "Population 55": 4613.35498046875,
    "Population 56": 4901.05517578125,
    "Population 57": 4934.83984375,
    "Population 58": 4934.83984375,
    "Population 59": 4934.83984375,
    "Population 6": 1272.8299560546875,
    "Population 60": 4928.27978515625,
    "Population 61": 4939.4599609375,
    "Population 7": 1264.2750244140625,
    "Population 8": 1272.8299560546875,
    "Population 9": 1272.8299560546875,
    "start": "today"
}
