{
    "Champ at 1": 830.0,
    "Champ at 10": 1274.0,
    "Champ at 11": 1911.0,
    "Champ at 12": 1911.0,
    "Champ at 13": 1911.0,
    "Champ at 14": 1911.0,
    "Champ at 15": 1911.0,
    "Champ at 16": 1911.0,
    "Champ at 17": 1911.0,
    "Champ at 18": 2562.0,
    "Champ at 19": 2562.0,
    "Champ at 2": 887.0,
    "Champ at 20": 2562.0,
    "Champ at 21": 2562.0,
    "Champ at 22": 2562.0,
    "Champ at 23": 2562.0,
    "Champ at 24": 2562.0,
    "Champ at 25": 2562.0,
    "Champ at 26": 2562.0,
    "Champ at 27": 2562.0,
    "Champ at 28": 2935.0,
    "Champ at 29": 2935.0,
    "Champ at 3": 1258.0,
    "Champ at 30": 2935.0,
    "Champ at 31": 2935.0,
    "Champ at 32": 2935.0,
    "Champ at 33": 2935.0,
    "Champ at 34": 2935.0,
    "Champ at 35": 3586.0,
    "Champ at 36": 3586.0,
    "Champ at 37": 3586.0,
    "Champ at 38": 3586.0,
    "Champ at 39": 3586.0,
    "Champ at 4": 1273.0,
    "Champ at 40": 3586.0,
    "Champ at 41": 3959.0,
    "Champ at 42": 3959.0,
    "Champ at 43": 3959.0,
    "Champ at 44": 3959.0,
    "Champ at 45": 3959.0,
    "Champ at 46": 3959.0,
    "Champ at 47": 3959.0,
    "Champ at 48": 3959.0,
    "Champ at 49": 3959.0,
    "Champ at 5": 1273.0,
    "Champ at 50": 3959.0,
    "Champ at 51": 4921.0,
    "Champ at 52": 4921.0,
    "Champ at 53": 4921.0,
    "Champ at 54": 4921.0,
    "Champ at 55": 4921.0,
    "Champ at 56": 4921.0,
    "Champ at 57": 5163.0,
    "Champ at 6": 1274.0,
    "Champ at 7": 1274.0,
    "Champ at 8": 1274.0,
    "Champ at 9": 1274.0,
    "ChampFitness": 5163.0,
    "ChampInputs": [
        1.8650000095367432,
        1.8650000095367432,
        1.8650000095367432,
        1.8690000772476196,
        1.8690000772476196,
        2.0028886795043945,
        1.871999979019165,
        0.9673260450363159,
        1.875,
        1.878000020980835,
        0.8840000033378601,
        1.8819999694824219,
        1.8819999694824219,
        1.8849999904632568,
        1.8880000114440918,
        1.8880000114440918,
        3.2170000076293945,
        1.8949999809265137,
        1.8949999809265137,
        1.8980000019073486,
        1.8980000019073486,
        2.4149999618530273,
        1.9010000228881836,
        1.9040000438690186,
        3.003000020980835,
        1.9040000438690186,
        1.9079999923706055,
        1.9110000133514404,
        1.9110000133514404,
        2.5950000286102295,
        1.9179999828338623,
        1.9179999828338623,
        3.194000244140625,
        1.9210000038146973,
        1.9239999055862427,
        1.9239999055862427,
        1.9270000457763672,
        1.9270000457763672,
        1.930999994277954,
        1.934000015258789,
        3.386000156402588,
        1.937000036239624,
        1.940000057220459,
        1.940000057220459,
        1.944000005722046,
        1.944000005722046,
        1.9470000267028809,
        1.9470000267028809,
        1.9499999284744263,
        1.9499999284744263,
        1.9529999494552612,
        1.9570000171661377,
        1.959999918937683,
        1.959999918937683,
        1.9630000591278076,
        1.9630000591278076,
        1.9670000076293945,
        1.9670000076293945,
        1.9670000076293945,
        1.9700000286102295,
        1.9700000286102295,
        1.9730000495910645,
        1.9730000495910645,
        1.9730000495910645,
        1.9760000705718994,
        1.9760000705718994,
        1.9800000190734863,
        1.9800000190734863,
        1.9830000400543213,
        1.9830000400543213,
        1.9830000400543213,
        1.9859999418258667,
        1.9859999418258667,
        1.9889999628067017,
        1.9930000305175781,
        1.9930000305175781,
        1.9959999322891235,
        1.9959999322891235,
        1.999000072479248,
        1.999000072479248,
        1.999000072479248,
        2.002000093460083,
        2.00600004196167,
        2.009000062942505,
        2.009000062942505,
        2.0119998455047607,
        2.0160000324249268,
        2.0160000324249268,
        2.0190000534057617,
        2.0219998359680176,
        2.0219998359680176,
        2.0250000953674316,
        2.0290000438690186,
        2.0290000438690186,
        2.0320000648498535,
        2.0350000858306885,
        2.0379998683929443,
        2.0379998683929443,
        2.0420000553131104,
        2.0420000553131104
    ],
    "Generations needed": 57,
    "Population 1": 197.90499877929688,
    "Population 10": 1258.43505859375,
    "Population 11": 1347.27001953125,
    "Population 12": 1873.300048828125,
    "Population 13": 1882.3050537109375,
    "Population 14": 1893.56005859375,
    "Population 15": 1883.4000244140625,
    "Population 16": 1893.56005859375,
    "Population 17": 1893.56005859375,
    "Population 18": 1932.5899658203125,
    "Population 19": 2506.614990234375,
    "Population 2": 735.530029296875,
    "Population 20": 2515.364990234375,
    "Population 21": 2536.77001953125,
    "Population 22": 2528.235107421875,
    "Population 23": 2533.35498046875,
    "Population 24": 2538.050048828125,
    "Population 25": 2538.050048828125,
    "Population 26": 2538.050048828125,
    "Population 27": 2538.050048828125,
    "Population 28": 2591.06494140625,
    "Population 29": 2899.695068359375,
    "Population 3": 866.5750122070313,
    "Population 30": 2892.4599609375,
    "Population 31": 2907.320068359375,
    "Population 32": 2907.320068359375,
    "Population 33": 2894.52001953125,
    "Population 34": 2907.320068359375,
    "Population 35": 2927.280029296875,
    "Population 36": 3540.60498046875,
    "Population 37": 3551.81005859375,
    "Population 38": 3551.81005859375,
    "Population 39": 3543.43505859375,
    "Population 4": 1241.39501953125,
    "Population 40": 3551.81005859375,
    "Population 41": 3571.4150390625,
    "Population 42": 3911.2451171875,
    "Population 43": 3900.27490234375,
    "Population 44": 3900.445068359375,
    "Population 45": 3917.85009765625,
    "Population 46": 3909.85498046875,
    "Population 47": 3921.080078125,
    "Population 48": 3920.094970703125,
    "Population 49": 3921.080078125,
    "Population 5": 1261.7249755859375,
    "Population 50": 3889.375,
    "Population 51": 3964.030029296875,
    "Population 52": 4830.580078125,
    "Population 53": 4873.4599609375,
    "Population 54": 4853.8251953125,
    "Population 55": 4857.4248046875,
    "Population 56": 4867.6650390625,
    "Population 57": 4916.6201171875,
    "Population 6": 1261.9100341796875,
    "Population 7": 1262.925048828125,
    "Population 8": 1257.9300537109375,
    "Population 9": 1262.9300537109375,
    "start": "today"
}
