{
    "Champ at 1": 731.0,
    "Champ at 10": 887.0,
    "Champ at 11": 1283.0,
    "Champ at 12": 1283.0,
    "Champ at 13": 1283.0,
    "Champ at 14": 1283.0,
    "Champ at 15": 1283.0,
    "Champ at 16": 1283.0,
    "Champ at 17": 1284.0,
    "Champ at 18": 1911.0,
    "Champ at 19": 1911.0,
    "Champ at 2": 887.0,
    "Champ at 20": 1911.0,
    "Champ at 21": 1911.0,
    "Champ at 22": 1911.0,
    "Champ at 23": 1911.0,
    "Champ at 24": 2307.0,
    "Champ at 25": 2307.0,
    "Champ at 26": 2307.0,
    "Champ at 27": 2307.0,
    "Champ at 28": 2307.0,
    "Champ at 29": 2307.0,
    "Champ at 3": 887.0,
    "Champ at 30": 2307.0,
    "Champ at 31": 2935.0,
    "Champ at 32": 2935.0,
    "Champ at 33": 2935.0,
    "Champ at 34": 2935.0,
    "Champ at 35": 2935.0,
    "Champ at 36": 2935.0,
    "Champ at 37": 3332.0,
    "Champ at 38": 3332.0,
    "Champ at 39": 3332.0,
    "Champ at 4": 887.0,
    "Champ at 40": 3332.0,
    "Champ at 41": 3332.0,
    "Champ at 42": 3959.0,
    "Champ at 43": 3959.0,
    "Champ at 44": 3959.0,
    "Champ at 45": 3959.0,
    "Champ at 46": 3959.0,
    "Champ at 47": 3959.0,
    "Champ at 48": 3959.0,
    "Champ at 49": 4610.0,
    "Champ at 5": 887.0,
    "Champ at 50": 4610.0,
    "Champ at 51": 4610.0,
    "Champ at 52": 4610.0,
    "Champ at 53": 4610.0,
    "Champ at 54": 4610.0,
    "Champ at 55": 4610.0,
    "Champ at 56": 4983.0,
    "Champ at 57": 4983.0,
    "Champ at 58": 4983.0,
    "Champ at 59": 4983.0,
    "Champ at 6": 887.0,
    "Champ at 60": 4983.0,
    "Champ at 61": 4983.0,
    "Champ at 62": 4983.0,
    "Champ at 63": 5157.0,
    "Champ at 7": 887.0,
    "Champ at 8": 887.0,
    "Champ at 9": 887.0,
    "ChampFitness": 5157.0,
    "ChampInputs": [
        1.7990000247955322,
        1.7990000247955322,
        2.3422508239746094,
        1.8029999732971191,
        1.8029999732971191,
        1.8029999732971191,
        3.186999797821045,
        1.805999994277954,
        1.805999994277954,
        -1.6611539125442505,
        2.941999912261963,
        1.8089998960494995,
        1.812999963760376,
        1.812999963760376,
        1.812999963760376,
        3.190000057220459,
        1.815999984741211,
        1.815999984741211,
        1.0379999876022339,
        1.819000005722046,
        1.819000005722046,
        1.819000005722046,
        1.8220000267028809,
        1.8220000267028809,
        3.1700000762939453,
        1.8260000944137573,
        1.8260000944137573,
        0.9869999885559082,
        1.8260000944137573,
        1.8289999961853027,
        1.8289999961853027,
        1.8289999961853027,
        1.8320000171661377,
        3.2669999599456787,
        1.8320000171661377,
        1.8350000381469727,
        1.8350000381469727,
        1.8350000381469727,
        2.6730000972747803,
        1.8389999866485596,
        1.8389999866485596,
        3.177000045776367,
        1.8420000076293945,
        1.8420000076293945,
        1.8420000076293945,
        1.84499990940094,
        1.84499990940094,
        1.84499990940094,
        1.8480000495910645,
        1.8480000495910645,
        1.8480000495910645,
        1.8519999980926514,
        1.8519999980926514,
        1.8519999980926514,
        1.8519999980926514,
        1.8550000190734863,
        1.8550000190734863,
        1.8550000190734863,
        1.8580000400543213,
        1.8580000400543213,
        1.8580000400543213,
        1.8619999885559082,
        1.8619999885559082,
        1.8619999885559082,
        1.8650000095367432,
        1.8650000095367432,
        1.8650000095367432,
        1.8650000095367432,
        1.8680000305175781,
        1.8680000305175781,
        1.8680000305175781,
        1.8709999322891235,
        1.8709999322891235,
        1.8709999322891235,
        1.875,
        1.875,
        1.875,
        1.875,
        1.878000020980835,
        1.878000020980835,
        1.878000020980835,
        1.8809999227523804,
        1.8809999227523804,
        1.8809999227523804,
        1.8840000629425049,
        1.8840000629425049,
        1.8840000629425049,
        1.8880000114440918,
        1.8880000114440918,
        1.8880000114440918,
        1.8880000114440918,
        1.8910000324249268,
        1.8910000324249268,
        1.8910000324249268,
        1.8940000534057617,
        1.8940000534057617,
        1.8940000534057617,
        1.8970000743865967,
        1.8970000743865967,
        1.8970000743865967
    ],
    "Generations needed": 63,
    "Population 1": 202.10499572753906,
    "Population 10": 877.9349975585938,
    "Population 11": 908.3699951171875,
    "Population 12": 1239.5250244140625,
    "Population 13": 1249.9300537109375,
    "Population 14": 1271.8399658203125,
    "Population 15": 1270.125,
    "Population 16": 1271.8399658203125,
    "Population 17": 1268.8800048828125,
    "Population 18": 1393.18505859375,
    "Population 19": 1871.3050537109375,
    "Population 2": 677.6749877929688,
    "Population 20": 1893.56005859375,
    "Population 21": 1885.030029296875,
    "Population 22": 1893.56005859375,
    "Population 23": 1887.4549560546875,
    "Population 24": 1900.7550048828125,
    "Population 25": 2269.385009765625,
    "Population 26": 2273.2451171875,
    "Population 27": 2285.60009765625,
    "Population 28": 2279.080078125,
    "Population 29": 2279.034912109375,
    "Population 3": 852.5800170898438,
    "Population 30": 2277.514892578125,
    "Population 31": 2409.77490234375,
    "Population 32": 2899.1201171875,
    "Population 33": 2907.320068359375,
    "Population 34": 2895.639892578125,
    "Population 35": 2907.320068359375,
    "Population 36": 2907.320068359375,
    "Population 37": 2937.544921875,
    "Population 38": 3298.364990234375,
    "Population 39": 3292.2099609375,
    "Population 4": 878.8150024414063,
    "Population 40": 3291.804931640625,
    "Population 41": 3271.840087890625,
    "Population 42": 3422.75,
    "Population 43": 3920.695068359375,
    "Population 44": 3911.43505859375,
    "Population 45": 3921.080078125,
    "Population 46": 3921.080078125,
    "Population 47": 3903.159912109375,
    "Population 48": 3918.52001953125,
    "Population 49": 3944.81494140625,
    "Population 5": 877.375,
    "Population 50": 4554.33984375,
    "Population 51": 4564.26513671875,
    "Population 52": 4565.56982421875,
    "Population 53": 4565.56982421875,
    "Population 54": 4565.56982421875,
    "Population 55": 4558.93017578125,
    "Population 56": 4600.5048828125,
    "Population 57": 4910.5751953125,
    "Population 58": 4913.375,
    "Population 59": 4934.83984375,
    "Population 6": 878.8150024414063,
    "Population 60": 4909.240234375,
    "Population 61": 4934.83984375,
    "Population 62": 4927.85498046875,
    "Population 63": 4936.39013671875,
    "Population 7": 879.7999877929688,
    "Population 8": 879.7999877929688,
    "Population 9": 878.3599853515625,
    "start": "today"
}
