{
    "Champ at 1": 887.0,
    "Champ at 10": 1847.0,
    "Champ at 11": 1847.0,
    "Champ at 12": 1847.0,
    "Champ at 13": 1848.0,
    "Champ at 14": 2562.0,
    "Champ at 15": 2562.0,
    "Champ at 16": 2562.0,
    "Champ at 17": 2562.0,
    "Champ at 18": 2562.0,
    "Champ at 19": 2562.0,
    "Champ at 2": 1273.0,
    "Champ at 20": 2935.0,
    "Champ at 21": 2935.0,
    "Champ at 22": 2935.0,
    "Champ at 23": 2935.0,
    "Champ at 24": 3586.0,
    "Champ at 25": 3586.0,
    "Champ at 26": 3586.0,
    "Champ at 27": 3586.0,
    "Champ at 28": 3586.0,
    "Champ at 29": 3586.0,
    "Champ at 3": 1538.0,
    "Champ at 30": 3586.0,
    "Champ at 31": 3586.0,
    "Champ at 32": 3959.0,
    "Champ at 33": 3959.0,
    "Champ at 34": 3959.0,
    "Champ at 35": 3959.0,
    "Champ at 36": 3959.0,
    "Champ at 37": 3959.0,
    "Champ at 38": 4911.0,
    "Champ at 39": 4911.0,
    "Champ at 4": 1538.0,
    "Champ at 40": 4911.0,
    "Champ at 41": 4911.0,
    "Champ at 42": 4911.0,
    "Champ at 43": 4911.0,
    "Champ at 44": 5166.0,
    "Champ at 5": 1538.0,
    "Champ at 6": 1623.0,
    "Champ at 7": 1746.0,
    "Champ at 8": 1847.0,
    "Champ at 9": 1847.0,
    "ChampFitness": 5166.0,
    "ChampInputs": [
        1.8669999837875366,
        1.8862953186035156,
        1.8700001239776611,
        1.8700001239776611,
        1.8700001239776611,
        1.872999906539917,
        1.872999906539917,
        1.380857229232788,
        1.872999906539917,
        1.877000093460083,
        1.877000093460083,
        2.8705854415893555,
        1.8799998760223389,
        1.332919716835022,
        1.8799998760223389,
        3.371999740600586,
        1.8830000162124634,
        1.8830000162124634,
        1.8870000839233398,
        1.8870000839233398,
        2.4860000610351563,
        1.8899999856948853,
        1.8899999856948853,
        1.8899999856948853,
        1.175027847290039,
        1.8930000066757202,
        1.8930000066757202,
        1.8930000066757202,
        1.8960000276565552,
        0.6010000109672546,
        1.8960000276565552,
        1.899999976158142,
        1.899999976158142,
        3.305000066757202,
        1.902999997138977,
        1.902999997138977,
        1.902999997138977,
        1.9059998989105225,
        1.9059998989105225,
        1.9059998989105225,
        1.9089999198913574,
        3.6070001125335693,
        1.9089999198913574,
        1.9089999198913574,
        1.9130001068115234,
        1.9130001068115234,
        1.9130001068115234,
        1.9159998893737793,
        1.9159998893737793,
        1.9159998893737793,
        1.9190000295639038,
        1.9190000295639038,
        1.9190000295639038,
        1.9220000505447388,
        1.9220000505447388,
        1.9220000505447388,
        1.9259999990463257,
        1.9259999990463257,
        1.9259999990463257,
        1.9259999990463257,
        1.9290000200271606,
        1.9290000200271606,
        1.9290000200271606,
        1.9320000410079956,
        1.9320000410079956,
        1.9320000410079956,
        1.934999942779541,
        1.934999942779541,
        1.934999942779541,
        1.9390000104904175,
        1.9390000104904175,
        1.9390000104904175,
        1.9390000104904175,
        1.941999912261963,
        1.941999912261963,
        1.941999912261963,
        1.9449999332427979,
        1.9449999332427979,
        1.9449999332427979,
        1.9490001201629639,
        1.9490001201629639,
        1.9490001201629639,
        1.9519999027252197,
        1.9519999027252197,
        1.9519999027252197,
        1.9550000429153442,
        1.9550000429153442,
        1.9550000429153442,
        1.9550000429153442,
        1.9580000638961792,
        1.9580000638961792,
        1.9580000638961792,
        1.9620000123977661,
        1.9620000123977661,
        1.9620000123977661,
        1.965000033378601,
        1.965000033378601,
        1.965000033378601,
        1.9679999351501465,
        1.9679999351501465
    ],
    "Generations needed": 44,
    "Population 1": 202.99000549316406,
    "Population 10": 1830.7349853515625,
    "Population 11": 1830.7349853515625,
    "Population 12": 1830.7349853515625,
    "Population 13": 1830.22998046875,
    "Population 14": 1902.8800048828125,
    "Population 15": 2521.02001953125,
    "Population 16": 2538.5849609375,
    "Population 17": 2538.5849609375,
    "Population 18": 2538.5849609375,
    "Population 19": 2538.5849609375,
    "Population 2": 774.3300170898438,
    "Population 20": 2570.010009765625,
    "Population 21": 2905.989990234375,
    "Population 22": 2894.7099609375,
    "Population 23": 2907.85498046875,
    "Population 24": 2899.429931640625,
    "Population 25": 3527.739990234375,
    "Population 26": 3550.93994140625,
    "Population 27": 3551.070068359375,
    "Population 28": 3552.344970703125,
    "Population 29": 3539.385009765625,
    "Population 3": 1221.0550537109375,
    "Population 30": 3552.344970703125,
    "Population 31": 3551.074951171875,
    "Population 32": 3590.6650390625,
    "Population 33": 3907.3349609375,
    "Population 34": 3921.614990234375,
    "Population 35": 3906.2548828125,
    "Population 36": 3908.1650390625,
    "Population 37": 3909.639892578125,
    "Population 38": 3959.780029296875,
    "Population 39": 4807.22509765625,
    "Population 4": 1506.530029296875,
    "Population 40": 4854.21484375,
    "Population 41": 4842.419921875,
    "Population 42": 4848.2451171875,
    "Population 43": 4851.03515625,
    "Population 44": 4926.7900390625,
    "Population 5": 1520.780029296875,
    "Population 6": 1525.25,
    "Population 7": 1610.0450439453125,
    "Population 8": 1729.375,
    "Population 9": 1823.3800048828125,
    "start": "today"
}
