{
    "Champ at 1": 690.0,
    "Champ at 10": 1911.0,
    "Champ at 11": 1911.0,
    "Champ at 12": 1911.0,
    "Champ at 13": 1911.0,
    "Champ at 14": 1911.0,
    "Champ at 15": 1911.0,
    "Champ at 16": 2876.0,
    "Champ at 17": 2876.0,
    "Champ at 18": 2876.0,
    "Champ at 19": 2876.0,
    "Champ at 2": 887.0,
    "Champ at 20": 2876.0,
    "Champ at 21": 2876.0,
    "Champ at 22": 2876.0,
    "Champ at 23": 2876.0,
    "Champ at 24": 2876.0,
    "Champ at 25": 2876.0,
    "Champ at 26": 3959.0,
    "Champ at 27": 3959.0,
    "Champ at 28": 3959.0,
    "Champ at 29": 3959.0,
    "Champ at 3": 887.0,
    "Champ at 30": 4927.0,
    "Champ at 31": 4927.0,
    "Champ at 32": 4927.0,
    "Champ at 33": 4927.0,
    "Champ at 34": 4927.0,
    "Champ at 35": 4927.0,
    "Champ at 36": 4927.0,
    "Champ at 37": 4927.0,
    "Champ at 38": 5163.0,
    "Champ at 4": 887.0,
    "Champ at 5": 887.0,
    "Champ at 6": 887.0,
    "Champ at 7": 887.0,
    "Champ at 8": 1842.0,
    "Champ at 9": 1842.0,
    "ChampFitness": 5163.0,
    "ChampInputs": [
        1.912000060081482,
        1.7576534748077393,
        1.9149999618530273,
        1.9149999618530273,
        1.9179999828338623,
        1.9179999828338623,
        3.1430001258850098,
        1.9210000038146973,
        1.9210000038146973,
        1.9249999523162842,
        1.9249999523162842,
        1.9279999732971191,
        1.9279999732971191,
        1.9279999732971191,
        0.4277064800262451,
        3.140000104904175,
        1.930999994277954,
        1.934000015258789,
        1.934000015258789,
        1.937999963760376,
        1.937999963760376,
        1.937999963760376,
        1.9410001039505005,
        3.438999891281128,
        1.944000005722046,
        1.9470000267028809,
        1.9470000267028809,
        1.9509999752044678,
        1.9539999961853027,
        1.9539999961853027,
        1.9570000171661377,
        1.9570000171661377,
        1.1521965265274048,
        1.9639999866485596,
        1.9639999866485596,
        1.9670000076293945,
        1.9670000076293945,
        1.9700000286102295,
        1.9739999771118164,
        1.9739999771118164,
        3.2910001277923584,
        1.9800000190734863,
        1.9800000190734863,
        1.9830000400543213,
        1.9830000400543213,
        1.9869999885559082,
        1.9900000095367432,
        1.9900000095367432,
        1.9930000305175781,
        1.9930000305175781,
        1.9959999322891235,
        2.0,
        2.0,
        2.003000020980835,
        2.003000020980835,
        2.00600004196167,
        2.009999990463257,
        2.009999990463257,
        2.013000011444092,
        2.0160000324249268,
        2.0160000324249268,
        2.0160000324249268,
        2.0190000534057617,
        2.0230000019073486,
        2.0260000228881836,
        2.0260000228881836,
        2.0290000438690186,
        2.0320000648498535,
        2.0320000648498535,
        2.0360000133514404,
        2.0390000343322754,
        2.0390000343322754,
        2.0420000553131104,
        2.0450000762939453,
        2.0490000247955322,
        2.0490000247955322,
        2.052000045776367,
        2.055000066757202,
        2.055000066757202,
        2.058000087738037,
        2.062000036239624,
        2.062000036239624,
        2.065000057220459,
        2.068000078201294,
        2.068000078201294,
        2.072000026702881,
        2.075000047683716,
        2.075000047683716,
        2.078000068664551,
        2.0810000896453857,
        2.0810000896453857,
        2.0850000381469727,
        2.0850000381469727,
        2.0880000591278076,
        2.0909998416900635,
        2.0909998416900635,
        2.0939998626708984,
        2.0980000495910645,
        2.0980000495910645,
        2.1009998321533203
    ],
    "Generations needed": 38,
    "Population 1": 200.02499389648438,
    "Population 10": 1813.8299560546875,
    "Population 11": 1891.989990234375,
    "Population 12": 1893.56005859375,
    "Population 13": 1892.760009765625,
    "Population 14": 1884.5799560546875,
    "Population 15": 1889.4300537109375,
    "Population 16": 1948.0999755859375,
    "Population 17": 2828.625,
    "Population 18": 2841.074951171875,
    "Population 19": 2848.889892578125,
    "Population 2": 635.9199829101563,
    "Population 20": 2847.340087890625,
    "Population 21": 2840.93994140625,
    "Population 22": 2848.909912109375,
    "Population 23": 2848.909912109375,
    "Population 24": 2848.909912109375,
    "Population 25": 2848.909912109375,
    "Population 26": 2951.52490234375,
    "Population 27": 3875.0400390625,
    "Population 28": 3916.554931640625,
    "Population 29": 3921.080078125,
    "Population 3": 869.0399780273438,
    "Population 30": 3925.919921875,
    "Population 31": 4848.10986328125,
    "Population 32": 4870.03515625,
    "Population 33": 4860.43017578125,
    "Population 34": 4879.39990234375,
    "Population 35": 4866.23486328125,
    "Population 36": 4873.5751953125,
    "Population 37": 4878.69482421875,
    "Population 38": 4926.22509765625,
    "Population 4": 879.7999877929688,
    "Population 5": 879.7999877929688,
    "Population 6": 878.3599853515625,
    "Population 7": 878.8150024414063,
    "Population 8": 925.405029296875,
    "Population 9": 1789.0050048828125,
    "start": "today"
}
