{
    "Champ at 1": 805.0,
    "Champ at 10": 1911.0,
    "Champ at 11": 1911.0,
    "Champ at 12": 1911.0,
    "Champ at 13": 1911.0,
    "Champ at 14": 1911.0,
    "Champ at 15": 1911.0,
    "Champ at 16": 2307.0,
    "Champ at 17": 2307.0,
    "Champ at 18": 2307.0,
    "Champ at 19": 2872.0,
    "Champ at 2": 1238.0,
    "Champ at 20": 2872.0,
    "Champ at 21": 2872.0,
    "Champ at 22": 2874.0,
    "Champ at 23": 2874.0,
    "Champ at 24": 3586.0,
    "Champ at 25": 3586.0,
    "Champ at 26": 3804.0,
    "Champ at 27": 3804.0,
    "Champ at 28": 3804.0,
    "Champ at 29": 3903.0,
    "Champ at 3": 1280.0,
    "Champ at 30": 3903.0,
    "Champ at 31": 3903.0,
    "Champ at 32": 3903.0,
    "Champ at 33": 3903.0,
    "Champ at 34": 4610.0,
    "Champ at 35": 4610.0,
    "Champ at 36": 4610.0,
    "Champ at 37": 4610.0,
    "Champ at 38": 4610.0,
    "Champ at 39": 4610.0,
    "Champ at 4": 1280.0,
    "Champ at 40": 4983.0,
    "Champ at 41": 4983.0,
    "Champ at 42": 4983.0,
    "Champ at 43": 4983.0,
    "Champ at 44": 4983.0,
    "Champ at 45": 4983.0,
    "Champ at 46": 5163.0,
    "Champ at 5": 1280.0,
    "Champ at 6": 1280.0,
    "Champ at 7": 1280.0,
    "Champ at 8": 1280.0,
    "Champ at 9": 1281.0,
    "ChampFitness": 5163.0,
    "ChampInputs": [
        1.8050000667572021,
        1.8050000667572021,
        1.808000087738037,
        1.808000087738037,
        1.8109999895095825,
        1.8109999895095825,
        3.600666046142578,
        1.815000057220459,
        -0.68604576587677,
        1.8179999589920044,
        2.9179999828338623,
        1.8209999799728394,
        1.8250000476837158,
        1.8250000476837158,
        1.8279999494552612,
        3.134000062942505,
        -0.5288165807723999,
        1.8309999704360962,
        2.6385185718536377,
        1.8340001106262207,
        1.837999939918518,
        1.837999939918518,
        1.8410000801086426,
        1.8440001010894775,
        3.382999897003174,
        1.847000002861023,
        1.847000002861023,
        1.8510000705718994,
        1.8510000705718994,
        0.7093788385391235,
        1.8539999723434448,
        1.8569999933242798,
        1.8569999933242798,
        3.328000068664551,
        1.8600000143051147,
        1.8639999628067017,
        1.8639999628067017,
        1.8669999837875366,
        0.5839999914169312,
        1.8700001239776611,
        1.8700001239776611,
        1.8739999532699585,
        3.2690000534057617,
        1.877000093460083,
        1.877000093460083,
        1.8799998760223389,
        1.8799998760223389,
        1.8830000162124634,
        1.8830000162124634,
        1.8870000839233398,
        1.8899999856948853,
        1.8899999856948853,
        1.8930000066757202,
        1.8930000066757202,
        1.8960000276565552,
        1.8960000276565552,
        1.899999976158142,
        1.899999976158142,
        1.902999997138977,
        1.902999997138977,
        1.9059998989105225,
        1.9059998989105225,
        1.9089999198913574,
        1.9089999198913574,
        1.9130001068115234,
        1.9130001068115234,
        1.9159998893737793,
        1.9159998893737793,
        1.9190000295639038,
        1.9190000295639038,
        1.9220000505447388,
        1.9259999990463257,
        1.9259999990463257,
        1.9290000200271606,
        1.9290000200271606,
        1.9320000410079956,
        1.9320000410079956,
        1.9359999895095825,
        1.9359999895095825,
        1.9390000104904175,
        1.9390000104904175,
        1.941999912261963,
        1.941999912261963,
        1.9449999332427979,
        1.9449999332427979,
        1.9490001201629639,
        1.9490001201629639,
        1.9519999027252197,
        1.9519999027252197,
        1.9550000429153442,
        1.9550000429153442,
        1.9580000638961792,
        1.9620000123977661,
        1.9620000123977661,
        1.965000033378601,
        1.965000033378601,
        1.9679999351501465,
        1.9679999351501465,
        1.9709999561309814,
        1.9709999561309814
    ],
    "Generations needed": 46,
    "Population 1": 200.22000122070313,
    "Population 10": 1382.52001953125,
    "Population 11": 1877.675048828125,
    "Population 12": 1893.56005859375,
    "Population 13": 1893.56005859375,
    "Population 14": 1882.8699951171875,
    "Population 15": 1888.675048828125,
    "Population 16": 1915.2349853515625,
    "Population 17": 2271.179931640625,
    "Population 18": 2285.60009765625,
    "Population 19": 2288.419921875,
    "Population 2": 736.52001953125,
    "Population 20": 2843.39990234375,
    "Population 21": 2826.169921875,
    "Population 22": 2832.739990234375,
    "Population 23": 2816.760009765625,
    "Population 24": 2920.610107421875,
    "Population 25": 3544.3349609375,
    "Population 26": 3541.965087890625,
    "Population 27": 3762.544921875,
    "Population 28": 3754.655029296875,
    "Population 29": 3768.125,
    "Population 3": 1187.6300048828125,
    "Population 30": 3865.554931640625,
    "Population 31": 3854.695068359375,
    "Population 32": 3859.81005859375,
    "Population 33": 3861.139892578125,
    "Population 34": 3934.179931640625,
    "Population 35": 4547.8349609375,
    "Population 36": 4565.56982421875,
    "Population 37": 4560.875,
    "Population 38": 4556.2099609375,
    "Population 39": 4553.59521484375,
    "Population 4": 1259.574951171875,
    "Population 40": 4606.55517578125,
    "Population 41": 4915.169921875,
    "Population 42": 4934.83984375,
    "Population 43": 4934.83984375,
    "Population 44": 4934.83984375,
    "Population 45": 4934.83984375,
    "Population 46": 4928.294921875,
    "Population 5": 1267.43994140625,
    "Population 6": 1268.8699951171875,
    "Population 7": 1263.9549560546875,
    "Population 8": 1260.35498046875,
    "Population 9": 1265.925048828125,
    "start": "today"
}
