{
    "Champ at 1": 819.0,
    "Champ at 10": 1911.0,
    "Champ at 11": 1911.0,
    "Champ at 12": 1911.0,
    "Champ at 13": 1911.0,
    "Champ at 14": 1911.0,
    "Champ at 15": 2306.0,
    "Champ at 16": 2306.0,
    "Champ at 17": 2562.0,
    "Champ at 18": 2562.0,
    "Champ at 19": 2562.0,
    "Champ at 2": 1273.0,
    "Champ at 20": 2562.0,
    "Champ at 21": 2562.0,
    "Champ at 22": 2562.0,
    "Champ at 23": 2935.0,
    "Champ at 24": 2935.0,
    "Champ at 25": 2935.0,
    "Champ at 26": 2935.0,
    "Champ at 27": 2935.0,
    "Champ at 28": 2935.0,
    "Champ at 29": 3586.0,
    "Champ at 3": 1275.0,
    "Champ at 30": 3586.0,
    "Champ at 31": 3586.0,
    "Champ at 32": 3586.0,
    "Champ at 33": 3586.0,
    "Champ at 34": 3586.0,
    "Champ at 35": 3586.0,
    "Champ at 36": 3671.0,
    "Champ at 37": 3893.0,
    "Champ at 38": 3959.0,
    "Champ at 39": 4342.0,
    "Champ at 4": 1538.0,
    "Champ at 40": 4354.0,
    "Champ at 41": 4354.0,
    "Champ at 42": 4354.0,
    "Champ at 43": 4354.0,
    "Champ at 44": 4354.0,
    "Champ at 45": 4354.0,
    "Champ at 46": 4354.0,
    "Champ at 47": 4983.0,
    "Champ at 48": 4983.0,
    "Champ at 49": 4983.0,
    "Champ at 5": 1538.0,
    "Champ at 50": 4983.0,
    "Champ at 51": 4983.0,
    "Champ at 52": 4983.0,
    "Champ at 53": 4983.0,
    "Champ at 54": 4983.0,
    "Champ at 55": 4983.0,
    "Champ at 56": 5167.0,
    "Champ at 6": 1714.0,
    "Champ at 7": 1850.0,
    "Champ at 8": 1911.0,
    "Champ at 9": 1911.0,
    "ChampFitness": 5167.0,
    "ChampInputs": [
        1.8359999656677246,
        1.8389999866485596,
        1.8389999866485596,
        1.8420000076293945,
        1.8420000076293945,
        1.8459999561309814,
        3.385622978210449,
        -0.5162520408630371,
        1.8489999771118164,
        1.8519999980926514,
        1.8589999675750732,
        0.7388224005699158,
        1.8619999885559082,
        1.8650000095367432,
        1.871999979019165,
        1.871999979019165,
        3.1677849292755127,
        1.875,
        1.878000020980835,
        1.878000020980835,
        1.8819999694824219,
        0.7769999504089355,
        1.8849999904632568,
        1.8849999904632568,
        1.8880000114440918,
        3.0149998664855957,
        1.8910000324249268,
        1.8910000324249268,
        0.568640410900116,
        1.8949999809265137,
        1.8980000019073486,
        1.8980000019073486,
        1.8980000019073486,
        1.9010000228881836,
        1.9010000228881836,
        1.0992586612701416,
        1.9040000438690186,
        1.9079999923706055,
        0.7350000143051147,
        1.9110000133514404,
        1.9110000133514404,
        1.9140000343322754,
        1.9140000343322754,
        1.9169999361038208,
        3.1760001182556152,
        1.9169999361038208,
        1.9210000038146973,
        1.9210000038146973,
        1.9239999055862427,
        1.9239999055862427,
        1.9270000457763672,
        1.9270000457763672,
        1.930999994277954,
        1.930999994277954,
        1.934000015258789,
        1.934000015258789,
        1.937000036239624,
        1.937000036239624,
        1.937000036239624,
        1.940000057220459,
        1.940000057220459,
        1.944000005722046,
        1.944000005722046,
        1.9470000267028809,
        1.9470000267028809,
        1.9499999284744263,
        1.9499999284744263,
        1.9529999494552612,
        1.9529999494552612,
        1.9570000171661377,
        1.9570000171661377,
        1.959999918937683,
        1.959999918937683,
        1.9630000591278076,
        1.9630000591278076,
        1.9660000801086426,
        1.9660000801086426,
        1.9660000801086426,
        1.9700000286102295,
        1.9700000286102295,
        1.9730000495910645,
        1.9730000495910645,
        1.9760000705718994,
        1.9760000705718994,
        1.9800000190734863,
        1.9800000190734863,
        1.9830000400543213,
        1.9830000400543213,
        1.9859999418258667,
        1.9859999418258667,
        1.9889999628067017,
        1.9889999628067017,
        1.9930000305175781,
        1.9930000305175781,
        1.9959999322891235,
        1.9959999322891235,
        1.999000072479248,
        1.999000072479248,
        2.002000093460083,
        2.002000093460083
    ],
    "Generations needed": 56,
    "Population 1": 195.8800048828125,
    "Population 10": 1892.1199951171875,
    "Population 11": 1893.56005859375,
    "Population 12": 1893.56005859375,
    "Population 13": 1884.68505859375,
    "Population 14": 1893.56005859375,
    "Population 15": 1912.5999755859375,
    "Population 16": 2276.260009765625,
    "Population 17": 2282.8798828125,
    "Population 18": 2533.81005859375,
    "Population 19": 2538.050048828125,
    "Population 2": 753.5599975585938,
    "Population 20": 2528.68994140625,
    "Population 21": 2538.050048828125,
    "Population 22": 2531.635009765625,
    "Population 23": 2567.034912109375,
    "Population 24": 2903.590087890625,
    "Population 25": 2907.320068359375,
    "Population 26": 2906.3349609375,
    "Population 27": 2906.81005859375,
    "Population 28": 2907.320068359375,
    "Population 29": 2937.72998046875,
    "Population 3": 1235.7349853515625,
    "Population 30": 3527.264892578125,
    "Population 31": 3533.7900390625,
    "Population 32": 3536.06005859375,
    "Population 33": 3551.81005859375,
    "Population 34": 3521.25,
    "Population 35": 3547.114990234375,
    "Population 36": 3552.235107421875,
    "Population 37": 3633.449951171875,
    "Population 38": 3828.52490234375,
    "Population 39": 3909.43505859375,
    "Population 4": 1255.074951171875,
    "Population 40": 4286.2900390625,
    "Population 41": 4311.884765625,
    "Population 42": 4297.73486328125,
    "Population 43": 4312.1298828125,
    "Population 44": 4312.1298828125,
    "Population 45": 4297.5498046875,
    "Population 46": 4308.2900390625,
    "Population 47": 4422.18994140625,
    "Population 48": 4925.41015625,
    "Population 49": 4912.919921875,
    "Population 5": 1511.7049560546875,
    "Population 50": 4913.375,
    "Population 51": 4929.72021484375,
    "Population 52": 4934.83984375,
    "Population 53": 4915.47509765625,
    "Population 54": 4916.919921875,
    "Population 55": 4916.3349609375,
    "Population 56": 4947.26513671875,
    "Population 6": 1525.1700439453125,
    "Population 7": 1696.699951171875,
    "Population 8": 1833.5849609375,
    "Population 9": 1891.4000244140625,
    "start": "today"
}
