{
    "Champ at 1": 887.0,
    "Champ at 10": 1911.0,
    "Champ at 11": 2562.0,
    "Champ at 12": 2562.0,
    "Champ at 13": 2562.0,
    "Champ at 14": 2562.0,
    "Champ at 15": 2562.0,
    "Champ at 16": 2562.0,
    "Champ at 17": 2562.0,
    "Champ at 18": 2562.0,
    "Champ at 19": 2935.0,
    "Champ at 2": 1266.0,
    "Champ at 20": 2935.0,
    "Champ at 21": 2935.0,
    "Champ at 22": 2935.0,
    "Champ at 23": 2935.0,
    "Champ at 24": 2935.0,
    "Champ at 25": 3890.0,
    "Champ at 26": 3890.0,
    "Champ at 27": 3890.0,
    "Champ at 28": 3890.0,
    "Champ at 29": 3890.0,
    "Champ at 3": 1276.0,
    "Champ at 30": 3890.0,
    "Champ at 31": 3890.0,
    "Champ at 32": 4921.0,
    "Champ at 33": 4922.0,
    "Champ at 34": 4922.0,
    "Champ at 35": 4922.0,
    "Champ at 36": 4922.0,
    "Champ at 37": 4922.0,
    "Champ at 38": 5150.0,
    "Champ at 4": 1283.0,
    "Champ at 5": 1911.0,
    "Champ at 6": 1911.0,
    "Champ at 7": 1911.0,
    "Champ at 8": 1911.0,
    "Champ at 9": 1911.0,
    "ChampFitness": 5150.0,
    "ChampInputs": [
        1.8899999856948853,
        1.8899999856948853,
        1.8899999856948853,
        1.8930000066757202,
        1.8930000066757202,
        1.8970000743865967,
        1.8970000743865967,
        0.9838367700576782,
        1.899999976158142,
        1.899999976158142,
        2.604736566543579,
        1.902999997138977,
        1.902999997138977,
        1.9059998989105225,
        1.9059998989105225,
        3.071000099182129,
        1.909999966621399,
        1.909999966621399,
        1.9130001068115234,
        1.9130001068115234,
        2.515000104904175,
        1.9159998893737793,
        1.9159998893737793,
        3.1579999923706055,
        1.9190000295639038,
        1.9190000295639038,
        1.9230000972747803,
        1.9230000972747803,
        1.9259999990463257,
        1.9259999990463257,
        1.9259999990463257,
        3.580000162124634,
        1.9290000200271606,
        1.9320000410079956,
        1.9320000410079956,
        1.9320000410079956,
        1.9359999895095825,
        1.9359999895095825,
        1.9390000104904175,
        3.1519999504089355,
        1.9390000104904175,
        1.941999912261963,
        1.941999912261963,
        1.941999912261963,
        1.9459999799728394,
        1.9459999799728394,
        1.9490001201629639,
        1.9490001201629639,
        1.9490001201629639,
        1.9519999027252197,
        1.9519999027252197,
        1.9550000429153442,
        1.9550000429153442,
        1.9550000429153442,
        1.9589998722076416,
        1.9589998722076416,
        1.9620000123977661,
        1.9620000123977661,
        1.9620000123977661,
        1.965000033378601,
        1.965000033378601,
        1.9679999351501465,
        1.9679999351501465,
        1.9679999351501465,
        1.972000002861023,
        1.972000002861023,
        1.972000002861023,
        1.975000023841858,
        1.975000023841858,
        1.9779999256134033,
        1.9779999256134033,
        1.9779999256134033,
        1.9809999465942383,
        1.9809999465942383,
        1.9850001335144043,
        1.9850001335144043,
        1.9850001335144043,
        1.9879999160766602,
        1.9879999160766602,
        1.9910000562667847,
        1.9910000562667847,
        1.9910000562667847,
        1.994999885559082,
        1.994999885559082,
        1.9980000257492065,
        1.9980000257492065,
        1.9980000257492065,
        2.000999927520752,
        2.000999927520752,
        2.003999948501587,
        2.003999948501587,
        2.003999948501587,
        2.007999897003174,
        2.007999897003174,
        2.011000156402588,
        2.011000156402588,
        2.011000156402588,
        2.0139999389648438,
        2.0139999389648438,
        2.0169999599456787
    ],
    "Generations needed": 38,
    "Population 1": 202.35000610351563,
    "Population 10": 1894.094970703125,
    "Population 11": 1928.8349609375,
    "Population 12": 2512.544921875,
    "Population 13": 2534.344970703125,
    "Population 14": 2518.93505859375,
    "Population 15": 2538.5849609375,
    "Population 16": 2538.5849609375,
    "Population 17": 2533.889892578125,
    "Population 18": 2538.5849609375,
    "Population 19": 2583.2451171875,
    "Population 2": 794.614990234375,
    "Population 20": 2902.534912109375,
    "Population 21": 2907.85498046875,
    "Population 22": 2880.8798828125,
    "Population 23": 2906.8701171875,
    "Population 24": 2906.8701171875,
    "Population 25": 2932.659912109375,
    "Population 26": 3828.39501953125,
    "Population 27": 3798.235107421875,
    "Population 28": 3853.304931640625,
    "Population 29": 3845.330078125,
    "Population 3": 1227.5999755859375,
    "Population 30": 3853.304931640625,
    "Population 31": 3852.6650390625,
    "Population 32": 3924.7451171875,
    "Population 33": 4848.40478515625,
    "Population 34": 4874.98486328125,
    "Population 35": 4870.76513671875,
    "Population 36": 4850.18505859375,
    "Population 37": 4858.94482421875,
    "Population 38": 4926.68994140625,
    "Population 4": 1262.510009765625,
    "Population 5": 1279.7249755859375,
    "Population 6": 1888.68505859375,
    "Population 7": 1894.094970703125,
    "Population 8": 1894.094970703125,
    "Population 9": 1890.4949951171875,
    "start": "today"
}
