{
    "Champ at 1": 887.0,
    "Champ at 10": 1911.0,
    "Champ at 11": 1911.0,
    "Champ at 12": 1911.0,
    "Champ at 13": 1911.0,
    "Champ at 14": 1911.0,
    "Champ at 15": 2864.0,
    "Champ at 16": 2864.0,
    "Champ at 17": 2865.0,
    "Champ at 18": 2865.0,
    "Champ at 19": 2865.0,
    "Champ at 2": 1538.0,
    "Champ at 20": 2865.0,
    "Champ at 21": 2865.0,
    "Champ at 22": 2865.0,
    "Champ at 23": 3892.0,
    "Champ at 24": 3892.0,
    "Champ at 25": 3892.0,
    "Champ at 26": 3892.0,
    "Champ at 27": 3892.0,
    "Champ at 28": 3892.0,
    "Champ at 29": 3892.0,
    "Champ at 3": 1538.0,
    "Champ at 30": 3892.0,
    "Champ at 31": 3892.0,
    "Champ at 32": 4610.0,
    "Champ at 33": 4610.0,
    "Champ at 34": 4610.0,
    "Champ at 35": 4610.0,
    "Champ at 36": 4610.0,
    "Champ at 37": 4610.0,
    "Champ at 38": 4983.0,
    "Champ at 39": 4983.0,
    "Champ at 4": 1538.0,
    "Champ at 40": 4983.0,
    "Champ at 41": 4983.0,
    "Champ at 42": 4983.0,
    "Champ at 43": 4983.0,
    "Champ at 44": 4983.0,
    "Champ at 45": 5170.0,
    "Champ at 5": 1538.0,
    "Champ at 6": 1538.0,
    "Champ at 7": 1538.0,
    "Champ at 8": 1911.0,
    "Champ at 9": 1911.0,
    "ChampFitness": 5170.0,
    "ChampInputs": [
        1.8930000066757202,
        1.8960000276565552,
        1.8960000276565552,
        1.8960000276565552,
        1.8989999294281006,
        1.8989999294281006,
        1.8989999294281006,
        1.2643837928771973,
        1.902999997138977,
        1.902999997138977,
        1.9059998989105225,
        1.9059998989105225,
        2.3610000610351563,
        1.9059998989105225,
        1.9089999198913574,
        3.24399995803833,
        1.9089999198913574,
        1.912000060081482,
        1.9238104820251465,
        1.912000060081482,
        1.9159998893737793,
        1.9159998893737793,
        1.9159998893737793,
        3.5809998512268066,
        1.9190000295639038,
        1.9190000295639038,
        1.9190000295639038,
        1.9220000505447388,
        1.9220000505447388,
        1.9220000505447388,
        1.9249999523162842,
        3.388000011444092,
        1.9249999523162842,
        1.9290000200271606,
        1.9290000200271606,
        1.9290000200271606,
        2.3949999809265137,
        1.9320000410079956,
        1.9320000410079956,
        3.249000072479248,
        1.934999942779541,
        1.934999942779541,
        1.934999942779541,
        1.937999963760376,
        1.937999963760376,
        1.937999963760376,
        1.941999912261963,
        1.941999912261963,
        1.941999912261963,
        1.941999912261963,
        1.9449999332427979,
        1.9449999332427979,
        1.9449999332427979,
        1.9480000734329224,
        1.9480000734329224,
        1.9480000734329224,
        1.9519999027252197,
        1.9519999027252197,
        1.9519999027252197,
        1.9550000429153442,
        1.9550000429153442,
        1.9550000429153442,
        1.9550000429153442,
        1.9580000638961792,
        1.9580000638961792,
        1.9580000638961792,
        1.9609999656677246,
        1.9609999656677246,
        1.9609999656677246,
        1.965000033378601,
        1.965000033378601,
        1.965000033378601,
        1.965000033378601,
        1.9679999351501465,
        1.9679999351501465,
        1.9679999351501465,
        1.9709999561309814,
        1.9709999561309814,
        1.9709999561309814,
        1.9739999771118164,
        1.9739999771118164,
        1.9739999771118164,
        1.9779999256134033,
        1.9779999256134033,
        1.9779999256134033,
        1.9779999256134033,
        1.9809999465942383,
        1.9809999465942383,
        1.9809999465942383,
        1.9840000867843628,
        1.9840000867843628,
        1.9840000867843628,
        1.9869999885559082,
        1.9869999885559082,
        1.9869999885559082,
        1.9869999885559082,
        1.9910000562667847,
        1.9910000562667847,
        1.9910000562667847,
        1.99399995803833
    ],
    "Generations needed": 45,
    "Population 1": 199.94000244140625,
    "Population 10": 1895.6650390625,
    "Population 11": 1896.6500244140625,
    "Population 12": 1896.6500244140625,
    "Population 13": 1896.6500244140625,
    "Population 14": 1896.6500244140625,
    "Population 15": 1947.074951171875,
    "Population 16": 2810.989990234375,
    "Population 17": 2826.010009765625,
    "Population 18": 2841.10009765625,
    "Population 19": 2841.110107421875,
    "Population 2": 828.260009765625,
    "Population 20": 2835.35498046875,
    "Population 21": 2841.10498046875,
    "Population 22": 2828.719970703125,
    "Population 23": 2919.784912109375,
    "Population 24": 3848.27001953125,
    "Population 25": 3851.52490234375,
    "Population 26": 3851.18505859375,
    "Population 27": 3851.179931640625,
    "Population 28": 3857.840087890625,
    "Population 29": 3857.840087890625,
    "Population 3": 1500.8900146484375,
    "Population 30": 3857.840087890625,
    "Population 31": 3857.840087890625,
    "Population 32": 3933.889892578125,
    "Population 33": 4557.27490234375,
    "Population 34": 4568.66015625,
    "Population 35": 4568.66015625,
    "Population 36": 4568.66015625,
    "Population 37": 4549.06005859375,
    "Population 38": 4621.68017578125,
    "Population 39": 4937.64501953125,
    "Population 4": 1527.3800048828125,
    "Population 40": 4915.5849609375,
    "Population 41": 4937.93017578125,
    "Population 42": 4937.93017578125,
    "Population 43": 4936.490234375,
    "Population 44": 4937.93017578125,
    "Population 45": 4947.40478515625,
    "Population 5": 1527.3800048828125,
    "Population 6": 1527.3800048828125,
    "Population 7": 1527.3800048828125,
    "Population 8": 1578.9000244140625,
    "Population 9": 1885.3349609375,
    "start": "today"
}
