{
    "Champ at 1": 887.0,
    "Champ at 10": 1538.0,
    "Champ at 11": 1538.0,
    "Champ at 12": 1911.0,
    "Champ at 13": 1911.0,
    "Champ at 14": 1911.0,
    "Champ at 15": 1911.0,
    "Champ at 16": 1911.0,
    "Champ at 17": 1911.0,
    "Champ at 18": 2864.0,
    "Champ at 19": 2866.0,
    "Champ at 2": 1538.0,
    "Champ at 20": 2866.0,
    "Champ at 21": 2866.0,
    "Champ at 22": 2866.0,
    "Champ at 23": 2866.0,
    "Champ at 24": 2868.0,
    "Champ at 25": 3894.0,
    "Champ at 26": 3894.0,
    "Champ at 27": 3894.0,
    "Champ at 28": 3894.0,
    "Champ at 29": 3895.0,
    "Champ at 3": 1538.0,
    "Champ at 30": 3895.0,
    "Champ at 31": 3895.0,
    "Champ at 32": 3895.0,
    "Champ at 33": 3895.0,
    "Champ at 34": 4923.0,
    "Champ at 35": 4924.0,
    "Champ at 36": 4924.0,
    "Champ at 37": 4924.0,
    "Champ at 38": 4924.0,
    "Champ at 39": 4924.0,
    "Champ at 4": 1538.0,
    "Champ at 40": 5167.0,
    "Champ at 5": 1538.0,
    "Champ at 6": 1538.0,
    "Champ at 7": 1538.0,
    "Champ at 8": 1538.0,
    "Champ at 9": 1538.0,
    "ChampFitness": 5167.0,
    "ChampInputs": [
        1.8930000066757202,
        1.8930000066757202,
        1.8960000276565552,
        1.8960000276565552,
        1.8960000276565552,
        1.899999976158142,
        3.051010847091675,
        1.899999976158142,
        1.902999997138977,
        1.902999997138977,
        1.902999997138977,
        2.363999843597412,
        1.9059998989105225,
        1.9059998989105225,
        3.3329999446868896,
        1.909999966621399,
        1.909999966621399,
        1.9130001068115234,
        -2.6309518814086914,
        1.9130001068115234,
        -3.209852695465088,
        1.9159998893737793,
        1.9190000295639038,
        1.9190000295639038,
        3.558000087738037,
        1.9230000972747803,
        1.9230000972747803,
        1.9230000972747803,
        1.9259999990463257,
        1.9259999990463257,
        1.9259999990463257,
        1.9290000200271606,
        -2.5150136947631836,
        3.513000011444092,
        1.9320000410079956,
        1.9320000410079956,
        1.9320000410079956,
        1.9359999895095825,
        1.9359999895095825,
        1.9359999895095825,
        -2.1805334091186523,
        1.9390000104904175,
        3.4049999713897705,
        1.941999912261963,
        1.941999912261963,
        1.941999912261963,
        1.9449999332427979,
        1.9449999332427979,
        1.9449999332427979,
        1.9449999332427979,
        1.9490001201629639,
        1.9490001201629639,
        1.9490001201629639,
        1.9519999027252197,
        1.9519999027252197,
        1.9550000429153442,
        1.9550000429153442,
        1.9550000429153442,
        1.9580000638961792,
        1.9580000638961792,
        1.9580000638961792,
        1.9620000123977661,
        1.9620000123977661,
        1.9620000123977661,
        1.965000033378601,
        1.965000033378601,
        1.965000033378601,
        1.9679999351501465,
        1.9679999351501465,
        1.9679999351501465,
        1.972000002861023,
        1.972000002861023,
        1.972000002861023,
        1.975000023841858,
        1.975000023841858,
        1.9779999256134033,
        1.9779999256134033,
        1.9779999256134033,
        1.9809999465942383,
        1.9809999465942383,
        1.9809999465942383,
        1.9850001335144043,
        1.9850001335144043,
        1.9850001335144043,
        1.9879999160766602,
        1.9879999160766602,
        1.9879999160766602,
        1.9910000562667847,
        1.9910000562667847,
        1.9910000562667847,
        1.99399995803833,
        1.99399995803833,
        1.99399995803833,
        1.99399995803833,
        1.9980000257492065,
        1.9980000257492065,
        2.000999927520752,
        2.000999927520752,
        2.000999927520752,
        2.003999948501587
    ],
    "Generations needed": 40,
    "Population 1": 189.88999938964844,
    "Population 10": 1524.2900390625,
    "Population 11": 1524.2900390625,
    "Population 12": 1558.39501953125,
    "Population 13": 1887.4549560546875,
    "Population 14": 1893.56005859375,
    "Population 15": 1893.56005859375,
    "Population 16": 1893.56005859375,
    "Population 17": 1893.56005859375,
    "Population 18": 1921.5150146484375,
    "Population 19": 2819.3798828125,
    "Population 2": 772.0399780273438,
    "Population 20": 2826.949951171875,
    "Population 21": 2839.010009765625,
    "Population 22": 2839.010009765625,
    "Population 23": 2825.514892578125,
    "Population 24": 2833.260009765625,
    "Population 25": 2950.794921875,
    "Population 26": 3835.304931640625,
    "Population 27": 3856.72998046875,
    "Population 28": 3829.14990234375,
    "Population 29": 3850.955078125,
    "Population 3": 1481.72998046875,
    "Population 30": 3857.719970703125,
    "Population 31": 3851.93505859375,
    "Population 32": 3857.719970703125,
    "Population 33": 3821.344970703125,
    "Population 34": 3947.195068359375,
    "Population 35": 4865.44482421875,
    "Population 36": 4876.43017578125,
    "Population 37": 4876.43017578125,
    "Population 38": 4870.89013671875,
    "Population 39": 4864.6201171875,
    "Population 4": 1518.4749755859375,
    "Population 40": 4927.4599609375,
    "Population 5": 1514.2349853515625,
    "Population 6": 1510.6600341796875,
    "Population 7": 1519.594970703125,
    "Population 8": 1524.2900390625,
    "Population 9": 1520.050048828125,
    "start": "today"
}
