{
    "Champ at 1": 887.0,
    "Champ at 10": 1911.0,
    "Champ at 11": 1911.0,
    "Champ at 12": 1911.0,
    "Champ at 13": 1911.0,
    "Champ at 14": 1911.0,
    "Champ at 15": 1911.0,
    "Champ at 16": 1911.0,
    "Champ at 17": 1911.0,
    "Champ at 18": 2562.0,
    "Champ at 19": 2562.0,
    "Champ at 2": 1284.0,
    "Champ at 20": 2562.0,
    "Champ at 21": 2562.0,
    "Champ at 22": 2562.0,
    "Champ at 23": 2562.0,
    "Champ at 24": 2562.0,
    "Champ at 25": 2562.0,
    "Champ at 26": 2935.0,
    "Champ at 27": 2935.0,
    "Champ at 28": 2935.0,
    "Champ at 29": 2935.0,
    "Champ at 3": 1538.0,
    "Champ at 30": 2935.0,
    "Champ at 31": 2935.0,
    "Champ at 32": 2935.0,
    "Champ at 33": 2935.0,
    "Champ at 34": 3586.0,
    "Champ at 35": 3586.0,
    "Champ at 36": 3586.0,
    "Champ at 37": 3586.0,
    "Champ at 38": 3586.0,
    "Champ at 39": 3586.0,
    "Champ at 4": 1538.0,
    "Champ at 40": 3586.0,
    "Champ at 41": 3586.0,
    "Champ at 42": 3586.0,
    "Champ at 43": 3959.0,
    "Champ at 44": 3959.0,
    "Champ at 45": 3959.0,
    "Champ at 46": 3959.0,
    "Champ at 47": 3959.0,
    "Champ at 48": 3959.0,
    "Champ at 49": 3959.0,
    "Champ at 5": 1538.0,
    "Champ at 50": 3959.0,
    "Champ at 51": 4910.0,
    "Champ at 52": 4910.0,
    "Champ at 53": 4910.0,
    "Champ at 54": 4910.0,
    "Champ at 55": 4910.0,
    "Champ at 56": 4910.0,
    "Champ at 57": 4910.0,
    "Champ at 58": 4910.0,
    "Champ at 59": 4910.0,
    "Champ at 6": 1538.0,
    "Champ at 60": 5161.0,
    "Champ at 7": 1538.0,
    "Champ at 8": 1538.0,
    "Champ at 9": 1911.0,
    "ChampFitness": 5161.0,
    "ChampInputs": [
        1.8650000095367432,
        1.8680000305175781,
        1.8680000305175781,
        1.8680000305175781,
        1.871999979019165,
        1.871999979019165,
        1.871999979019165,
        1.2937544584274292,
        1.875,
        1.875,
        1.878000020980835,
        1.878000020980835,
        2.5749998092651367,
        1.878000020980835,
        1.8809999227523804,
        3.2839999198913574,
        1.8809999227523804,
        1.8849999904632568,
        1.8849999904632568,
        1.8849999904632568,
        2.490999937057495,
        1.8880000114440918,
        1.8880000114440918,
        3.0829999446868896,
        1.8910000324249268,
        1.8910000324249268,
        1.8940000534057617,
        1.8940000534057617,
        2.5929999351501465,
        1.8940000534057617,
        1.8980000019073486,
        3.187999963760376,
        1.8980000019073486,
        1.9010000228881836,
        1.9010000228881836,
        1.9010000228881836,
        1.9040000438690186,
        1.9040000438690186,
        1.9040000438690186,
        3.5420000553131104,
        1.9079999923706055,
        1.9079999923706055,
        1.9079999923706055,
        1.9110000133514404,
        1.9110000133514404,
        1.9110000133514404,
        1.9140000343322754,
        1.9140000343322754,
        1.9140000343322754,
        1.9169999361038208,
        1.9169999361038208,
        1.9169999361038208,
        1.9210000038146973,
        1.9210000038146973,
        1.9210000038146973,
        1.9239999055862427,
        1.9239999055862427,
        1.9239999055862427,
        1.9239999055862427,
        1.9270000457763672,
        1.9270000457763672,
        1.9270000457763672,
        1.9300000667572021,
        1.9300000667572021,
        1.9300000667572021,
        1.934000015258789,
        1.934000015258789,
        1.934000015258789,
        1.937000036239624,
        1.937000036239624,
        1.937000036239624,
        1.940000057220459,
        1.940000057220459,
        1.940000057220459,
        1.940000057220459,
        1.9429999589920044,
        1.9429999589920044,
        1.9429999589920044,
        1.9470000267028809,
        1.9470000267028809,
        1.9470000267028809,
        1.9499999284744263,
        1.9499999284744263,
        1.9499999284744263,
        1.9499999284744263,
        1.9529999494552612,
        1.9529999494552612,
        1.9529999494552612,
        1.9570000171661377,
        1.9570000171661377,
        1.9570000171661377,
        1.959999918937683,
        1.959999918937683,
        1.959999918937683,
        1.9630000591278076,
        1.9630000591278076,
        1.9630000591278076,
        1.9630000591278076,
        1.9660000801086426,
        1.9660000801086426
    ],
    "Generations needed": 60,
    "Population 1": 201.6999969482422,
    "Population 10": 1882.7650146484375,
    "Population 11": 1892.574951171875,
    "Population 12": 1885.8800048828125,
    "Population 13": 1885.8800048828125,
    "Population 14": 1893.56005859375,
    "Population 15": 1891.0,
    "Population 16": 1886.574951171875,
    "Population 17": 1888.43994140625,
    "Population 18": 1914.7449951171875,
    "Population 19": 2530.195068359375,
    "Population 2": 773.0449829101563,
    "Population 20": 2534.465087890625,
    "Population 21": 2522.905029296875,
    "Population 22": 2538.050048828125,
    "Population 23": 2530.2099609375,
    "Population 24": 2538.050048828125,
    "Population 25": 2533.81005859375,
    "Population 26": 2571.06494140625,
    "Population 27": 2886.8701171875,
    "Population 28": 2896.514892578125,
    "Population 29": 2885.5048828125,
    "Population 3": 1258.3050537109375,
    "Population 30": 2907.320068359375,
    "Population 31": 2907.320068359375,
    "Population 32": 2904.760009765625,
    "Population 33": 2907.320068359375,
    "Population 34": 2942.864990234375,
    "Population 35": 3545.300048828125,
    "Population 36": 3541.215087890625,
    "Population 37": 3545.9951171875,
    "Population 38": 3549.14990234375,
    "Population 39": 3551.81005859375,
    "Population 4": 1516.5050048828125,
    "Population 40": 3535.594970703125,
    "Population 41": 3539.8349609375,
    "Population 42": 3534.715087890625,
    "Population 43": 3602.1650390625,
    "Population 44": 3918.85009765625,
    "Population 45": 3892.5,
    "Population 46": 3907.695068359375,
    "Population 47": 3921.080078125,
    "Population 48": 3921.080078125,
    "Population 49": 3907.534912109375,
    "Population 5": 1524.2900390625,
    "Population 50": 3920.094970703125,
    "Population 51": 3979.0,
    "Population 52": 4783.91015625,
    "Population 53": 4859.3349609375,
    "Population 54": 4834.55517578125,
    "Population 55": 4819.41015625,
    "Population 56": 4859.77490234375,
    "Population 57": 4841.01513671875,
    "Population 58": 4856.830078125,
    "Population 59": 4821.4501953125,
    "Population 6": 1524.2900390625,
    "Population 60": 4921.31982421875,
    "Population 7": 1521.0350341796875,
    "Population 8": 1520.050048828125,
    "Population 9": 1554.125,
    "start": "today"
}
