{
    "Champ at 1": 887.0,
    "Champ at 10": 1714.0,
    "Champ at 11": 1714.0,
    "Champ at 12": 1911.0,
    "Champ at 13": 2562.0,
    "Champ at 14": 2562.0,
    "Champ at 15": 2562.0,
    "Champ at 16": 2562.0,
    "Champ at 17": 2562.0,
    "Champ at 18": 2562.0,
    "Champ at 19": 2562.0,
    "Champ at 2": 1275.0,
    "Champ at 20": 2935.0,
    "Champ at 21": 2935.0,
    "Champ at 22": 2935.0,
    "Champ at 23": 2935.0,
    "Champ at 24": 2935.0,
    "Champ at 25": 2935.0,
    "Champ at 26": 3894.0,
    "Champ at 27": 3895.0,
    "Champ at 28": 3959.0,
    "Champ at 29": 3959.0,
    "Champ at 3": 1275.0,
    "Champ at 30": 3959.0,
    "Champ at 31": 3959.0,
    "Champ at 32": 3959.0,
    "Champ at 33": 3959.0,
    "Champ at 34": 3959.0,
    "Champ at 35": 4926.0,
    "Champ at 36": 4926.0,
    "Champ at 37": 4926.0,
    "Champ at 38": 4926.0,
    "Champ at 39": 4926.0,
    "Champ at 4": 1282.0,
    "Champ at 40": 4926.0,
    "Champ at 41": 4926.0,
    "Champ at 42": 5163.0,
    "Champ at 5": 1714.0,
    "Champ at 6": 1714.0,
    "Champ at 7": 1714.0,
    "Champ at 8": 1714.0,
    "Champ at 9": 1714.0,
    "ChampFitness": 5163.0,
    "ChampInputs": [
        1.8910000324249268,
        1.8940000534057617,
        1.8940000534057617,
        1.8980000019073486,
        1.8980000019073486,
        1.8980000019073486,
        2.7616093158721924,
        1.9010000228881836,
        1.9040000438690186,
        3.117314338684082,
        1.906999945640564,
        1.906999945640564,
        1.5750000476837158,
        1.9110000133514404,
        3.055999755859375,
        1.9140000343322754,
        1.9140000343322754,
        1.9169999361038208,
        1.9169999361038208,
        2.325000047683716,
        1.9200000762939453,
        1.9200000762939453,
        3.253000020980835,
        1.9239999055862427,
        1.9239999055862427,
        1.9270000457763672,
        1.9270000457763672,
        1.9300000667572021,
        1.9300000667572021,
        0.29784679412841797,
        1.934000015258789,
        3.246000051498413,
        1.937000036239624,
        1.937000036239624,
        1.940000057220459,
        1.940000057220459,
        1.9429999589920044,
        1.9429999589920044,
        1.9429999589920044,
        3.305999994277954,
        1.9470000267028809,
        1.9499999284744263,
        1.9499999284744263,
        1.9499999284744263,
        1.9529999494552612,
        1.9529999494552612,
        1.9560000896453857,
        1.9560000896453857,
        1.959999918937683,
        1.959999918937683,
        1.9630000591278076,
        1.9630000591278076,
        1.9630000591278076,
        1.9660000801086426,
        1.9660000801086426,
        1.968999981880188,
        1.968999981880188,
        1.9730000495910645,
        1.9730000495910645,
        1.9730000495910645,
        1.9760000705718994,
        1.9760000705718994,
        1.9789999723434448,
        1.9789999723434448,
        1.9830000400543213,
        1.9830000400543213,
        1.9830000400543213,
        1.9859999418258667,
        1.9889999628067017,
        1.9889999628067017,
        1.9920001029968262,
        1.9920001029968262,
        1.9959999322891235,
        1.9959999322891235,
        1.9959999322891235,
        1.999000072479248,
        1.999000072479248,
        2.002000093460083,
        2.002000093460083,
        2.002000093460083,
        2.004999876022339,
        2.004999876022339,
        2.009000062942505,
        2.009000062942505,
        2.009000062942505,
        2.0119998455047607,
        2.0119998455047607,
        2.0149998664855957,
        2.0180001258850098,
        2.0180001258850098,
        2.0180001258850098,
        2.0219998359680176,
        2.0219998359680176,
        2.0250000953674316,
        2.0250000953674316,
        2.0280001163482666,
        2.0280001163482666,
        2.0309998989105225,
        2.0309998989105225,
        2.0309998989105225
    ],
    "Generations needed": 42,
    "Population 1": 195.75999450683594,
    "Population 10": 1698.074951171875,
    "Population 11": 1698.530029296875,
    "Population 12": 1625.2750244140625,
    "Population 13": 1931.9200439453125,
    "Population 14": 2529.260009765625,
    "Population 15": 2533.594970703125,
    "Population 16": 2538.050048828125,
    "Population 17": 2538.050048828125,
    "Population 18": 2531.64990234375,
    "Population 19": 2532.5048828125,
    "Population 2": 794.1599731445313,
    "Population 20": 2583.080078125,
    "Population 21": 2875.485107421875,
    "Population 22": 2907.320068359375,
    "Population 23": 2907.320068359375,
    "Population 24": 2907.320068359375,
    "Population 25": 2898.199951171875,
    "Population 26": 2945.77490234375,
    "Population 27": 3842.784912109375,
    "Population 28": 3825.989990234375,
    "Population 29": 3919.885009765625,
    "Population 3": 1245.7149658203125,
    "Population 30": 3902.4150390625,
    "Population 31": 3921.080078125,
    "Population 32": 3921.080078125,
    "Population 33": 3901.965087890625,
    "Population 34": 3920.760009765625,
    "Population 35": 3951.89501953125,
    "Population 36": 4859.06982421875,
    "Population 37": 4860.47509765625,
    "Population 38": 4878.41015625,
    "Population 39": 4857.22998046875,
    "Population 4": 1263.9599609375,
    "Population 40": 4878.41015625,
    "Population 41": 4862.634765625,
    "Population 42": 4918.18505859375,
    "Population 5": 1275.02001953125,
    "Population 6": 1696.375,
    "Population 7": 1698.074951171875,
    "Population 8": 1698.530029296875,
    "Population 9": 1692.5,
    "start": "today"
}
