{
    "Champ at 1": 887.0,
    "Champ at 10": 1911.0,
    "Champ at 11": 1911.0,
    "Champ at 12": 1911.0,
    "Champ at 13": 1911.0,
    "Champ at 14": 1911.0,
    "Champ at 15": 1911.0,
    "Champ at 16": 2872.0,
    "Champ at 17": 2872.0,
    "Champ at 18": 2872.0,
    "Champ at 19": 2872.0,
    "Champ at 2": 1538.0,
    "Champ at 20": 2872.0,
    "Champ at 21": 2872.0,
    "Champ at 22": 2872.0,
    "Champ at 23": 3903.0,
    "Champ at 24": 3959.0,
    "Champ at 25": 3959.0,
    "Champ at 26": 3959.0,
    "Champ at 27": 3959.0,
    "Champ at 28": 3959.0,
    "Champ at 29": 4983.0,
    "Champ at 3": 1538.0,
    "Champ at 30": 4983.0,
    "Champ at 31": 4983.0,
    "Champ at 32": 4983.0,
    "Champ at 33": 4983.0,
    "Champ at 34": 4983.0,
    "Champ at 35": 4983.0,
    "Champ at 36": 4983.0,
    "Champ at 37": 5170.0,
    "Champ at 4": 1538.0,
    "Champ at 5": 1538.0,
    "Champ at 6": 1538.0,
    "Champ at 7": 1538.0,
    "Champ at 8": 1538.0,
    "Champ at 9": 1911.0,
    "ChampFitness": 5170.0,
    "ChampInputs": [
        1.8840000629425049,
        1.8840000629425049,
        1.8870000839233398,
        1.8899999856948853,
        1.8899999856948853,
        1.8940000534057617,
        1.8970000743865967,
        1.222692608833313,
        1.899999976158142,
        1.902999997138977,
        1.906999945640564,
        1.906999945640564,
        0.31800001859664917,
        1.909999966621399,
        1.9130001068115234,
        1.9169999361038208,
        3.371000051498413,
        1.9200000762939453,
        1.9230000972747803,
        1.9230000972747803,
        1.9259999990463257,
        1.9300000667572021,
        1.9300000667572021,
        1.9329999685287476,
        3.5254225730895996,
        1.9359999895095825,
        1.9390000104904175,
        1.9429999589920044,
        1.9429999589920044,
        1.9459999799728394,
        1.9490001201629639,
        1.9490001201629639,
        3.2870001792907715,
        1.9560000896453857,
        1.9560000896453857,
        1.9589998722076416,
        1.9620000123977661,
        1.9660000801086426,
        1.9660000801086426,
        1.968999981880188,
        3.3529999256134033,
        1.972000002861023,
        1.975000023841858,
        1.9789999723434448,
        1.9789999723434448,
        1.9819999933242798,
        1.9850001335144043,
        1.9850001335144043,
        1.9879999160766602,
        1.9920001029968262,
        1.9920001029968262,
        1.994999885559082,
        1.9980000257492065,
        1.9980000257492065,
        2.000999927520752,
        2.004999876022339,
        2.004999876022339,
        2.007999897003174,
        2.011000156402588,
        2.0149998664855957,
        2.0149998664855957,
        2.0180001258850098,
        2.0209999084472656,
        2.0239999294281006,
        2.0239999294281006,
        2.0280001163482666,
        2.0280001163482666,
        2.0309998989105225,
        2.0339999198913574,
        2.0370001792907715,
        2.0370001792907715,
        2.0409998893737793,
        2.0440001487731934,
        2.0440001487731934,
        2.046999931335449,
        2.049999952316284,
        2.05400013923645,
        2.05400013923645,
        2.056999921798706,
        2.056999921798706,
        2.059999942779541,
        2.062999963760376,
        2.066999912261963,
        2.066999912261963,
        2.069999933242798,
        2.072999954223633,
        2.072999954223633,
        2.0769999027252197,
        2.0799999237060547,
        2.0829999446868896,
        2.0829999446868896,
        2.0859999656677246,
        2.0859999656677246,
        2.0900001525878906,
        2.0929999351501465,
        2.0929999351501465,
        2.0959999561309814,
        2.0989999771118164,
        2.1029999256134033,
        2.1029999256134033
    ],
    "Generations needed": 37,
    "Population 1": 202.96499633789063,
    "Population 10": 1887.6600341796875,
    "Population 11": 1888.010009765625,
    "Population 12": 1893.56005859375,
    "Population 13": 1885.375,
    "Population 14": 1888.43994140625,
    "Population 15": 1890.4150390625,
    "Population 16": 1929.1600341796875,
    "Population 17": 2803.364990234375,
    "Population 18": 2840.14501953125,
    "Population 19": 2844.949951171875,
    "Population 2": 763.405029296875,
    "Population 20": 2834.594970703125,
    "Population 21": 2843.68505859375,
    "Population 22": 2832.465087890625,
    "Population 23": 2902.030029296875,
    "Population 24": 3856.239990234375,
    "Population 25": 3915.679931640625,
    "Population 26": 3909.39990234375,
    "Population 27": 3873.72998046875,
    "Population 28": 3877.945068359375,
    "Population 29": 3976.114990234375,
    "Population 3": 1455.68505859375,
    "Population 30": 4900.55517578125,
    "Population 31": 4878.625,
    "Population 32": 4932.27978515625,
    "Population 33": 4934.83984375,
    "Population 34": 4934.83984375,
    "Population 35": 4917.615234375,
    "Population 36": 4934.83984375,
    "Population 37": 4912.14013671875,
    "Population 4": 1512.969970703125,
    "Population 5": 1524.2900390625,
    "Population 6": 1524.2900390625,
    "Population 7": 1520.60498046875,
    "Population 8": 1524.2900390625,
    "Population 9": 1570.6400146484375,
    "start": "today"
}
