{
    "Champ at 1": 823.0,
    "Champ at 10": 1538.0,
    "Champ at 11": 1538.0,
    "Champ at 12": 1911.0,
    "Champ at 13": 1911.0,
    "Champ at 14": 1911.0,
    "Champ at 15": 1911.0,
    "Champ at 16": 1911.0,
    "Champ at 17": 1911.0,
    "Champ at 18": 2562.0,
    "Champ at 19": 2562.0,
    "Champ at 2": 1263.0,
    "Champ at 20": 2562.0,
    "Champ at 21": 2562.0,
    "Champ at 22": 2562.0,
    "Champ at 23": 2562.0,
    "Champ at 24": 2935.0,
    "Champ at 25": 2935.0,
    "Champ at 26": 2935.0,
    "Champ at 27": 2935.0,
    "Champ at 28": 2935.0,
    "Champ at 29": 2935.0,
    "Champ at 3": 1267.0,
    "Champ at 30": 2935.0,
    "Champ at 31": 2935.0,
    "Champ at 32": 3586.0,
    "Champ at 33": 3586.0,
    "Champ at 34": 3586.0,
    "Champ at 35": 3586.0,
    "Champ at 36": 3586.0,
    "Champ at 37": 3586.0,
    "Champ at 38": 3959.0,
    "Champ at 39": 3959.0,
    "Champ at 4": 1269.0,
    "Champ at 40": 3959.0,
    "Champ at 41": 3959.0,
    "Champ at 42": 3959.0,
    "Champ at 43": 3959.0,
    "Champ at 44": 3959.0,
    "Champ at 45": 4610.0,
    "Champ at 46": 4610.0,
    "Champ at 47": 4610.0,
    "Champ at 48": 4610.0,
    "Champ at 49": 4610.0,
    "Champ at 5": 1538.0,
    "Champ at 50": 4610.0,
    "Champ at 51": 4610.0,
    "Champ at 52": 4610.0,
    "Champ at 53": 4983.0,
    "Champ at 54": 4983.0,
    "Champ at 55": 4983.0,
    "Champ at 56": 4983.0,
    "Champ at 57": 4983.0,
    "Champ at 58": 5161.0,
    "Champ at 6": 1538.0,
    "Champ at 7": 1538.0,
    "Champ at 8": 1538.0,
    "Champ at 9": 1538.0,
    "ChampFitness": 5161.0,
    "ChampInputs": [
        1.8489999771118164,
        1.8489999771118164,
        1.944313406944275,
        1.8519999980926514,
        1.8519999980926514,
        1.8519999980926514,
        2.950718879699707,
        1.8559999465942383,
        0.52705979347229,
        1.8589999675750732,
        1.8589999675750732,
        1.8589999675750732,
        2.432000160217285,
        1.8619999885559082,
        1.8619999885559082,
        3.179999828338623,
        1.8650000095367432,
        1.8650000095367432,
        1.8650000095367432,
        1.8690000772476196,
        2.6010000705718994,
        1.8690000772476196,
        1.871999979019165,
        3.1470000743865967,
        1.871999979019165,
        1.875,
        1.875,
        1.875,
        2.6690001487731934,
        1.878000020980835,
        1.878000020980835,
        3.0829999446868896,
        1.8819999694824219,
        1.8819999694824219,
        1.8819999694824219,
        1.8849999904632568,
        0.6650000214576721,
        1.8849999904632568,
        1.8849999904632568,
        1.8880000114440918,
        3.2080001831054688,
        1.8880000114440918,
        1.8910000324249268,
        1.8910000324249268,
        1.8910000324249268,
        1.8949999809265137,
        1.8949999809265137,
        1.8949999809265137,
        1.8980000019073486,
        1.8980000019073486,
        1.8980000019073486,
        1.8980000019073486,
        1.9010000228881836,
        1.9010000228881836,
        1.9010000228881836,
        1.90500009059906,
        1.90500009059906,
        1.90500009059906,
        1.9079999923706055,
        1.9079999923706055,
        1.9079999923706055,
        1.9079999923706055,
        1.9110000133514404,
        1.9110000133514404,
        1.9110000133514404,
        1.9140000343322754,
        1.9140000343322754,
        1.9140000343322754,
        1.9179999828338623,
        1.9179999828338623,
        1.9179999828338623,
        1.9210000038146973,
        1.9210000038146973,
        1.9210000038146973,
        1.9210000038146973,
        1.9239999055862427,
        1.9239999055862427,
        1.9239999055862427,
        1.9270000457763672,
        1.9270000457763672,
        1.9270000457763672,
        1.930999994277954,
        1.930999994277954,
        1.930999994277954,
        1.930999994277954,
        1.934000015258789,
        1.934000015258789,
        1.934000015258789,
        1.937000036239624,
        1.937000036239624,
        1.937000036239624,
        1.940000057220459,
        1.940000057220459,
        1.940000057220459,
        1.940000057220459,
        1.944000005722046,
        1.944000005722046,
        1.944000005722046,
        1.9470000267028809,
        1.9470000267028809
    ],
    "Generations needed": 58,
    "Population 1": 198.875,
    "Population 10": 1524.2900390625,
    "Population 11": 1520.050048828125,
    "Population 12": 1565.5250244140625,
    "Population 13": 1891.6949462890625,
    "Population 14": 1893.56005859375,
    "Population 15": 1888.9749755859375,
    "Population 16": 1893.56005859375,
    "Population 17": 1893.56005859375,
    "Population 18": 1921.094970703125,
    "Population 19": 2526.419921875,
    "Population 2": 748.5850219726563,
    "Population 20": 2538.050048828125,
    "Population 21": 2532.235107421875,
    "Population 22": 2538.050048828125,
    "Population 23": 2526.074951171875,
    "Population 24": 2562.510009765625,
    "Population 25": 2903.590087890625,
    "Population 26": 2902.199951171875,
    "Population 27": 2901.215087890625,
    "Population 28": 2907.320068359375,
    "Population 29": 2907.320068359375,
    "Population 3": 1226.7950439453125,
    "Population 30": 2893.77490234375,
    "Population 31": 2907.320068359375,
    "Population 32": 2935.014892578125,
    "Population 33": 3536.050048828125,
    "Population 34": 3551.81005859375,
    "Population 35": 3551.81005859375,
    "Population 36": 3547.114990234375,
    "Population 37": 3538.85009765625,
    "Population 38": 3598.7451171875,
    "Population 39": 3918.22998046875,
    "Population 4": 1256.0,
    "Population 40": 3903.889892578125,
    "Population 41": 3921.080078125,
    "Population 42": 3914.52001953125,
    "Population 43": 3921.080078125,
    "Population 44": 3921.080078125,
    "Population 45": 3948.054931640625,
    "Population 46": 4540.375,
    "Population 47": 4556.2099609375,
    "Population 48": 4548.43017578125,
    "Population 49": 4565.56982421875,
    "Population 5": 1259.300048828125,
    "Population 50": 4556.18017578125,
    "Population 51": 4564.2900390625,
    "Population 52": 4565.56982421875,
    "Population 53": 4617.384765625,
    "Population 54": 4928.7099609375,
    "Population 55": 4918.4951171875,
    "Population 56": 4928.27978515625,
    "Population 57": 4909.73486328125,
    "Population 58": 4927.30517578125,
    "Population 6": 1513.010009765625,
    "Population 7": 1523.010009765625,
    "Population 8": 1524.2900390625,
    "Population 9": 1518.7850341796875,
    "start": "today"
}
