{
    "Champ at 1": 826.0,
    "Champ at 10": 1538.0,
    "Champ at 11": 1538.0,
    "Champ at 12": 1911.0,
    "Champ at 13": 1911.0,
    "Champ at 14": 1911.0,
    "Champ at 15": 1911.0,
    "Champ at 16": 1911.0,
    "Champ at 17": 1911.0,
    "Champ at 18": 2562.0,
    "Champ at 19": 2562.0,
    "Champ at 2": 1264.0,
    "Champ at 20": 2562.0,
    "Champ at 21": 2562.0,
    "Champ at 22": 2562.0,
    "Champ at 23": 2562.0,
    "Champ at 24": 2562.0,
    "Champ at 25": 2935.0,
    "Champ at 26": 3301.0,
    "Champ at 27": 3586.0,
    "Champ at 28": 3586.0,
    "Champ at 29": 3586.0,
    "Champ at 3": 1273.0,
    "Champ at 30": 3586.0,
    "Champ at 31": 3586.0,
    "Champ at 32": 3586.0,
    "Champ at 33": 3586.0,
    "Champ at 34": 3586.0,
    "Champ at 35": 3959.0,
    "Champ at 36": 3959.0,
    "Champ at 37": 3959.0,
    "Champ at 38": 3959.0,
    "Champ at 39": 3959.0,
    "Champ at 4": 1278.0,
    "Champ at 40": 3959.0,
    "Champ at 41": 4610.0,
    "Champ at 42": 4610.0,
    "Champ at 43": 4610.0,
    "Champ at 44": 4610.0,
    "Champ at 45": 4610.0,
    "Champ at 46": 4610.0,
    "Champ at 47": 4983.0,
    "Champ at 48": 4983.0,
    "Champ at 49": 4983.0,
    "Champ at 5": 1283.0,
    "Champ at 50": 4983.0,
    "Champ at 51": 4983.0,
    "Champ at 52": 5164.0,
    "Champ at 6": 1538.0,
    "Champ at 7": 1538.0,
    "Champ at 8": 1538.0,
    "Champ at 9": 1538.0,
    "ChampFitness": 5164.0,
    "ChampInputs": [
        1.8550000190734863,
        1.8550000190734863,
        1.8580000400543213,
        1.8580000400543213,
        1.8580000400543213,
        1.8580000400543213,
        3.2868926525115967,
        1.8610000610351563,
        1.8610000610351563,
        1.8650000095367432,
        1.8650000095367432,
        2.615000009536743,
        1.8680000305175781,
        1.8680000305175781,
        3.2749998569488525,
        1.8709999322891235,
        1.8709999322891235,
        1.8709999322891235,
        1.8739999532699585,
        0.7089999914169312,
        1.8739999532699585,
        1.8739999532699585,
        1.878000020980835,
        1.878000020980835,
        1.1879596710205078,
        1.8809999227523804,
        1.8809999227523804,
        1.8809999227523804,
        1.8840000629425049,
        0.7319999933242798,
        1.8840000629425049,
        1.8870000839233398,
        1.8870000839233398,
        3.077000141143799,
        1.8870000839233398,
        1.8910000324249268,
        1.8910000324249268,
        1.8910000324249268,
        2.500999927520752,
        1.8940000534057617,
        1.8940000534057617,
        3.2319998741149902,
        1.8970000743865967,
        1.8970000743865967,
        1.899999976158142,
        1.899999976158142,
        1.899999976158142,
        1.899999976158142,
        1.9040000438690186,
        1.9040000438690186,
        1.9040000438690186,
        1.906999945640564,
        1.906999945640564,
        1.906999945640564,
        1.909999966621399,
        1.909999966621399,
        1.909999966621399,
        1.9140000343322754,
        1.9140000343322754,
        1.9140000343322754,
        1.9140000343322754,
        1.9169999361038208,
        1.9169999361038208,
        1.9169999361038208,
        1.9200000762939453,
        1.9200000762939453,
        1.9200000762939453,
        1.9230000972747803,
        1.9230000972747803,
        1.9230000972747803,
        1.9270000457763672,
        1.9270000457763672,
        1.9270000457763672,
        1.9270000457763672,
        1.9300000667572021,
        1.9300000667572021,
        1.9300000667572021,
        1.9329999685287476,
        1.9329999685287476,
        1.9329999685287476,
        1.9359999895095825,
        1.9359999895095825,
        1.9359999895095825,
        1.940000057220459,
        1.940000057220459,
        1.940000057220459,
        1.940000057220459,
        1.9429999589920044,
        1.9429999589920044,
        1.9429999589920044,
        1.9459999799728394,
        1.9459999799728394,
        1.9459999799728394,
        1.9490001201629639,
        1.9490001201629639,
        1.9490001201629639,
        1.9529999494552612,
        1.9529999494552612,
        1.9529999494552612,
        1.9529999494552612
    ],
    "Generations needed": 52,
    "Population 1": 208.47500610351563,
    "Population 10": 1524.2900390625,
    "Population 11": 1524.2900390625,
    "Population 12": 1567.199951171875,
    "Population 13": 1886.239990234375,
    "Population 14": 1892.574951171875,
    "Population 15": 1889.56005859375,
    "Population 16": 1887.4549560546875,
    "Population 17": 1883.85498046875,
    "Population 18": 1916.800048828125,
    "Population 19": 2525.989990234375,
    "Population 2": 748.2249755859375,
    "Population 20": 2528.68994140625,
    "Population 21": 2538.050048828125,
    "Population 22": 2537.35498046875,
    "Population 23": 2538.050048828125,
    "Population 24": 2523.93994140625,
    "Population 25": 2587.625,
    "Population 26": 2904.43505859375,
    "Population 27": 3263.75,
    "Population 28": 3549.074951171875,
    "Population 29": 3527.675048828125,
    "Population 3": 1217.3499755859375,
    "Population 30": 3537.7548828125,
    "Population 31": 3551.81005859375,
    "Population 32": 3542.449951171875,
    "Population 33": 3525.889892578125,
    "Population 34": 3545.89501953125,
    "Population 35": 3582.35498046875,
    "Population 36": 3909.044921875,
    "Population 37": 3921.080078125,
    "Population 38": 3903.159912109375,
    "Population 39": 3906.2548828125,
    "Population 4": 1258.9649658203125,
    "Population 40": 3921.080078125,
    "Population 41": 3960.705078125,
    "Population 42": 4540.81982421875,
    "Population 43": 4565.56982421875,
    "Population 44": 4552.669921875,
    "Population 45": 4565.56982421875,
    "Population 46": 4565.56982421875,
    "Population 47": 4609.05517578125,
    "Population 48": 4932.544921875,
    "Population 49": 4923.615234375,
    "Population 5": 1266.8900146484375,
    "Population 50": 4900.134765625,
    "Population 51": 4928.27978515625,
    "Population 52": 4913.93994140625,
    "Population 6": 1271.3699951171875,
    "Population 7": 1523.02001953125,
    "Population 8": 1524.2900390625,
    "Population 9": 1523.0250244140625,
    "start": "today"
}
