{
    "Champ at 1": 826.0,
    "Champ at 10": 1911.0,
    "Champ at 11": 1911.0,
    "Champ at 12": 1911.0,
    "Champ at 13": 1911.0,
    "Champ at 14": 1911.0,
    "Champ at 15": 1911.0,
    "Champ at 16": 1911.0,
    "Champ at 17": 2562.0,
    "Champ at 18": 2562.0,
    "Champ at 19": 2562.0,
    "Champ at 2": 1269.0,
    "Champ at 20": 2562.0,
    "Champ at 21": 2562.0,
    "Champ at 22": 2876.0,
    "Champ at 23": 2876.0,
    "Champ at 24": 2876.0,
    "Champ at 25": 2876.0,
    "Champ at 26": 2876.0,
    "Champ at 27": 2876.0,
    "Champ at 28": 3887.0,
    "Champ at 29": 3887.0,
    "Champ at 3": 1538.0,
    "Champ at 30": 3887.0,
    "Champ at 31": 3887.0,
    "Champ at 32": 3888.0,
    "Champ at 33": 3889.0,
    "Champ at 34": 4610.0,
    "Champ at 35": 4610.0,
    "Champ at 36": 4610.0,
    "Champ at 37": 4610.0,
    "Champ at 38": 4610.0,
    "Champ at 39": 4610.0,
    "Champ at 4": 1538.0,
    "Champ at 40": 4983.0,
    "Champ at 41": 4983.0,
    "Champ at 42": 4983.0,
    "Champ at 43": 4983.0,
    "Champ at 44": 4983.0,
    "Champ at 45": 4983.0,
    "Champ at 46": 4983.0,
    "Champ at 47": 4983.0,
    "Champ at 48": 4983.0,
    "Champ at 49": 5165.0,
    "Champ at 5": 1538.0,
    "Champ at 6": 1538.0,
    "Champ at 7": 1538.0,
    "Champ at 8": 1538.0,
    "Champ at 9": 1538.0,
    "ChampFitness": 5165.0,
    "ChampInputs": [
        1.8510000705718994,
        1.8539999723434448,
        1.8569999933242798,
        1.8569999933242798,
        1.8600000143051147,
        1.8600000143051147,
        3.329498291015625,
        1.8639999628067017,
        1.8639999628067017,
        1.8669999837875366,
        1.8700001239776611,
        0.6909999847412109,
        1.872999906539917,
        1.877000093460083,
        1.8799998760223389,
        3.2239999771118164,
        1.8830000162124634,
        1.8870000839233398,
        1.8870000839233398,
        0.3874622583389282,
        1.8930000066757202,
        1.8930000066757202,
        1.8960000276565552,
        1.899999976158142,
        3.429999828338623,
        -0.495569109916687,
        1.902999997138977,
        -1.200391173362732,
        1.9059998989105225,
        1.9059998989105225,
        1.9089999198913574,
        1.9089999198913574,
        1.9130001068115234,
        1.9130001068115234,
        3.510999917984009,
        1.9159998893737793,
        1.9190000295639038,
        1.9190000295639038,
        1.9190000295639038,
        0.41499999165534973,
        1.9220000505447388,
        1.9259999990463257,
        1.9259999990463257,
        3.1570000648498535,
        1.9290000200271606,
        1.9290000200271606,
        1.9320000410079956,
        1.9320000410079956,
        1.9359999895095825,
        1.9359999895095825,
        1.9359999895095825,
        1.9390000104904175,
        1.9390000104904175,
        1.941999912261963,
        1.941999912261963,
        1.9449999332427979,
        1.9449999332427979,
        1.9449999332427979,
        1.9490001201629639,
        1.9490001201629639,
        1.9519999027252197,
        1.9519999027252197,
        1.9519999027252197,
        1.9550000429153442,
        1.9550000429153442,
        1.9580000638961792,
        1.9580000638961792,
        1.9620000123977661,
        1.9620000123977661,
        1.965000033378601,
        1.965000033378601,
        1.9679999351501465,
        1.9709999561309814,
        1.9709999561309814,
        1.975000023841858,
        1.9779999256134033,
        1.9779999256134033,
        1.9809999465942383,
        1.9809999465942383,
        1.9840000867843628,
        1.9879999160766602,
        1.9879999160766602,
        1.9910000562667847,
        1.99399995803833,
        1.9980000257492065,
        1.9980000257492065,
        2.000999927520752,
        2.000999927520752,
        2.003999948501587,
        2.003999948501587,
        2.003999948501587,
        2.006999969482422,
        2.006999969482422,
        2.011000156402588,
        2.011000156402588,
        2.0139999389648438,
        2.0139999389648438,
        2.0139999389648438,
        2.0169999599456787,
        2.0169999599456787
    ],
    "Generations needed": 49,
    "Population 1": 208.82000732421875,
    "Population 10": 1565.27001953125,
    "Population 11": 1883.8050537109375,
    "Population 12": 1893.219970703125,
    "Population 13": 1893.56005859375,
    "Population 14": 1885.375,
    "Population 15": 1879.9649658203125,
    "Population 16": 1893.56005859375,
    "Population 17": 1933.1800537109375,
    "Population 18": 2527.794921875,
    "Population 19": 2536.72998046875,
    "Population 2": 748.9000244140625,
    "Population 20": 2533.35498046875,
    "Population 21": 2538.050048828125,
    "Population 22": 2529.3798828125,
    "Population 23": 2838.43505859375,
    "Population 24": 2848.909912109375,
    "Population 25": 2843.10009765625,
    "Population 26": 2848.909912109375,
    "Population 27": 2848.909912109375,
    "Population 28": 2938.14501953125,
    "Population 29": 3835.52001953125,
    "Population 3": 1228.18994140625,
    "Population 30": 3849.800048828125,
    "Population 31": 3849.800048828125,
    "Population 32": 3849.804931640625,
    "Population 33": 3839.264892578125,
    "Population 34": 3910.614990234375,
    "Population 35": 4561.330078125,
    "Population 36": 4565.56982421875,
    "Population 37": 4551.08984375,
    "Population 38": 4560.875,
    "Population 39": 4565.56982421875,
    "Population 4": 1487.7149658203125,
    "Population 40": 4600.0498046875,
    "Population 41": 4911.93994140625,
    "Population 42": 4928.73486328125,
    "Population 43": 4934.490234375,
    "Population 44": 4911.22509765625,
    "Population 45": 4934.83984375,
    "Population 46": 4934.83984375,
    "Population 47": 4934.83984375,
    "Population 48": 4900.90478515625,
    "Population 49": 4937.18505859375,
    "Population 5": 1521.0350341796875,
    "Population 6": 1524.2900390625,
    "Population 7": 1524.2900390625,
    "Population 8": 1524.2900390625,
    "Population 9": 1519.594970703125,
    "start": "today"
}
