{
    "Champ at 1": 826.0,
    "Champ at 10": 1538.0,
    "Champ at 11": 1538.0,
    "Champ at 12": 1538.0,
    "Champ at 13": 1538.0,
    "Champ at 14": 1538.0,
    "Champ at 15": 1538.0,
    "Champ at 16": 1538.0,
    "Champ at 17": 1911.0,
    "Champ at 18": 1911.0,
    "Champ at 19": 1911.0,
    "Champ at 2": 887.0,
    "Champ at 20": 1911.0,
    "Champ at 21": 1911.0,
    "Champ at 22": 1911.0,
    "Champ at 23": 2562.0,
    "Champ at 24": 2562.0,
    "Champ at 25": 2562.0,
    "Champ at 26": 2562.0,
    "Champ at 27": 2562.0,
    "Champ at 28": 2562.0,
    "Champ at 29": 2562.0,
    "Champ at 3": 887.0,
    "Champ at 30": 2562.0,
    "Champ at 31": 2562.0,
    "Champ at 32": 2935.0,
    "Champ at 33": 2935.0,
    "Champ at 34": 2935.0,
    "Champ at 35": 2935.0,
    "Champ at 36": 2935.0,
    "Champ at 37": 2935.0,
    "Champ at 38": 3586.0,
    "Champ at 39": 3586.0,
    "Champ at 4": 887.0,
    "Champ at 40": 3586.0,
    "Champ at 41": 3586.0,
    "Champ at 42": 3586.0,
    "Champ at 43": 3586.0,
    "Champ at 44": 3959.0,
    "Champ at 45": 3959.0,
    "Champ at 46": 3959.0,
    "Champ at 47": 3959.0,
    "Champ at 48": 3959.0,
    "Champ at 49": 3959.0,
    "Champ at 5": 887.0,
    "Champ at 50": 4610.0,
    "Champ at 51": 4610.0,
    "Champ at 52": 4610.0,
    "Champ at 53": 4610.0,
    "Champ at 54": 4610.0,
    "Champ at 55": 4610.0,
    "Champ at 56": 4610.0,
    "Champ at 57": 4610.0,
    "Champ at 58": 4983.0,
    "Champ at 59": 4983.0,
    "Champ at 6": 887.0,
    "Champ at 60": 4983.0,
    "Champ at 61": 4983.0,
    "Champ at 62": 4983.0,
    "Champ at 63": 5167.0,
    "Champ at 7": 887.0,
    "Champ at 8": 887.0,
    "Champ at 9": 1538.0,
    "ChampFitness": 5167.0,
    "ChampInputs": [
        1.8529999256134033,
        1.8529999256134033,
        0.19362497329711914,
        1.8559999465942383,
        1.8559999465942383,
        1.8589999675750732,
        1.8589999675750732,
        3.127000093460083,
        1.8629999160766602,
        1.8629999160766602,
        1.8629999160766602,
        1.8659999370574951,
        2.683000087738037,
        1.8690000772476196,
        1.8690000772476196,
        3.203000068664551,
        1.872999906539917,
        1.872999906539917,
        1.8760000467300415,
        1.8760000467300415,
        2.515000104904175,
        1.8790000677108765,
        1.8790000677108765,
        3.236999988555908,
        1.8819999694824219,
        1.8819999694824219,
        1.8860000371932983,
        1.8860000371932983,
        2.504000186920166,
        1.8889999389648438,
        1.8889999389648438,
        3.188999891281128,
        1.8919999599456787,
        1.8919999599456787,
        1.8949999809265137,
        1.8949999809265137,
        0.4300000071525574,
        1.8989999294281006,
        1.8989999294281006,
        1.9019999504089355,
        3.292999744415283,
        1.9019999504089355,
        1.90500009059906,
        1.90500009059906,
        1.9079999923706055,
        1.9079999923706055,
        1.9079999923706055,
        1.912000060081482,
        1.912000060081482,
        1.912000060081482,
        1.9149999618530273,
        1.9149999618530273,
        1.9179999828338623,
        1.9179999828338623,
        1.9179999828338623,
        1.9220000505447388,
        1.9220000505447388,
        1.9249999523162842,
        1.9249999523162842,
        1.9249999523162842,
        1.9279999732971191,
        1.9279999732971191,
        1.9279999732971191,
        1.930999994277954,
        1.930999994277954,
        1.934999942779541,
        1.934999942779541,
        1.934999942779541,
        1.937999963760376,
        1.937999963760376,
        1.9410001039505005,
        1.9410001039505005,
        1.9410001039505005,
        1.944000005722046,
        1.944000005722046,
        1.944000005722046,
        1.9480000734329224,
        1.9480000734329224,
        1.9509999752044678,
        1.9509999752044678,
        1.9509999752044678,
        1.9539999961853027,
        1.9539999961853027,
        1.9570000171661377,
        1.9570000171661377,
        1.9570000171661377,
        1.9609999656677246,
        1.9609999656677246,
        1.9639999866485596,
        1.9639999866485596,
        1.9639999866485596,
        1.9670000076293945,
        1.9670000076293945,
        1.9670000076293945,
        1.9709999561309814,
        1.9709999561309814,
        1.9739999771118164,
        1.9739999771118164,
        1.9739999771118164,
        1.9769999980926514
    ],
    "Generations needed": 63,
    "Population 1": 203.31500244140625,
    "Population 10": 1498.81494140625,
    "Population 11": 1513.3800048828125,
    "Population 12": 1512.5,
    "Population 13": 1524.2900390625,
    "Population 14": 1524.2900390625,
    "Population 15": 1524.2900390625,
    "Population 16": 1524.2900390625,
    "Population 17": 1556.1600341796875,
    "Population 18": 1877.949951171875,
    "Population 19": 1892.574951171875,
    "Population 2": 755.9450073242188,
    "Population 20": 1887.0,
    "Population 21": 1891.0,
    "Population 22": 1888.43994140625,
    "Population 23": 1932.655029296875,
    "Population 24": 2527.570068359375,
    "Population 25": 2536.7548828125,
    "Population 26": 2529.675048828125,
    "Population 27": 2528.68994140625,
    "Population 28": 2538.050048828125,
    "Population 29": 2529.114990234375,
    "Population 3": 860.6400146484375,
    "Population 30": 2520.68994140625,
    "Population 31": 2531.64501953125,
    "Population 32": 2576.5400390625,
    "Population 33": 2890.6298828125,
    "Population 34": 2907.320068359375,
    "Population 35": 2907.320068359375,
    "Population 36": 2907.320068359375,
    "Population 37": 2901.215087890625,
    "Population 38": 2927.090087890625,
    "Population 39": 3528.5,
    "Population 4": 877.239990234375,
    "Population 40": 3551.81005859375,
    "Population 41": 3540.875,
    "Population 42": 3529.780029296875,
    "Population 43": 3542.449951171875,
    "Population 44": 3598.3798828125,
    "Population 45": 3892.22998046875,
    "Population 46": 3921.080078125,
    "Population 47": 3921.080078125,
    "Population 48": 3921.080078125,
    "Population 49": 3919.215087890625,
    "Population 5": 879.7999877929688,
    "Population 50": 3955.885009765625,
    "Population 51": 4541.64501953125,
    "Population 52": 4539.27490234375,
    "Population 53": 4548.47509765625,
    "Population 54": 4565.56982421875,
    "Population 55": 4523.19482421875,
    "Population 56": 4565.56982421875,
    "Population 57": 4564.2900390625,
    "Population 58": 4592.0498046875,
    "Population 59": 4934.83984375,
    "Population 6": 879.7999877929688,
    "Population 60": 4934.3251953125,
    "Population 61": 4934.83984375,
    "Population 62": 4934.83984375,
    "Population 63": 4942.0849609375,
    "Population 7": 879.7999877929688,
    "Population 8": 879.030029296875,
    "Population 9": 918.1699829101563,
    "start": "today"
}
