{
    "Champ at 1": 728.0,
    "Champ at 10": 1279.0,
    "Champ at 11": 1281.0,
    "Champ at 12": 1281.0,
    "Champ at 13": 1281.0,
    "Champ at 14": 1281.0,
    "Champ at 15": 1281.0,
    "Champ at 16": 1911.0,
    "Champ at 17": 1911.0,
    "Champ at 18": 1911.0,
    "Champ at 19": 1911.0,
    "Champ at 2": 887.0,
    "Champ at 20": 1911.0,
    "Champ at 21": 1911.0,
    "Champ at 22": 2299.0,
    "Champ at 23": 2299.0,
    "Champ at 24": 2299.0,
    "Champ at 25": 2299.0,
    "Champ at 26": 2299.0,
    "Champ at 27": 2935.0,
    "Champ at 28": 2935.0,
    "Champ at 29": 2935.0,
    "Champ at 3": 887.0,
    "Champ at 30": 2935.0,
    "Champ at 31": 2935.0,
    "Champ at 32": 3330.0,
    "Champ at 33": 3330.0,
    "Champ at 34": 3330.0,
    "Champ at 35": 3330.0,
    "Champ at 36": 3330.0,
    "Champ at 37": 3959.0,
    "Champ at 38": 3959.0,
    "Champ at 39": 3959.0,
    "Champ at 4": 887.0,
    "Champ at 40": 3959.0,
    "Champ at 41": 3959.0,
    "Champ at 42": 4557.0,
    "Champ at 43": 4557.0,
    "Champ at 44": 4557.0,
    "Champ at 45": 4557.0,
    "Champ at 46": 4557.0,
    "Champ at 47": 4983.0,
    "Champ at 48": 4983.0,
    "Champ at 49": 4983.0,
    "Champ at 5": 887.0,
    "Champ at 50": 4983.0,
    "Champ at 51": 4983.0,
    "Champ at 52": 5163.0,
    "Champ at 6": 887.0,
    "Champ at 7": 887.0,
    "Champ at 8": 1272.0,
    "Champ at 9": 1276.0,
    "ChampFitness": 5163.0,
    "ChampInputs": [
        1.7869999408721924,
        1.7869999408721924,
        2.385345697402954,
        1.790000081062317,
        1.790000081062317,
        1.7929999828338623,
        3.202331781387329,
        1.7929999828338623,
        1.7960000038146973,
        3.00600004196167,
        1.7960000038146973,
        1.8000000715255737,
        1.8000000715255737,
        1.8000000715255737,
        3.046999931335449,
        1.8029999732971191,
        1.8029999732971191,
        3.0809998512268066,
        1.805999994277954,
        1.805999994277954,
        1.805999994277954,
        1.809999942779541,
        3.197000026702881,
        1.809999942779541,
        1.812999963760376,
        1.1420000791549683,
        1.812999963760376,
        1.812999963760376,
        1.815999984741211,
        1.815999984741211,
        1.815999984741211,
        3.2200000286102295,
        1.819000005722046,
        1.819000005722046,
        1.8229999542236328,
        1.8229999542236328,
        2.7769999504089355,
        1.8229999542236328,
        1.8260000944137573,
        3.2690000534057617,
        1.8260000944137573,
        1.8289999961853027,
        1.8289999961853027,
        1.8289999961853027,
        1.8320000171661377,
        1.8320000171661377,
        1.8320000171661377,
        1.8359999656677246,
        1.8359999656677246,
        1.8359999656677246,
        1.8359999656677246,
        1.8389999866485596,
        1.8389999866485596,
        1.8389999866485596,
        1.8420000076293945,
        1.8420000076293945,
        1.8420000076293945,
        1.84499990940094,
        1.84499990940094,
        1.84499990940094,
        1.8489999771118164,
        1.8489999771118164,
        1.8489999771118164,
        1.8489999771118164,
        1.8519999980926514,
        1.8519999980926514,
        1.8519999980926514,
        1.8550000190734863,
        1.8550000190734863,
        1.8550000190734863,
        1.8589999675750732,
        1.8589999675750732,
        1.8589999675750732,
        1.8589999675750732,
        1.8619999885559082,
        1.8619999885559082,
        1.8619999885559082,
        1.8650000095367432,
        1.8650000095367432,
        1.8650000095367432,
        1.8680000305175781,
        1.8680000305175781,
        1.8680000305175781,
        1.871999979019165,
        1.871999979019165,
        1.871999979019165,
        1.871999979019165,
        1.875,
        1.875,
        1.878000020980835,
        1.878000020980835,
        1.8809999227523804,
        1.8809999227523804,
        1.8880000114440918,
        1.8910000324249268,
        1.8910000324249268,
        1.8910000324249268,
        1.8940000534057617,
        1.8940000534057617,
        1.8940000534057617
    ],
    "Generations needed": 52,
    "Population 1": 213.7449951171875,
    "Population 10": 1275.9150390625,
    "Population 11": 1278.9949951171875,
    "Population 12": 1280.97998046875,
    "Population 13": 1281.0,
    "Population 14": 1281.0,
    "Population 15": 1281.0,
    "Population 16": 1384.8499755859375,
    "Population 17": 1903.9100341796875,
    "Population 18": 1910.6600341796875,
    "Population 19": 1911.0,
    "Population 2": 689.1950073242188,
    "Population 20": 1911.0,
    "Population 21": 1911.0,
    "Population 22": 1943.2550048828125,
    "Population 23": 2289.300048828125,
    "Population 24": 2299.0,
    "Population 25": 2299.0,
    "Population 26": 2299.0,
    "Population 27": 2400.784912109375,
    "Population 28": 2926.5,
    "Population 29": 2935.0,
    "Population 3": 862.7849731445313,
    "Population 30": 2935.0,
    "Population 31": 2935.0,
    "Population 32": 2959.6650390625,
    "Population 33": 3323.679931640625,
    "Population 34": 3330.0,
    "Population 35": 3330.0,
    "Population 36": 3330.0,
    "Population 37": 3442.705078125,
    "Population 38": 3955.39990234375,
    "Population 39": 3959.0,
    "Population 4": 884.135009765625,
    "Population 40": 3959.0,
    "Population 41": 3959.0,
    "Population 42": 3991.6298828125,
    "Population 43": 4555.9599609375,
    "Population 44": 4557.0,
    "Population 45": 4557.0,
    "Population 46": 4557.0,
    "Population 47": 4629.77001953125,
    "Population 48": 4979.27001953125,
    "Population 49": 4983.0,
    "Population 5": 887.0,
    "Population 50": 4983.0,
    "Population 51": 4983.0,
    "Population 52": 4982.28515625,
    "Population 6": 887.0,
    "Population 7": 887.0,
    "Population 8": 923.0900268554688,
    "Population 9": 1260.18994140625,
    "start": "today"
}
