{
    "Champ at 1": 812.0,
    "Champ at 10": 1911.0,
    "Champ at 11": 1911.0,
    "Champ at 12": 1911.0,
    "Champ at 13": 2562.0,
    "Champ at 14": 2562.0,
    "Champ at 15": 2562.0,
    "Champ at 16": 2562.0,
    "Champ at 17": 2562.0,
    "Champ at 18": 2935.0,
    "Champ at 19": 2935.0,
    "Champ at 2": 1269.0,
    "Champ at 20": 2935.0,
    "Champ at 21": 2935.0,
    "Champ at 22": 2935.0,
    "Champ at 23": 3586.0,
    "Champ at 24": 3586.0,
    "Champ at 25": 3586.0,
    "Champ at 26": 3586.0,
    "Champ at 27": 3959.0,
    "Champ at 28": 3959.0,
    "Champ at 29": 3959.0,
    "Champ at 3": 1487.0,
    "Champ at 30": 3959.0,
    "Champ at 31": 3959.0,
    "Champ at 32": 4610.0,
    "Champ at 33": 4610.0,
    "Champ at 34": 4610.0,
    "Champ at 35": 4610.0,
    "Champ at 36": 4610.0,
    "Champ at 37": 4983.0,
    "Champ at 38": 4983.0,
    "Champ at 39": 4983.0,
    "Champ at 4": 1487.0,
    "Champ at 40": 4983.0,
    "Champ at 41": 5156.0,
    "Champ at 5": 1487.0,
    "Champ at 6": 1487.0,
    "Champ at 7": 1487.0,
    "Champ at 8": 1911.0,
    "Champ at 9": 1911.0,
    "ChampFitness": 5156.0,
    "ChampInputs": [
        2.1199886798858643,
        1.8220000267028809,
        1.8220000267028809,
        1.8250000476837158,
        1.8250000476837158,
        1.8279999494552612,
        3.311513662338257,
        1.8309999704360962,
        1.8309999704360962,
        1.8309999704360962,
        1.8350000381469727,
        2.753000020980835,
        1.837999939918518,
        1.837999939918518,
        3.242000102996826,
        1.8410000801086426,
        1.8410000801086426,
        1.8440001010894775,
        1.8440001010894775,
        2.694000005722046,
        1.8480000495910645,
        1.8480000495910645,
        3.180999994277954,
        1.8510000705718994,
        1.8510000705718994,
        1.8539999723434448,
        1.8539999723434448,
        2.7129998207092285,
        1.8569999933242798,
        1.8569999933242798,
        3.2280001640319824,
        1.8610000610351563,
        1.8639999628067017,
        1.8639999628067017,
        1.8639999628067017,
        2.559000015258789,
        1.8669999837875366,
        1.8709999322891235,
        3.0880000591278076,
        1.8739999532699585,
        1.8739999532699585,
        1.8739999532699585,
        1.877000093460083,
        1.877000093460083,
        1.8799998760223389,
        1.8799998760223389,
        1.8840000629425049,
        1.8840000629425049,
        1.8840000629425049,
        1.8870000839233398,
        1.8870000839233398,
        1.8899999856948853,
        1.8899999856948853,
        1.8930000066757202,
        1.8930000066757202,
        1.8930000066757202,
        1.8970000743865967,
        1.8970000743865967,
        1.899999976158142,
        1.899999976158142,
        1.899999976158142,
        1.902999997138977,
        1.902999997138977,
        1.9059998989105225,
        1.9059998989105225,
        1.909999966621399,
        1.909999966621399,
        1.9130001068115234,
        1.9130001068115234,
        1.9159998893737793,
        1.9159998893737793,
        1.9159998893737793,
        1.9200000762939453,
        1.9200000762939453,
        1.9230000972747803,
        1.9230000972747803,
        1.9259999990463257,
        1.9259999990463257,
        1.9259999990463257,
        1.9290000200271606,
        1.9290000200271606,
        1.9329999685287476,
        1.9329999685287476,
        1.9359999895095825,
        1.9359999895095825,
        1.9390000104904175,
        1.9390000104904175,
        1.941999912261963,
        1.941999912261963,
        1.9459999799728394,
        1.9459999799728394,
        1.9490001201629639,
        1.9490001201629639,
        1.9519999027252197,
        1.9519999027252197,
        1.9550000429153442,
        1.9550000429153442,
        1.9589998722076416,
        1.9589998722076416,
        1.9620000123977661
    ],
    "Generations needed": 41,
    "Population 1": 194.14999389648438,
    "Population 10": 1911.0,
    "Population 11": 1911.0,
    "Population 12": 1911.0,
    "Population 13": 1949.6700439453125,
    "Population 14": 2547.014892578125,
    "Population 15": 2562.0,
    "Population 16": 2562.0,
    "Population 17": 2562.0,
    "Population 18": 2617.034912109375,
    "Population 19": 2925.8349609375,
    "Population 2": 741.14501953125,
    "Population 20": 2935.0,
    "Population 21": 2935.0,
    "Population 22": 2935.0,
    "Population 23": 2968.35498046875,
    "Population 24": 3586.0,
    "Population 25": 3586.0,
    "Population 26": 3586.0,
    "Population 27": 3630.219970703125,
    "Population 28": 3956.889892578125,
    "Population 29": 3959.0,
    "Population 3": 1257.219970703125,
    "Population 30": 3959.0,
    "Population 31": 3959.0,
    "Population 32": 4012.570068359375,
    "Population 33": 4600.31005859375,
    "Population 34": 4610.0,
    "Population 35": 4610.0,
    "Population 36": 4610.0,
    "Population 37": 4655.2900390625,
    "Population 38": 4983.0,
    "Population 39": 4983.0,
    "Population 4": 1465.7449951171875,
    "Population 40": 4983.0,
    "Population 41": 4982.23486328125,
    "Population 5": 1487.0,
    "Population 6": 1487.0,
    "Population 7": 1487.0,
    "Population 8": 1575.14501953125,
    "Population 9": 1897.1650390625,
    "start": "today"
}
