{
    "Champ at 1": 887.0,
    "Champ at 10": 1911.0,
    "Champ at 11": 1911.0,
    "Champ at 12": 1911.0,
    "Champ at 13": 2865.0,
    "Champ at 14": 2865.0,
    "Champ at 15": 2865.0,
    "Champ at 16": 2865.0,
    "Champ at 17": 2865.0,
    "Champ at 18": 2865.0,
    "Champ at 19": 3586.0,
    "Champ at 2": 1538.0,
    "Champ at 20": 3586.0,
    "Champ at 21": 3586.0,
    "Champ at 22": 3586.0,
    "Champ at 23": 3586.0,
    "Champ at 24": 3959.0,
    "Champ at 25": 3959.0,
    "Champ at 26": 3959.0,
    "Champ at 27": 3959.0,
    "Champ at 28": 3959.0,
    "Champ at 29": 4921.0,
    "Champ at 3": 1538.0,
    "Champ at 30": 4921.0,
    "Champ at 31": 4921.0,
    "Champ at 32": 4921.0,
    "Champ at 33": 4921.0,
    "Champ at 34": 5169.0,
    "Champ at 4": 1538.0,
    "Champ at 5": 1538.0,
    "Champ at 6": 1538.0,
    "Champ at 7": 1538.0,
    "Champ at 8": 1911.0,
    "Champ at 9": 1911.0,
    "ChampFitness": 5169.0,
    "ChampInputs": [
        1.8930000066757202,
        1.8960000276565552,
        1.8960000276565552,
        1.8960000276565552,
        1.8989999294281006,
        1.8989999294281006,
        3.123358726501465,
        1.9019999504089355,
        1.9019999504089355,
        1.9059998989105225,
        1.9059998989105225,
        2.3550000190734863,
        1.9089999198913574,
        1.9089999198913574,
        3.2350001335144043,
        1.912000060081482,
        1.9149999618530273,
        1.9149999618530273,
        1.9149999618530273,
        1.9190000295639038,
        1.9190000295639038,
        1.9220000505447388,
        3.4619998931884766,
        1.9220000505447388,
        1.9249999523162842,
        1.9249999523162842,
        1.9279999732971191,
        0.35999998450279236,
        1.9320000410079956,
        1.9320000410079956,
        1.934999942779541,
        3.2139997482299805,
        1.937999963760376,
        1.937999963760376,
        1.941999912261963,
        1.941999912261963,
        1.9449999332427979,
        1.9449999332427979,
        1.9480000734329224,
        3.493000030517578,
        1.9480000734329224,
        1.9509999752044678,
        1.9509999752044678,
        1.9550000429153442,
        1.9550000429153442,
        1.9580000638961792,
        1.9580000638961792,
        1.9580000638961792,
        1.9609999656677246,
        1.9609999656677246,
        1.9639999866485596,
        1.9639999866485596,
        1.9639999866485596,
        1.9679999351501465,
        1.9679999351501465,
        1.9709999561309814,
        1.9709999561309814,
        1.9739999771118164,
        1.9739999771118164,
        1.9739999771118164,
        1.9769999980926514,
        1.9769999980926514,
        1.9809999465942383,
        1.9809999465942383,
        1.9840000867843628,
        1.9840000867843628,
        1.9840000867843628,
        1.9869999885559082,
        1.9869999885559082,
        1.9910000562667847,
        1.9910000562667847,
        1.9910000562667847,
        1.99399995803833,
        1.99399995803833,
        1.996999979019165,
        1.996999979019165,
        1.996999979019165,
        2.0,
        2.0,
        2.003999948501587,
        2.003999948501587,
        2.003999948501587,
        2.006999969482422,
        2.006999969482422,
        2.009999990463257,
        2.009999990463257,
        2.013000011444092,
        2.013000011444092,
        2.0169999599456787,
        2.0169999599456787,
        2.0169999599456787,
        2.0199999809265137,
        2.0199999809265137,
        2.0230000019073486,
        2.0230000019073486,
        2.0260000228881836,
        2.0260000228881836,
        2.0299999713897705,
        2.0299999713897705,
        2.0299999713897705
    ],
    "Generations needed": 34,
    "Population 1": 208.34500122070313,
    "Population 10": 1911.0,
    "Population 11": 1911.0,
    "Population 12": 1911.0,
    "Population 13": 1944.5250244140625,
    "Population 14": 2835.094970703125,
    "Population 15": 2860.22998046875,
    "Population 16": 2865.0,
    "Population 17": 2865.0,
    "Population 18": 2865.0,
    "Population 19": 2934.364990234375,
    "Population 2": 786.3099975585938,
    "Population 20": 3574.949951171875,
    "Population 21": 3586.0,
    "Population 22": 3586.0,
    "Population 23": 3586.0,
    "Population 24": 3622.284912109375,
    "Population 25": 3957.135009765625,
    "Population 26": 3959.0,
    "Population 27": 3959.0,
    "Population 28": 3959.0,
    "Population 29": 4013.739990234375,
    "Population 3": 1490.3599853515625,
    "Population 30": 4914.634765625,
    "Population 31": 4921.0,
    "Population 32": 4921.0,
    "Population 33": 4921.0,
    "Population 34": 4978.97021484375,
    "Population 4": 1531.489990234375,
    "Population 5": 1538.0,
    "Population 6": 1538.0,
    "Population 7": 1538.0,
    "Population 8": 1577.2850341796875,
    "Population 9": 1903.5400390625,
    "start": "today"
}
