{
    "Champ at 1": 887.0,
    "Champ at 10": 1911.0,
    "Champ at 11": 1911.0,
    "Champ at 12": 1911.0,
    "Champ at 13": 2562.0,
    "Champ at 14": 2562.0,
    "Champ at 15": 2562.0,
    "Champ at 16": 2562.0,
    "Champ at 17": 2562.0,
    "Champ at 18": 2935.0,
    "Champ at 19": 2935.0,
    "Champ at 2": 1538.0,
    "Champ at 20": 2935.0,
    "Champ at 21": 2935.0,
    "Champ at 22": 2935.0,
    "Champ at 23": 3900.0,
    "Champ at 24": 3900.0,
    "Champ at 25": 3900.0,
    "Champ at 26": 3900.0,
    "Champ at 27": 3900.0,
    "Champ at 28": 4983.0,
    "Champ at 29": 4983.0,
    "Champ at 3": 1538.0,
    "Champ at 30": 4983.0,
    "Champ at 31": 4983.0,
    "Champ at 32": 4983.0,
    "Champ at 33": 5167.0,
    "Champ at 4": 1538.0,
    "Champ at 5": 1538.0,
    "Champ at 6": 1538.0,
    "Champ at 7": 1538.0,
    "Champ at 8": 1911.0,
    "Champ at 9": 1911.0,
    "ChampFitness": 5167.0,
    "ChampInputs": [
        1.8919999599456787,
        1.8919999599456787,
        1.8949999809265137,
        1.8949999809265137,
        1.8980000019073486,
        1.8980000019073486,
        2.982381820678711,
        1.9019999504089355,
        1.9019999504089355,
        1.90500009059906,
        1.90500009059906,
        0.6279999613761902,
        1.9110000133514404,
        1.9110000133514404,
        1.9110000133514404,
        3.009999990463257,
        1.9149999618530273,
        1.9179999828338623,
        1.9179999828338623,
        1.9210000038146973,
        2.4149999618530273,
        1.9239999055862427,
        1.9239999055862427,
        3.2980000972747803,
        1.9279999732971191,
        1.930999994277954,
        1.930999994277954,
        1.934000015258789,
        1.934000015258789,
        1.937000036239624,
        1.937000036239624,
        3.425999879837036,
        1.9410001039505005,
        1.944000005722046,
        1.944000005722046,
        1.9470000267028809,
        1.9470000267028809,
        1.9499999284744263,
        1.9499999284744263,
        3.3430001735687256,
        1.9539999961853027,
        1.9570000171661377,
        1.9570000171661377,
        1.959999918937683,
        1.959999918937683,
        1.9639999866485596,
        1.9639999866485596,
        1.9670000076293945,
        1.9670000076293945,
        1.9700000286102295,
        1.9700000286102295,
        1.9730000495910645,
        1.9730000495910645,
        1.9769999980926514,
        1.9769999980926514,
        1.9800000190734863,
        1.9800000190734863,
        1.9830000400543213,
        1.9830000400543213,
        1.9859999418258667,
        1.9859999418258667,
        1.9859999418258667,
        1.9900000095367432,
        1.9900000095367432,
        1.9930000305175781,
        1.9930000305175781,
        1.9959999322891235,
        1.9959999322891235,
        1.999000072479248,
        1.999000072479248,
        2.009000062942505,
        2.009000062942505,
        2.013000011444092,
        2.013000011444092,
        2.0160000324249268,
        2.0160000324249268,
        2.0190000534057617,
        2.0190000534057617,
        2.0190000534057617,
        2.0219998359680176,
        2.0219998359680176,
        2.0260000228881836,
        2.0260000228881836,
        2.0290000438690186,
        2.0290000438690186,
        2.0320000648498535,
        2.0320000648498535,
        2.0350000858306885,
        2.0350000858306885,
        2.0390000343322754,
        2.0390000343322754,
        2.0390000343322754,
        2.0420000553131104,
        2.0420000553131104,
        2.0450000762939453,
        2.0450000762939453,
        2.047999858856201,
        2.047999858856201,
        2.052000045776367,
        2.052000045776367
    ],
    "Generations needed": 33,
    "Population 1": 189.33999633789063,
    "Population 10": 1911.0,
    "Population 11": 1911.0,
    "Population 12": 1911.0,
    "Population 13": 1930.3499755859375,
    "Population 14": 2555.93505859375,
    "Population 15": 2562.0,
    "Population 16": 2562.0,
    "Population 17": 2562.0,
    "Population 18": 2603.419921875,
    "Population 19": 2927.14990234375,
    "Population 2": 792.0750122070313,
    "Population 20": 2935.0,
    "Population 21": 2935.0,
    "Population 22": 2935.0,
    "Population 23": 2976.14501953125,
    "Population 24": 3887.47509765625,
    "Population 25": 3900.0,
    "Population 26": 3900.0,
    "Population 27": 3900.0,
    "Population 28": 4004.159912109375,
    "Population 29": 4972.759765625,
    "Population 3": 1503.344970703125,
    "Population 30": 4983.0,
    "Population 31": 4983.0,
    "Population 32": 4983.0,
    "Population 33": 4984.169921875,
    "Population 4": 1534.7449951171875,
    "Population 5": 1538.0,
    "Population 6": 1538.0,
    "Population 7": 1538.0,
    "Population 8": 1594.9649658203125,
    "Population 9": 1901.175048828125,
    "start": "today"
}
