{
    "Champ at 1": 805.0,
    "Champ at 10": 1911.0,
    "Champ at 11": 1911.0,
    "Champ at 12": 1911.0,
    "Champ at 13": 1911.0,
    "Champ at 14": 2509.0,
    "Champ at 15": 2509.0,
    "Champ at 16": 2509.0,
    "Champ at 17": 2509.0,
    "Champ at 18": 2509.0,
    "Champ at 19": 2935.0,
    "Champ at 2": 1273.0,
    "Champ at 20": 2935.0,
    "Champ at 21": 2935.0,
    "Champ at 22": 2935.0,
    "Champ at 23": 2935.0,
    "Champ at 24": 3586.0,
    "Champ at 25": 3586.0,
    "Champ at 26": 3586.0,
    "Champ at 27": 3586.0,
    "Champ at 28": 3586.0,
    "Champ at 29": 3959.0,
    "Champ at 3": 1282.0,
    "Champ at 30": 3959.0,
    "Champ at 31": 3959.0,
    "Champ at 32": 3959.0,
    "Champ at 33": 3959.0,
    "Champ at 34": 4610.0,
    "Champ at 35": 4610.0,
    "Champ at 36": 4610.0,
    "Champ at 37": 4610.0,
    "Champ at 38": 4610.0,
    "Champ at 39": 4983.0,
    "Champ at 4": 1282.0,
    "Champ at 40": 4983.0,
    "Champ at 41": 4983.0,
    "Champ at 42": 4983.0,
    "Champ at 43": 4983.0,
    "Champ at 44": 5165.0,
    "Champ at 5": 1282.0,
    "Champ at 6": 1282.0,
    "Champ at 7": 1282.0,
    "Champ at 8": 1911.0,
    "Champ at 9": 1911.0,
    "ChampFitness": 5165.0,
    "ChampInputs": [
        1.8050000667572021,
        1.8050000667572021,
        1.808000087738037,
        1.808000087738037,
        1.9597110748291016,
        1.812000036239624,
        3.504887342453003,
        1.815000057220459,
        1.815000057220459,
        1.0839999914169312,
        1.8179999589920044,
        1.8209999799728394,
        1.8209999799728394,
        1.8250000476837158,
        1.8250000476837158,
        3.190000057220459,
        1.8279999494552612,
        1.8279999494552612,
        1.8309999704360962,
        1.8309999704360962,
        2.8489999771118164,
        1.8340001106262207,
        1.8340001106262207,
        3.183000087738037,
        1.837999939918518,
        1.8410000801086426,
        1.8410000801086426,
        1.8440001010894775,
        2.759999990463257,
        1.847000002861023,
        1.847000002861023,
        3.1529998779296875,
        1.8510000705718994,
        1.8510000705718994,
        1.8539999723434448,
        1.8539999723434448,
        0.75,
        1.8569999933242798,
        1.8610000610351563,
        1.8610000610351563,
        3.2760000228881836,
        1.8639999628067017,
        1.8669999837875366,
        1.8669999837875366,
        1.8669999837875366,
        1.8700001239776611,
        1.8739999532699585,
        1.8739999532699585,
        1.8739999532699585,
        1.877000093460083,
        1.877000093460083,
        1.8799998760223389,
        1.8799998760223389,
        1.8830000162124634,
        1.8830000162124634,
        1.8870000839233398,
        1.8870000839233398,
        1.8870000839233398,
        1.8899999856948853,
        1.8899999856948853,
        1.8930000066757202,
        1.8930000066757202,
        1.8960000276565552,
        1.8960000276565552,
        1.899999976158142,
        1.899999976158142,
        1.899999976158142,
        1.902999997138977,
        1.902999997138977,
        1.9059998989105225,
        1.9059998989105225,
        1.909999966621399,
        1.909999966621399,
        1.9130001068115234,
        1.9130001068115234,
        1.9159998893737793,
        1.9159998893737793,
        1.9190000295639038,
        1.9190000295639038,
        1.9230000972747803,
        1.9230000972747803,
        1.9259999990463257,
        1.9259999990463257,
        1.9290000200271606,
        1.9290000200271606,
        1.9320000410079956,
        1.9320000410079956,
        1.9359999895095825,
        1.9359999895095825,
        1.9390000104904175,
        1.9390000104904175,
        1.941999912261963,
        1.941999912261963,
        1.9449999332427979,
        1.9449999332427979,
        1.9490001201629639,
        1.9490001201629639,
        1.9519999027252197,
        1.9550000429153442,
        1.9550000429153442
    ],
    "Generations needed": 44,
    "Population 1": 190.52999877929688,
    "Population 10": 1910.219970703125,
    "Population 11": 1911.0,
    "Population 12": 1911.0,
    "Population 13": 1911.0,
    "Population 14": 1933.0550537109375,
    "Population 15": 2495.889892578125,
    "Population 16": 2509.0,
    "Population 17": 2509.0,
    "Population 18": 2509.0,
    "Population 19": 2603.830078125,
    "Population 2": 755.6599731445313,
    "Population 20": 2930.56005859375,
    "Population 21": 2935.0,
    "Population 22": 2935.0,
    "Population 23": 2935.0,
    "Population 24": 2968.2099609375,
    "Population 25": 3577.885009765625,
    "Population 26": 3586.0,
    "Population 27": 3586.0,
    "Population 28": 3586.0,
    "Population 29": 3623.81494140625,
    "Population 3": 1259.425048828125,
    "Population 30": 3954.7099609375,
    "Population 31": 3959.0,
    "Population 32": 3959.0,
    "Population 33": 3959.0,
    "Population 34": 4002.81005859375,
    "Population 35": 4602.14013671875,
    "Population 36": 4610.0,
    "Population 37": 4610.0,
    "Population 38": 4610.0,
    "Population 39": 4651.22021484375,
    "Population 4": 1277.93505859375,
    "Population 40": 4982.72021484375,
    "Population 41": 4983.0,
    "Population 42": 4983.0,
    "Population 43": 4983.0,
    "Population 44": 4997.60009765625,
    "Population 5": 1282.0,
    "Population 6": 1282.0,
    "Population 7": 1282.0,
    "Population 8": 1400.199951171875,
    "Population 9": 1894.0799560546875,
    "start": "today"
}
