{
    "Champ at 1": 826.0,
    "Champ at 10": 1911.0,
    "Champ at 11": 1911.0,
    "Champ at 12": 1911.0,
    "Champ at 13": 2562.0,
    "Champ at 14": 2562.0,
    "Champ at 15": 2562.0,
    "Champ at 16": 2562.0,
    "Champ at 17": 2935.0,
    "Champ at 18": 2935.0,
    "Champ at 19": 2935.0,
    "Champ at 2": 1268.0,
    "Champ at 20": 2935.0,
    "Champ at 21": 2935.0,
    "Champ at 22": 3887.0,
    "Champ at 23": 3887.0,
    "Champ at 24": 3887.0,
    "Champ at 25": 3887.0,
    "Champ at 26": 3887.0,
    "Champ at 27": 4917.0,
    "Champ at 28": 4917.0,
    "Champ at 29": 4917.0,
    "Champ at 3": 1538.0,
    "Champ at 30": 4917.0,
    "Champ at 31": 4917.0,
    "Champ at 32": 5166.0,
    "Champ at 4": 1538.0,
    "Champ at 5": 1538.0,
    "Champ at 6": 1538.0,
    "Champ at 7": 1538.0,
    "Champ at 8": 1911.0,
    "Champ at 9": 1911.0,
    "ChampFitness": 5166.0,
    "ChampInputs": [
        1.8519999980926514,
        1.8550000190734863,
        1.8550000190734863,
        1.8580000400543213,
        1.8580000400543213,
        1.8610000610351563,
        3.342285633087158,
        1.8650000095367432,
        1.8680000305175781,
        1.8709999322891235,
        1.8709999322891235,
        2.565000057220459,
        1.878000020980835,
        1.878000020980835,
        3.0929999351501465,
        1.8840000629425049,
        1.8840000629425049,
        1.8870000839233398,
        1.8870000839233398,
        2.511000156402588,
        1.8940000534057617,
        1.8940000534057617,
        3.3299999237060547,
        1.899999976158142,
        1.899999976158142,
        1.9040000438690186,
        1.906999945640564,
        1.906999945640564,
        1.909999966621399,
        1.909999966621399,
        3.6080000400543213,
        1.9169999361038208,
        1.9169999361038208,
        1.9200000762939453,
        1.9200000762939453,
        1.9230000972747803,
        1.9270000457763672,
        1.9270000457763672,
        3.506999969482422,
        1.9300000667572021,
        1.9329999685287476,
        1.9329999685287476,
        1.9329999685287476,
        1.9359999895095825,
        1.9359999895095825,
        1.940000057220459,
        1.940000057220459,
        1.9429999589920044,
        1.9429999589920044,
        1.9459999799728394,
        1.9490001201629639,
        1.9490001201629639,
        1.9529999494552612,
        1.9560000896453857,
        1.9560000896453857,
        1.9589998722076416,
        1.9630000591278076,
        1.9630000591278076,
        1.9660000801086426,
        1.968999981880188,
        1.968999981880188,
        1.972000002861023,
        1.9760000705718994,
        1.9760000705718994,
        1.9789999723434448,
        1.9789999723434448,
        1.9819999933242798,
        1.9819999933242798,
        1.9850001335144043,
        1.9850001335144043,
        1.9889999628067017,
        1.9920001029968262,
        1.9920001029968262,
        1.994999885559082,
        1.9980000257492065,
        1.9980000257492065,
        2.002000093460083,
        2.004999876022339,
        2.004999876022339,
        2.007999897003174,
        2.0119998455047607,
        2.0119998455047607,
        2.0149998664855957,
        2.0180001258850098,
        2.0180001258850098,
        2.0209999084472656,
        2.0250000953674316,
        2.0250000953674316,
        2.0280001163482666,
        2.0309998989105225,
        2.0339999198913574,
        2.0339999198913574,
        2.0379998683929443,
        2.0409998893737793,
        2.0409998893737793,
        2.0440001487731934,
        2.046999931335449,
        2.046999931335449,
        2.0510001182556152,
        2.05400013923645
    ],
    "Generations needed": 32,
    "Population 1": 197.97500610351563,
    "Population 10": 1911.0,
    "Population 11": 1911.0,
    "Population 12": 1911.0,
    "Population 13": 1946.7900390625,
    "Population 14": 2562.0,
    "Population 15": 2562.0,
    "Population 16": 2562.0,
    "Population 17": 2614.330078125,
    "Population 18": 2928.485107421875,
    "Population 19": 2935.0,
    "Population 2": 762.7999877929688,
    "Population 20": 2935.0,
    "Population 21": 2935.0,
    "Population 22": 2961.614990234375,
    "Population 23": 3845.419921875,
    "Population 24": 3887.0,
    "Population 25": 3887.0,
    "Population 26": 3887.0,
    "Population 27": 3979.89501953125,
    "Population 28": 4907.06982421875,
    "Population 29": 4917.0,
    "Population 3": 1253.574951171875,
    "Population 30": 4917.0,
    "Population 31": 4917.0,
    "Population 32": 4981.919921875,
    "Population 4": 1525.6099853515625,
    "Population 5": 1538.0,
    "Population 6": 1538.0,
    "Population 7": 1538.0,
    "Population 8": 1572.9749755859375,
    "Population 9": 1900.81494140625,
    "start": "today"
}
