{
    "Champ at 1": 821.0,
    "Champ at 10": 1911.0,
    "Champ at 11": 1911.0,
    "Champ at 12": 1911.0,
    "Champ at 13": 2562.0,
    "Champ at 14": 2562.0,
    "Champ at 15": 2562.0,
    "Champ at 16": 2562.0,
    "Champ at 17": 2562.0,
    "Champ at 18": 2935.0,
    "Champ at 19": 2935.0,
    "Champ at 2": 1538.0,
    "Champ at 20": 2935.0,
    "Champ at 21": 2935.0,
    "Champ at 22": 2935.0,
    "Champ at 23": 3586.0,
    "Champ at 24": 3586.0,
    "Champ at 25": 3586.0,
    "Champ at 26": 3586.0,
    "Champ at 27": 3586.0,
    "Champ at 28": 3959.0,
    "Champ at 29": 3959.0,
    "Champ at 3": 1538.0,
    "Champ at 30": 3959.0,
    "Champ at 31": 3959.0,
    "Champ at 32": 4610.0,
    "Champ at 33": 4610.0,
    "Champ at 34": 4610.0,
    "Champ at 35": 4610.0,
    "Champ at 36": 4610.0,
    "Champ at 37": 4983.0,
    "Champ at 38": 4983.0,
    "Champ at 39": 4983.0,
    "Champ at 4": 1538.0,
    "Champ at 40": 4983.0,
    "Champ at 41": 4983.0,
    "Champ at 42": 5167.0,
    "Champ at 5": 1538.0,
    "Champ at 6": 1538.0,
    "Champ at 7": 1911.0,
    "Champ at 8": 1911.0,
    "Champ at 9": 1911.0,
    "ChampFitness": 5167.0,
    "ChampInputs": [
        1.8440001010894775,
        1.847000002861023,
        1.847000002861023,
        1.847000002861023,
        1.847000002861023,
        1.850000023841858,
        3.4269657135009766,
        1.850000023841858,
        1.8529999256134033,
        1.8529999256134033,
        1.8529999256134033,
        0.7580000162124634,
        1.8569999933242798,
        1.8569999933242798,
        1.8600000143051147,
        3.1700000762939453,
        1.8600000143051147,
        1.8600000143051147,
        1.8629999160766602,
        1.8629999160766602,
        2.682000160217285,
        1.8669999837875366,
        1.8669999837875366,
        3.1560001373291016,
        1.8700001239776611,
        1.8700001239776611,
        1.8700001239776611,
        1.872999906539917,
        2.546999931335449,
        1.872999906539917,
        1.872999906539917,
        3.201000213623047,
        1.8760000467300415,
        1.8760000467300415,
        1.8799998760223389,
        1.8799998760223389,
        0.6690000295639038,
        1.8830000162124634,
        1.8830000162124634,
        1.8830000162124634,
        3.2839999198913574,
        1.8860000371932983,
        1.8860000371932983,
        1.8860000371932983,
        1.8889999389648438,
        1.8889999389648438,
        1.8889999389648438,
        1.8930000066757202,
        1.8930000066757202,
        1.8930000066757202,
        1.8960000276565552,
        1.8960000276565552,
        1.8960000276565552,
        1.8960000276565552,
        1.8989999294281006,
        1.8989999294281006,
        1.8989999294281006,
        1.9019999504089355,
        1.9019999504089355,
        1.9019999504089355,
        1.9059998989105225,
        1.9059998989105225,
        1.9059998989105225,
        1.9089999198913574,
        1.9089999198913574,
        1.9089999198913574,
        1.9089999198913574,
        1.912000060081482,
        1.912000060081482,
        1.912000060081482,
        1.9159998893737793,
        1.9159998893737793,
        1.9159998893737793,
        1.9190000295639038,
        1.9190000295639038,
        1.9190000295639038,
        1.9190000295639038,
        1.9220000505447388,
        1.9220000505447388,
        1.9220000505447388,
        1.9249999523162842,
        1.9249999523162842,
        1.9249999523162842,
        1.9290000200271606,
        1.9290000200271606,
        1.9290000200271606,
        1.9320000410079956,
        1.9320000410079956,
        1.9320000410079956,
        1.9320000410079956,
        1.934999942779541,
        1.934999942779541,
        1.934999942779541,
        1.937999963760376,
        1.937999963760376,
        1.937999963760376,
        1.941999912261963,
        1.941999912261963,
        1.941999912261963,
        1.941999912261963
    ],
    "Generations needed": 42,
    "Population 1": 196.8000030517578,
    "Population 10": 1911.0,
    "Population 11": 1911.0,
    "Population 12": 1911.0,
    "Population 13": 1945.114990234375,
    "Population 14": 2555.489990234375,
    "Population 15": 2562.0,
    "Population 16": 2562.0,
    "Population 17": 2562.0,
    "Population 18": 2598.02490234375,
    "Population 19": 2929.050048828125,
    "Population 2": 776.219970703125,
    "Population 20": 2935.0,
    "Population 21": 2935.0,
    "Population 22": 2935.0,
    "Population 23": 2981.1298828125,
    "Population 24": 3584.72509765625,
    "Population 25": 3586.0,
    "Population 26": 3586.0,
    "Population 27": 3586.0,
    "Population 28": 3621.330078125,
    "Population 29": 3959.0,
    "Population 3": 1497.9649658203125,
    "Population 30": 3959.0,
    "Population 31": 3959.0,
    "Population 32": 3974.389892578125,
    "Population 33": 4589.85986328125,
    "Population 34": 4610.0,
    "Population 35": 4610.0,
    "Population 36": 4610.0,
    "Population 37": 4641.3251953125,
    "Population 38": 4981.134765625,
    "Population 39": 4983.0,
    "Population 4": 1538.0,
    "Population 40": 4983.0,
    "Population 41": 4983.0,
    "Population 42": 4982.18017578125,
    "Population 5": 1538.0,
    "Population 6": 1538.0,
    "Population 7": 1593.43505859375,
    "Population 8": 1905.0350341796875,
    "Population 9": 1909.135009765625,
    "start": "today"
}
