{
    "Champ at 1": 825.0,
    "Champ at 10": 1911.0,
    "Champ at 11": 1911.0,
    "Champ at 12": 1911.0,
    "Champ at 13": 1911.0,
    "Champ at 14": 2562.0,
    "Champ at 15": 2562.0,
    "Champ at 16": 2562.0,
    "Champ at 17": 2562.0,
    "Champ at 18": 2562.0,
    "Champ at 19": 2562.0,
    "Champ at 2": 1281.0,
    "Champ at 20": 2935.0,
    "Champ at 21": 2935.0,
    "Champ at 22": 2935.0,
    "Champ at 23": 2935.0,
    "Champ at 24": 2935.0,
    "Champ at 25": 3586.0,
    "Champ at 26": 3586.0,
    "Champ at 27": 3586.0,
    "Champ at 28": 3586.0,
    "Champ at 29": 3586.0,
    "Champ at 3": 1538.0,
    "Champ at 30": 3959.0,
    "Champ at 31": 3959.0,
    "Champ at 32": 3959.0,
    "Champ at 33": 3959.0,
    "Champ at 34": 3959.0,
    "Champ at 35": 4914.0,
    "Champ at 36": 4914.0,
    "Champ at 37": 4914.0,
    "Champ at 38": 4914.0,
    "Champ at 39": 4914.0,
    "Champ at 4": 1538.0,
    "Champ at 40": 4914.0,
    "Champ at 41": 5161.0,
    "Champ at 5": 1538.0,
    "Champ at 6": 1538.0,
    "Champ at 7": 1538.0,
    "Champ at 8": 1538.0,
    "Champ at 9": 1911.0,
    "ChampFitness": 5161.0,
    "ChampInputs": [
        1.8480000495910645,
        1.8510000705718994,
        1.8510000705718994,
        1.8539999723434448,
        1.8569999933242798,
        1.8569999933242798,
        3.385167121887207,
        1.8639999628067017,
        1.8639999628067017,
        1.8669999837875366,
        1.8709999322891235,
        2.630000114440918,
        1.8739999532699585,
        1.8739999532699585,
        3.1490001678466797,
        1.8799998760223389,
        1.8799998760223389,
        1.8840000629425049,
        1.8840000629425049,
        0.6119999885559082,
        1.8899999856948853,
        1.8930000066757202,
        1.8930000066757202,
        3.066999912261963,
        1.8970000743865967,
        1.899999976158142,
        1.899999976158142,
        1.899999976158142,
        0.5759999752044678,
        1.902999997138977,
        1.902999997138977,
        1.9059998989105225,
        3.2120001316070557,
        1.9059998989105225,
        1.909999966621399,
        1.909999966621399,
        1.9130001068115234,
        1.9159998893737793,
        1.9159998893737793,
        1.941999912261963,
        3.4679999351501465,
        1.9459999799728394,
        1.9490001201629639,
        1.9490001201629639,
        1.9519999027252197,
        1.9550000429153442,
        1.9550000429153442,
        1.9589998722076416,
        1.9620000123977661,
        1.9620000123977661,
        1.965000033378601,
        1.9679999351501465,
        1.9679999351501465,
        1.972000002861023,
        1.975000023841858,
        1.975000023841858,
        1.9779999256134033,
        1.9819999933242798,
        1.9819999933242798,
        1.9850001335144043,
        1.9879999160766602,
        1.9879999160766602,
        1.9910000562667847,
        1.994999885559082,
        1.9980000257492065,
        1.9980000257492065,
        2.000999927520752,
        2.003999948501587,
        2.003999948501587,
        2.007999897003174,
        2.007999897003174,
        2.011000156402588,
        2.0139999389648438,
        2.0139999389648438,
        2.0169999599456787,
        2.0209999084472656,
        2.0239999294281006,
        2.0239999294281006,
        2.0269999504089355,
        2.0269999504089355,
        2.0309998989105225,
        2.0339999198913574,
        2.0370001792907715,
        2.0370001792907715,
        2.0399999618530273,
        2.0399999618530273,
        2.0440001487731934,
        2.0440001487731934,
        2.046999931335449,
        2.049999952316284,
        2.052999973297119,
        2.052999973297119,
        2.056999921798706,
        2.059999942779541,
        2.059999942779541,
        2.062999963760376,
        2.062999963760376,
        2.065999984741211,
        2.065999984741211,
        2.069999933242798
    ],
    "Generations needed": 41,
    "Population 1": 190.56500244140625,
    "Population 10": 1903.1800537109375,
    "Population 11": 1911.0,
    "Population 12": 1911.0,
    "Population 13": 1911.0,
    "Population 14": 1957.780029296875,
    "Population 15": 2550.02001953125,
    "Population 16": 2558.7451171875,
    "Population 17": 2562.0,
    "Population 18": 2562.0,
    "Population 19": 2562.0,
    "Population 2": 744.469970703125,
    "Population 20": 2603.81494140625,
    "Population 21": 2930.594970703125,
    "Population 22": 2935.0,
    "Population 23": 2935.0,
    "Population 24": 2935.0,
    "Population 25": 2971.860107421875,
    "Population 26": 3576.860107421875,
    "Population 27": 3586.0,
    "Population 28": 3586.0,
    "Population 29": 3586.0,
    "Population 3": 1248.4649658203125,
    "Population 30": 3620.530029296875,
    "Population 31": 3958.014892578125,
    "Population 32": 3959.0,
    "Population 33": 3959.0,
    "Population 34": 3959.0,
    "Population 35": 4007.89501953125,
    "Population 36": 4908.830078125,
    "Population 37": 4909.22509765625,
    "Population 38": 4914.0,
    "Population 39": 4914.0,
    "Population 4": 1521.1400146484375,
    "Population 40": 4914.0,
    "Population 41": 4972.77978515625,
    "Population 5": 1534.7449951171875,
    "Population 6": 1538.0,
    "Population 7": 1538.0,
    "Population 8": 1538.0,
    "Population 9": 1587.5450439453125,
    "start": "today"
}
