{
    "Champ at 1": 726.0,
    "Champ at 10": 1278.0,
    "Champ at 11": 1278.0,
    "Champ at 12": 1278.0,
    "Champ at 13": 1278.0,
    "Champ at 14": 1854.0,
    "Champ at 15": 1854.0,
    "Champ at 16": 1854.0,
    "Champ at 17": 1854.0,
    "Champ at 18": 1854.0,
    "Champ at 19": 2306.0,
    "Champ at 2": 828.0,
    "Champ at 20": 2306.0,
    "Champ at 21": 2306.0,
    "Champ at 22": 2306.0,
    "Champ at 23": 2306.0,
    "Champ at 24": 2306.0,
    "Champ at 25": 2935.0,
    "Champ at 26": 2935.0,
    "Champ at 27": 2935.0,
    "Champ at 28": 2935.0,
    "Champ at 29": 2935.0,
    "Champ at 3": 830.0,
    "Champ at 30": 3329.0,
    "Champ at 31": 3329.0,
    "Champ at 32": 3329.0,
    "Champ at 33": 3329.0,
    "Champ at 34": 3329.0,
    "Champ at 35": 3959.0,
    "Champ at 36": 3959.0,
    "Champ at 37": 3959.0,
    "Champ at 38": 3959.0,
    "Champ at 39": 3959.0,
    "Champ at 4": 887.0,
    "Champ at 40": 4354.0,
    "Champ at 41": 4355.0,
    "Champ at 42": 4355.0,
    "Champ at 43": 4355.0,
    "Champ at 44": 4355.0,
    "Champ at 45": 4983.0,
    "Champ at 46": 4983.0,
    "Champ at 47": 4983.0,
    "Champ at 48": 4983.0,
    "Champ at 49": 4983.0,
    "Champ at 5": 887.0,
    "Champ at 50": 5154.0,
    "Champ at 6": 887.0,
    "Champ at 7": 887.0,
    "Champ at 8": 887.0,
    "Champ at 9": 1278.0,
    "ChampFitness": 5154.0,
    "ChampInputs": [
        0.5001869201660156,
        1.7829999923706055,
        1.7869999408721924,
        1.8588180541992188,
        1.7869999408721924,
        1.7869999408721924,
        1.790000081062317,
        3.192000150680542,
        1.790000081062317,
        1.7929999828338623,
        3.0149998664855957,
        1.7929999828338623,
        1.7970000505447388,
        1.7970000505447388,
        1.7970000505447388,
        3.259999990463257,
        1.8000000715255737,
        1.8000000715255737,
        2.930999994277954,
        1.8029999732971191,
        1.8029999732971191,
        1.8029999732971191,
        1.805999994277954,
        3.2100000381469727,
        1.805999994277954,
        1.809999942779541,
        2.99399995803833,
        1.809999942779541,
        1.812999963760376,
        1.812999963760376,
        1.812999963760376,
        3.191310405731201,
        1.815999984741211,
        1.815999984741211,
        2.867000102996826,
        1.819000005722046,
        1.819000005722046,
        1.819000005722046,
        1.8229999542236328,
        3.077000141143799,
        1.8229999542236328,
        1.8260000944137573,
        1.8260000944137573,
        1.8260000944137573,
        1.8260000944137573,
        1.8289999961853027,
        1.8289999961853027,
        1.8289999961853027,
        1.8320000171661377,
        1.8320000171661377,
        1.8320000171661377,
        1.8359999656677246,
        1.8359999656677246,
        1.8359999656677246,
        1.8389999866485596,
        1.8389999866485596,
        1.8389999866485596,
        1.8389999866485596,
        1.8420000076293945,
        1.8420000076293945,
        1.8420000076293945,
        1.8459999561309814,
        1.8459999561309814,
        1.8459999561309814,
        1.8489999771118164,
        1.8489999771118164,
        1.8489999771118164,
        1.8519999980926514,
        1.8519999980926514,
        1.8519999980926514,
        1.8519999980926514,
        1.8550000190734863,
        1.8550000190734863,
        1.8550000190734863,
        1.8589999675750732,
        1.8589999675750732,
        1.8589999675750732,
        1.8619999885559082,
        1.8619999885559082,
        1.8619999885559082,
        1.8619999885559082,
        1.8650000095367432,
        1.8650000095367432,
        1.8650000095367432,
        1.8680000305175781,
        1.8680000305175781,
        1.8680000305175781,
        1.871999979019165,
        1.871999979019165,
        1.871999979019165,
        1.871999979019165,
        1.875,
        1.875,
        1.875,
        1.878000020980835,
        1.878000020980835,
        1.878000020980835,
        1.8809999227523804,
        1.8809999227523804,
        1.8809999227523804
    ],
    "Generations needed": 50,
    "Population 1": 198.36500549316406,
    "Population 10": 1265.8050537109375,
    "Population 11": 1278.0,
    "Population 12": 1278.0,
    "Population 13": 1278.0,
    "Population 14": 1368.2149658203125,
    "Population 15": 1844.699951171875,
    "Population 16": 1854.0,
    "Population 17": 1854.0,
    "Population 18": 1854.0,
    "Population 19": 1938.1949462890625,
    "Population 2": 666.9099731445313,
    "Population 20": 2293.445068359375,
    "Population 21": 2304.02490234375,
    "Population 22": 2306.0,
    "Population 23": 2306.0,
    "Population 24": 2306.0,
    "Population 25": 2423.47509765625,
    "Population 26": 2934.64990234375,
    "Population 27": 2935.0,
    "Population 28": 2935.0,
    "Population 29": 2935.0,
    "Population 3": 809.594970703125,
    "Population 30": 2969.889892578125,
    "Population 31": 3321.06005859375,
    "Population 32": 3329.0,
    "Population 33": 3329.0,
    "Population 34": 3329.0,
    "Population 35": 3445.47998046875,
    "Population 36": 3955.1650390625,
    "Population 37": 3959.0,
    "Population 38": 3959.0,
    "Population 39": 3959.0,
    "Population 4": 830.4400024414063,
    "Population 40": 3995.800048828125,
    "Population 41": 4350.05517578125,
    "Population 42": 4354.990234375,
    "Population 43": 4355.0,
    "Population 44": 4355.0,
    "Population 45": 4502.58984375,
    "Population 46": 4972.81982421875,
    "Population 47": 4983.0,
    "Population 48": 4983.0,
    "Population 49": 4983.0,
    "Population 5": 884.7449951171875,
    "Population 50": 4987.19482421875,
    "Population 6": 887.0,
    "Population 7": 887.0,
    "Population 8": 887.0,
    "Population 9": 914.7150268554688,
    "start": "today"
}
