{
    "Champ at 1": 887.0,
    "Champ at 10": 1911.0,
    "Champ at 11": 1911.0,
    "Champ at 12": 1911.0,
    "Champ at 13": 1911.0,
    "Champ at 14": 2562.0,
    "Champ at 15": 2562.0,
    "Champ at 16": 2562.0,
    "Champ at 17": 2562.0,
    "Champ at 18": 2562.0,
    "Champ at 19": 2935.0,
    "Champ at 2": 1245.0,
    "Champ at 20": 2935.0,
    "Champ at 21": 2935.0,
    "Champ at 22": 2935.0,
    "Champ at 23": 2935.0,
    "Champ at 24": 3887.0,
    "Champ at 25": 3887.0,
    "Champ at 26": 3887.0,
    "Champ at 27": 3887.0,
    "Champ at 28": 3887.0,
    "Champ at 29": 4610.0,
    "Champ at 3": 1281.0,
    "Champ at 30": 4610.0,
    "Champ at 31": 4610.0,
    "Champ at 32": 4610.0,
    "Champ at 33": 4610.0,
    "Champ at 34": 4983.0,
    "Champ at 35": 4983.0,
    "Champ at 36": 4983.0,
    "Champ at 37": 4983.0,
    "Champ at 38": 5169.0,
    "Champ at 4": 1284.0,
    "Champ at 5": 1284.0,
    "Champ at 6": 1284.0,
    "Champ at 7": 1284.0,
    "Champ at 8": 1284.0,
    "Champ at 9": 1911.0,
    "ChampFitness": 5169.0,
    "ChampInputs": [
        1.878000020980835,
        1.8809999227523804,
        1.8809999227523804,
        1.8809999227523804,
        1.8849999904632568,
        1.8849999904632568,
        2.4182379245758057,
        0.585223913192749,
        1.8880000114440918,
        1.8880000114440918,
        0.7379999756813049,
        1.8910000324249268,
        1.8910000324249268,
        1.8910000324249268,
        1.8940000534057617,
        1.8940000534057617,
        3.184000015258789,
        1.8980000019073486,
        1.8980000019073486,
        1.8980000019073486,
        1.9010000228881836,
        2.4830000400543213,
        1.9010000228881836,
        1.9040000438690186,
        3.184000015258789,
        1.9040000438690186,
        1.9040000438690186,
        1.906999945640564,
        1.906999945640564,
        1.906999945640564,
        1.9110000133514404,
        1.9110000133514404,
        3.4679999351501465,
        1.9140000343322754,
        1.9140000343322754,
        1.9140000343322754,
        1.9140000343322754,
        2.319000005722046,
        1.9169999361038208,
        1.9169999361038208,
        3.3610000610351563,
        1.9210000038146973,
        1.9210000038146973,
        1.9239999055862427,
        1.9239999055862427,
        1.9239999055862427,
        1.9270000457763672,
        1.9270000457763672,
        1.9270000457763672,
        1.9270000457763672,
        1.9300000667572021,
        1.9300000667572021,
        1.9300000667572021,
        1.934000015258789,
        1.934000015258789,
        1.934000015258789,
        1.937000036239624,
        1.937000036239624,
        1.937000036239624,
        1.940000057220459,
        1.940000057220459,
        1.940000057220459,
        1.940000057220459,
        1.9429999589920044,
        1.9429999589920044,
        1.9429999589920044,
        1.9470000267028809,
        1.9470000267028809,
        1.9470000267028809,
        1.9499999284744263,
        1.9499999284744263,
        1.9499999284744263,
        1.9499999284744263,
        1.9529999494552612,
        1.9529999494552612,
        1.9529999494552612,
        1.9560000896453857,
        1.9560000896453857,
        1.9560000896453857,
        1.959999918937683,
        1.959999918937683,
        1.959999918937683,
        1.9630000591278076,
        1.9630000591278076,
        1.9630000591278076,
        1.9630000591278076,
        1.9660000801086426,
        1.9660000801086426,
        1.9660000801086426,
        1.9700000286102295,
        1.9700000286102295,
        1.9700000286102295,
        1.9730000495910645,
        1.9730000495910645,
        1.9730000495910645,
        1.9760000705718994,
        1.9760000705718994,
        1.9760000705718994,
        1.9760000705718994,
        1.9789999723434448
    ],
    "Generations needed": 38,
    "Population 1": 202.0399932861328,
    "Population 10": 1891.85498046875,
    "Population 11": 1911.0,
    "Population 12": 1911.0,
    "Population 13": 1911.0,
    "Population 14": 1952.010009765625,
    "Population 15": 2556.0849609375,
    "Population 16": 2562.0,
    "Population 17": 2562.0,
    "Population 18": 2562.0,
    "Population 19": 2611.715087890625,
    "Population 2": 798.864990234375,
    "Population 20": 2931.43505859375,
    "Population 21": 2935.0,
    "Population 22": 2935.0,
    "Population 23": 2935.0,
    "Population 24": 3001.10498046875,
    "Population 25": 3865.14990234375,
    "Population 26": 3887.0,
    "Population 27": 3887.0,
    "Population 28": 3887.0,
    "Population 29": 3954.1298828125,
    "Population 3": 1219.425048828125,
    "Population 30": 4603.490234375,
    "Population 31": 4610.0,
    "Population 32": 4610.0,
    "Population 33": 4610.0,
    "Population 34": 4653.53515625,
    "Population 35": 4983.0,
    "Population 36": 4983.0,
    "Population 37": 4983.0,
    "Population 38": 4982.02001953125,
    "Population 4": 1276.6650390625,
    "Population 5": 1283.77001953125,
    "Population 6": 1283.9949951171875,
    "Population 7": 1284.0,
    "Population 8": 1284.0,
    "Population 9": 1425.155029296875,
    "start": "today"
}
