{
    "Champ at 1": 731.0,
    "Champ at 10": 1282.0,
    "Champ at 11": 1282.0,
    "Champ at 12": 1282.0,
    "Champ at 13": 1282.0,
    "Champ at 14": 1911.0,
    "Champ at 15": 1911.0,
    "Champ at 16": 1911.0,
    "Champ at 17": 1911.0,
    "Champ at 18": 1911.0,
    "Champ at 19": 2307.0,
    "Champ at 2": 887.0,
    "Champ at 20": 2307.0,
    "Champ at 21": 2307.0,
    "Champ at 22": 2307.0,
    "Champ at 23": 2307.0,
    "Champ at 24": 2935.0,
    "Champ at 25": 2935.0,
    "Champ at 26": 2935.0,
    "Champ at 27": 2935.0,
    "Champ at 28": 2935.0,
    "Champ at 29": 2935.0,
    "Champ at 3": 887.0,
    "Champ at 30": 3333.0,
    "Champ at 31": 3333.0,
    "Champ at 32": 3333.0,
    "Champ at 33": 3333.0,
    "Champ at 34": 3333.0,
    "Champ at 35": 3959.0,
    "Champ at 36": 3959.0,
    "Champ at 37": 3959.0,
    "Champ at 38": 3959.0,
    "Champ at 39": 3959.0,
    "Champ at 4": 887.0,
    "Champ at 40": 4610.0,
    "Champ at 41": 4610.0,
    "Champ at 42": 4610.0,
    "Champ at 43": 4610.0,
    "Champ at 44": 4610.0,
    "Champ at 45": 4983.0,
    "Champ at 46": 4983.0,
    "Champ at 47": 4983.0,
    "Champ at 48": 4983.0,
    "Champ at 49": 4983.0,
    "Champ at 5": 887.0,
    "Champ at 50": 5163.0,
    "Champ at 6": 887.0,
    "Champ at 7": 887.0,
    "Champ at 8": 1282.0,
    "Champ at 9": 1282.0,
    "ChampFitness": 5163.0,
    "ChampInputs": [
        1.7929999828338623,
        1.7970000505447388,
        0.5481373071670532,
        1.8000000715255737,
        1.8000000715255737,
        1.8029999732971191,
        1.8029999732971191,
        3.1600000858306885,
        1.805999994277954,
        1.805999994277954,
        2.927000045776367,
        1.809999942779541,
        1.812999963760376,
        1.812999963760376,
        1.812999963760376,
        3.1999998092651367,
        1.815999984741211,
        1.8199999332427979,
        1.0759999752044678,
        1.8199999332427979,
        1.8229999542236328,
        1.8229999542236328,
        1.8260000944137573,
        1.8260000944137573,
        3.1710000038146973,
        1.8289999961853027,
        1.8289999961853027,
        0.9509999752044678,
        1.8330000638961792,
        1.8359999656677246,
        1.8359999656677246,
        1.8389999866485596,
        1.8389999866485596,
        3.2159998416900635,
        1.8420000076293945,
        1.8420000076293945,
        1.8459999561309814,
        1.8459999561309814,
        2.7189998626708984,
        1.8489999771118164,
        1.8519999980926514,
        3.194999933242798,
        1.8550000190734863,
        1.8589999675750732,
        1.8589999675750732,
        1.8619999885559082,
        1.8619999885559082,
        1.8650000095367432,
        1.8690000772476196,
        1.8690000772476196,
        1.871999979019165,
        1.875,
        1.875,
        1.878000020980835,
        1.878000020980835,
        1.878000020980835,
        1.8819999694824219,
        1.8849999904632568,
        1.8880000114440918,
        1.8880000114440918,
        1.8910000324249268,
        1.8949999809265137,
        1.8949999809265137,
        1.8980000019073486,
        1.9010000228881836,
        1.9010000228881836,
        1.9010000228881836,
        1.9040000438690186,
        1.9040000438690186,
        1.9079999923706055,
        1.9079999923706055,
        1.9079999923706055,
        1.9110000133514404,
        1.9110000133514404,
        1.9140000343322754,
        1.9140000343322754,
        1.9179999828338623,
        1.9179999828338623,
        1.9179999828338623,
        1.9210000038146973,
        1.9210000038146973,
        1.9239999055862427,
        1.9239999055862427,
        1.9270000457763672,
        1.9270000457763672,
        1.9270000457763672,
        1.930999994277954,
        1.930999994277954,
        1.934000015258789,
        1.934000015258789,
        1.934000015258789,
        1.937000036239624,
        1.937000036239624,
        1.940000057220459,
        1.940000057220459,
        1.944000005722046,
        1.944000005722046,
        1.9470000267028809,
        1.9470000267028809,
        1.9499999284744263
    ],
    "Generations needed": 50,
    "Population 1": 196.88999938964844,
    "Population 10": 1281.97998046875,
    "Population 11": 1282.0,
    "Population 12": 1282.0,
    "Population 13": 1282.0,
    "Population 14": 1386.4150390625,
    "Population 15": 1903.5699462890625,
    "Population 16": 1911.0,
    "Population 17": 1911.0,
    "Population 18": 1911.0,
    "Population 19": 1930.7049560546875,
    "Population 2": 691.8150024414063,
    "Population 20": 2296.860107421875,
    "Population 21": 2307.0,
    "Population 22": 2307.0,
    "Population 23": 2307.0,
    "Population 24": 2434.9951171875,
    "Population 25": 2916.6650390625,
    "Population 26": 2933.135009765625,
    "Population 27": 2935.0,
    "Population 28": 2935.0,
    "Population 29": 2935.0,
    "Population 3": 868.2249755859375,
    "Population 30": 2975.429931640625,
    "Population 31": 3329.02001953125,
    "Population 32": 3333.0,
    "Population 33": 3333.0,
    "Population 34": 3333.0,
    "Population 35": 3447.409912109375,
    "Population 36": 3943.080078125,
    "Population 37": 3959.0,
    "Population 38": 3959.0,
    "Population 39": 3959.0,
    "Population 4": 885.030029296875,
    "Population 40": 3986.030029296875,
    "Population 41": 4600.23486328125,
    "Population 42": 4610.0,
    "Population 43": 4610.0,
    "Population 44": 4610.0,
    "Population 45": 4642.68994140625,
    "Population 46": 4976.15478515625,
    "Population 47": 4983.0,
    "Population 48": 4983.0,
    "Population 49": 4983.0,
    "Population 5": 887.0,
    "Population 50": 4984.47509765625,
    "Population 6": 887.0,
    "Population 7": 887.0,
    "Population 8": 906.4349975585938,
    "Population 9": 1269.2950439453125,
    "start": "today"
}
