{
    "Champ at 1": 826.0,
    "Champ at 10": 1911.0,
    "Champ at 11": 1911.0,
    "Champ at 12": 1911.0,
    "Champ at 13": 1911.0,
    "Champ at 14": 2562.0,
    "Champ at 15": 2562.0,
    "Champ at 16": 2562.0,
    "Champ at 17": 2562.0,
    "Champ at 18": 2562.0,
    "Champ at 19": 2935.0,
    "Champ at 2": 1270.0,
    "Champ at 20": 2935.0,
    "Champ at 21": 2935.0,
    "Champ at 22": 2935.0,
    "Champ at 23": 2935.0,
    "Champ at 24": 3586.0,
    "Champ at 25": 3586.0,
    "Champ at 26": 3586.0,
    "Champ at 27": 3586.0,
    "Champ at 28": 3586.0,
    "Champ at 29": 3959.0,
    "Champ at 3": 1538.0,
    "Champ at 30": 3959.0,
    "Champ at 31": 3959.0,
    "Champ at 32": 3959.0,
    "Champ at 33": 3959.0,
    "Champ at 34": 4610.0,
    "Champ at 35": 4610.0,
    "Champ at 36": 4610.0,
    "Champ at 37": 4610.0,
    "Champ at 38": 4610.0,
    "Champ at 39": 4983.0,
    "Champ at 4": 1538.0,
    "Champ at 40": 4983.0,
    "Champ at 41": 4983.0,
    "Champ at 42": 4983.0,
    "Champ at 43": 4983.0,
    "Champ at 44": 5166.0,
    "Champ at 5": 1538.0,
    "Champ at 6": 1538.0,
    "Champ at 7": 1538.0,
    "Champ at 8": 1911.0,
    "Champ at 9": 1911.0,
    "ChampFitness": 5166.0,
    "ChampInputs": [
        1.850000023841858,
        1.850000023841858,
        1.8529999256134033,
        1.8529999256134033,
        1.8529999256134033,
        1.8559999465942383,
        3.314457654953003,
        1.8559999465942383,
        1.8589999675750732,
        1.8589999675750732,
        1.8589999675750732,
        0.7670000195503235,
        1.8629999160766602,
        1.8629999160766602,
        1.8659999370574951,
        3.18500018119812,
        1.8659999370574951,
        1.8659999370574951,
        1.8690000772476196,
        1.8690000772476196,
        0.7649999856948853,
        1.871999979019165,
        1.871999979019165,
        1.871999979019165,
        3.174999952316284,
        1.8760000467300415,
        1.8760000467300415,
        1.8790000677108765,
        1.8790000677108765,
        0.7129999995231628,
        1.8819999694824219,
        1.8819999694824219,
        1.8819999694824219,
        3.2120001316070557,
        1.8849999904632568,
        1.8849999904632568,
        1.8889999389648438,
        1.8889999389648438,
        2.442999839782715,
        1.8889999389648438,
        1.8919999599456787,
        3.2170000076293945,
        1.8919999599456787,
        1.8949999809265137,
        1.8949999809265137,
        1.8949999809265137,
        1.8989999294281006,
        1.8989999294281006,
        1.8989999294281006,
        1.9019999504089355,
        1.9019999504089355,
        1.9019999504089355,
        1.90500009059906,
        1.90500009059906,
        1.90500009059906,
        1.9079999923706055,
        1.9079999923706055,
        1.9079999923706055,
        1.9079999923706055,
        1.912000060081482,
        1.912000060081482,
        1.912000060081482,
        1.9149999618530273,
        1.9149999618530273,
        1.9149999618530273,
        1.9179999828338623,
        1.9179999828338623,
        1.9179999828338623,
        1.9210000038146973,
        1.9210000038146973,
        1.9210000038146973,
        1.9249999523162842,
        1.9249999523162842,
        1.9249999523162842,
        1.9279999732971191,
        1.9279999732971191,
        1.9279999732971191,
        1.9279999732971191,
        1.930999994277954,
        1.930999994277954,
        1.930999994277954,
        1.934000015258789,
        1.934000015258789,
        1.934000015258789,
        1.937999963760376,
        1.937999963760376,
        1.937999963760376,
        1.9410001039505005,
        1.9410001039505005,
        1.9410001039505005,
        1.944000005722046,
        1.944000005722046,
        1.944000005722046,
        1.9480000734329224,
        1.9480000734329224,
        1.9480000734329224,
        1.9480000734329224,
        1.9509999752044678,
        1.9509999752044678,
        1.9509999752044678
    ],
    "Generations needed": 44,
    "Population 1": 190.77499389648438,
    "Population 10": 1909.135009765625,
    "Population 11": 1911.0,
    "Population 12": 1911.0,
    "Population 13": 1911.0,
    "Population 14": 1943.4849853515625,
    "Population 15": 2545.72509765625,
    "Population 16": 2562.0,
    "Population 17": 2562.0,
    "Population 18": 2562.0,
    "Population 19": 2600.9150390625,
    "Population 2": 763.125,
    "Population 20": 2931.695068359375,
    "Population 21": 2935.0,
    "Population 22": 2935.0,
    "Population 23": 2935.0,
    "Population 24": 2973.965087890625,
    "Population 25": 3578.6298828125,
    "Population 26": 3586.0,
    "Population 27": 3586.0,
    "Population 28": 3586.0,
    "Population 29": 3628.070068359375,
    "Population 3": 1239.2049560546875,
    "Population 30": 3948.8349609375,
    "Population 31": 3959.0,
    "Population 32": 3959.0,
    "Population 33": 3959.0,
    "Population 34": 4002.590087890625,
    "Population 35": 4600.23486328125,
    "Population 36": 4610.0,
    "Population 37": 4610.0,
    "Population 38": 4610.0,
    "Population 39": 4657.97998046875,
    "Population 4": 1526.219970703125,
    "Population 40": 4978.94482421875,
    "Population 41": 4983.0,
    "Population 42": 4983.0,
    "Population 43": 4983.0,
    "Population 44": 4990.10498046875,
    "Population 5": 1538.0,
    "Population 6": 1538.0,
    "Population 7": 1538.0,
    "Population 8": 1572.6500244140625,
    "Population 9": 1900.2550048828125,
    "start": "today"
}
