{
    "Champ at 1": 887.0,
    "Champ at 10": 1911.0,
    "Champ at 11": 1911.0,
    "Champ at 12": 1911.0,
    "Champ at 13": 1911.0,
    "Champ at 14": 2863.0,
    "Champ at 15": 2863.0,
    "Champ at 16": 2863.0,
    "Champ at 17": 2863.0,
    "Champ at 18": 2863.0,
    "Champ at 19": 3891.0,
    "Champ at 2": 1279.0,
    "Champ at 20": 3891.0,
    "Champ at 21": 3891.0,
    "Champ at 22": 3891.0,
    "Champ at 23": 3891.0,
    "Champ at 24": 4610.0,
    "Champ at 25": 4610.0,
    "Champ at 26": 4610.0,
    "Champ at 27": 4610.0,
    "Champ at 28": 4610.0,
    "Champ at 29": 4983.0,
    "Champ at 3": 1538.0,
    "Champ at 30": 4983.0,
    "Champ at 31": 4983.0,
    "Champ at 32": 4983.0,
    "Champ at 33": 4983.0,
    "Champ at 34": 5169.0,
    "Champ at 4": 1538.0,
    "Champ at 5": 1538.0,
    "Champ at 6": 1538.0,
    "Champ at 7": 1538.0,
    "Champ at 8": 1911.0,
    "Champ at 9": 1911.0,
    "ChampFitness": 5169.0,
    "ChampInputs": [
        1.8880000114440918,
        1.8910000324249268,
        1.8910000324249268,
        1.8910000324249268,
        1.8949999809265137,
        1.8949999809265137,
        1.8949999809265137,
        1.2304061651229858,
        1.8980000019073486,
        1.8980000019073486,
        1.8980000019073486,
        1.9010000228881836,
        0.5440000295639038,
        1.9010000228881836,
        1.9040000438690186,
        1.9040000438690186,
        3.2300000190734863,
        1.9079999923706055,
        1.9079999923706055,
        1.9079999923706055,
        1.9110000133514404,
        1.9110000133514404,
        1.9110000133514404,
        1.9140000343322754,
        3.6070001125335693,
        1.9140000343322754,
        1.9140000343322754,
        1.9169999361038208,
        1.9169999361038208,
        1.9169999361038208,
        1.9210000038146973,
        1.9210000038146973,
        3.302999973297119,
        1.9239999055862427,
        1.9239999055862427,
        1.9239999055862427,
        1.9239999055862427,
        2.4070000648498535,
        1.9270000457763672,
        1.9270000457763672,
        3.325000047683716,
        1.9300000667572021,
        1.9300000667572021,
        1.934000015258789,
        1.934000015258789,
        1.934000015258789,
        1.937000036239624,
        1.937000036239624,
        1.937000036239624,
        1.937000036239624,
        1.940000057220459,
        1.940000057220459,
        1.940000057220459,
        1.944000005722046,
        1.944000005722046,
        1.944000005722046,
        1.9470000267028809,
        1.9470000267028809,
        1.9470000267028809,
        1.9470000267028809,
        1.9499999284744263,
        1.9499999284744263,
        1.9529999494552612,
        1.9529999494552612,
        1.9529999494552612,
        1.9570000171661377,
        1.9570000171661377,
        1.959999918937683,
        1.959999918937683,
        1.9630000591278076,
        1.9630000591278076,
        1.9660000801086426,
        1.9660000801086426,
        1.9700000286102295,
        1.9700000286102295,
        1.9730000495910645,
        1.9730000495910645,
        1.9760000705718994,
        1.9760000705718994,
        1.9789999723434448,
        1.9789999723434448,
        1.9830000400543213,
        1.9830000400543213,
        1.9859999418258667,
        1.9859999418258667,
        1.9859999418258667,
        1.9889999628067017,
        1.9889999628067017,
        1.9920001029968262,
        1.9920001029968262,
        1.9959999322891235,
        1.999000072479248,
        1.999000072479248,
        2.002000093460083,
        2.009000062942505,
        2.009000062942505,
        2.0119998455047607,
        2.0119998455047607,
        2.0119998455047607,
        2.0149998664855957
    ],
    "Generations needed": 34,
    "Population 1": 206.15499877929688,
    "Population 10": 1910.6650390625,
    "Population 11": 1911.0,
    "Population 12": 1911.0,
    "Population 13": 1911.0,
    "Population 14": 1947.364990234375,
    "Population 15": 2848.719970703125,
    "Population 16": 2863.0,
    "Population 17": 2863.0,
    "Population 18": 2863.0,
    "Population 19": 2939.284912109375,
    "Population 2": 805.2249755859375,
    "Population 20": 3886.219970703125,
    "Population 21": 3891.0,
    "Population 22": 3891.0,
    "Population 23": 3891.0,
    "Population 24": 3953.580078125,
    "Population 25": 4607.41015625,
    "Population 26": 4610.0,
    "Population 27": 4610.0,
    "Population 28": 4610.0,
    "Population 29": 4645.0498046875,
    "Population 3": 1250.675048828125,
    "Population 30": 4974.81982421875,
    "Population 31": 4983.0,
    "Population 32": 4983.0,
    "Population 33": 4983.0,
    "Population 34": 4982.81005859375,
    "Population 4": 1527.625,
    "Population 5": 1538.0,
    "Population 6": 1538.0,
    "Population 7": 1538.0,
    "Population 8": 1573.5550537109375,
    "Population 9": 1900.6949462890625,
    "start": "today"
}
