{
    "Champ at 1": 825.0,
    "Champ at 10": 1911.0,
    "Champ at 11": 1911.0,
    "Champ at 12": 1911.0,
    "Champ at 13": 1911.0,
    "Champ at 14": 1911.0,
    "Champ at 15": 2562.0,
    "Champ at 16": 2562.0,
    "Champ at 17": 2562.0,
    "Champ at 18": 2562.0,
    "Champ at 19": 2562.0,
    "Champ at 2": 1253.0,
    "Champ at 20": 2935.0,
    "Champ at 21": 2935.0,
    "Champ at 22": 2935.0,
    "Champ at 23": 2935.0,
    "Champ at 24": 2935.0,
    "Champ at 25": 3586.0,
    "Champ at 26": 3586.0,
    "Champ at 27": 3586.0,
    "Champ at 28": 3586.0,
    "Champ at 29": 3586.0,
    "Champ at 3": 1279.0,
    "Champ at 30": 3959.0,
    "Champ at 31": 3959.0,
    "Champ at 32": 3959.0,
    "Champ at 33": 3959.0,
    "Champ at 34": 3959.0,
    "Champ at 35": 4610.0,
    "Champ at 36": 4610.0,
    "Champ at 37": 4610.0,
    "Champ at 38": 4610.0,
    "Champ at 39": 4610.0,
    "Champ at 4": 1538.0,
    "Champ at 40": 4983.0,
    "Champ at 41": 4983.0,
    "Champ at 42": 4983.0,
    "Champ at 43": 4983.0,
    "Champ at 44": 4983.0,
    "Champ at 45": 5167.0,
    "Champ at 5": 1538.0,
    "Champ at 6": 1538.0,
    "Champ at 7": 1538.0,
    "Champ at 8": 1538.0,
    "Champ at 9": 1911.0,
    "ChampFitness": 5167.0,
    "ChampInputs": [
        1.8489999771118164,
        1.8519999980926514,
        1.8519999980926514,
        1.8550000190734863,
        1.8550000190734863,
        1.8589999675750732,
        3.319551706314087,
        1.8619999885559082,
        1.8619999885559082,
        1.8650000095367432,
        1.8650000095367432,
        2.7219998836517334,
        1.8690000772476196,
        1.8690000772476196,
        3.0309998989105225,
        1.871999979019165,
        1.871999979019165,
        1.875,
        1.875,
        0.753000020980835,
        1.878000020980835,
        1.878000020980835,
        1.878000020980835,
        3.0910000801086426,
        1.8819999694824219,
        1.8819999694824219,
        1.8849999904632568,
        1.8849999904632568,
        0.6779999732971191,
        1.8880000114440918,
        1.8880000114440918,
        1.8910000324249268,
        3.2780001163482666,
        1.8910000324249268,
        1.8949999809265137,
        1.8949999809265137,
        1.8949999809265137,
        0.5389999747276306,
        1.8980000019073486,
        1.8980000019073486,
        1.9010000228881836,
        3.190000057220459,
        1.9040000438690186,
        1.9040000438690186,
        1.9040000438690186,
        1.9079999923706055,
        1.9079999923706055,
        1.9079999923706055,
        1.9110000133514404,
        1.9110000133514404,
        1.9140000343322754,
        1.9140000343322754,
        1.9140000343322754,
        1.9179999828338623,
        1.9179999828338623,
        1.9179999828338623,
        1.9210000038146973,
        1.9210000038146973,
        1.9210000038146973,
        1.9239999055862427,
        1.9239999055862427,
        1.9239999055862427,
        1.9270000457763672,
        1.9270000457763672,
        1.930999994277954,
        1.930999994277954,
        1.930999994277954,
        1.934000015258789,
        1.934000015258789,
        1.937000036239624,
        1.937000036239624,
        1.940000057220459,
        1.944000005722046,
        1.944000005722046,
        1.9470000267028809,
        1.9499999284744263,
        1.9499999284744263,
        1.9529999494552612,
        1.9529999494552612,
        1.9570000171661377,
        1.9570000171661377,
        1.959999918937683,
        1.959999918937683,
        1.9630000591278076,
        1.9630000591278076,
        1.9630000591278076,
        1.9660000801086426,
        1.9660000801086426,
        1.9700000286102295,
        1.9700000286102295,
        1.9730000495910645,
        1.9730000495910645,
        1.9760000705718994,
        1.9760000705718994,
        1.9800000190734863,
        1.9800000190734863,
        1.9830000400543213,
        1.9830000400543213,
        1.9859999418258667,
        1.9859999418258667
    ],
    "Generations needed": 45,
    "Population 1": 200.18499755859375,
    "Population 10": 1901.875,
    "Population 11": 1910.0150146484375,
    "Population 12": 1911.0,
    "Population 13": 1911.0,
    "Population 14": 1911.0,
    "Population 15": 1945.344970703125,
    "Population 16": 2555.205078125,
    "Population 17": 2562.0,
    "Population 18": 2562.0,
    "Population 19": 2562.0,
    "Population 2": 753.4400024414063,
    "Population 20": 2599.235107421875,
    "Population 21": 2927.2548828125,
    "Population 22": 2935.0,
    "Population 23": 2935.0,
    "Population 24": 2935.0,
    "Population 25": 2963.2900390625,
    "Population 26": 3582.3349609375,
    "Population 27": 3586.0,
    "Population 28": 3586.0,
    "Population 29": 3586.0,
    "Population 3": 1209.10498046875,
    "Population 30": 3618.010009765625,
    "Population 31": 3953.114990234375,
    "Population 32": 3959.0,
    "Population 33": 3959.0,
    "Population 34": 3959.0,
    "Population 35": 3980.97998046875,
    "Population 36": 4598.81982421875,
    "Population 37": 4610.0,
    "Population 38": 4610.0,
    "Population 39": 4610.0,
    "Population 4": 1273.9300537109375,
    "Population 40": 4666.81494140625,
    "Population 41": 4981.134765625,
    "Population 42": 4983.0,
    "Population 43": 4983.0,
    "Population 44": 4983.0,
    "Population 45": 4988.2099609375,
    "Population 5": 1534.1700439453125,
    "Population 6": 1538.0,
    "Population 7": 1538.0,
    "Population 8": 1538.0,
    "Population 9": 1567.4649658203125,
    "start": "today"
}
