{
    "Champ at 1": 887.0,
    "Champ at 10": 1911.0,
    "Champ at 11": 1911.0,
    "Champ at 12": 1911.0,
    "Champ at 13": 2862.0,
    "Champ at 14": 2862.0,
    "Champ at 15": 2862.0,
    "Champ at 16": 2862.0,
    "Champ at 17": 2862.0,
    "Champ at 18": 2862.0,
    "Champ at 19": 3895.0,
    "Champ at 2": 1273.0,
    "Champ at 20": 3895.0,
    "Champ at 21": 3895.0,
    "Champ at 22": 3895.0,
    "Champ at 23": 3895.0,
    "Champ at 24": 4922.0,
    "Champ at 25": 4922.0,
    "Champ at 26": 4922.0,
    "Champ at 27": 4922.0,
    "Champ at 28": 4922.0,
    "Champ at 29": 4922.0,
    "Champ at 3": 1538.0,
    "Champ at 30": 5169.0,
    "Champ at 4": 1538.0,
    "Champ at 5": 1538.0,
    "Champ at 6": 1538.0,
    "Champ at 7": 1538.0,
    "Champ at 8": 1911.0,
    "Champ at 9": 1911.0,
    "ChampFitness": 5169.0,
    "ChampInputs": [
        1.8680000305175781,
        1.8709999322891235,
        1.8709999322891235,
        1.875,
        1.878000020980835,
        1.878000020980835,
        1.8809999227523804,
        1.335921287536621,
        1.8840000629425049,
        1.8880000114440918,
        1.8880000114440918,
        1.8910000324249268,
        0.4899999797344208,
        1.8940000534057617,
        1.8940000534057617,
        1.8980000019073486,
        3.321000099182129,
        1.9010000228881836,
        1.9040000438690186,
        1.9040000438690186,
        1.906999945640564,
        1.906999945640564,
        1.9110000133514404,
        1.9110000133514404,
        3.6640000343322754,
        1.9169999361038208,
        1.9169999361038208,
        1.9200000762939453,
        1.9200000762939453,
        1.9239999055862427,
        1.9239999055862427,
        1.9270000457763672,
        3.486999988555908,
        1.9300000667572021,
        1.9329999685287476,
        1.9329999685287476,
        1.937000036239624,
        1.937000036239624,
        1.940000057220459,
        1.9429999589920044,
        3.4670000076293945,
        1.9470000267028809,
        1.9470000267028809,
        1.9499999284744263,
        1.9529999494552612,
        1.9529999494552612,
        1.9560000896453857,
        1.9560000896453857,
        1.959999918937683,
        1.959999918937683,
        1.9630000591278076,
        1.9660000801086426,
        1.9660000801086426,
        1.968999981880188,
        1.968999981880188,
        1.9730000495910645,
        1.9760000705718994,
        1.9760000705718994,
        1.9789999723434448,
        1.9789999723434448,
        1.9819999933242798,
        1.9819999933242798,
        1.9859999418258667,
        1.9859999418258667,
        1.9889999628067017,
        1.9920001029968262,
        1.9920001029968262,
        1.994999885559082,
        1.994999885559082,
        1.999000072479248,
        1.999000072479248,
        2.002000093460083,
        2.004999876022339,
        2.004999876022339,
        2.009000062942505,
        2.009000062942505,
        2.0119998455047607,
        2.0149998664855957,
        2.0149998664855957,
        2.0180001258850098,
        2.0180001258850098,
        2.0219998359680176,
        2.0250000953674316,
        2.0250000953674316,
        2.0280001163482666,
        2.0280001163482666,
        2.0309998989105225,
        2.0309998989105225,
        2.0350000858306885,
        2.0379998683929443,
        2.0379998683929443,
        2.0409998893737793,
        2.0409998893737793,
        2.0440001487731934,
        2.047999858856201,
        2.047999858856201,
        2.0510001182556152,
        2.0510001182556152,
        2.05400013923645,
        2.05400013923645
    ],
    "Generations needed": 30,
    "Population 1": 207.7550048828125,
    "Population 10": 1911.0,
    "Population 11": 1911.0,
    "Population 12": 1911.0,
    "Population 13": 1961.2249755859375,
    "Population 14": 2831.5400390625,
    "Population 15": 2859.06005859375,
    "Population 16": 2862.0,
    "Population 17": 2862.0,
    "Population 18": 2862.0,
    "Population 19": 2964.030029296875,
    "Population 2": 779.155029296875,
    "Population 20": 3890.175048828125,
    "Population 21": 3895.0,
    "Population 22": 3895.0,
    "Population 23": 3895.0,
    "Population 24": 3979.9599609375,
    "Population 25": 4913.8798828125,
    "Population 26": 4917.18505859375,
    "Population 27": 4922.0,
    "Population 28": 4922.0,
    "Population 29": 4922.0,
    "Population 3": 1240.97998046875,
    "Population 30": 4975.18017578125,
    "Population 4": 1525.094970703125,
    "Population 5": 1538.0,
    "Population 6": 1538.0,
    "Population 7": 1538.0,
    "Population 8": 1589.6199951171875,
    "Population 9": 1909.135009765625,
    "start": "today"
}
