{
    "Champ at 1": 887.0,
    "Champ at 10": 1911.0,
    "Champ at 11": 1911.0,
    "Champ at 12": 1911.0,
    "Champ at 13": 1911.0,
    "Champ at 14": 2869.0,
    "Champ at 15": 2869.0,
    "Champ at 16": 2869.0,
    "Champ at 17": 2869.0,
    "Champ at 18": 2869.0,
    "Champ at 19": 3898.0,
    "Champ at 2": 1277.0,
    "Champ at 20": 3898.0,
    "Champ at 21": 3898.0,
    "Champ at 22": 3898.0,
    "Champ at 23": 3898.0,
    "Champ at 24": 4921.0,
    "Champ at 25": 4921.0,
    "Champ at 26": 4921.0,
    "Champ at 27": 4921.0,
    "Champ at 28": 4921.0,
    "Champ at 29": 5170.0,
    "Champ at 3": 1538.0,
    "Champ at 4": 1538.0,
    "Champ at 5": 1538.0,
    "Champ at 6": 1538.0,
    "Champ at 7": 1538.0,
    "Champ at 8": 1911.0,
    "Champ at 9": 1911.0,
    "ChampFitness": 5170.0,
    "ChampInputs": [
        1.8899999856948853,
        1.8930000066757202,
        1.8930000066757202,
        1.8970000743865967,
        1.8970000743865967,
        1.899999976158142,
        1.899999976158142,
        1.0237683057785034,
        1.902999997138977,
        1.9059998989105225,
        1.9059998989105225,
        1.909999966621399,
        0.5350000262260437,
        1.9130001068115234,
        1.9130001068115234,
        1.9159998893737793,
        3.308000087738037,
        1.9190000295639038,
        1.9190000295639038,
        1.9230000972747803,
        1.9230000972747803,
        1.9259999990463257,
        1.9259999990463257,
        1.9290000200271606,
        3.510999917984009,
        1.9320000410079956,
        1.9320000410079956,
        1.9359999895095825,
        1.9359999895095825,
        1.9390000104904175,
        1.9390000104904175,
        1.941999912261963,
        3.318000078201294,
        1.9459999799728394,
        1.9459999799728394,
        1.9490001201629639,
        1.9490001201629639,
        1.9519999027252197,
        1.9519999027252197,
        1.9550000429153442,
        3.501000165939331,
        1.9589998722076416,
        1.9589998722076416,
        1.9620000123977661,
        1.9620000123977661,
        1.965000033378601,
        1.965000033378601,
        1.9679999351501465,
        1.9679999351501465,
        1.972000002861023,
        1.972000002861023,
        1.975000023841858,
        1.975000023841858,
        1.9779999256134033,
        1.9779999256134033,
        1.9809999465942383,
        1.9809999465942383,
        1.9850001335144043,
        1.9850001335144043,
        1.9879999160766602,
        1.9879999160766602,
        1.9910000562667847,
        1.9910000562667847,
        1.994999885559082,
        1.994999885559082,
        1.9980000257492065,
        1.9980000257492065,
        2.000999927520752,
        2.000999927520752,
        2.003999948501587,
        2.003999948501587,
        2.007999897003174,
        2.007999897003174,
        2.011000156402588,
        2.011000156402588,
        2.0139999389648438,
        2.0139999389648438,
        2.0169999599456787,
        2.0169999599456787,
        2.0209999084472656,
        2.0209999084472656,
        2.0239999294281006,
        2.0239999294281006,
        2.0269999504089355,
        2.0269999504089355,
        2.0299999713897705,
        2.0299999713897705,
        2.0339999198913574,
        2.0339999198913574,
        2.0370001792907715,
        2.0370001792907715,
        2.0399999618530273,
        2.0399999618530273,
        2.0429999828338623,
        2.0429999828338623,
        2.046999931335449,
        2.046999931335449,
        2.049999952316284,
        2.049999952316284,
        2.052999973297119
    ],
    "Generations needed": 29,
    "Population 1": 196.0850067138672,
    "Population 10": 1910.7049560546875,
    "Population 11": 1911.0,
    "Population 12": 1911.0,
    "Population 13": 1911.0,
    "Population 14": 1972.0050048828125,
    "Population 15": 2856.4599609375,
    "Population 16": 2869.0,
    "Population 17": 2869.0,
    "Population 18": 2869.0,
    "Population 19": 2962.35009765625,
    "Population 2": 777.9500122070313,
    "Population 20": 3893.18505859375,
    "Population 21": 3898.0,
    "Population 22": 3898.0,
    "Population 23": 3898.0,
    "Population 24": 3978.6650390625,
    "Population 25": 4911.080078125,
    "Population 26": 4921.0,
    "Population 27": 4921.0,
    "Population 28": 4921.0,
    "Population 29": 4985.794921875,
    "Population 3": 1248.0550537109375,
    "Population 4": 1532.8050537109375,
    "Population 5": 1538.0,
    "Population 6": 1538.0,
    "Population 7": 1538.0,
    "Population 8": 1587.68505859375,
    "Population 9": 1899.574951171875,
    "start": "today"
}
