{
    "Champ at 1": 887.0,
    "Champ at 10": 1911.0,
    "Champ at 11": 1911.0,
    "Champ at 12": 1911.0,
    "Champ at 13": 1911.0,
    "Champ at 14": 2562.0,
    "Champ at 15": 2562.0,
    "Champ at 16": 2562.0,
    "Champ at 17": 2562.0,
    "Champ at 18": 2562.0,
    "Champ at 19": 2935.0,
    "Champ at 2": 1538.0,
    "Champ at 20": 2935.0,
    "Champ at 21": 2935.0,
    "Champ at 22": 2935.0,
    "Champ at 23": 2935.0,
    "Champ at 24": 3887.0,
    "Champ at 25": 3887.0,
    "Champ at 26": 3887.0,
    "Champ at 27": 3887.0,
    "Champ at 28": 3887.0,
    "Champ at 29": 4913.0,
    "Champ at 3": 1538.0,
    "Champ at 30": 4913.0,
    "Champ at 31": 4913.0,
    "Champ at 32": 4913.0,
    "Champ at 33": 4913.0,
    "Champ at 34": 5169.0,
    "Champ at 4": 1538.0,
    "Champ at 5": 1538.0,
    "Champ at 6": 1538.0,
    "Champ at 7": 1538.0,
    "Champ at 8": 1911.0,
    "Champ at 9": 1911.0,
    "ChampFitness": 5169.0,
    "ChampInputs": [
        1.8790000677108765,
        1.8790000677108765,
        1.8819999694824219,
        1.8819999694824219,
        1.8819999694824219,
        1.8819999694824219,
        3.150559663772583,
        1.8849999904632568,
        1.8849999904632568,
        1.8880000114440918,
        1.8880000114440918,
        2.558000087738037,
        1.8919999599456787,
        1.8919999599456787,
        3.1500000953674316,
        1.8949999809265137,
        1.8949999809265137,
        1.8949999809265137,
        1.8980000019073486,
        0.5180000066757202,
        1.8980000019073486,
        1.8980000019073486,
        1.9019999504089355,
        3.2980000972747803,
        1.9019999504089355,
        1.90500009059906,
        1.90500009059906,
        1.90500009059906,
        1.9079999923706055,
        1.9079999923706055,
        1.9079999923706055,
        3.63700008392334,
        1.9110000133514404,
        1.9110000133514404,
        1.9110000133514404,
        1.9149999618530273,
        1.9149999618530273,
        1.9149999618530273,
        1.9179999828338623,
        3.621000051498413,
        1.9179999828338623,
        1.9210000038146973,
        1.9210000038146973,
        1.9210000038146973,
        1.9239999055862427,
        1.9239999055862427,
        1.9239999055862427,
        1.9239999055862427,
        1.9279999732971191,
        1.9279999732971191,
        1.9279999732971191,
        1.930999994277954,
        1.930999994277954,
        1.930999994277954,
        1.934000015258789,
        1.934000015258789,
        1.934000015258789,
        1.937000036239624,
        1.937000036239624,
        1.937000036239624,
        1.937000036239624,
        1.9410001039505005,
        1.9410001039505005,
        1.9410001039505005,
        1.944000005722046,
        1.944000005722046,
        1.944000005722046,
        1.9470000267028809,
        1.9470000267028809,
        1.9470000267028809,
        1.9509999752044678,
        1.9509999752044678,
        1.9509999752044678,
        1.9509999752044678,
        1.9539999961853027,
        1.9539999961853027,
        1.9539999961853027,
        1.9570000171661377,
        1.9570000171661377,
        1.9570000171661377,
        1.959999918937683,
        1.959999918937683,
        1.959999918937683,
        1.9639999866485596,
        1.9639999866485596,
        1.9639999866485596,
        1.9670000076293945,
        1.9670000076293945,
        1.9670000076293945,
        1.9670000076293945,
        1.9700000286102295,
        1.9700000286102295,
        1.9700000286102295,
        1.9730000495910645,
        1.9730000495910645,
        1.9730000495910645,
        1.9769999980926514,
        1.9769999980926514,
        1.9769999980926514,
        1.9800000190734863
    ],
    "Generations needed": 34,
    "Population 1": 200.8800048828125,
    "Population 10": 1908.7349853515625,
    "Population 11": 1911.0,
    "Population 12": 1911.0,
    "Population 13": 1911.0,
    "Population 14": 1982.3050537109375,
    "Population 15": 2554.10498046875,
    "Population 16": 2562.0,
    "Population 17": 2562.0,
    "Population 18": 2562.0,
    "Population 19": 2608.93505859375,
    "Population 2": 790.594970703125,
    "Population 20": 2929.10498046875,
    "Population 21": 2935.0,
    "Population 22": 2935.0,
    "Population 23": 2935.0,
    "Population 24": 2966.969970703125,
    "Population 25": 3862.909912109375,
    "Population 26": 3887.0,
    "Population 27": 3887.0,
    "Population 28": 3887.0,
    "Population 29": 3996.93994140625,
    "Population 3": 1473.3050537109375,
    "Population 30": 4910.06494140625,
    "Population 31": 4913.0,
    "Population 32": 4913.0,
    "Population 33": 4913.0,
    "Population 34": 4981.22998046875,
    "Population 4": 1533.760009765625,
    "Population 5": 1538.0,
    "Population 6": 1538.0,
    "Population 7": 1538.0,
    "Population 8": 1584.5400390625,
    "Population 9": 1900.1949462890625,
    "start": "today"
}
