{
    "Champ at 1": 729.0,
    "Champ at 10": 1281.0,
    "Champ at 11": 1281.0,
    "Champ at 12": 1281.0,
    "Champ at 13": 1911.0,
    "Champ at 14": 1911.0,
    "Champ at 15": 1911.0,
    "Champ at 16": 1911.0,
    "Champ at 17": 1911.0,
    "Champ at 18": 2308.0,
    "Champ at 19": 2308.0,
    "Champ at 2": 887.0,
    "Champ at 20": 2308.0,
    "Champ at 21": 2308.0,
    "Champ at 22": 2308.0,
    "Champ at 23": 2935.0,
    "Champ at 24": 2935.0,
    "Champ at 25": 2935.0,
    "Champ at 26": 2935.0,
    "Champ at 27": 2935.0,
    "Champ at 28": 3586.0,
    "Champ at 29": 3586.0,
    "Champ at 3": 887.0,
    "Champ at 30": 3586.0,
    "Champ at 31": 3586.0,
    "Champ at 32": 3586.0,
    "Champ at 33": 3586.0,
    "Champ at 34": 3959.0,
    "Champ at 35": 3959.0,
    "Champ at 36": 3959.0,
    "Champ at 37": 3959.0,
    "Champ at 38": 3959.0,
    "Champ at 39": 4353.0,
    "Champ at 4": 887.0,
    "Champ at 40": 4353.0,
    "Champ at 41": 4353.0,
    "Champ at 42": 4353.0,
    "Champ at 43": 4353.0,
    "Champ at 44": 4983.0,
    "Champ at 45": 4983.0,
    "Champ at 46": 4983.0,
    "Champ at 47": 4983.0,
    "Champ at 48": 4983.0,
    "Champ at 49": 5160.0,
    "Champ at 5": 887.0,
    "Champ at 6": 887.0,
    "Champ at 7": 887.0,
    "Champ at 8": 1281.0,
    "Champ at 9": 1281.0,
    "ChampFitness": 5160.0,
    "ChampInputs": [
        0.5308037996292114,
        1.790000081062317,
        1.7939999103546143,
        1.7939999103546143,
        1.7970000505447388,
        1.8000000715255737,
        1.8000000715255737,
        3.184000015258789,
        1.8029999732971191,
        1.8070000410079956,
        3.00600004196167,
        1.809999942779541,
        1.812999963760376,
        1.812999963760376,
        1.815999984741211,
        3.136000156402588,
        1.8199999332427979,
        1.8199999332427979,
        0.9860000014305115,
        1.8229999542236328,
        1.8260000944137573,
        1.8299999237060547,
        1.8299999237060547,
        1.8330000638961792,
        3.248000144958496,
        1.8359999656677246,
        1.8359999656677246,
        1.8389999866485596,
        1.843000054359436,
        2.746999740600586,
        1.8459999561309814,
        1.8459999561309814,
        3.0390000343322754,
        1.8519999980926514,
        1.8519999980926514,
        2.806000232696533,
        1.8559999465942383,
        1.8589999675750732,
        1.8589999675750732,
        1.8619999885559082,
        3.1560001373291016,
        1.8650000095367432,
        1.8690000772476196,
        1.8690000772476196,
        1.871999979019165,
        1.871999979019165,
        1.875,
        1.875,
        1.878000020980835,
        1.878000020980835,
        1.8819999694824219,
        1.8849999904632568,
        1.8849999904632568,
        1.8880000114440918,
        1.8880000114440918,
        1.8919999599456787,
        1.8919999599456787,
        1.8949999809265137,
        1.8949999809265137,
        1.8980000019073486,
        1.9010000228881836,
        1.9010000228881836,
        1.90500009059906,
        1.90500009059906,
        1.9079999923706055,
        1.9079999923706055,
        1.9110000133514404,
        1.9110000133514404,
        1.9140000343322754,
        1.9140000343322754,
        1.9179999828338623,
        1.9210000038146973,
        1.9210000038146973,
        1.9239999055862427,
        1.9239999055862427,
        1.9270000457763672,
        1.9270000457763672,
        1.930999994277954,
        1.930999994277954,
        1.934000015258789,
        1.937000036239624,
        1.937000036239624,
        1.9410001039505005,
        1.9410001039505005,
        1.944000005722046,
        1.944000005722046,
        1.9470000267028809,
        1.9470000267028809,
        1.9499999284744263,
        1.9539999961853027,
        1.9539999961853027,
        1.9570000171661377,
        1.9570000171661377,
        1.959999918937683,
        1.959999918937683,
        1.9630000591278076,
        1.9630000591278076,
        1.9670000076293945,
        1.9700000286102295,
        1.9700000286102295
    ],
    "Generations needed": 49,
    "Population 1": 209.5500030517578,
    "Population 10": 1281.0,
    "Population 11": 1281.0,
    "Population 12": 1281.0,
    "Population 13": 1402.77001953125,
    "Population 14": 1892.2149658203125,
    "Population 15": 1911.0,
    "Population 16": 1911.0,
    "Population 17": 1911.0,
    "Population 18": 1938.6650390625,
    "Population 19": 2306.014892578125,
    "Population 2": 685.9349975585938,
    "Population 20": 2308.0,
    "Population 21": 2308.0,
    "Population 22": 2308.0,
    "Population 23": 2401.844970703125,
    "Population 24": 2931.860107421875,
    "Population 25": 2935.0,
    "Population 26": 2935.0,
    "Population 27": 2935.0,
    "Population 28": 2973.534912109375,
    "Population 29": 3571.570068359375,
    "Population 3": 860.0349731445313,
    "Population 30": 3580.1201171875,
    "Population 31": 3586.0,
    "Population 32": 3586.0,
    "Population 33": 3586.0,
    "Population 34": 3626.304931640625,
    "Population 35": 3956.739990234375,
    "Population 36": 3959.0,
    "Population 37": 3959.0,
    "Population 38": 3959.0,
    "Population 39": 3982.919921875,
    "Population 4": 882.9500122070313,
    "Population 40": 4351.02978515625,
    "Population 41": 4353.0,
    "Population 42": 4353.0,
    "Population 43": 4353.0,
    "Population 44": 4456.55517578125,
    "Population 45": 4976.31494140625,
    "Population 46": 4983.0,
    "Population 47": 4983.0,
    "Population 48": 4983.0,
    "Population 49": 4986.48486328125,
    "Population 5": 887.0,
    "Population 6": 887.0,
    "Population 7": 887.0,
    "Population 8": 909.760009765625,
    "Population 9": 1272.7900390625,
    "start": "today"
}
