{
    "Champ at 1": 724.0,
    "Champ at 10": 2779.0,
    "Champ at 11": 2935.0,
    "Champ at 12": 3330.0,
    "Champ at 13": 3447.0,
    "Champ at 14": 3447.0,
    "Champ at 15": 3762.0,
    "Champ at 16": 3762.0,
    "Champ at 17": 3762.0,
    "Champ at 18": 3762.0,
    "Champ at 19": 3762.0,
    "Champ at 2": 824.0,
    "Champ at 20": 4786.0,
    "Champ at 21": 4786.0,
    "Champ at 22": 4786.0,
    "Champ at 23": 4786.0,
    "Champ at 24": 4786.0,
    "Champ at 25": 4786.0,
    "Champ at 26": 4786.0,
    "Champ at 27": 4786.0,
    "Champ at 28": 4786.0,
    "Champ at 29": 4786.0,
    "Champ at 3": 994.0,
    "Champ at 30": 4786.0,
    "Champ at 31": 4786.0,
    "Champ at 32": 4786.0,
    "Champ at 33": 4786.0,
    "Champ at 34": 4786.0,
    "Champ at 35": 4786.0,
    "Champ at 36": 4786.0,
    "Champ at 37": 4786.0,
    "Champ at 38": 4983.0,
    "Champ at 39": 4983.0,
    "Champ at 4": 994.0,
    "Champ at 40": 5140.0,
    "Champ at 5": 994.0,
    "Champ at 6": 1478.0,
    "Champ at 7": 1831.0,
    "Champ at 8": 2423.0,
    "Champ at 9": 2738.0,
    "ChampFitness": 5140.0,
    "ChampInputs": [
        1.774999976158142,
        1.777999997138977,
        2.2779998779296875,
        1.781000018119812,
        1.6719999313354492,
        1.784999966621399,
        2.8459999561309814,
        1.7339999675750732,
        2.8489999771118164,
        2.0970001220703125,
        2.0999999046325684,
        1.6820000410079956,
        1.7369999885559082,
        1.7980000972747803,
        3.005000114440918,
        1.8009998798370361,
        2.8559999465942383,
        1.74399995803833,
        1.7470000982284546,
        0.14900000393390656,
        1.8109999895095825,
        0.15299999713897705,
        1.8140000104904175,
        0.5110000371932983,
        1.8170000314712524,
        1.8209999799728394,
        1.187999963760376,
        1.8240000009536743,
        1.694000005722046,
        0.5170000195503235,
        1.6979999542236328,
        2.9079999923706055,
        1.8340001106262207,
        1.8340001106262207,
        1.6729999780654907,
        1.8369998931884766,
        1.1979999542236328,
        2.125999927520752,
        2.128999948501587,
        1.843000054359436,
        1.847000002861023,
        2.1050000190734863,
        1.850000023841858,
        1.850000023841858,
        2.700000047683716,
        2.118000030517578,
        0.17899999022483826,
        1.718000054359436,
        2.1389999389648438,
        1.718000054359436,
        1.8629999160766602,
        1.7209999561309814,
        1.8659999370574951,
        0.1850000023841858,
        1.8700001239776611,
        1.7290000915527344,
        1.2179999351501465,
        1.8760000467300415,
        2.8979997634887695,
        1.7350000143051147,
        1.221000075340271,
        2.937999963760376,
        3.066999912261963,
        2.9040000438690186,
        1.8889999389648438,
        0.1979999989271164,
        1.7450000047683716,
        1.2309999465942383,
        2.9110000133514404,
        1.7519999742507935,
        1.8989999294281006,
        3.0799999237060547,
        1.9019999504089355,
        2.1619999408721924,
        0.562999963760376,
        1.2369999885559082,
        1.7610000371932983,
        2.1679999828338623,
        0.5659999847412109,
        2.193000078201294,
        2.957000255584717,
        2.957000255584717,
        1.7680000066757202,
        2.203000068664551,
        0.5730000138282776,
        1.9249999523162842,
        0.21799999475479126,
        1.9279999732971191,
        2.2160000801086426,
        2.2190001010894775,
        1.934999942779541,
        1.934999942779541,
        1.8709999322891235,
        1.9410001039505005,
        2.36899995803833,
        1.9449999332427979,
        2.755999803543091,
        2.372999906539917,
        1.9480000734329224,
        1.9509999752044678
    ],
    "Generations needed": 41,
    "Population 1": 208.90499877929688,
    "Population 10": 1542.9150390625,
    "Population 11": 1593.3699951171875,
    "Population 12": 1588.5999755859375,
    "Population 13": 1644.7650146484375,
    "Population 14": 1625.81005859375,
    "Population 15": 1763.5350341796875,
    "Population 16": 1832.22998046875,
    "Population 17": 1727.8399658203125,
    "Population 18": 1963.97998046875,
    "Population 19": 1797.3599853515625,
    "Population 2": 646.7949829101563,
    "Population 20": 1853.64501953125,
    "Population 21": 1872.5,
    "Population 22": 1870.3599853515625,
    "Population 23": 1832.739990234375,
    "Population 24": 1914.8499755859375,
    "Population 25": 1884.4749755859375,
    "Population 26": 2029.7349853515625,
    "Population 27": 1847.5150146484375,
    "Population 28": 1867.4100341796875,
    "Population 29": 1759.2950439453125,
    "Population 3": 717.239990234375,
    "Population 30": 1955.344970703125,
    "Population 31": 1871.5550537109375,
    "Population 32": 1819.9200439453125,
    "Population 33": 1887.2900390625,
    "Population 34": 1929.9000244140625,
    "Population 35": 1980.0450439453125,
    "Population 36": 1724.7099609375,
    "Population 37": 1925.6300048828125,
    "Population 38": 1915.030029296875,
    "Population 39": 1814.3399658203125,
    "Population 4": 842.114990234375,
    "Population 40": 1837.7249755859375,
    "Population 5": 865.5,
    "Population 6": 836.22998046875,
    "Population 7": 1087.3499755859375,
    "Population 8": 1263.6099853515625,
    "Population 9": 1467.655029296875,
    "start": "today"
}
