{
    "Champ at 1": 822.0,
    "Champ at 10": 2030.0,
    "Champ at 11": 2562.0,
    "Champ at 12": 2809.0,
    "Champ at 13": 2935.0,
    "Champ at 14": 3330.0,
    "Champ at 15": 3586.0,
    "Champ at 16": 3671.0,
    "Champ at 17": 3762.0,
    "Champ at 18": 3762.0,
    "Champ at 19": 3762.0,
    "Champ at 2": 887.0,
    "Champ at 20": 3762.0,
    "Champ at 21": 3762.0,
    "Champ at 22": 3762.0,
    "Champ at 23": 3762.0,
    "Champ at 24": 3762.0,
    "Champ at 25": 3762.0,
    "Champ at 26": 3762.0,
    "Champ at 27": 3762.0,
    "Champ at 28": 3959.0,
    "Champ at 29": 4084.0,
    "Champ at 3": 1261.0,
    "Champ at 30": 4471.0,
    "Champ at 31": 4471.0,
    "Champ at 32": 4471.0,
    "Champ at 33": 4810.0,
    "Champ at 34": 5197.0,
    "Champ at 4": 1399.0,
    "Champ at 5": 1714.0,
    "Champ at 6": 1854.0,
    "Champ at 7": 1911.0,
    "Champ at 8": 1911.0,
    "Champ at 9": 1911.0,
    "ChampFitness": 5197.0,
    "ChampInputs": [
        1.843000054359436,
        1.8459999561309814,
        1.8459999561309814,
        1.8459999561309814,
        1.850000023841858,
        1.621999979019165,
        2.939000129699707,
        1.8529999256134033,
        0.9399999380111694,
        1.8529999256134033,
        1.8559999465942383,
        2.504999876022339,
        1.8559999465942383,
        1.8600000143051147,
        1.4470000267028809,
        2.7649998664855957,
        2.7680001258850098,
        1.9539999961853027,
        1.9570000171661377,
        1.8629999160766602,
        2.1659998893737793,
        1.8659999370574951,
        1.8659999370574951,
        3.2649998664855957,
        1.819000005722046,
        1.8690000772476196,
        2.7049999237060547,
        1.652999997138977,
        1.8170000314712524,
        1.9670000076293945,
        1.8199999332427979,
        2.5240001678466797,
        2.685999870300293,
        1.650999903678894,
        2.7849998474121094,
        1.5379999876022339,
        1.9730000495910645,
        0.562999963760376,
        1.5449999570846558,
        1.8350000381469727,
        3.2879998683929443,
        0.5720000267028809,
        1.8299999237060547,
        0.5759999752044678,
        1.8889999389648438,
        0.5789999961853027,
        1.8919999599456787,
        1.9859999418258667,
        1.8919999599456787,
        1.561000108718872,
        3.0329999923706055,
        1.8949999809265137,
        1.9930000305175781,
        2.1989998817443848,
        1.9930000305175781,
        1.8989999294281006,
        1.9959999322891235,
        0.6019999980926514,
        2.2090001106262207,
        1.90500009059906,
        2.7160000801086426,
        1.8489999771118164,
        1.6799999475479126,
        1.9089999198913574,
        2.2149999141693115,
        1.8559999465942383,
        2.556999921798706,
        0.6179999709129333,
        1.912000060081482,
        1.8589999675750732,
        1.5740000009536743,
        1.8619999885559082,
        2.7709999084472656,
        1.9179999828338623,
        3.059000015258789,
        1.9179999828338623,
        2.2249999046325684,
        1.9220000505447388,
        0.640999972820282,
        1.9249999523162842,
        0.6440000534057617,
        1.9249999523162842,
        1.9279999732971191,
        1.9279999732971191,
        1.6169999837875366,
        1.930999994277954,
        1.930999994277954,
        2.8369998931884766,
        2.745000123977661,
        1.934999942779541,
        2.8439998626708984,
        2.8439998626708984,
        0.6639999747276306,
        1.937999963760376,
        7.4639997482299805,
        1.7540000677108765,
        2.8499999046325684,
        1.9410001039505005,
        1.027999997138977,
        2.248000144958496
    ],
    "Generations needed": 35,
    "Population 1": 202.96499633789063,
    "Population 10": 1367.27001953125,
    "Population 11": 1425.22998046875,
    "Population 12": 1449.655029296875,
    "Population 13": 1725.8199462890625,
    "Population 14": 1574.47998046875,
    "Population 15": 1699.489990234375,
    "Population 16": 1812.050048828125,
    "Population 17": 1627.969970703125,
    "Population 18": 1795.780029296875,
    "Population 19": 1810.2950439453125,
    "Population 2": 711.8150024414063,
    "Population 20": 1694.4000244140625,
    "Population 21": 1788.97998046875,
    "Population 22": 1827.93994140625,
    "Population 23": 1783.6949462890625,
    "Population 24": 1908.4000244140625,
    "Population 25": 1916.8599853515625,
    "Population 26": 1677.449951171875,
    "Population 27": 1845.6500244140625,
    "Population 28": 1776.7950439453125,
    "Population 29": 1765.6300048828125,
    "Population 3": 782.7150268554688,
    "Population 30": 1905.6300048828125,
    "Population 31": 1805.0550537109375,
    "Population 32": 1859.489990234375,
    "Population 33": 1968.77001953125,
    "Population 34": 1936.14501953125,
    "Population 4": 997.39501953125,
    "Population 5": 1092.4849853515625,
    "Population 6": 1222.4000244140625,
    "Population 7": 1266.655029296875,
    "Population 8": 1277.125,
    "Population 9": 1321.675048828125,
    "start": "today"
}
