{
    "Champ at 1": 887.0,
    "Champ at 10": 4610.0,
    "Champ at 11": 4610.0,
    "Champ at 12": 4786.0,
    "Champ at 13": 4786.0,
    "Champ at 14": 4786.0,
    "Champ at 15": 4786.0,
    "Champ at 16": 4786.0,
    "Champ at 17": 5145.0,
    "Champ at 2": 1284.0,
    "Champ at 3": 2562.0,
    "Champ at 4": 3311.0,
    "Champ at 5": 3959.0,
    "Champ at 6": 4300.0,
    "Champ at 7": 4354.0,
    "Champ at 8": 4471.0,
    "Champ at 9": 4471.0,
    "ChampFitness": 5145.0,
    "ChampInputs": [
        1.872999906539917,
        1.872999906539917,
        1.877000093460083,
        1.877000093460083,
        1.877000093460083,
        1.8799998760223389,
        1.8799998760223389,
        1.2259999513626099,
        1.8830000162124634,
        2.639000177383423,
        1.8830000162124634,
        1.8860000371932983,
        1.8860000371932983,
        1.8860000371932983,
        1.8899999856948853,
        1.8899999856948853,
        1.2359999418258667,
        1.8930000066757202,
        1.8930000066757202,
        1.8930000066757202,
        0.2639999985694885,
        1.8960000276565552,
        1.8960000276565552,
        1.8989999294281006,
        2.071000099182129,
        2.378000020980835,
        0.2800000011920929,
        1.902999997138977,
        2.702000141143799,
        1.9059998989105225,
        1.9059998989105225,
        1.9059998989105225,
        1.9089999198913574,
        1.9089999198913574,
        2.7869999408721924,
        2.3910000324249268,
        1.912000060081482,
        2.2200000286102295,
        2.0839998722076416,
        2.3980000019073486,
        1.9190000295639038,
        1.6729999780654907,
        2.7970001697540283,
        1.9220000505447388,
        1.9220000505447388,
        1.9220000505447388,
        1.9259999990463257,
        2.0939998626708984,
        4.440000057220459,
        1.9290000200271606,
        1.9290000200271606,
        1.2720000743865967,
        1.9320000410079956,
        1.9320000410079956,
        1.9320000410079956,
        1.934999942779541,
        1.934999942779541,
        1.934999942779541,
        2.243000030517578,
        4.449999809265137,
        2.734999895095825,
        1.9390000104904175,
        1.941999912261963,
        2.251999855041504,
        2.73799991607666,
        2.430000066757202,
        4.460000038146973,
        1.9449999332427979,
        1.9480000734329224,
        1.9480000734329224,
        1.9519999027252197,
        1.2909998893737793,
        1.9519999027252197,
        1.2950000762939453,
        1.7059999704360962,
        2.8389999866485596,
        0.4399999976158142,
        0.4440000057220459,
        1.9609999656677246,
        1.9609999656677246,
        1.9609999656677246,
        4.4730000495910645,
        2.8489999771118164,
        1.965000033378601,
        1.965000033378601,
        2.130000114440918,
        4.480000019073486,
        1.9679999351501465,
        1.9709999561309814,
        2.2849998474121094,
        1.975000023841858,
        1.975000023841858,
        4.486000061035156,
        2.2880001068115234,
        1.9779999256134033,
        1.9809999465942383,
        2.140000104904175,
        1.9809999465942383,
        1.9840000867843628,
        1.9840000867843628
    ],
    "Generations needed": 18,
    "Population 1": 201.32000732421875,
    "Population 10": 1906.8800048828125,
    "Population 11": 1702.125,
    "Population 12": 1844.8399658203125,
    "Population 13": 1831.60498046875,
    "Population 14": 1840.5699462890625,
    "Population 15": 1860.719970703125,
    "Population 16": 1683.050048828125,
    "Population 17": 1959.97998046875,
    "Population 2": 789.3150024414063,
    "Population 3": 976.739990234375,
    "Population 4": 1557.3599853515625,
    "Population 5": 1503.43994140625,
    "Population 6": 1732.93505859375,
    "Population 7": 1823.155029296875,
    "Population 8": 1965.4150390625,
    "Population 9": 1888.780029296875,
    "start": "today"
}
