{
    "Champ at 1": 721.0,
    "Champ at 10": 2935.0,
    "Champ at 11": 3586.0,
    "Champ at 12": 3805.0,
    "Champ at 13": 4786.0,
    "Champ at 14": 4786.0,
    "Champ at 15": 4786.0,
    "Champ at 16": 4786.0,
    "Champ at 17": 4786.0,
    "Champ at 18": 4983.0,
    "Champ at 19": 4983.0,
    "Champ at 2": 825.0,
    "Champ at 20": 4983.0,
    "Champ at 21": 4983.0,
    "Champ at 22": 4983.0,
    "Champ at 23": 4983.0,
    "Champ at 24": 4983.0,
    "Champ at 25": 4983.0,
    "Champ at 26": 4983.0,
    "Champ at 27": 5181.0,
    "Champ at 3": 1283.0,
    "Champ at 4": 1714.0,
    "Champ at 5": 2562.0,
    "Champ at 6": 2871.0,
    "Champ at 7": 2935.0,
    "Champ at 8": 2935.0,
    "Champ at 9": 2935.0,
    "ChampFitness": 5181.0,
    "ChampInputs": [
        1.718000054359436,
        1.7680000066757202,
        0.5759999752044678,
        1.7720000743865967,
        1.7720000743865967,
        1.7219998836517334,
        1.7720000743865967,
        2.8320000171661377,
        0.5860000252723694,
        1.774999976158142,
        1.777999997138977,
        2.504000186920166,
        1.777999997138977,
        1.781000018119812,
        1.8510000705718994,
        0.5960000157356262,
        1.7350000143051147,
        2.511000156402588,
        1.784999966621399,
        2.8459999561309814,
        1.7879999876022339,
        1.7879999876022339,
        2.7250001430511475,
        1.7409999370574951,
        1.7409999370574951,
        0.49699997901916504,
        1.8650000095367432,
        0.6119999885559082,
        1.8680000305175781,
        2.9139997959136963,
        1.7980000972747803,
        1.7980000972747803,
        1.8009998798370361,
        1.8009998798370361,
        1.8009998798370361,
        2.9210000038146973,
        2.5850000381469727,
        1.8040000200271606,
        1.8040000200271606,
        1.8070000410079956,
        0.6279999613761902,
        1.8070000410079956,
        1.8809999227523804,
        1.7610000371932983,
        2.671999931335449,
        2.930000066757202,
        2.5950000286102295,
        1.8140000104904175,
        2.934000015258789,
        1.8170000314712524,
        1.8170000314712524,
        1.8170000314712524,
        2.546999931335449,
        1.8209999799728394,
        1.8209999799728394,
        2.684999942779541,
        1.8240000009536743,
        1.8240000009536743,
        1.8970000743865967,
        2.687999963760376,
        1.8269999027252197,
        1.781000018119812,
        0.6580000519752502,
        1.8299999237060547,
        1.8299999237060547,
        1.8340001106262207,
        2.56000018119812,
        1.8340001106262207,
        2.562999963760376,
        0.5389999747276306,
        2.562999963760376,
        2.7009999752044678,
        2.621000051498413,
        2.9559998512268066,
        2.7739999294281006,
        0.6740000247955322,
        1.843000054359436,
        7.048000335693359,
        1.847000002861023,
        0.6809999942779541,
        1.7970000505447388,
        1.847000002861023,
        1.850000023841858,
        2.5789999961853027,
        0.5559999942779541,
        0.687000036239624,
        1.8529999256134033,
        7.058000087738037,
        2.7180001735687256,
        2.7180001735687256,
        2.7209999561309814,
        1.8600000143051147,
        0.5659999847412109,
        1.8600000143051147,
        2.6440000534057617,
        1.8629999160766602,
        2.6440000534057617,
        1.8629999160766602,
        2.6469998359680176,
        1.8659999370574951
    ],
    "Generations needed": 28,
    "Population 1": 195.16000366210938,
    "Population 10": 1443.0150146484375,
    "Population 11": 1487.6949462890625,
    "Population 12": 1669.68994140625,
    "Population 13": 1633.2349853515625,
    "Population 14": 1858.7750244140625,
    "Population 15": 1905.719970703125,
    "Population 16": 1700.239990234375,
    "Population 17": 1759.3199462890625,
    "Population 18": 1772.0250244140625,
    "Population 19": 1713.7750244140625,
    "Population 2": 651.9249877929688,
    "Population 20": 1658.14501953125,
    "Population 21": 1713.0250244140625,
    "Population 22": 1734.9200439453125,
    "Population 23": 1556.530029296875,
    "Population 24": 1602.219970703125,
    "Population 25": 1700.594970703125,
    "Population 26": 1984.0550537109375,
    "Population 27": 1844.3399658203125,
    "Population 3": 683.989990234375,
    "Population 4": 911.97998046875,
    "Population 5": 1173.64501953125,
    "Population 6": 1311.0899658203125,
    "Population 7": 1501.4200439453125,
    "Population 8": 1478.5699462890625,
    "Population 9": 1491.6600341796875,
    "start": "today"
}
