{
    "Champ at 1": 887.0,
    "Champ at 10": 3312.0,
    "Champ at 11": 3447.0,
    "Champ at 12": 3671.0,
    "Champ at 13": 3779.0,
    "Champ at 14": 3897.0,
    "Champ at 15": 3897.0,
    "Champ at 16": 3959.0,
    "Champ at 17": 4075.0,
    "Champ at 18": 4356.0,
    "Champ at 19": 4471.0,
    "Champ at 2": 1254.0,
    "Champ at 20": 4610.0,
    "Champ at 21": 4695.0,
    "Champ at 22": 4695.0,
    "Champ at 23": 4695.0,
    "Champ at 24": 4695.0,
    "Champ at 25": 4786.0,
    "Champ at 26": 4786.0,
    "Champ at 27": 4786.0,
    "Champ at 28": 4786.0,
    "Champ at 29": 4786.0,
    "Champ at 3": 1714.0,
    "Champ at 30": 4786.0,
    "Champ at 31": 4786.0,
    "Champ at 32": 4786.0,
    "Champ at 33": 4786.0,
    "Champ at 34": 4786.0,
    "Champ at 35": 5182.0,
    "Champ at 4": 1911.0,
    "Champ at 5": 2215.0,
    "Champ at 6": 2762.0,
    "Champ at 7": 2767.0,
    "Champ at 8": 2935.0,
    "Champ at 9": 2935.0,
    "ChampFitness": 5182.0,
    "ChampInputs": [
        1.8760000467300415,
        1.8760000467300415,
        1.8760000467300415,
        1.8790000677108765,
        1.8790000677108765,
        1.715999960899353,
        2.5900001525878906,
        1.8819999694824219,
        1.8819999694824219,
        3.4130001068115234,
        1.8889999389648438,
        1.7260000705718994,
        1.9249999523162842,
        1.8889999389648438,
        1.8930000066757202,
        1.1829999685287476,
        1.7330000400543213,
        3.4200000762939453,
        1.1859999895095825,
        1.8949999809265137,
        1.8949999809265137,
        1.8989999294281006,
        1.934999942779541,
        1.8989999294281006,
        0.7879999876022339,
        1.9019999504089355,
        1.9019999504089355,
        2.5830001831054688,
        2.5850000381469727,
        0.7230000495910645,
        1.4579999446868896,
        1.4579999446868896,
        1.4609999656677246,
        0.25999999046325684,
        2.5920000076293945,
        0.0820000022649765,
        1.4679999351501465,
        0.08500000834465027,
        0.5249999761581421,
        0.27000001072883606,
        1.9149999618530273,
        1.9149999618530273,
        1.4279999732971191,
        0.08799999952316284,
        2.4539999961853027,
        1.5329999923706055,
        2.4570000171661377,
        0.2800000011920929,
        2.6050000190734863,
        2.6080000400543213,
        0.7460000514984131,
        0.09800000488758087,
        3.4560000896453857,
        1.8199999332427979,
        1.9279999732971191,
        0.8209999799728394,
        1.9679999351501465,
        1.930999994277954,
        1.4869999885559082,
        0.8240000009536743,
        2.6419999599456787,
        1.934999942779541,
        0.1080000028014183,
        1.937999963760376,
        1.937999963760376,
        0.5509999990463257,
        1.2450000047683716,
        1.4539999961853027,
        1.944000005722046,
        1.944000005722046,
        1.559000015258789,
        1.944000005722046,
        1.8209999799728394,
        1.503999948501587,
        1.9869999885559082,
        0.31599998474121094,
        1.4639999866485596,
        1.843000054359436,
        2.632000207901001,
        0.3190000057220459,
        1.9539999961853027,
        1.2639999389648438,
        1.4700000286102295,
        2.638000011444092,
        1.9570000171661377,
        0.8500000238418579,
        2.6440000534057617,
        1.9609999656677246,
        2.6409997940063477,
        3.492000102996826,
        1.8559999465942383,
        3.8919999599456787,
        1.9670000076293945,
        0.33899998664855957,
        2.502999782562256,
        0.34200000762939453,
        3.501000165939331,
        0.8600000143051147,
        1.9739999771118164,
        1.9739999771118164
    ],
    "Generations needed": 36,
    "Population 1": 203.83999633789063,
    "Population 10": 1640.2449951171875,
    "Population 11": 1676.89501953125,
    "Population 12": 1775.0400390625,
    "Population 13": 1824.2149658203125,
    "Population 14": 1766.0450439453125,
    "Population 15": 1648.93994140625,
    "Population 16": 1827.7650146484375,
    "Population 17": 1860.530029296875,
    "Population 18": 1775.5350341796875,
    "Population 19": 1897.7099609375,
    "Population 2": 775.0150146484375,
    "Population 20": 1942.06005859375,
    "Population 21": 1952.2449951171875,
    "Population 22": 2066.2548828125,
    "Population 23": 1680.3399658203125,
    "Population 24": 1764.7900390625,
    "Population 25": 1879.81494140625,
    "Population 26": 1734.114990234375,
    "Population 27": 1888.7750244140625,
    "Population 28": 1824.5799560546875,
    "Population 29": 1862.824951171875,
    "Population 3": 975.39501953125,
    "Population 30": 1995.4449462890625,
    "Population 31": 1816.0400390625,
    "Population 32": 1966.7650146484375,
    "Population 33": 1843.699951171875,
    "Population 34": 1985.0550537109375,
    "Population 35": 1892.7750244140625,
    "Population 4": 1204.0799560546875,
    "Population 5": 1330.614990234375,
    "Population 6": 1430.0350341796875,
    "Population 7": 1685.800048828125,
    "Population 8": 1522.5150146484375,
    "Population 9": 1555.385009765625,
    "start": "today"
}
