{
    "Champ at 1": 887.0,
    "Champ at 10": 2647.0,
    "Champ at 11": 2647.0,
    "Champ at 12": 2935.0,
    "Champ at 13": 3671.0,
    "Champ at 14": 3671.0,
    "Champ at 15": 3959.0,
    "Champ at 16": 4078.0,
    "Champ at 17": 4078.0,
    "Champ at 18": 4078.0,
    "Champ at 19": 4346.0,
    "Champ at 2": 1250.0,
    "Champ at 20": 4354.0,
    "Champ at 21": 4695.0,
    "Champ at 22": 4786.0,
    "Champ at 23": 4924.0,
    "Champ at 24": 4983.0,
    "Champ at 25": 4983.0,
    "Champ at 26": 4983.0,
    "Champ at 27": 4983.0,
    "Champ at 28": 4983.0,
    "Champ at 29": 5169.0,
    "Champ at 3": 1841.0,
    "Champ at 4": 2423.0,
    "Champ at 5": 2467.0,
    "Champ at 6": 2562.0,
    "Champ at 7": 2562.0,
    "Champ at 8": 2562.0,
    "Champ at 9": 2562.0,
    "ChampFitness": 5169.0,
    "ChampInputs": [
        1.8830000162124634,
        1.8870000839233398,
        1.8870000839233398,
        1.8870000839233398,
        1.8899999856948853,
        1.8899999856948853,
        1.8899999856948853,
        0.5130000114440918,
        1.8930000066757202,
        0.9300000071525574,
        1.8930000066757202,
        1.8970000743865967,
        2.2279999256134033,
        1.8970000743865967,
        1.899999976158142,
        1.899999976158142,
        1.899999976158142,
        0.9390000104904175,
        2.24399995803833,
        1.8489999771118164,
        1.9059998989105225,
        1.9059998989105225,
        0.5410000085830688,
        1.9059998989105225,
        1.909999966621399,
        1.909999966621399,
        3.2150001525878906,
        1.9130001068115234,
        1.9130001068115234,
        1.9130001068115234,
        0.9529999494552612,
        0.5540000200271606,
        3.0,
        0.6290000081062317,
        0.9589999914169312,
        1.9190000295639038,
        1.9230000972747803,
        0.8420000076293945,
        0.6629999876022339,
        0.9170000553131104,
        3.61899995803833,
        0.9850000143051147,
        0.7179999947547913,
        0.8489999771118164,
        0.5809999704360962,
        1.9290000200271606,
        2.0119998455047607,
        1.8949999809265137,
        1.9320000410079956,
        1.3410000801086426,
        1.9359999895095825,
        1.90500009059906,
        0.9950000047683716,
        1.9390000104904175,
        1.9639999866485596,
        1.9390000104904175,
        1.941999912261963,
        3.6549999713897705,
        1.941999912261963,
        1.0010000467300415,
        1.9449999332427979,
        1.9449999332427979,
        1.9490001201629639,
        0.9430000185966492,
        1.9490001201629639,
        3.2669999599456787,
        1.9519999027252197,
        2.0320000648498535,
        1.374000072479248,
        1.9550000429153442,
        1.9550000429153442,
        1.9550000429153442,
        2.0379998683929443,
        0.6679999828338623,
        1.9930000305175781,
        1.9620000123977661,
        1.9620000123977661,
        1.9620000123977661,
        1.9620000123977661,
        1.965000033378601,
        3.697000026702881,
        1.0239999294281006,
        3.7039999961853027,
        3.7070000171661377,
        1.9679999351501465,
        2.3940000534057617,
        0.6230000257492065,
        1.4030001163482666,
        2.055000066757202,
        3.7170000076293945,
        2.0190000534057617,
        1.975000023841858,
        1.9779999256134033,
        1.034000039100647,
        1.0369999408721924,
        2.4140000343322754,
        1.0180000066757202,
        1.9809999465942383,
        0.6389999985694885,
        1.9850001335144043
    ],
    "Generations needed": 30,
    "Population 1": 205.6699981689453,
    "Population 10": 1457.06494140625,
    "Population 11": 1605.385009765625,
    "Population 12": 1438.5849609375,
    "Population 13": 1467.074951171875,
    "Population 14": 1635.8050537109375,
    "Population 15": 1552.2950439453125,
    "Population 16": 1703.4200439453125,
    "Population 17": 1748.3800048828125,
    "Population 18": 1760.925048828125,
    "Population 19": 1753.9200439453125,
    "Population 2": 764.9450073242188,
    "Population 20": 1679.2550048828125,
    "Population 21": 1662.7950439453125,
    "Population 22": 1978.1949462890625,
    "Population 23": 1740.0400390625,
    "Population 24": 1744.719970703125,
    "Population 25": 1940.219970703125,
    "Population 26": 1809.56005859375,
    "Population 27": 1785.614990234375,
    "Population 28": 1759.2449951171875,
    "Population 29": 1972.925048828125,
    "Population 3": 1018.364990234375,
    "Population 4": 1304.72998046875,
    "Population 5": 1372.719970703125,
    "Population 6": 1387.625,
    "Population 7": 1515.9000244140625,
    "Population 8": 1420.0999755859375,
    "Population 9": 1375.114990234375,
    "start": "today"
}
