{
    "Champ at 1": 830.0,
    "Champ at 10": 2276.0,
    "Champ at 11": 2738.0,
    "Champ at 12": 2738.0,
    "Champ at 13": 2738.0,
    "Champ at 14": 3319.0,
    "Champ at 15": 3330.0,
    "Champ at 16": 3330.0,
    "Champ at 17": 3762.0,
    "Champ at 18": 3902.0,
    "Champ at 19": 3959.0,
    "Champ at 2": 887.0,
    "Champ at 20": 3959.0,
    "Champ at 21": 3959.0,
    "Champ at 22": 3959.0,
    "Champ at 23": 3959.0,
    "Champ at 24": 3959.0,
    "Champ at 25": 4079.0,
    "Champ at 26": 4085.0,
    "Champ at 27": 4319.0,
    "Champ at 28": 4695.0,
    "Champ at 29": 4826.0,
    "Champ at 3": 887.0,
    "Champ at 30": 4909.0,
    "Champ at 31": 4909.0,
    "Champ at 32": 4983.0,
    "Champ at 33": 5141.0,
    "Champ at 4": 887.0,
    "Champ at 5": 1244.0,
    "Champ at 6": 1538.0,
    "Champ at 7": 1911.0,
    "Champ at 8": 1911.0,
    "Champ at 9": 2215.0,
    "ChampFitness": 5141.0,
    "ChampInputs": [
        1.8629999160766602,
        1.8659999370574951,
        1.8659999370574951,
        1.8700001239776611,
        1.8700001239776611,
        1.872999906539917,
        2.486999988555908,
        1.8760000467300415,
        1.8760000467300415,
        0.6920000314712524,
        1.8790000677108765,
        1.8830000162124634,
        2.697999954223633,
        1.8860000371932983,
        1.8889999389648438,
        2.890000104904175,
        1.8930000066757202,
        2.1740000247955322,
        2.1019999980926514,
        2.1050000190734863,
        1.9059998989105225,
        1.3799999952316284,
        2.504000186920166,
        2.506999969482422,
        0.7080000042915344,
        1.9190000295639038,
        1.9190000295639038,
        1.6779999732971191,
        2.9100000858306885,
        1.6480000019073486,
        1.9249999523162842,
        1.650999903678894,
        2.5769999027252197,
        1.024999976158142,
        1.027999997138977,
        0.7209999561309814,
        1.9320000410079956,
        1.687999963760376,
        1.934999942779541,
        0.5379999876022339,
        0.16300000250339508,
        1.4059998989105225,
        1.937999963760376,
        1.941999912261963,
        2.928999900817871,
        1.9449999332427979,
        0.7310000061988831,
        1.0410000085830688,
        1.4429999589920044,
        0.1730000078678131,
        1.446000099182129,
        0.07000000029802322,
        1.446000099182129,
        0.31199997663497925,
        0.3149999976158142,
        2.5999999046325684,
        2.2790000438690186,
        1.7070000171661377,
        1.9709999561309814,
        1.9739999771118164,
        7.142000198364258,
        1.7139999866485596,
        1.431999921798706,
        1.9840000867843628,
        0.08299999684095383,
        1.7170000076293945,
        1.9869999885559082,
        1.0609999895095825,
        0.5669999718666077,
        1.0640000104904175,
        3.494999885559082,
        1.4450000524520874,
        2.327000141143799,
        2.1570000648498535,
        2.559000015258789,
        0.19900000095367432,
        0.33500000834465027,
        2.003999948501587,
        0.5770000219345093,
        2.003999948501587,
        0.3409999907016754,
        0.20500001311302185,
        1.7330000400543213,
        2.013000011444092,
        0.3440000116825104,
        2.628999948501587,
        0.10300000011920929,
        2.0169999599456787,
        2.1740000247955322,
        0.8969999551773071,
        0.10899999737739563,
        0.2150000035762787,
        5.159000396728516,
        2.0329999923706055,
        2.0329999923706055,
        1.0899999141693115,
        3.5210001468658447,
        2.5850000381469727,
        2.3540000915527344,
        2.0429999828338623
    ],
    "Generations needed": 34,
    "Population 1": 202.66000366210938,
    "Population 10": 1402.2249755859375,
    "Population 11": 1506.385009765625,
    "Population 12": 1564.93505859375,
    "Population 13": 1687.8299560546875,
    "Population 14": 1575.8199462890625,
    "Population 15": 1684.824951171875,
    "Population 16": 1735.6800537109375,
    "Population 17": 1789.385009765625,
    "Population 18": 1731.64501953125,
    "Population 19": 1737.2349853515625,
    "Population 2": 733.405029296875,
    "Population 20": 2031.25,
    "Population 21": 1770.824951171875,
    "Population 22": 1782.18994140625,
    "Population 23": 1809.4100341796875,
    "Population 24": 1728.1600341796875,
    "Population 25": 1738.7349853515625,
    "Population 26": 1798.9549560546875,
    "Population 27": 1850.905029296875,
    "Population 28": 1927.2349853515625,
    "Population 29": 1924.8499755859375,
    "Population 3": 732.2050170898438,
    "Population 30": 1976.1300048828125,
    "Population 31": 2020.864990234375,
    "Population 32": 1783.8050537109375,
    "Population 33": 1859.8299560546875,
    "Population 4": 768.72998046875,
    "Population 5": 755.2249755859375,
    "Population 6": 949.25,
    "Population 7": 1013.135009765625,
    "Population 8": 1325.5799560546875,
    "Population 9": 1352.75,
    "start": "today"
}
