{
    "Champ at 1": 887.0,
    "Champ at 10": 2935.0,
    "Champ at 11": 2935.0,
    "Champ at 12": 2935.0,
    "Champ at 13": 2935.0,
    "Champ at 14": 3671.0,
    "Champ at 15": 3782.0,
    "Champ at 16": 3789.0,
    "Champ at 17": 3792.0,
    "Champ at 18": 3792.0,
    "Champ at 19": 3798.0,
    "Champ at 2": 1262.0,
    "Champ at 20": 3798.0,
    "Champ at 21": 3959.0,
    "Champ at 22": 3959.0,
    "Champ at 23": 4160.0,
    "Champ at 24": 4160.0,
    "Champ at 25": 4278.0,
    "Champ at 26": 4354.0,
    "Champ at 27": 4354.0,
    "Champ at 28": 4354.0,
    "Champ at 29": 4354.0,
    "Champ at 3": 1852.0,
    "Champ at 30": 4354.0,
    "Champ at 31": 4354.0,
    "Champ at 32": 4354.0,
    "Champ at 33": 4354.0,
    "Champ at 34": 4354.0,
    "Champ at 35": 4354.0,
    "Champ at 36": 4354.0,
    "Champ at 37": 4354.0,
    "Champ at 38": 4354.0,
    "Champ at 39": 4354.0,
    "Champ at 4": 1911.0,
    "Champ at 40": 4354.0,
    "Champ at 41": 4354.0,
    "Champ at 42": 4354.0,
    "Champ at 43": 4354.0,
    "Champ at 44": 4354.0,
    "Champ at 45": 4471.0,
    "Champ at 46": 4471.0,
    "Champ at 47": 4471.0,
    "Champ at 48": 4610.0,
    "Champ at 49": 4695.0,
    "Champ at 5": 2738.0,
    "Champ at 50": 4695.0,
    "Champ at 51": 4786.0,
    "Champ at 52": 5149.0,
    "Champ at 6": 2738.0,
    "Champ at 7": 2872.0,
    "Champ at 8": 2935.0,
    "Champ at 9": 2935.0,
    "ChampFitness": 5149.0,
    "ChampInputs": [
        1.8650000095367432,
        1.8680000305175781,
        1.8680000305175781,
        1.871999979019165,
        1.9320000410079956,
        1.871999979019165,
        1.875,
        0.8759999871253967,
        1.875,
        1.875,
        2.931999921798706,
        1.878000020980835,
        1.878000020980835,
        1.8809999227523804,
        1.8809999227523804,
        2.624000072479248,
        1.8849999904632568,
        0.8860000371932983,
        1.8849999904632568,
        1.8880000114440918,
        1.8880000114440918,
        1.8880000114440918,
        1.8880000114440918,
        0.8930000066757202,
        1.1490000486373901,
        3.4200000762939453,
        1.8949999809265137,
        1.9570000171661377,
        2.000999927520752,
        1.2970000505447388,
        2.6399998664855957,
        0.4089999794960022,
        1.994999885559082,
        1.1629999876022339,
        3.3590002059936523,
        1.850000023841858,
        1.3040000200271606,
        3.0850000381469727,
        1.499000072479248,
        2.071000099182129,
        2.3440001010894775,
        0.421999990940094,
        1.2739999294281006,
        3.0950000286102295,
        1.9110000133514404,
        1.9110000133514404,
        1.2809998989105225,
        4.598999977111816,
        2.3530001640319824,
        1.2839999198913574,
        3.1050000190734863,
        1.8760000467300415,
        1.9210000038146973,
        4.611999988555908,
        3.1110000610351563,
        1.3259999752044678,
        1.8860000371932983,
        2.365999937057495,
        1.5189999341964722,
        3.118000030517578,
        1.9959999322891235,
        3.4560000896453857,
        4.625,
        2.998000144958496,
        1.3359999656677246,
        1.9300000667572021,
        2.00600004196167,
        1.934000015258789,
        2.378999948501587,
        1.90500009059906,
        1.937000036239624,
        1.937000036239624,
        0.46399998664855957,
        3.134000062942505,
        2.1059999465942383,
        2.0190000534057617,
        2.3889999389648438,
        1.9429999589920044,
        2.3929998874664307,
        3.1439998149871826,
        3.0169999599456787,
        2.689000129699707,
        0.47699999809265137,
        2.011000156402588,
        0.48099997639656067,
        3.0239999294281006,
        1.3660000562667847,
        2.119999885559082,
        1.3330000638961792,
        1.3359999656677246,
        1.9570000171661377,
        1.9570000171661377,
        1.959999918937683,
        3.4850001335144043,
        0.9639999866485596,
        1.9630000591278076,
        1.9480000734329224,
        2.0239999294281006,
        2.4189999103546143,
        1.3489999771118164
    ],
    "Generations needed": 53,
    "Population 1": 201.44500732421875,
    "Population 10": 1602.4300537109375,
    "Population 11": 1532.949951171875,
    "Population 12": 1445.5350341796875,
    "Population 13": 1426.2900390625,
    "Population 14": 1605.27001953125,
    "Population 15": 1648.050048828125,
    "Population 16": 1754.2950439453125,
    "Population 17": 1866.030029296875,
    "Population 18": 1735.824951171875,
    "Population 19": 1859.4449462890625,
    "Population 2": 745.6199951171875,
    "Population 20": 1594.844970703125,
    "Population 21": 1717.5250244140625,
    "Population 22": 1727.4949951171875,
    "Population 23": 1648.030029296875,
    "Population 24": 1744.875,
    "Population 25": 1793.699951171875,
    "Population 26": 1667.4000244140625,
    "Population 27": 1912.2900390625,
    "Population 28": 1811.0699462890625,
    "Population 29": 1808.800048828125,
    "Population 3": 992.02001953125,
    "Population 30": 1727.074951171875,
    "Population 31": 1809.43994140625,
    "Population 32": 1808.425048828125,
    "Population 33": 1983.4849853515625,
    "Population 34": 1842.5550537109375,
    "Population 35": 1765.094970703125,
    "Population 36": 1886.3900146484375,
    "Population 37": 1842.60498046875,
    "Population 38": 1574.0550537109375,
    "Population 39": 1790.6099853515625,
    "Population 4": 1289.64501953125,
    "Population 40": 1827.0,
    "Population 41": 1734.56494140625,
    "Population 42": 1811.425048828125,
    "Population 43": 1651.4100341796875,
    "Population 44": 2043.7099609375,
    "Population 45": 1723.8599853515625,
    "Population 46": 1650.2950439453125,
    "Population 47": 1787.739990234375,
    "Population 48": 1918.655029296875,
    "Population 49": 1846.18994140625,
    "Population 5": 1267.739990234375,
    "Population 50": 1780.2750244140625,
    "Population 51": 1817.5050048828125,
    "Population 52": 1739.489990234375,
    "Population 6": 1521.68994140625,
    "Population 7": 1547.3499755859375,
    "Population 8": 1566.60498046875,
    "Population 9": 1548.1600341796875,
    "start": "today"
}
