{
    "Champ at 1": 722.0,
    "Champ at 10": 3299.0,
    "Champ at 11": 3671.0,
    "Champ at 12": 3762.0,
    "Champ at 13": 4075.0,
    "Champ at 14": 4543.0,
    "Champ at 15": 5145.0,
    "Champ at 2": 887.0,
    "Champ at 3": 1277.0,
    "Champ at 4": 1714.0,
    "Champ at 5": 1911.0,
    "Champ at 6": 1911.0,
    "Champ at 7": 2306.0,
    "Champ at 8": 2935.0,
    "Champ at 9": 2935.0,
    "ChampFitness": 5145.0,
    "ChampInputs": [
        1.7739999294281006,
        1.7739999294281006,
        0.6970000267028809,
        1.7769999504089355,
        1.7769999504089355,
        1.7769999504089355,
        1.7799999713897705,
        3.197000026702881,
        1.7799999713897705,
        2.5209999084472656,
        1.6050000190734863,
        1.7829999923706055,
        2.5240001678466797,
        1.7869999408721924,
        1.7869999408721924,
        2.553999900817871,
        1.790000081062317,
        0.7129999995231628,
        1.790000081062317,
        0.7170000076293945,
        2.260999917984009,
        1.7929999828338623,
        1.7929999828338623,
        1.7960000038146973,
        1.7960000038146973,
        2.0989999771118164,
        0.8659999966621399,
        1.8000000715255737,
        2.1019999980926514,
        2.1019999980926514,
        2.1059999465942383,
        1.8029999732971191,
        1.994999885559082,
        1.8790000677108765,
        0.5370000004768372,
        1.6269999742507935,
        0.5400000214576721,
        1.8089998960494995,
        0.5400000214576721,
        1.812999963760376,
        0.5429999828338623,
        1.8880000114440918,
        0.7300000190734863,
        0.8889999985694885,
        2.11899995803833,
        1.815999984741211,
        2.007999897003174,
        3.239000082015991,
        1.819000005722046,
        1.8229999542236328,
        2.125,
        1.8229999542236328,
        2.562999963760376,
        0.7389999628067017,
        0.5600000023841858,
        2.0180001258850098,
        1.8289999961853027,
        2.0209999084472656,
        1.8289999961853027,
        1.8320000171661377,
        1.8320000171661377,
        0.7559999823570251,
        2.312999963760376,
        0.5659999847412109,
        1.8359999656677246,
        1.8359999656677246,
        1.8389999866485596,
        1.8389999866485596,
        2.1449999809265137,
        1.8420000076293945,
        2.322999954223633,
        1.9179999828338623,
        0.7590000629425049,
        1.9210000038146973,
        1.84499990940094,
        1.84499990940094,
        0.5789999961853027,
        1.9239999055862427,
        1.8489999771118164,
        1.8519999980926514,
        2.615999937057495,
        1.8519999980926514,
        1.930999994277954,
        1.8550000190734863,
        2.619999885559082,
        2.5960001945495605,
        1.8580000400543213,
        1.934000015258789,
        2.1640000343322754,
        1.8619999885559082,
        1.8619999885559082,
        1.683000087738037,
        2.628999948501587,
        1.9410001039505005,
        1.8650000095367432,
        0.9639999866485596,
        1.8680000305175781,
        2.062999963760376,
        1.6890000104904175,
        2.1740000247955322
    ],
    "Generations needed": 16,
    "Population 1": 198.2050018310547,
    "Population 10": 1530.2950439453125,
    "Population 11": 1605.574951171875,
    "Population 12": 1745.8499755859375,
    "Population 13": 1697.68994140625,
    "Population 14": 1727.780029296875,
    "Population 15": 1763.22998046875,
    "Population 2": 640.219970703125,
    "Population 3": 770.9349975585938,
    "Population 4": 1004.8599853515625,
    "Population 5": 1155.385009765625,
    "Population 6": 1313.1650390625,
    "Population 7": 1332.2750244140625,
    "Population 8": 1421.375,
    "Population 9": 1638.925048828125,
    "start": "today"
}
