{
    "Champ at 1": 887.0,
    "Champ at 10": 4786.0,
    "Champ at 11": 4786.0,
    "Champ at 12": 4786.0,
    "Champ at 13": 4983.0,
    "Champ at 14": 4983.0,
    "Champ at 15": 4983.0,
    "Champ at 16": 5147.0,
    "Champ at 2": 1538.0,
    "Champ at 3": 1911.0,
    "Champ at 4": 2281.0,
    "Champ at 5": 2306.0,
    "Champ at 6": 3313.0,
    "Champ at 7": 3959.0,
    "Champ at 8": 4610.0,
    "Champ at 9": 4786.0,
    "ChampFitness": 5147.0,
    "ChampInputs": [
        1.875,
        1.878000020980835,
        1.878000020980835,
        1.878000020980835,
        1.878000020980835,
        1.8819999694824219,
        3.136000156402588,
        1.8819999694824219,
        1.8849999904632568,
        1.8849999904632568,
        1.8849999904632568,
        2.318000078201294,
        1.7269999980926514,
        1.8880000114440918,
        2.32099986076355,
        1.181999921798706,
        1.8910000324249268,
        2.948000192642212,
        1.8949999809265137,
        1.1890000104904175,
        1.8949999809265137,
        1.8980000019073486,
        1.8980000019073486,
        2.9539999961853027,
        0.6069999933242798,
        1.9010000228881836,
        2.2869999408721924,
        1.9010000228881836,
        1.90500009059906,
        1.90500009059906,
        1.90500009059906,
        1.9079999923706055,
        2.3399999141693115,
        2.3399999141693115,
        3.122999906539917,
        1.9110000133514404,
        1.5449999570846558,
        1.9110000133514404,
        1.9140000343322754,
        1.9140000343322754,
        3.2809998989105225,
        1.5509999990463257,
        1.9179999828338623,
        1.75600004196167,
        1.7589999437332153,
        1.9210000038146973,
        0.6270000338554382,
        1.9239999055862427,
        1.9239999055862427,
        1.7630000114440918,
        3.178999900817871,
        3.2910001277923584,
        0.6330000162124634,
        1.9270000457763672,
        1.7690000534057617,
        2.315999984741211,
        1.225000023841858,
        1.934000015258789,
        1.934000015258789,
        1.934000015258789,
        3.3000001907348633,
        1.937000036239624,
        1.937000036239624,
        1.937000036239624,
        1.2309999465942383,
        1.2339999675750732,
        1.940000057220459,
        1.944000005722046,
        1.944000005722046,
        1.944000005722046,
        1.2409999370574951,
        1.9470000267028809,
        1.9470000267028809,
        1.7890000343322754,
        1.9499999284744263,
        1.7919999361038208,
        1.7919999361038208,
        1.7949999570846558,
        3.1659998893737793,
        2.3389999866485596,
        2.3889999389648438,
        1.9570000171661377,
        1.9570000171661377,
        3.322999954223633,
        1.959999918937683,
        1.959999918937683,
        1.959999918937683,
        3.3259999752044678,
        1.9630000591278076,
        1.9630000591278076,
        1.9670000076293945,
        3.0160000324249268,
        2.4019999504089355,
        3.3329999446868896,
        3.0190000534057617,
        1.9700000286102295,
        1.9730000495910645,
        2.4060001373291016,
        3.18500018119812,
        1.9730000495910645
    ],
    "Generations needed": 17,
    "Population 1": 206.10000610351563,
    "Population 10": 1863.9300537109375,
    "Population 11": 2135.1298828125,
    "Population 12": 2012.1099853515625,
    "Population 13": 1970.1700439453125,
    "Population 14": 2123.114990234375,
    "Population 15": 1821.2149658203125,
    "Population 16": 1773.64501953125,
    "Population 2": 783.0900268554688,
    "Population 3": 1157.4599609375,
    "Population 4": 1286.760009765625,
    "Population 5": 1417.0350341796875,
    "Population 6": 1442.5849609375,
    "Population 7": 1625.7099609375,
    "Population 8": 1866.385009765625,
    "Population 9": 1887.6099853515625,
    "start": "today"
}
