{
    "Champ at 1": 887.0,
    "Champ at 10": 3762.0,
    "Champ at 11": 3771.0,
    "Champ at 12": 3887.0,
    "Champ at 13": 3959.0,
    "Champ at 14": 3959.0,
    "Champ at 15": 3959.0,
    "Champ at 16": 3959.0,
    "Champ at 17": 3959.0,
    "Champ at 18": 3959.0,
    "Champ at 19": 3959.0,
    "Champ at 2": 1283.0,
    "Champ at 20": 3959.0,
    "Champ at 21": 3959.0,
    "Champ at 22": 3959.0,
    "Champ at 23": 3959.0,
    "Champ at 24": 3959.0,
    "Champ at 25": 3959.0,
    "Champ at 26": 4344.0,
    "Champ at 27": 4471.0,
    "Champ at 28": 4471.0,
    "Champ at 29": 4471.0,
    "Champ at 3": 1538.0,
    "Champ at 30": 4471.0,
    "Champ at 31": 4471.0,
    "Champ at 32": 4471.0,
    "Champ at 33": 4695.0,
    "Champ at 34": 4695.0,
    "Champ at 35": 4695.0,
    "Champ at 36": 4695.0,
    "Champ at 37": 4695.0,
    "Champ at 38": 4695.0,
    "Champ at 39": 4695.0,
    "Champ at 4": 1911.0,
    "Champ at 40": 4786.0,
    "Champ at 41": 4983.0,
    "Champ at 42": 4983.0,
    "Champ at 43": 4983.0,
    "Champ at 44": 4983.0,
    "Champ at 45": 4983.0,
    "Champ at 46": 4983.0,
    "Champ at 47": 5117.0,
    "Champ at 5": 1911.0,
    "Champ at 6": 2298.0,
    "Champ at 7": 2647.0,
    "Champ at 8": 2738.0,
    "Champ at 9": 3447.0,
    "ChampFitness": 5117.0,
    "ChampInputs": [
        1.8889999389648438,
        1.8919999599456787,
        1.8919999599456787,
        1.8539999723434448,
        1.8960000276565552,
        1.8960000276565552,
        3.057999849319458,
        1.8760000467300415,
        1.8989999294281006,
        1.8989999294281006,
        1.8989999294281006,
        1.8799998760223389,
        0.578000009059906,
        1.9019999504089355,
        1.9059998989105225,
        1.9059998989105225,
        0.8939999938011169,
        1.8669999837875366,
        0.4610000252723694,
        1.9089999198913574,
        1.912000060081482,
        1.912000060081482,
        0.5130000114440918,
        1.9149999618530273,
        1.9329999685287476,
        1.9149999618530273,
        3.077000141143799,
        1.9190000295639038,
        1.877000093460083,
        1.9190000295639038,
        2.2209999561309814,
        1.9220000505447388,
        1.1480000019073486,
        0.5979999899864197,
        1.8840000629425049,
        3.1449999809265137,
        1.9279999732971191,
        1.437000036239624,
        2.75,
        2.1489999294281006,
        1.9320000410079956,
        1.9490001201629639,
        2.1519999504089355,
        1.934999942779541,
        0.3830000162124634,
        1.934999942779541,
        1.446000099182129,
        3.1589999198913574,
        0.9269999861717224,
        2.98799991607666,
        1.9410001039505005,
        1.9410001039505005,
        1.9449999332427979,
        1.9449999332427979,
        7.674999713897705,
        1.9449999332427979,
        0.49699997901916504,
        3.1069998741149902,
        3.171999931335449,
        1.9509999752044678,
        1.9509999752044678,
        0.5029999613761902,
        1.9550000429153442,
        2.174999952316284,
        1.9550000429153442,
        2.174999952316284,
        1.975000023841858,
        0.406000018119812,
        2.7799999713897705,
        1.9609999656677246,
        1.9789999723434448,
        2.259999990463257,
        3.18500018119812,
        1.9639999866485596,
        1.9639999866485596,
        0.41600000858306885,
        2.187999963760376,
        3.125999927520752,
        1.9709999561309814,
        1.9709999561309814,
        0.5230000019073486,
        3.194000244140625,
        0.5260000228881836,
        1.9739999771118164,
        1.9769999980926514,
        0.574999988079071,
        1.9509999752044678,
        2.2009999752044678,
        1.9809999465942383,
        1.9809999465942383,
        2.802000045776367,
        3.0270001888275146,
        1.2230000495910645,
        2.000999927520752,
        3.0329999923706055,
        1.9609999656677246,
        0.4359999895095825,
        1.9900000095367432,
        2.007999897003174,
        1.9679999351501465
    ],
    "Generations needed": 48,
    "Population 1": 201.89500427246094,
    "Population 10": 1796.8399658203125,
    "Population 11": 1614.9649658203125,
    "Population 12": 1823.7650146484375,
    "Population 13": 1740.6700439453125,
    "Population 14": 1896.7850341796875,
    "Population 15": 1734.425048828125,
    "Population 16": 1755.5849609375,
    "Population 17": 1760.6099853515625,
    "Population 18": 1652.93994140625,
    "Population 19": 1553.85498046875,
    "Population 2": 748.1799926757813,
    "Population 20": 1804.0550537109375,
    "Population 21": 1787.7049560546875,
    "Population 22": 1792.364990234375,
    "Population 23": 1791.125,
    "Population 24": 1806.43505859375,
    "Population 25": 1810.8349609375,
    "Population 26": 1730.35498046875,
    "Population 27": 1854.3050537109375,
    "Population 28": 1852.719970703125,
    "Population 29": 1814.199951171875,
    "Population 3": 1049.2950439453125,
    "Population 30": 1803.260009765625,
    "Population 31": 1903.3800048828125,
    "Population 32": 1787.56494140625,
    "Population 33": 1792.5799560546875,
    "Population 34": 1755.1650390625,
    "Population 35": 1826.7750244140625,
    "Population 36": 1841.7650146484375,
    "Population 37": 1908.5799560546875,
    "Population 38": 1777.989990234375,
    "Population 39": 1888.2149658203125,
    "Population 4": 1224.905029296875,
    "Population 40": 1873.239990234375,
    "Population 41": 1819.1700439453125,
    "Population 42": 1896.0,
    "Population 43": 1809.9200439453125,
    "Population 44": 1974.3900146484375,
    "Population 45": 1869.9599609375,
    "Population 46": 1711.0400390625,
    "Population 47": 1737.60498046875,
    "Population 5": 1306.1700439453125,
    "Population 6": 1322.5,
    "Population 7": 1399.06005859375,
    "Population 8": 1386.3900146484375,
    "Population 9": 1554.14501953125,
    "start": "today"
}
