{
    "Champ at 1": 813.0,
    "Champ at 10": 3447.0,
    "Champ at 11": 3671.0,
    "Champ at 12": 3762.0,
    "Champ at 13": 3762.0,
    "Champ at 14": 3762.0,
    "Champ at 15": 3762.0,
    "Champ at 16": 3762.0,
    "Champ at 17": 3793.0,
    "Champ at 18": 3897.0,
    "Champ at 19": 3959.0,
    "Champ at 2": 887.0,
    "Champ at 20": 3959.0,
    "Champ at 21": 3959.0,
    "Champ at 22": 3959.0,
    "Champ at 23": 4319.0,
    "Champ at 24": 4336.0,
    "Champ at 25": 4336.0,
    "Champ at 26": 4786.0,
    "Champ at 27": 4983.0,
    "Champ at 28": 4983.0,
    "Champ at 29": 4983.0,
    "Champ at 3": 1282.0,
    "Champ at 30": 4983.0,
    "Champ at 31": 4983.0,
    "Champ at 32": 4983.0,
    "Champ at 33": 4983.0,
    "Champ at 34": 4983.0,
    "Champ at 35": 4983.0,
    "Champ at 36": 5122.0,
    "Champ at 4": 1538.0,
    "Champ at 5": 1911.0,
    "Champ at 6": 1911.0,
    "Champ at 7": 2879.0,
    "Champ at 8": 2935.0,
    "Champ at 9": 3447.0,
    "ChampFitness": 5122.0,
    "ChampInputs": [
        1.8240000009536743,
        1.8240000009536743,
        1.8269999027252197,
        1.8269999027252197,
        1.8089998960494995,
        1.8299999237060547,
        3.427000045776367,
        1.8369998931884766,
        1.8369998931884766,
        0.0,
        2.8540000915527344,
        1.843000054359436,
        1.843000054359436,
        1.8179999589920044,
        1.850000023841858,
        1.850000023841858,
        1.0160000324249268,
        1.8529999256134033,
        1.8569999933242798,
        1.0189999341964722,
        1.8600000143051147,
        1.8600000143051147,
        1.8629999160766602,
        1.8629999160766602,
        1.8659999370574951,
        2.935999870300293,
        1.8700001239776611,
        1.8700001239776611,
        2.940000057220459,
        0.7429999709129333,
        0.6769999861717224,
        1.8790000677108765,
        0.7460000514984131,
        1.837999939918518,
        1.6410000324249268,
        2.569999933242798,
        0.2669999897480011,
        0.1679999977350235,
        1.8889999389648438,
        1.8889999389648438,
        0.753000020980835,
        1.8919999599456787,
        0.17100000381469727,
        1.8960000276565552,
        1.3339998722076416,
        1.8989999294281006,
        1.8989999294281006,
        0.1770000010728836,
        0.1810000091791153,
        1.90500009059906,
        1.003000020980835,
        0.006000000052154064,
        1.343999981880188,
        1.912000060081482,
        0.28700000047683716,
        1.0090000629425049,
        2.9130001068115234,
        1.3510000705718994,
        0.28999999165534973,
        1.3510000705718994,
        1.9249999523162842,
        1.3539999723434448,
        1.3569999933242798,
        2.9719998836517334,
        1.9279999732971191,
        1.0189999341964722,
        1.9320000410079956,
        1.934999942779541,
        2.928999900817871,
        0.30300000309944153,
        1.937999963760376,
        1.877000093460083,
        0.7429999709129333,
        1.3670001029968262,
        2.935999870300293,
        1.9480000734329224,
        1.9480000734329224,
        0.20999999344348907,
        1.0779999494552612,
        1.3730000257492065,
        2.992000102996826,
        1.034999966621399,
        1.9580000638961792,
        2.9489998817443848,
        2.6480002403259277,
        2.994999885559082,
        1.9639999866485596,
        0.3190000057220459,
        1.9679999351501465,
        3.001999855041504,
        1.3869999647140503,
        1.9709999561309814,
        9.083000183105469,
        0.052000001072883606,
        1.3899999856948853,
        1.3930000066757202,
        1.097000002861023,
        1.9809999465942383,
        1.3959999084472656,
        1.0549999475479126
    ],
    "Generations needed": 37,
    "Population 1": 193.05499267578125,
    "Population 10": 1622.56005859375,
    "Population 11": 1754.8050537109375,
    "Population 12": 1689.530029296875,
    "Population 13": 1773.574951171875,
    "Population 14": 1722.9449462890625,
    "Population 15": 1646.9599609375,
    "Population 16": 1783.449951171875,
    "Population 17": 1762.7449951171875,
    "Population 18": 1767.3299560546875,
    "Population 19": 1773.8299560546875,
    "Population 2": 692.8900146484375,
    "Population 20": 1781.7950439453125,
    "Population 21": 1697.2750244140625,
    "Population 22": 1779.0550537109375,
    "Population 23": 1719.3800048828125,
    "Population 24": 1768.8199462890625,
    "Population 25": 1747.0400390625,
    "Population 26": 1817.0050048828125,
    "Population 27": 1728.5899658203125,
    "Population 28": 1856.6600341796875,
    "Population 29": 1975.5450439453125,
    "Population 3": 781.5750122070313,
    "Population 30": 1899.5699462890625,
    "Population 31": 1785.4000244140625,
    "Population 32": 1835.6400146484375,
    "Population 33": 1719.3050537109375,
    "Population 34": 1609.199951171875,
    "Population 35": 1876.5150146484375,
    "Population 36": 1790.800048828125,
    "Population 4": 1073.699951171875,
    "Population 5": 1119.550048828125,
    "Population 6": 1257.4200439453125,
    "Population 7": 1306.9150390625,
    "Population 8": 1628.8299560546875,
    "Population 9": 1683.344970703125,
    "start": "today"
}
