{
    "Champ at 1": 721.0,
    "Champ at 10": 3054.0,
    "Champ at 11": 3054.0,
    "Champ at 12": 3054.0,
    "Champ at 13": 3330.0,
    "Champ at 14": 3762.0,
    "Champ at 15": 3959.0,
    "Champ at 16": 4356.0,
    "Champ at 17": 4356.0,
    "Champ at 18": 4356.0,
    "Champ at 19": 4695.0,
    "Champ at 2": 830.0,
    "Champ at 20": 4786.0,
    "Champ at 21": 4786.0,
    "Champ at 22": 4829.0,
    "Champ at 23": 5137.0,
    "Champ at 3": 1233.0,
    "Champ at 4": 1852.0,
    "Champ at 5": 1911.0,
    "Champ at 6": 1911.0,
    "Champ at 7": 1911.0,
    "Champ at 8": 2260.0,
    "Champ at 9": 2779.0,
    "ChampFitness": 5137.0,
    "ChampInputs": [
        1.7630000114440918,
        0.04699999839067459,
        2.444000005722046,
        1.7699999809265137,
        1.7730000019073486,
        1.7730000019073486,
        1.7730000019073486,
        2.4509999752044678,
        1.7760000228881836,
        3.062000036239624,
        1.7799999713897705,
        1.7799999713897705,
        2.4570000171661377,
        1.7829999923706055,
        1.7829999923706055,
        2.511000156402588,
        2.5429999828338623,
        2.195000171661377,
        2.515000104904175,
        1.7860000133514404,
        1.7890000343322754,
        0.06700000166893005,
        1.7890000343322754,
        1.7929999828338623,
        3.0880000591278076,
        0.6740000247955322,
        1.1269999742507935,
        1.1299999952316284,
        1.7960000038146973,
        1.1339999437332153,
        0.5009999871253967,
        1.7990000247955322,
        0.08000000566244125,
        1.8019999265670776,
        1.8019999265670776,
        1.8019999265670776,
        2.2139999866485596,
        1.3569999933242798,
        1.805999994277954,
        1.805999994277954,
        2.745000123977661,
        1.8089998960494995,
        0.7870000004768372,
        1.0889999866485596,
        1.812000036239624,
        1.812000036239624,
        2.490000009536743,
        2.2239999771118164,
        1.815000057220459,
        0.699999988079071,
        0.5209999680519104,
        1.819000005722046,
        1.0980000495910645,
        2.2300000190734863,
        1.8220000267028809,
        0.7999999523162842,
        1.8250000476837158,
        1.8250000476837158,
        1.8250000476837158,
        0.531000018119812,
        2.5859999656677246,
        1.4869999885559082,
        0.5339999794960022,
        1.8320000171661377,
        1.8320000171661377,
        1.8320000171661377,
        0.5370000004768372,
        3.260999917984009,
        1.8350000381469727,
        0.11599999666213989,
        0.8160000443458557,
        2.800999879837036,
        2.5160000324249268,
        0.8200000524520874,
        1.8420000076293945,
        1.3969999551773071,
        1.503999948501587,
        1.84499990940094,
        0.8230000138282776,
        1.1859999895095825,
        2.5769999027252197,
        1.8480000495910645,
        1.8510000705718994,
        1.8510000705718994,
        0.7329999804496765,
        8.309000015258789,
        0.8330000042915344,
        1.1959999799728394,
        0.7360000014305115,
        0.5600000023841858,
        1.1469999551773071,
        0.7389999628067017,
        2.8369998931884766,
        3.307000160217285,
        1.4129998683929443,
        1.8610000610351563,
        8.321999549865723,
        2.2760000228881836,
        1.527000069618225,
        1.156999945640564
    ],
    "Generations needed": 24,
    "Population 1": 193.93499755859375,
    "Population 10": 1477.2650146484375,
    "Population 11": 1680.0849609375,
    "Population 12": 1622.280029296875,
    "Population 13": 1643.2349853515625,
    "Population 14": 1654.4849853515625,
    "Population 15": 1773.4849853515625,
    "Population 16": 1778.5350341796875,
    "Population 17": 1824.68505859375,
    "Population 18": 1839.4849853515625,
    "Population 19": 1668.7550048828125,
    "Population 2": 653.3200073242188,
    "Population 20": 1910.780029296875,
    "Population 21": 1782.030029296875,
    "Population 22": 1798.175048828125,
    "Population 23": 1821.719970703125,
    "Population 3": 730.3400268554688,
    "Population 4": 903.030029296875,
    "Population 5": 1205.969970703125,
    "Population 6": 1273.2449951171875,
    "Population 7": 1235.8299560546875,
    "Population 8": 1271.989990234375,
    "Population 9": 1376.35498046875,
    "start": "today"
}
