{
    "Champ at 1": 887.0,
    "Champ at 10": 3959.0,
    "Champ at 11": 4786.0,
    "Champ at 12": 4983.0,
    "Champ at 13": 4983.0,
    "Champ at 14": 4983.0,
    "Champ at 15": 5153.0,
    "Champ at 2": 1283.0,
    "Champ at 3": 1714.0,
    "Champ at 4": 1854.0,
    "Champ at 5": 2562.0,
    "Champ at 6": 3303.0,
    "Champ at 7": 3762.0,
    "Champ at 8": 3959.0,
    "Champ at 9": 3959.0,
    "ChampFitness": 5153.0,
    "ChampInputs": [
        1.8899999856948853,
        1.8930000066757202,
        1.8930000066757202,
        1.8960000276565552,
        1.8960000276565552,
        1.899999976158142,
        1.899999976158142,
        0.550000011920929,
        1.902999997138977,
        1.902999997138977,
        2.867000102996826,
        1.9059998989105225,
        1.9089999198913574,
        1.937000036239624,
        1.9130001068115234,
        3.1630001068115234,
        1.9159998893737793,
        0.4989999830722809,
        1.9190000295639038,
        1.9190000295639038,
        1.9190000295639038,
        1.9220000505447388,
        1.9220000505447388,
        1.9259999990463257,
        0.5049999952316284,
        1.9290000200271606,
        1.9290000200271606,
        0.9660000205039978,
        1.9320000410079956,
        1.934999942779541,
        1.934999942779541,
        1.934999942779541,
        1.9390000104904175,
        1.9570000171661377,
        0.5659999847412109,
        1.941999912261963,
        1.941999912261963,
        1.9449999332427979,
        3.185999870300293,
        1.9480000734329224,
        1.9480000734329224,
        1.9480000734329224,
        1.625999927520752,
        1.9519999027252197,
        0.37300002574920654,
        0.5759999752044678,
        1.9550000429153442,
        1.9580000638961792,
        0.37599998712539673,
        1.9580000638961792,
        0.5820000171661377,
        1.9620000123977661,
        3.2019999027252197,
        0.9920000433921814,
        1.965000033378601,
        0.5889999866485596,
        1.9679999351501465,
        1.9679999351501465,
        1.9709999561309814,
        0.3889999985694885,
        1.9709999561309814,
        1.975000023841858,
        1.0019999742507935,
        0.5950000286102295,
        1.0049999952316284,
        3.2150001525878906,
        2.934999942779541,
        2.937999963760376,
        0.5479999780654907,
        0.5509999990463257,
        3.2220001220703125,
        1.9879999160766602,
        3.2249999046325684,
        1.9910000562667847,
        0.5540000200271606,
        1.9959999322891235,
        1.99399995803833,
        0.6080000400543213,
        1.024999976158142,
        2.002000093460083,
        0.6110000014305115,
        2.004999876022339,
        2.003999948501587,
        2.003999948501587,
        0.41200000047683716,
        2.006999969482422,
        0.6179999709129333,
        0.41499999165534973,
        2.0119998455047607,
        2.011000156402588,
        2.0139999389648438,
        2.0139999389648438,
        1.6750000715255737,
        2.0169999599456787,
        1.6779999732971191,
        2.0199999809265137,
        2.0199999809265137,
        0.42500001192092896,
        1.680999994277954,
        1.680999994277954
    ],
    "Generations needed": 16,
    "Population 1": 218.77000427246094,
    "Population 10": 1911.8399658203125,
    "Population 11": 2007.8900146484375,
    "Population 12": 2123.010009765625,
    "Population 13": 1850.0050048828125,
    "Population 14": 1860.5150146484375,
    "Population 15": 1756.18505859375,
    "Population 2": 753.9249877929688,
    "Population 3": 1013.6849975585938,
    "Population 4": 1223.2449951171875,
    "Population 5": 1288.6800537109375,
    "Population 6": 1548.7049560546875,
    "Population 7": 1751.3199462890625,
    "Population 8": 1754.8499755859375,
    "Population 9": 1899.875,
    "start": "today"
}
