{
    "Champ at 1": 825.0,
    "Champ at 10": 2935.0,
    "Champ at 11": 3330.0,
    "Champ at 12": 3762.0,
    "Champ at 13": 4920.0,
    "Champ at 14": 4983.0,
    "Champ at 15": 4983.0,
    "Champ at 16": 4983.0,
    "Champ at 17": 4983.0,
    "Champ at 18": 4983.0,
    "Champ at 19": 4983.0,
    "Champ at 2": 887.0,
    "Champ at 20": 4983.0,
    "Champ at 21": 4983.0,
    "Champ at 22": 5212.0,
    "Champ at 3": 1283.0,
    "Champ at 4": 1911.0,
    "Champ at 5": 1911.0,
    "Champ at 6": 1911.0,
    "Champ at 7": 1911.0,
    "Champ at 8": 1911.0,
    "Champ at 9": 2562.0,
    "ChampFitness": 5212.0,
    "ChampInputs": [
        1.847000002861023,
        1.850000023841858,
        1.850000023841858,
        1.8529999256134033,
        1.8529999256134033,
        1.8529999256134033,
        1.972000002861023,
        1.2710000276565552,
        1.8559999465942383,
        1.8600000143051147,
        2.818999767303467,
        1.8600000143051147,
        1.8629999160766602,
        1.8629999160766602,
        1.8629999160766602,
        1.8659999370574951,
        1.222000002861023,
        1.8690000772476196,
        1.8690000772476196,
        1.8690000772476196,
        1.872999906539917,
        2.48799991607666,
        1.872999906539917,
        1.8760000467300415,
        2.8519999980926514,
        1.8760000467300415,
        2.8389999866485596,
        1.934000015258789,
        1.8790000677108765,
        1.8819999694824219,
        1.2940000295639038,
        2.5830001831054688,
        2.497999906539917,
        1.8860000371932983,
        2.861999988555908,
        1.8889999389648438,
        1.8889999389648438,
        1.8919999599456787,
        1.9470000267028809,
        1.8919999599456787,
        3.250999927520752,
        2.8580000400543213,
        1.8960000276565552,
        2.004999876022339,
        1.8989999294281006,
        7.5920000076293945,
        1.9019999504089355,
        1.9019999504089355,
        2.5139999389648438,
        1.2549998760223389,
        1.90500009059906,
        1.90500009059906,
        1.9089999198913574,
        2.5209999084472656,
        2.0180001258850098,
        1.912000060081482,
        1.912000060081482,
        1.9149999618530273,
        2.5269999504089355,
        2.5269999504089355,
        2.5299999713897705,
        3.2870001792907715,
        1.9179999828338623,
        1.9220000505447388,
        1.378999948501587,
        1.9220000505447388,
        1.9249999523162842,
        1.9249999523162842,
        1.9249999523162842,
        1.3860000371932983,
        2.5399999618530273,
        1.9279999732971191,
        2.0339999198913574,
        1.930999994277954,
        1.930999994277954,
        1.934999942779541,
        1.3919999599456787,
        2.0409998893737793,
        3.316999912261963,
        2.9079999923706055,
        2.0440001487731934,
        1.9410001039505005,
        3.322999954223633,
        1.9449999332427979,
        2.047999858856201,
        1.9449999332427979,
        1.9480000734329224,
        1.9480000734329224,
        1.9480000734329224,
        2.9179999828338623,
        1.4079999923706055,
        1.9509999752044678,
        3.3389999866485596,
        1.999000072479248,
        3.3459999561309814,
        1.9580000638961792,
        1.9580000638961792,
        1.9580000638961792,
        2.002000093460083,
        1.9609999656677246
    ],
    "Generations needed": 23,
    "Population 1": 196.30999755859375,
    "Population 10": 1426.8599853515625,
    "Population 11": 1572.864990234375,
    "Population 12": 1552.0699462890625,
    "Population 13": 1759.3349609375,
    "Population 14": 1683.5050048828125,
    "Population 15": 1759.9949951171875,
    "Population 16": 1946.1700439453125,
    "Population 17": 1951.8499755859375,
    "Population 18": 1943.094970703125,
    "Population 19": 1713.14501953125,
    "Population 2": 718.5499877929688,
    "Population 20": 2003.1650390625,
    "Population 21": 1759.9749755859375,
    "Population 22": 1958.8349609375,
    "Population 3": 772.1900024414063,
    "Population 4": 956.844970703125,
    "Population 5": 1269.010009765625,
    "Population 6": 1170.56005859375,
    "Population 7": 1297.97998046875,
    "Population 8": 1371.114990234375,
    "Population 9": 1262.449951171875,
    "start": "today"
}
