{
    "Champ at 1": 805.0,
    "Champ at 10": 2306.0,
    "Champ at 11": 2306.0,
    "Champ at 12": 2306.0,
    "Champ at 13": 2423.0,
    "Champ at 14": 2738.0,
    "Champ at 15": 2935.0,
    "Champ at 16": 3239.0,
    "Champ at 17": 3239.0,
    "Champ at 18": 3330.0,
    "Champ at 19": 3330.0,
    "Champ at 2": 1251.0,
    "Champ at 20": 3330.0,
    "Champ at 21": 3447.0,
    "Champ at 22": 3447.0,
    "Champ at 23": 3447.0,
    "Champ at 24": 3447.0,
    "Champ at 25": 3447.0,
    "Champ at 26": 3447.0,
    "Champ at 27": 3517.0,
    "Champ at 28": 3762.0,
    "Champ at 29": 3762.0,
    "Champ at 3": 1282.0,
    "Champ at 30": 3762.0,
    "Champ at 31": 3762.0,
    "Champ at 32": 3762.0,
    "Champ at 33": 3762.0,
    "Champ at 34": 3762.0,
    "Champ at 35": 3762.0,
    "Champ at 36": 3959.0,
    "Champ at 37": 3959.0,
    "Champ at 38": 3959.0,
    "Champ at 39": 3959.0,
    "Champ at 4": 1282.0,
    "Champ at 40": 3959.0,
    "Champ at 41": 3959.0,
    "Champ at 42": 3959.0,
    "Champ at 43": 4078.0,
    "Champ at 44": 4078.0,
    "Champ at 45": 4078.0,
    "Champ at 46": 4078.0,
    "Champ at 47": 4354.0,
    "Champ at 48": 4695.0,
    "Champ at 49": 4695.0,
    "Champ at 5": 1623.0,
    "Champ at 50": 4695.0,
    "Champ at 51": 4695.0,
    "Champ at 52": 4918.0,
    "Champ at 53": 4918.0,
    "Champ at 54": 4983.0,
    "Champ at 55": 4983.0,
    "Champ at 56": 4983.0,
    "Champ at 57": 4983.0,
    "Champ at 58": 4983.0,
    "Champ at 59": 4983.0,
    "Champ at 6": 1714.0,
    "Champ at 60": 4983.0,
    "Champ at 61": 4983.0,
    "Champ at 62": 5160.0,
    "Champ at 7": 2030.0,
    "Champ at 8": 2306.0,
    "Champ at 9": 2306.0,
    "ChampFitness": 5160.0,
    "ChampInputs": [
        1.8019999265670776,
        1.8050000667572021,
        1.8019999265670776,
        1.8089998960494995,
        1.8089998960494995,
        1.812000036239624,
        3.1589999198913574,
        1.812000036239624,
        1.815000057220459,
        2.7239999771118164,
        1.8179999589920044,
        2.11299991607666,
        1.8179999589920044,
        1.812000036239624,
        2.7270002365112305,
        2.058000087738037,
        1.628999948501587,
        0.9700000286102295,
        1.8279999494552612,
        2.7049999237060547,
        1.7209999561309814,
        1.725000023841858,
        0.9909999966621399,
        0.9939999580383301,
        2.7119998931884766,
        1.9040000438690186,
        1.6390000581741333,
        3.635999917984009,
        0.6539999842643738,
        0.6570000052452087,
        2.055000066757202,
        1.6460000276565552,
        2.055000066757202,
        2.078000068664551,
        0.49400001764297485,
        1.9140000343322754,
        1.6490000486373901,
        0.12799999117851257,
        0.9900000095367432,
        2.1110000610351563,
        1.8610000610351563,
        1.8610000610351563,
        1.8109999895095825,
        2.1559998989105225,
        1.8669999837875366,
        1.3209999799728394,
        1.8140000104904175,
        1.8170000314712524,
        0.1379999965429306,
        1.3240001201629639,
        2.818999767303467,
        2.73799991607666,
        0.6800000667572021,
        1.9300000667572021,
        1.8809999227523804,
        1.8809999227523804,
        1.934000015258789,
        1.8269999027252197,
        3.6689999103546143,
        8.46500015258789,
        1.940000057220459,
        8.468000411987305,
        2.1070001125335693,
        1.8940000534057617,
        0.5239999890327454,
        1.8970000743865967,
        2.4719998836517334,
        1.899999976158142,
        0.1600000113248825,
        2.757999897003174,
        2.1430001258850098,
        1.902999997138977,
        0.7029999494552612,
        2.1470000743865967,
        0.16699999570846558,
        1.055999994277954,
        1.9130001068115234,
        1.9130001068115234,
        1.877000093460083,
        0.7089999914169312,
        1.690999984741211,
        1.065999984741211,
        1.9230000972747803,
        2.48799991607666,
        1.6979999542236328,
        1.8260000944137573,
        1.0390000343322754,
        1.9300000667572021,
        0.7190000414848328,
        1.9660000801086426,
        1.9329999685287476,
        1.0450000762939453,
        8.496999740600586,
        2.9139997959136963,
        1.9390000104904175,
        0.7289999723434448,
        1.9429999589920044,
        1.7110000848770142,
        1.8459999561309814,
        2.172999858856201
    ],
    "Generations needed": 63,
    "Population 1": 198.14999389648438,
    "Population 10": 1441.2049560546875,
    "Population 11": 1591.81494140625,
    "Population 12": 1485.760009765625,
    "Population 13": 1538.56005859375,
    "Population 14": 1546.5250244140625,
    "Population 15": 1759.800048828125,
    "Population 16": 1751.4649658203125,
    "Population 17": 1745.5699462890625,
    "Population 18": 1796.4300537109375,
    "Population 19": 1609.39501953125,
    "Population 2": 695.9000244140625,
    "Population 20": 1732.27001953125,
    "Population 21": 1668.1800537109375,
    "Population 22": 1602.219970703125,
    "Population 23": 1841.22998046875,
    "Population 24": 1740.0050048828125,
    "Population 25": 1793.0899658203125,
    "Population 26": 1670.5050048828125,
    "Population 27": 1669.8599853515625,
    "Population 28": 1851.875,
    "Population 29": 1875.760009765625,
    "Population 3": 987.0700073242188,
    "Population 30": 1784.3800048828125,
    "Population 31": 1703.9150390625,
    "Population 32": 1771.0250244140625,
    "Population 33": 1889.2900390625,
    "Population 34": 1881.9549560546875,
    "Population 35": 1685.43505859375,
    "Population 36": 2054.304931640625,
    "Population 37": 2003.93994140625,
    "Population 38": 1754.260009765625,
    "Population 39": 1793.925048828125,
    "Population 4": 983.9949951171875,
    "Population 40": 1950.9150390625,
    "Population 41": 1894.3499755859375,
    "Population 42": 1918.864990234375,
    "Population 43": 1886.9200439453125,
    "Population 44": 1839.7099609375,
    "Population 45": 1834.125,
    "Population 46": 1736.3800048828125,
    "Population 47": 1963.6300048828125,
    "Population 48": 1973.43505859375,
    "Population 49": 1959.3050537109375,
    "Population 5": 970.1599731445313,
    "Population 50": 1923.989990234375,
    "Population 51": 1906.5550537109375,
    "Population 52": 2062.635009765625,
    "Population 53": 1976.93994140625,
    "Population 54": 1947.4749755859375,
    "Population 55": 1981.56494140625,
    "Population 56": 1835.094970703125,
    "Population 57": 1910.8349609375,
    "Population 58": 1989.050048828125,
    "Population 59": 1755.1300048828125,
    "Population 6": 1153.385009765625,
    "Population 60": 1830.905029296875,
    "Population 61": 1981.864990234375,
    "Population 62": 1836.06005859375,
    "Population 7": 1272.7249755859375,
    "Population 8": 1409.64501953125,
    "Population 9": 1509.9749755859375,
    "start": "today"
}
