{
    "Champ at 1": 887.0,
    "Champ at 10": 4695.0,
    "Champ at 11": 4786.0,
    "Champ at 12": 4983.0,
    "Champ at 13": 4983.0,
    "Champ at 14": 4983.0,
    "Champ at 15": 5138.0,
    "Champ at 2": 1283.0,
    "Champ at 3": 1800.0,
    "Champ at 4": 2030.0,
    "Champ at 5": 3047.0,
    "Champ at 6": 3054.0,
    "Champ at 7": 3054.0,
    "Champ at 8": 3300.0,
    "Champ at 9": 3796.0,
    "ChampFitness": 5138.0,
    "ChampInputs": [
        1.872999906539917,
        1.872999906539917,
        1.872999906539917,
        1.877000093460083,
        1.877000093460083,
        1.877000093460083,
        1.8799998760223389,
        1.2039999961853027,
        1.8830000162124634,
        1.8830000162124634,
        0.8030000329017639,
        1.8860000371932983,
        1.3969999551773071,
        1.8860000371932983,
        1.8899999856948853,
        1.8899999856948853,
        3.0450000762939453,
        0.812999963760376,
        1.8930000066757202,
        1.8930000066757202,
        1.8960000276565552,
        1.8960000276565552,
        1.8960000276565552,
        1.8989999294281006,
        1.8989999294281006,
        3.055000066757202,
        1.6150000095367432,
        1.902999997138977,
        3.5370001792907715,
        1.4170000553131104,
        1.8050000667572021,
        1.9059998989105225,
        1.625,
        3.061000108718872,
        1.9089999198913574,
        3.553999900817871,
        1.6320000886917114,
        1.912000060081482,
        1.9159998893737793,
        1.5490000247955322,
        1.9190000295639038,
        1.9190000295639038,
        1.3109999895095825,
        3.2870001792907715,
        0.8389999866485596,
        1.9220000505447388,
        8.069000244140625,
        8.072000503540039,
        1.9259999990463257,
        0.8420000076293945,
        3.0809998512268066,
        1.9320000410079956,
        1.9320000410079956,
        1.9320000410079956,
        0.9009999632835388,
        1.6540000438690186,
        1.934999942779541,
        1.6579999923706055,
        1.9390000104904175,
        1.3269999027252197,
        1.2559999227523804,
        1.941999912261963,
        1.941999912261963,
        1.9449999332427979,
        1.6680001020431519,
        1.6710000038146973,
        1.9480000734329224,
        1.9480000734329224,
        1.8539999723434448,
        1.8569999933242798,
        1.597999930381775,
        3.634999990463257,
        1.340000033378601,
        1.6009999513626099,
        0.9200000166893005,
        1.6040000915527344,
        1.9609999656677246,
        1.9609999656677246,
        1.965000033378601,
        1.965000033378601,
        1.965000033378601,
        0.9269999861717224,
        1.9709999561309814,
        1.9709999561309814,
        1.975000023841858,
        1.4749999046325684,
        3.116999864578247,
        1.9779999256134033,
        3.6750001907348633,
        1.9809999465942383,
        1.621000051498413,
        1.3600001335144043,
        1.3600001335144043,
        1.3629999160766602,
        0.9399999380111694,
        1.9910000562667847,
        0.9430000185966492,
        1.99399995803833,
        3.697999954223633,
        1.2960000038146973
    ],
    "Generations needed": 16,
    "Population 1": 206.39500427246094,
    "Population 10": 1682.1800537109375,
    "Population 11": 1830.364990234375,
    "Population 12": 1911.8900146484375,
    "Population 13": 1751.9649658203125,
    "Population 14": 1900.324951171875,
    "Population 15": 1796.06494140625,
    "Population 2": 753.0549926757813,
    "Population 3": 951.0150146484375,
    "Population 4": 1236.56494140625,
    "Population 5": 1317.6300048828125,
    "Population 6": 1504.9649658203125,
    "Population 7": 1507.52001953125,
    "Population 8": 1629.06005859375,
    "Population 9": 1678.3399658203125,
    "start": "today"
}
