{
    "Champ at 1": 819.0,
    "Champ at 10": 2738.0,
    "Champ at 11": 2738.0,
    "Champ at 12": 2752.0,
    "Champ at 13": 2781.0,
    "Champ at 14": 2781.0,
    "Champ at 15": 2781.0,
    "Champ at 16": 2781.0,
    "Champ at 17": 2781.0,
    "Champ at 18": 2781.0,
    "Champ at 19": 2781.0,
    "Champ at 2": 887.0,
    "Champ at 20": 2781.0,
    "Champ at 21": 2935.0,
    "Champ at 22": 2935.0,
    "Champ at 23": 3305.0,
    "Champ at 24": 3305.0,
    "Champ at 25": 3671.0,
    "Champ at 26": 3671.0,
    "Champ at 27": 3762.0,
    "Champ at 28": 3762.0,
    "Champ at 29": 3762.0,
    "Champ at 3": 1283.0,
    "Champ at 30": 3762.0,
    "Champ at 31": 3762.0,
    "Champ at 32": 3762.0,
    "Champ at 33": 3762.0,
    "Champ at 34": 3762.0,
    "Champ at 35": 3762.0,
    "Champ at 36": 4082.0,
    "Champ at 37": 4263.0,
    "Champ at 38": 4263.0,
    "Champ at 39": 4263.0,
    "Champ at 4": 1714.0,
    "Champ at 40": 4263.0,
    "Champ at 41": 4263.0,
    "Champ at 42": 4471.0,
    "Champ at 43": 4536.0,
    "Champ at 44": 4814.0,
    "Champ at 45": 5110.0,
    "Champ at 5": 1839.0,
    "Champ at 6": 1911.0,
    "Champ at 7": 1911.0,
    "Champ at 8": 2012.0,
    "Champ at 9": 2647.0,
    "ChampFitness": 5110.0,
    "ChampInputs": [
        1.837999939918518,
        1.8410000801086426,
        1.8410000801086426,
        1.8410000801086426,
        1.8440001010894775,
        1.8440001010894775,
        3.0180001258850098,
        1.8480000495910645,
        2.6059999465942383,
        1.8510000705718994,
        1.8510000705718994,
        1.8539999723434448,
        2.6089999675750732,
        1.2510000467300415,
        2.8480000495910645,
        2.2810001373291016,
        2.7779998779296875,
        1.8610000610351563,
        1.8610000610351563,
        2.8580000400543213,
        1.2489999532699585,
        1.6640000343322754,
        1.8669999837875366,
        0.6909999847412109,
        1.8700001239776611,
        1.8700001239776611,
        3.194000244140625,
        1.2620000839233398,
        0.13600000739097595,
        1.8739999532699585,
        2.303999900817871,
        1.9169999361038208,
        2.7909998893737793,
        0.2939999997615814,
        0.1420000046491623,
        1.2809998989105225,
        3.203000068664551,
        1.4160000085830688,
        1.2839999198913574,
        2.800999879837036,
        2.0429999828338623,
        1.693000078201294,
        2.327000141143799,
        1.84499990940094,
        1.8930000066757202,
        2.6419999599456787,
        3.2130000591278076,
        1.8970000743865967,
        1.8970000743865967,
        0.32099997997283936,
        1.899999976158142,
        0.7240000367164612,
        1.902999997138977,
        0.16200000047683716,
        1.4359999895095825,
        1.4359999895095825,
        0.32999998331069946,
        3.9789998531341553,
        1.3070000410079956,
        1.909999966621399,
        1.8639999628067017,
        2.6579999923706055,
        1.7260000705718994,
        1.9499999284744263,
        1.9159998893737793,
        1.9159998893737793,
        1.7319999933242798,
        1.8709999322891235,
        1.7389999628067017,
        3.2360000610351563,
        1.7419999837875366,
        2.6710000038146973,
        3.239000082015991,
        0.753000020980835,
        1.9259999990463257,
        1.4589999914169312,
        1.2059999704360962,
        1.369999885559082,
        1.9329999685287476,
        2.0789999961853027,
        1.9359999895095825,
        0.7660000324249268,
        1.9359999895095825,
        1.7649998664855957,
        1.3529999256134033,
        3.251999855041504,
        1.472000002861023,
        1.3889999389648438,
        0.7730000019073486,
        1.3959999084472656,
        1.9490001201629639,
        2.9820001125335693,
        2.0920000076293945,
        1.9519999027252197,
        1.9519999027252197,
        1.9519999027252197,
        1.9550000429153442,
        1.3559999465942383,
        3.2649998664855957,
        1.902999997138977
    ],
    "Generations needed": 46,
    "Population 1": 202.47999572753906,
    "Population 10": 1642.6949462890625,
    "Population 11": 1725.7449951171875,
    "Population 12": 1731.77001953125,
    "Population 13": 1649.2900390625,
    "Population 14": 1606.699951171875,
    "Population 15": 1733.7249755859375,
    "Population 16": 1513.9100341796875,
    "Population 17": 1610.824951171875,
    "Population 18": 1638.530029296875,
    "Population 19": 1589.0999755859375,
    "Population 2": 716.6799926757813,
    "Population 20": 1656.56494140625,
    "Population 21": 1563.68505859375,
    "Population 22": 1711.4150390625,
    "Population 23": 1668.3399658203125,
    "Population 24": 1782.43505859375,
    "Population 25": 1897.3399658203125,
    "Population 26": 1843.4300537109375,
    "Population 27": 1867.699951171875,
    "Population 28": 1848.9150390625,
    "Population 29": 1826.14501953125,
    "Population 3": 743.2000122070313,
    "Population 30": 1939.344970703125,
    "Population 31": 1893.635009765625,
    "Population 32": 1933.4000244140625,
    "Population 33": 1780.39501953125,
    "Population 34": 1832.4100341796875,
    "Population 35": 1858.0350341796875,
    "Population 36": 1867.6600341796875,
    "Population 37": 1826.739990234375,
    "Population 38": 1660.4549560546875,
    "Population 39": 1816.344970703125,
    "Population 4": 1017.0599975585938,
    "Population 40": 1847.469970703125,
    "Population 41": 1852.7149658203125,
    "Population 42": 1781.989990234375,
    "Population 43": 1925.93505859375,
    "Population 44": 1755.0450439453125,
    "Population 45": 1978.7449951171875,
    "Population 5": 1288.1199951171875,
    "Population 6": 1335.489990234375,
    "Population 7": 1336.3050537109375,
    "Population 8": 1322.0799560546875,
    "Population 9": 1336.344970703125,
    "start": "today"
}
