{
    "Champ at 1": 887.0,
    "Champ at 10": 3959.0,
    "Champ at 11": 3959.0,
    "Champ at 12": 3959.0,
    "Champ at 13": 3959.0,
    "Champ at 14": 3959.0,
    "Champ at 15": 3959.0,
    "Champ at 16": 3959.0,
    "Champ at 17": 3959.0,
    "Champ at 18": 3959.0,
    "Champ at 19": 3959.0,
    "Champ at 2": 887.0,
    "Champ at 20": 3959.0,
    "Champ at 21": 4347.0,
    "Champ at 22": 4354.0,
    "Champ at 23": 4354.0,
    "Champ at 24": 4354.0,
    "Champ at 25": 4909.0,
    "Champ at 26": 4983.0,
    "Champ at 27": 4983.0,
    "Champ at 28": 4983.0,
    "Champ at 29": 5158.0,
    "Champ at 3": 887.0,
    "Champ at 4": 1282.0,
    "Champ at 5": 1714.0,
    "Champ at 6": 1757.0,
    "Champ at 7": 1911.0,
    "Champ at 8": 1911.0,
    "Champ at 9": 2873.0,
    "ChampFitness": 5158.0,
    "ChampInputs": [
        1.8949999809265137,
        1.8949999809265137,
        1.8949999809265137,
        1.8989999294281006,
        1.8989999294281006,
        1.8989999294281006,
        1.9019999504089355,
        0.9909999966621399,
        1.712999939918518,
        1.90500009059906,
        2.3889999389648438,
        1.90500009059906,
        1.90500009059906,
        1.9079999923706055,
        0.996999979019165,
        1.1089999675750732,
        2.3949999809265137,
        0.6769999861717224,
        2.3989999294281006,
        1.9149999618530273,
        1.9149999618530273,
        1.9149999618530273,
        1.9179999828338623,
        1.9179999828338623,
        2.196000099182129,
        1.9179999828338623,
        1.0099999904632568,
        1.9220000505447388,
        2.4079999923706055,
        1.9249999523162842,
        1.9249999523162842,
        1.9249999523162842,
        1.9279999732971191,
        1.9279999732971191,
        1.9279999732971191,
        1.2170000076293945,
        1.930999994277954,
        1.930999994277954,
        0.4230000078678131,
        1.934999942779541,
        1.934999942779541,
        1.934999942779541,
        1.937999963760376,
        1.7489999532699585,
        3.1670000553131104,
        1.9410001039505005,
        0.42899999022483826,
        2.2249999046325684,
        1.944000005722046,
        1.1420000791549683,
        3.172999858856201,
        1.1449999809265137,
        1.2400000095367432,
        0.906000018119812,
        2.434000015258789,
        1.9509999752044678,
        6.073999881744385,
        1.9509999752044678,
        1.9539999961853027,
        2.440999984741211,
        1.9539999961853027,
        6.079999923706055,
        1.9570000171661377,
        1.9570000171661377,
        1.9570000171661377,
        1.9609999656677246,
        6.086999893188477,
        1.2599999904632568,
        1.2599999904632568,
        1.2630000114440918,
        1.9639999866485596,
        0.45499998331069946,
        1.774999976158142,
        1.9670000076293945,
        6.0970001220703125,
        1.9700000286102295,
        1.9700000286102295,
        1.2730000019073486,
        1.9739999771118164,
        1.9739999771118164,
        0.7350000143051147,
        1.9769999980926514,
        1.784999966621399,
        1.9769999980926514,
        0.7419999837875366,
        1.9800000190734863,
        1.9800000190734863,
        1.9800000190734863,
        0.7450000047683716,
        1.9840000867843628,
        1.9840000867843628,
        0.9420000314712524,
        1.9869999885559082,
        1.0759999752044678,
        0.9449999928474426,
        0.7519999742507935,
        1.9900000095367432,
        1.9930000305175781,
        1.9930000305175781,
        1.9930000305175781
    ],
    "Generations needed": 30,
    "Population 1": 209.42999267578125,
    "Population 10": 1633.47998046875,
    "Population 11": 1790.6700439453125,
    "Population 12": 1964.68994140625,
    "Population 13": 1816.31494140625,
    "Population 14": 1604.385009765625,
    "Population 15": 1570.6099853515625,
    "Population 16": 1784.824951171875,
    "Population 17": 1891.7550048828125,
    "Population 18": 1690.93994140625,
    "Population 19": 1635.5250244140625,
    "Population 2": 745.010009765625,
    "Population 20": 1741.324951171875,
    "Population 21": 1723.9849853515625,
    "Population 22": 1791.8199462890625,
    "Population 23": 1742.739990234375,
    "Population 24": 1820.9300537109375,
    "Population 25": 1909.7850341796875,
    "Population 26": 1918.739990234375,
    "Population 27": 1982.114990234375,
    "Population 28": 1696.77001953125,
    "Population 29": 1939.8800048828125,
    "Population 3": 779.3800048828125,
    "Population 4": 791.0399780273438,
    "Population 5": 998.344970703125,
    "Population 6": 1201.324951171875,
    "Population 7": 1160.7099609375,
    "Population 8": 1295.3900146484375,
    "Population 9": 1251.75,
    "start": "today"
}
