{
    "Champ at 1": 887.0,
    "Champ at 10": 3317.0,
    "Champ at 11": 3762.0,
    "Champ at 12": 3866.0,
    "Champ at 13": 4471.0,
    "Champ at 14": 4921.0,
    "Champ at 15": 4983.0,
    "Champ at 16": 4983.0,
    "Champ at 17": 4983.0,
    "Champ at 18": 4983.0,
    "Champ at 19": 5158.0,
    "Champ at 2": 1249.0,
    "Champ at 3": 1911.0,
    "Champ at 4": 1911.0,
    "Champ at 5": 2562.0,
    "Champ at 6": 2935.0,
    "Champ at 7": 2935.0,
    "Champ at 8": 2935.0,
    "Champ at 9": 2935.0,
    "ChampFitness": 5158.0,
    "ChampInputs": [
        1.8680000305175781,
        1.871999979019165,
        1.875,
        1.875,
        1.878000020980835,
        1.878000020980835,
        2.4700000286102295,
        2.5830001831054688,
        1.8849999904632568,
        1.8880000114440918,
        2.5870001316070557,
        1.8910000324249268,
        1.8940000534057617,
        1.8980000019073486,
        1.8980000019073486,
        1.1139999628067017,
        1.9010000228881836,
        1.9040000438690186,
        1.906999945640564,
        1.906999945640564,
        0.4479999840259552,
        1.9140000343322754,
        1.9140000343322754,
        1.9169999361038208,
        2.7739999294281006,
        1.9210000038146973,
        1.9239999055862427,
        1.0460000038146973,
        1.9270000457763672,
        1.9300000667572021,
        1.9300000667572021,
        1.7610000371932983,
        1.937000036239624,
        1.9429999589920044,
        1.055999994277954,
        0.10400000214576721,
        1.9429999589920044,
        1.9470000267028809,
        0.026000000536441803,
        1.9499999284744263,
        1.9529999494552612,
        1.9560000896453857,
        1.9560000896453857,
        1.959999918937683,
        1.959999918937683,
        1.2120000123977661,
        1.9660000801086426,
        1.9660000801086426,
        1.9700000286102295,
        1.9730000495910645,
        1.9730000495910645,
        1.9760000705718994,
        1.9789999723434448,
        1.9789999723434448,
        1.9830000400543213,
        1.9830000400543213,
        1.9859999418258667,
        1.9859999418258667,
        1.9889999628067017,
        1.7879999876022339,
        1.9920001029968262,
        1.9959999322891235,
        1.999000072479248,
        2.635999917984009,
        2.002000093460083,
        2.004999876022339,
        2.009000062942505,
        2.009000062942505,
        2.0119998455047607,
        2.0119998455047607,
        2.0149998664855957,
        2.0190000534057617,
        2.0190000534057617,
        2.0219998359680176,
        2.0219998359680176,
        2.0219998359680176,
        2.0250000953674316,
        2.0250000953674316,
        2.0280001163482666,
        2.0280001163482666,
        2.0320000648498535,
        2.0320000648498535,
        2.0320000648498535,
        2.0350000858306885,
        2.0350000858306885,
        2.0379998683929443,
        2.0379998683929443,
        2.0409998893737793,
        2.0409998893737793,
        2.0409998893737793,
        2.0450000762939453,
        2.0450000762939453,
        2.047999858856201,
        2.047999858856201,
        2.0510001182556152,
        2.0510001182556152,
        2.05400013923645,
        2.05400013923645,
        2.05400013923645,
        2.058000087738037
    ],
    "Generations needed": 20,
    "Population 1": 213.9199981689453,
    "Population 10": 2568.7900390625,
    "Population 11": 2895.300048828125,
    "Population 12": 3117.18994140625,
    "Population 13": 3223.550048828125,
    "Population 14": 3682.320068359375,
    "Population 15": 3886.989990234375,
    "Population 16": 3887.18505859375,
    "Population 17": 4068.155029296875,
    "Population 18": 3865.52490234375,
    "Population 19": 3983.364990234375,
    "Population 2": 878.0800170898438,
    "Population 3": 1169.280029296875,
    "Population 4": 1736.9200439453125,
    "Population 5": 1771.6400146484375,
    "Population 6": 2322.6201171875,
    "Population 7": 2552.344970703125,
    "Population 8": 2459.31005859375,
    "Population 9": 2672.610107421875,
    "start": "today"
}
