{
    "Champ at 1": 821.0,
    "Champ at 10": 3330.0,
    "Champ at 11": 3586.0,
    "Champ at 12": 3959.0,
    "Champ at 13": 4610.0,
    "Champ at 14": 4983.0,
    "Champ at 15": 4983.0,
    "Champ at 16": 4983.0,
    "Champ at 17": 4983.0,
    "Champ at 18": 5132.0,
    "Champ at 2": 887.0,
    "Champ at 3": 887.0,
    "Champ at 4": 887.0,
    "Champ at 5": 887.0,
    "Champ at 6": 1251.0,
    "Champ at 7": 1911.0,
    "Champ at 8": 2562.0,
    "Champ at 9": 2935.0,
    "ChampFitness": 5132.0,
    "ChampInputs": [
        1.84499990940094,
        1.84499990940094,
        1.8489999771118164,
        1.8489999771118164,
        1.8489999771118164,
        1.8519999980926514,
        2.7890000343322754,
        1.8519999980926514,
        1.8519999980926514,
        3.3329999446868896,
        1.8550000190734863,
        1.8550000190734863,
        1.8589999675750732,
        1.8589999675750732,
        1.8589999675750732,
        1.2809998989105225,
        1.8619999885559082,
        1.8619999885559082,
        1.8650000095367432,
        1.8650000095367432,
        0.30799999833106995,
        1.8680000305175781,
        1.965000033378601,
        1.8680000305175781,
        3.4800000190734863,
        1.871999979019165,
        2.683000087738037,
        1.871999979019165,
        1.5989999771118164,
        1.875,
        1.875,
        1.878000020980835,
        3.490000009536743,
        1.878000020980835,
        1.8809999227523804,
        1.8809999227523804,
        1.8809999227523804,
        0.5710000395774841,
        1.8849999904632568,
        1.8849999904632568,
        1.8849999904632568,
        1.8880000114440918,
        0.7739999890327454,
        1.8880000114440918,
        1.8910000324249268,
        1.8910000324249268,
        2.703000068664551,
        1.8940000534057617,
        1.8940000534057617,
        1.9980000257492065,
        1.8940000534057617,
        1.8980000019073486,
        1.8980000019073486,
        1.8980000019073486,
        1.9010000228881836,
        1.9010000228881836,
        1.9010000228881836,
        1.9040000438690186,
        1.9040000438690186,
        1.9040000438690186,
        1.9040000438690186,
        0.7929999828338623,
        1.906999945640564,
        1.906999945640564,
        1.9110000133514404,
        1.9110000133514404,
        1.9110000133514404,
        1.9140000343322754,
        1.9140000343322754,
        1.9140000343322754,
        1.9169999361038208,
        1.9169999361038208,
        1.9169999361038208,
        1.9210000038146973,
        1.9210000038146973,
        1.9210000038146973,
        1.9210000038146973,
        1.9239999055862427,
        1.9239999055862427,
        1.9239999055862427,
        1.9270000457763672,
        1.9270000457763672,
        1.9270000457763672,
        1.9300000667572021,
        1.9300000667572021,
        1.9300000667572021,
        1.934000015258789,
        1.934000015258789,
        1.934000015258789,
        1.937000036239624,
        7.652000427246094,
        1.937000036239624,
        1.937000036239624,
        1.940000057220459,
        1.940000057220459,
        1.940000057220459,
        1.9429999589920044,
        1.9429999589920044,
        1.9429999589920044,
        1.9470000267028809
    ],
    "Generations needed": 19,
    "Population 1": 196.52000427246094,
    "Population 10": 2608.969970703125,
    "Population 11": 2833.385009765625,
    "Population 12": 3045.4599609375,
    "Population 13": 3377.764892578125,
    "Population 14": 3740.02490234375,
    "Population 15": 3762.81005859375,
    "Population 16": 3876.489990234375,
    "Population 17": 3835.784912109375,
    "Population 18": 3958.794921875,
    "Population 2": 812.8699951171875,
    "Population 3": 858.1099853515625,
    "Population 4": 862.9550170898438,
    "Population 5": 852.5900268554688,
    "Population 6": 855.7949829101563,
    "Population 7": 1286.9150390625,
    "Population 8": 1766.800048828125,
    "Population 9": 2278.544921875,
    "start": "today"
}
