{
    "Champ at 1": 887.0,
    "Champ at 10": 5165.0,
    "Champ at 2": 887.0,
    "Champ at 3": 887.0,
    "Champ at 4": 1246.0,
    "Champ at 5": 1848.0,
    "Champ at 6": 2562.0,
    "Champ at 7": 2879.0,
    "Champ at 8": 3892.0,
    "Champ at 9": 4610.0,
    "ChampFitness": 5165.0,
    "ChampInputs": [
        1.8830000162124634,
        1.8830000162124634,
        1.8860000371932983,
        1.8860000371932983,
        1.8889999389648438,
        1.8889999389648438,
        1.8919999599456787,
        0.46000000834465027,
        1.8960000276565552,
        3.00600004196167,
        1.8960000276565552,
        1.8989999294281006,
        0.23499998450279236,
        1.9019999504089355,
        1.9019999504089355,
        1.9059998989105225,
        3.01200008392334,
        1.9089999198913574,
        2.3919999599456787,
        1.9089999198913574,
        1.912000060081482,
        1.912000060081482,
        1.9149999618530273,
        1.9149999618530273,
        3.3259999752044678,
        1.9190000295639038,
        1.9190000295639038,
        1.9220000505447388,
        1.9220000505447388,
        1.9249999523162842,
        1.9279999732971191,
        1.9279999732971191,
        3.2899999618530273,
        1.9320000410079956,
        1.9320000410079956,
        0.2849999964237213,
        1.934999942779541,
        1.934999942779541,
        1.937999963760376,
        1.937999963760376,
        1.9410001039505005,
        3.3420000076293945,
        1.9449999332427979,
        1.9449999332427979,
        1.9449999332427979,
        1.9480000734329224,
        1.9480000734329224,
        1.9480000734329224,
        1.9509999752044678,
        1.9509999752044678,
        1.9550000429153442,
        1.9550000429153442,
        1.9550000429153442,
        1.9580000638961792,
        1.9580000638961792,
        3.3590002059936523,
        1.9609999656677246,
        1.9609999656677246,
        1.9609999656677246,
        1.9639999866485596,
        1.9639999866485596,
        2.434000015258789,
        0.3109999895095825,
        1.9679999351501465,
        1.9709999561309814,
        0.31800001859664917,
        1.9739999771118164,
        1.9739999771118164,
        1.9739999771118164,
        1.9769999980926514,
        1.9769999980926514,
        1.9809999465942383,
        1.9809999465942383,
        1.9809999465942383,
        0.2939999997615814,
        1.9840000867843628,
        1.9869999885559082,
        1.9869999885559082,
        2.450000047683716,
        1.9900000095367432,
        1.99399995803833,
        1.99399995803833,
        1.996999979019165,
        1.996999979019165,
        0.3070000112056732,
        2.0,
        2.0,
        2.003999948501587,
        2.003999948501587,
        2.006999969482422,
        2.006999969482422,
        2.006999969482422,
        2.009999990463257,
        2.009999990463257,
        2.009999990463257,
        2.013000011444092,
        2.013000011444092,
        2.0169999599456787,
        2.0169999599456787,
        2.0169999599456787
    ],
    "Generations needed": 11,
    "Population 1": 198.30999755859375,
    "Population 10": 3840.719970703125,
    "Population 2": 849.7249755859375,
    "Population 3": 858.114990234375,
    "Population 4": 861.094970703125,
    "Population 5": 1176.2449951171875,
    "Population 6": 1750.3499755859375,
    "Population 7": 2222.705078125,
    "Population 8": 2536.080078125,
    "Population 9": 3158.625,
    "start": "today"
}
