{
    "Champ at 1": 820.0,
    "Champ at 10": 3310.0,
    "Champ at 11": 3959.0,
    "Champ at 12": 4610.0,
    "Champ at 13": 4983.0,
    "Champ at 14": 4983.0,
    "Champ at 15": 4983.0,
    "Champ at 16": 4983.0,
    "Champ at 17": 5154.0,
    "Champ at 2": 1268.0,
    "Champ at 3": 1755.0,
    "Champ at 4": 1838.0,
    "Champ at 5": 1911.0,
    "Champ at 6": 2282.0,
    "Champ at 7": 2562.0,
    "Champ at 8": 2935.0,
    "Champ at 9": 2935.0,
    "ChampFitness": 5154.0,
    "ChampInputs": [
        1.84499990940094,
        1.9850001335144043,
        1.84499990940094,
        1.8480000495910645,
        1.8480000495910645,
        1.8480000495910645,
        3.0910000801086426,
        1.8510000705718994,
        1.8510000705718994,
        2.509000062942505,
        1.8539999723434448,
        1.8539999723434448,
        1.8580000400543213,
        1.8580000400543213,
        3.0250000953674316,
        0.746999979019165,
        1.8610000610351563,
        0.5290000438690186,
        1.8610000610351563,
        1.8639999628067017,
        1.8639999628067017,
        1.8639999628067017,
        1.8669999837875366,
        1.8669999837875366,
        1.8669999837875366,
        0.8109999895095825,
        1.8709999322891235,
        1.8709999322891235,
        3.0859999656677246,
        1.8739999532699585,
        1.8739999532699585,
        1.8739999532699585,
        1.877000093460083,
        3.2019999027252197,
        1.877000093460083,
        2.435999870300293,
        1.8799998760223389,
        1.8799998760223389,
        1.8840000629425049,
        1.8840000629425049,
        1.8840000629425049,
        3.052999973297119,
        1.8870000839233398,
        1.8870000839233398,
        1.8870000839233398,
        1.8899999856948853,
        1.8899999856948853,
        1.8899999856948853,
        1.8940000534057617,
        1.8940000534057617,
        1.8940000534057617,
        1.8970000743865967,
        1.8970000743865967,
        2.0370001792907715,
        1.8970000743865967,
        1.899999976158142,
        1.899999976158142,
        1.899999976158142,
        1.902999997138977,
        1.902999997138977,
        0.843999981880188,
        1.906999945640564,
        1.906999945640564,
        1.906999945640564,
        1.909999966621399,
        1.909999966621399,
        1.909999966621399,
        1.909999966621399,
        1.9130001068115234,
        1.9130001068115234,
        1.9130001068115234,
        1.9159998893737793,
        1.9159998893737793,
        1.9159998893737793,
        2.4719998836517334,
        3.1560001373291016,
        1.9200000762939453,
        1.9230000972747803,
        1.9230000972747803,
        1.9230000972747803,
        3.1630001068115234,
        1.9259999990463257,
        1.9259999990463257,
        1.9259999990463257,
        1.9290000200271606,
        1.9290000200271606,
        1.9290000200271606,
        3.1449999809265137,
        1.9329999685287476,
        1.9329999685287476,
        1.9359999895095825,
        1.9359999895095825,
        1.9359999895095825,
        1.9359999895095825,
        1.9390000104904175,
        1.9390000104904175,
        1.9390000104904175,
        1.9429999589920044,
        1.9429999589920044,
        3.181999921798706
    ],
    "Generations needed": 18,
    "Population 1": 198.61500549316406,
    "Population 10": 2607.090087890625,
    "Population 11": 2954.47998046875,
    "Population 12": 3266.43505859375,
    "Population 13": 3681.965087890625,
    "Population 14": 3800.22998046875,
    "Population 15": 3926.425048828125,
    "Population 16": 3875.669921875,
    "Population 17": 3781.8349609375,
    "Population 2": 792.1099853515625,
    "Population 3": 1212.4100341796875,
    "Population 4": 1644.0050048828125,
    "Population 5": 1698.3199462890625,
    "Population 6": 1786.8900146484375,
    "Population 7": 2110.27001953125,
    "Population 8": 2330.590087890625,
    "Population 9": 2601.22509765625,
    "start": "today"
}
