{
    "Champ at 1": 887.0,
    "Champ at 10": 1911.0,
    "Champ at 11": 1911.0,
    "Champ at 12": 2562.0,
    "Champ at 13": 2860.0,
    "Champ at 14": 2874.0,
    "Champ at 15": 2935.0,
    "Champ at 16": 2935.0,
    "Champ at 17": 2935.0,
    "Champ at 18": 3305.0,
    "Champ at 19": 3762.0,
    "Champ at 2": 887.0,
    "Champ at 20": 3762.0,
    "Champ at 21": 3762.0,
    "Champ at 22": 3762.0,
    "Champ at 23": 3959.0,
    "Champ at 24": 4610.0,
    "Champ at 25": 4983.0,
    "Champ at 26": 4983.0,
    "Champ at 27": 4983.0,
    "Champ at 28": 4983.0,
    "Champ at 29": 5168.0,
    "Champ at 3": 1267.0,
    "Champ at 4": 1282.0,
    "Champ at 5": 1714.0,
    "Champ at 6": 1714.0,
    "Champ at 7": 1714.0,
    "Champ at 8": 1714.0,
    "Champ at 9": 1911.0,
    "ChampFitness": 5168.0,
    "ChampInputs": [
        1.8650000095367432,
        1.8680000305175781,
        1.8680000305175781,
        1.8680000305175781,
        1.8709999322891235,
        1.8709999322891235,
        1.8709999322891235,
        0.9629999995231628,
        1.875,
        1.6439999341964722,
        3.199000120162964,
        1.878000020980835,
        1.878000020980835,
        1.878000020980835,
        1.8809999227523804,
        3.1110000610351563,
        2.138000011444092,
        1.8840000629425049,
        2.117000102996826,
        1.8840000629425049,
        1.8880000114440918,
        1.8880000114440918,
        1.8880000114440918,
        2.746999740600586,
        1.8910000324249268,
        1.8910000324249268,
        0.6080000400543213,
        1.8940000534057617,
        2.75,
        1.8940000534057617,
        1.6699999570846558,
        1.8970000743865967,
        2.9609999656677246,
        1.9010000228881836,
        1.9010000228881836,
        1.9010000228881836,
        1.9010000228881836,
        0.652999997138977,
        1.9040000438690186,
        1.9040000438690186,
        1.906999945640564,
        3.2039999961853027,
        1.906999945640564,
        1.909999966621399,
        1.909999966621399,
        1.909999966621399,
        1.9140000343322754,
        1.9140000343322754,
        2.1710000038146973,
        5.029000282287598,
        1.9169999361038208,
        1.9169999361038208,
        1.9169999361038208,
        7.616000175476074,
        4.24399995803833,
        1.9200000762939453,
        1.9239999055862427,
        1.9239999055862427,
        1.9239999055862427,
        1.9270000457763672,
        1.9270000457763672,
        2.1760001182556152,
        1.9270000457763672,
        1.9300000667572021,
        1.9300000667572021,
        1.9300000667572021,
        1.9329999685287476,
        1.9329999685287476,
        1.9329999685287476,
        1.937000036239624,
        1.937000036239624,
        1.937000036239624,
        1.940000057220459,
        1.940000057220459,
        1.940000057220459,
        3.260999917984009,
        1.9429999589920044,
        1.9429999589920044,
        1.9429999589920044,
        1.9459999799728394,
        1.9459999799728394,
        1.9459999799728394,
        1.9499999284744263,
        3.2679998874664307,
        1.9499999284744263,
        1.9529999494552612,
        1.9529999494552612,
        5.48799991607666,
        1.9529999494552612,
        1.9560000896453857,
        1.9560000896453857,
        1.9560000896453857,
        1.9589998722076416,
        1.9589998722076416,
        3.2809998989105225,
        1.9630000591278076,
        1.9630000591278076,
        4.2829999923706055,
        4.1080002784729,
        1.9660000801086426
    ],
    "Generations needed": 30,
    "Population 1": 205.1649932861328,
    "Population 10": 1725.125,
    "Population 11": 1712.5350341796875,
    "Population 12": 1773.5699462890625,
    "Population 13": 2311.695068359375,
    "Population 14": 2515.425048828125,
    "Population 15": 2546.179931640625,
    "Population 16": 2625.925048828125,
    "Population 17": 2597.989990234375,
    "Population 18": 2540.260009765625,
    "Population 19": 2773.10009765625,
    "Population 2": 850.9600219726563,
    "Population 20": 3268.81005859375,
    "Population 21": 3173.60009765625,
    "Population 22": 3239.155029296875,
    "Population 23": 3133.389892578125,
    "Population 24": 3239.949951171875,
    "Population 25": 3878.530029296875,
    "Population 26": 4108.9951171875,
    "Population 27": 4039.909912109375,
    "Population 28": 3967.3349609375,
    "Population 29": 3992.179931640625,
    "Population 3": 862.0050048828125,
    "Population 4": 1176.1099853515625,
    "Population 5": 1227.6700439453125,
    "Population 6": 1558.93994140625,
    "Population 7": 1577.1099853515625,
    "Population 8": 1599.18505859375,
    "Population 9": 1576.5050048828125,
    "start": "today"
}
