{
    "Champ at 1": 887.0,
    "Champ at 10": 2873.0,
    "Champ at 11": 3959.0,
    "Champ at 12": 3959.0,
    "Champ at 13": 3959.0,
    "Champ at 14": 3959.0,
    "Champ at 15": 4983.0,
    "Champ at 16": 4983.0,
    "Champ at 17": 4983.0,
    "Champ at 18": 5163.0,
    "Champ at 2": 887.0,
    "Champ at 3": 1263.0,
    "Champ at 4": 1270.0,
    "Champ at 5": 1855.0,
    "Champ at 6": 1911.0,
    "Champ at 7": 2738.0,
    "Champ at 8": 2738.0,
    "Champ at 9": 2738.0,
    "ChampFitness": 5163.0,
    "ChampInputs": [
        1.8760000467300415,
        1.8790000677108765,
        1.8790000677108765,
        1.8819999694824219,
        1.8819999694824219,
        1.8849999904632568,
        2.694999933242798,
        1.8889999389648438,
        0.10300000011920929,
        1.8919999599456787,
        0.9329999685287476,
        1.8949999809265137,
        1.8949999809265137,
        1.8980000019073486,
        1.937999963760376,
        1.9410001039505005,
        2.806999921798706,
        1.944000005722046,
        1.9470000267028809,
        0.1119999960064888,
        2.7079999446868896,
        1.9509999752044678,
        1.9539999961853027,
        1.9539999961853027,
        1.2940000295639038,
        3.486999988555908,
        1.9609999656677246,
        1.9609999656677246,
        1.9639999866485596,
        1.9639999866485596,
        1.9670000076293945,
        1.9670000076293945,
        1.9700000286102295,
        3.064000129699707,
        1.9739999771118164,
        1.9739999771118164,
        1.9769999980926514,
        1.9769999980926514,
        1.9800000190734863,
        1.9800000190734863,
        1.9830000400543213,
        3.2179999351501465,
        1.9869999885559082,
        1.9869999885559082,
        1.9900000095367432,
        1.9900000095367432,
        3.2210001945495605,
        1.9930000305175781,
        1.9959999322891235,
        1.9959999322891235,
        2.0,
        2.0,
        2.003000020980835,
        2.003000020980835,
        2.00600004196167,
        0.14800000190734863,
        2.009999990463257,
        2.009999990463257,
        2.013000011444092,
        2.013000011444092,
        2.0160000324249268,
        2.0160000324249268,
        2.0190000534057617,
        2.0190000534057617,
        2.0230000019073486,
        2.0230000019073486,
        2.0260000228881836,
        2.0260000228881836,
        2.0290000438690186,
        2.0290000438690186,
        2.0320000648498535,
        2.0320000648498535,
        2.0360000133514404,
        2.0360000133514404,
        2.0360000133514404,
        2.0390000343322754,
        2.0390000343322754,
        2.0420000553131104,
        2.0420000553131104,
        2.0450000762939453,
        2.0450000762939453,
        2.0490000247955322,
        2.0490000247955322,
        0.8090000152587891,
        2.052000045776367,
        2.055000066757202,
        2.055000066757202,
        2.058000087738037,
        2.058000087738037,
        2.8949999809265137,
        1.3600001335144043,
        2.065000057220459,
        2.065000057220459,
        1.3629999160766602,
        2.068000078201294,
        2.072000026702881,
        3.2699999809265137,
        2.075000047683716,
        5.493000030517578,
        2.078000068664551
    ],
    "Generations needed": 19,
    "Population 1": 199.0449981689453,
    "Population 10": 2383.429931640625,
    "Population 11": 2536.844970703125,
    "Population 12": 3263.27490234375,
    "Population 13": 3226.300048828125,
    "Population 14": 3252.72509765625,
    "Population 15": 3385.14501953125,
    "Population 16": 4057.31494140625,
    "Population 17": 4019.455078125,
    "Population 18": 4087.844970703125,
    "Population 2": 860.530029296875,
    "Population 3": 861.7349853515625,
    "Population 4": 1200.75,
    "Population 5": 1215.074951171875,
    "Population 6": 1695.1400146484375,
    "Population 7": 1741.7099609375,
    "Population 8": 2488.739990234375,
    "Population 9": 2450.875,
    "start": "today"
}
