{
    "Champ at 1": 819.0,
    "Champ at 10": 2030.0,
    "Champ at 11": 2030.0,
    "Champ at 12": 2030.0,
    "Champ at 13": 2030.0,
    "Champ at 14": 2215.0,
    "Champ at 15": 2215.0,
    "Champ at 16": 2297.0,
    "Champ at 17": 2935.0,
    "Champ at 18": 2935.0,
    "Champ at 19": 3762.0,
    "Champ at 2": 1247.0,
    "Champ at 20": 3900.0,
    "Champ at 21": 3959.0,
    "Champ at 22": 3959.0,
    "Champ at 23": 3959.0,
    "Champ at 24": 3959.0,
    "Champ at 25": 3959.0,
    "Champ at 26": 4786.0,
    "Champ at 27": 4983.0,
    "Champ at 28": 4983.0,
    "Champ at 29": 4983.0,
    "Champ at 3": 1843.0,
    "Champ at 30": 4983.0,
    "Champ at 31": 5138.0,
    "Champ at 4": 1911.0,
    "Champ at 5": 1911.0,
    "Champ at 6": 1911.0,
    "Champ at 7": 1911.0,
    "Champ at 8": 2030.0,
    "Champ at 9": 2030.0,
    "ChampFitness": 5138.0,
    "ChampInputs": [
        1.837999939918518,
        1.8410000801086426,
        1.8410000801086426,
        1.8440001010894775,
        1.8440001010894775,
        1.847000002861023,
        2.687000036239624,
        1.877000093460083,
        1.0809999704360962,
        1.8799998760223389,
        1.8830000162124634,
        1.8830000162124634,
        1.8870000839233398,
        1.8870000839233398,
        1.8899999856948853,
        2.8519999980926514,
        1.9010000228881836,
        2.140000104904175,
        2.549999952316284,
        1.8960000276565552,
        1.899999976158142,
        1.899999976158142,
        2.194000005722046,
        2.0269999504089355,
        1.0920000076293945,
        2.0299999713897705,
        2.0299999713897705,
        2.0299999713897705,
        2.0339999198913574,
        2.1529998779296875,
        1.2450000047683716,
        2.1559998989105225,
        2.703000068664551,
        1.9169999361038208,
        2.194000005722046,
        2.194000005722046,
        2.197000026702881,
        2.197000026702881,
        1.1729999780654907,
        2.200000047683716,
        3.25600004196167,
        9.0649995803833,
        2.2070000171661377,
        2.2070000171661377,
        2.2100000381469727,
        5.953000068664551,
        2.2130000591278076,
        2.2130000591278076,
        2.2160000801086426,
        2.2160000801086426,
        7.508999824523926,
        2.2200000286102295,
        2.2230000495910645,
        2.2230000495910645,
        2.2260000705718994,
        2.2260000705718994,
        2.2300000190734863,
        2.2330000400543213,
        2.2330000400543213,
        2.2360000610351563,
        2.2360000610351563,
        2.739000082015991,
        2.239000082015991,
        2.243000030517578,
        2.243000030517578,
        2.246000051498413,
        2.246000051498413,
        2.249000072479248,
        2.249000072479248,
        2.251999855041504,
        2.251999855041504,
        9.093999862670898,
        2.196000099182129,
        2.258999824523926,
        2.258999824523926,
        2.26200008392334,
        2.26200008392334,
        2.265000104904175,
        2.265000104904175,
        2.2690000534057617,
        2.2690000534057617,
        2.2720000743865967,
        2.2720000743865967,
        2.2750000953674316,
        2.2750000953674316,
        2.2790000438690186,
        2.2820000648498535,
        2.2820000648498535,
        2.2849998474121094,
        2.618000030517578,
        2.2880001068115234,
        2.2880001068115234,
        2.2920000553131104,
        2.2920000553131104,
        2.930000066757202,
        2.2950000762939453,
        2.930000066757202,
        2.2980000972747803,
        2.934000015258789,
        2.3010001182556152
    ],
    "Generations needed": 32,
    "Population 1": 196.3300018310547,
    "Population 10": 1754.8399658203125,
    "Population 11": 1799.469970703125,
    "Population 12": 1846.635009765625,
    "Population 13": 1844.9849853515625,
    "Population 14": 1825.5050048828125,
    "Population 15": 1942.02001953125,
    "Population 16": 2000.1500244140625,
    "Population 17": 2071.570068359375,
    "Population 18": 2411.574951171875,
    "Population 19": 2612.1650390625,
    "Population 2": 803.4149780273438,
    "Population 20": 3242.215087890625,
    "Population 21": 3363.77001953125,
    "Population 22": 3313.699951171875,
    "Population 23": 3427.60498046875,
    "Population 24": 3209.9150390625,
    "Population 25": 3320.179931640625,
    "Population 26": 3425.159912109375,
    "Population 27": 3660.0400390625,
    "Population 28": 4124.01513671875,
    "Population 29": 3916.034912109375,
    "Population 3": 1218.8900146484375,
    "Population 30": 4046.110107421875,
    "Population 31": 3848.7548828125,
    "Population 4": 1689.510009765625,
    "Population 5": 1719.219970703125,
    "Population 6": 1788.574951171875,
    "Population 7": 1764.0250244140625,
    "Population 8": 1785.7550048828125,
    "Population 9": 1734.7650146484375,
    "start": "today"
}
