{
    "Champ at 1": 887.0,
    "Champ at 10": 1741.0,
    "Champ at 11": 1911.0,
    "Champ at 12": 1911.0,
    "Champ at 13": 2281.0,
    "Champ at 14": 2867.0,
    "Champ at 15": 2935.0,
    "Champ at 16": 3586.0,
    "Champ at 17": 3959.0,
    "Champ at 18": 3959.0,
    "Champ at 19": 4327.0,
    "Champ at 2": 887.0,
    "Champ at 20": 4695.0,
    "Champ at 21": 4921.0,
    "Champ at 22": 4983.0,
    "Champ at 23": 4983.0,
    "Champ at 24": 5144.0,
    "Champ at 3": 1258.0,
    "Champ at 4": 1538.0,
    "Champ at 5": 1623.0,
    "Champ at 6": 1623.0,
    "Champ at 7": 1623.0,
    "Champ at 8": 1623.0,
    "Champ at 9": 1623.0,
    "ChampFitness": 5144.0,
    "ChampInputs": [
        1.8840000629425049,
        1.8880000114440918,
        1.8880000114440918,
        1.8880000114440918,
        1.8910000324249268,
        1.8910000324249268,
        1.8940000534057617,
        0.6239999532699585,
        2.5360000133514404,
        2.251999855041504,
        2.3630001544952393,
        1.9010000228881836,
        1.9010000228881836,
        1.1749999523162842,
        1.9040000438690186,
        2.876999855041504,
        2.7230000495910645,
        1.906999945640564,
        1.906999945640564,
        1.909999966621399,
        0.33399999141693115,
        1.909999966621399,
        1.9140000343322754,
        1.9140000343322754,
        1.9169999361038208,
        0.9529999494552612,
        1.9169999361038208,
        2.555999994277954,
        1.9200000762939453,
        1.1979999542236328,
        2.6589999198913574,
        1.9270000457763672,
        1.9270000457763672,
        1.9270000457763672,
        0.5839999914169312,
        0.6230000257492065,
        1.9300000667572021,
        1.9329999685287476,
        1.9329999685287476,
        2.746000051498413,
        1.2950000762939453,
        1.937000036239624,
        1.940000057220459,
        2.937999963760376,
        1.9429999589920044,
        1.9429999589920044,
        1.2170000076293945,
        1.9459999799728394,
        0.6759999990463257,
        1.9459999799728394,
        1.2239999771118164,
        1.9499999284744263,
        1.9529999494552612,
        1.9529999494552612,
        1.9529999494552612,
        1.9560000896453857,
        1.9560000896453857,
        1.9589998722076416,
        1.9589998722076416,
        1.9589998722076416,
        1.9630000591278076,
        2.922999858856201,
        2.4670000076293945,
        1.9660000801086426,
        1.9660000801086426,
        2.7750000953674316,
        1.968999981880188,
        1.968999981880188,
        1.972000002861023,
        1.972000002861023,
        1.9760000705718994,
        1.9760000705718994,
        1.9760000705718994,
        1.9789999723434448,
        0.406000018119812,
        1.9819999933242798,
        1.9819999933242798,
        1.9819999933242798,
        1.9859999418258667,
        1.9859999418258667,
        1.9859999418258667,
        1.9889999628067017,
        1.9889999628067017,
        1.9920001029968262,
        1.9920001029968262,
        1.9920001029968262,
        1.994999885559082,
        1.994999885559082,
        1.994999885559082,
        1.999000072479248,
        1.999000072479248,
        1.999000072479248,
        2.002000093460083,
        1.343999981880188,
        0.7319999933242798,
        2.004999876022339,
        2.004999876022339,
        2.007999897003174,
        2.007999897003174,
        2.007999897003174
    ],
    "Generations needed": 25,
    "Population 1": 198.98500061035156,
    "Population 10": 1518.0999755859375,
    "Population 11": 1629.3050537109375,
    "Population 12": 1776.719970703125,
    "Population 13": 1745.6600341796875,
    "Population 14": 2000.2650146484375,
    "Population 15": 2495.955078125,
    "Population 16": 2541.764892578125,
    "Population 17": 2984.364990234375,
    "Population 18": 3357.030029296875,
    "Population 19": 3266.22998046875,
    "Population 2": 864.1400146484375,
    "Population 20": 3559.280029296875,
    "Population 21": 3657.35498046875,
    "Population 22": 3633.929931640625,
    "Population 23": 3872.56494140625,
    "Population 24": 3826.300048828125,
    "Population 3": 868.8150024414063,
    "Population 4": 1191.10498046875,
    "Population 5": 1429.800048828125,
    "Population 6": 1495.469970703125,
    "Population 7": 1512.594970703125,
    "Population 8": 1488.7750244140625,
    "Population 9": 1524.7900390625,
    "start": "today"
}
