{
    "Champ at 1": 887.0,
    "Champ at 10": 3296.0,
    "Champ at 11": 3959.0,
    "Champ at 12": 3959.0,
    "Champ at 13": 4610.0,
    "Champ at 14": 4983.0,
    "Champ at 15": 4983.0,
    "Champ at 16": 5139.0,
    "Champ at 2": 887.0,
    "Champ at 3": 887.0,
    "Champ at 4": 887.0,
    "Champ at 5": 1253.0,
    "Champ at 6": 1911.0,
    "Champ at 7": 2279.0,
    "Champ at 8": 2866.0,
    "Champ at 9": 2935.0,
    "ChampFitness": 5139.0,
    "ChampInputs": [
        1.878000020980835,
        1.8809999227523804,
        1.8809999227523804,
        1.8840000629425049,
        1.8840000629425049,
        1.8840000629425049,
        0.597000002861023,
        1.8880000114440918,
        1.8910000324249268,
        1.8910000324249268,
        3.1060001850128174,
        1.8940000534057617,
        1.8940000534057617,
        1.8970000743865967,
        1.8970000743865967,
        2.5310001373291016,
        2.241999864578247,
        2.746999740600586,
        1.9040000438690186,
        1.9040000438690186,
        1.9040000438690186,
        1.906999945640564,
        1.906999945640564,
        2.3580000400543213,
        1.909999966621399,
        3.0169999599456787,
        1.9140000343322754,
        1.9140000343322754,
        1.9169999361038208,
        1.9169999361038208,
        1.9169999361038208,
        3.2109999656677246,
        1.9200000762939453,
        1.9230000972747803,
        1.9230000972747803,
        1.9230000972747803,
        0.4520000219345093,
        1.9270000457763672,
        1.9270000457763672,
        1.9300000667572021,
        1.9300000667572021,
        0.784000039100647,
        1.9329999685287476,
        1.9329999685287476,
        1.937000036239624,
        1.937000036239624,
        1.940000057220459,
        1.940000057220459,
        1.940000057220459,
        1.9429999589920044,
        1.9429999589920044,
        0.64000004529953,
        8.520999908447266,
        1.9459999799728394,
        1.9499999284744263,
        1.9499999284744263,
        1.9529999494552612,
        1.9529999494552612,
        1.9529999494552612,
        1.9560000896453857,
        1.9560000896453857,
        1.9589998722076416,
        1.9589998722076416,
        1.9589998722076416,
        1.9630000591278076,
        1.9630000591278076,
        1.9660000801086426,
        1.9660000801086426,
        1.9660000801086426,
        1.968999981880188,
        1.968999981880188,
        1.968999981880188,
        3.250999927520752,
        1.972000002861023,
        1.9760000705718994,
        1.9760000705718994,
        1.9760000705718994,
        1.9789999723434448,
        1.9789999723434448,
        1.9819999933242798,
        1.9819999933242798,
        1.9819999933242798,
        0.8230000138282776,
        1.9859999418258667,
        1.9889999628067017,
        1.9889999628067017,
        1.9889999628067017,
        1.9920001029968262,
        0.5049999952316284,
        1.994999885559082,
        1.994999885559082,
        1.994999885559082,
        1.999000072479248,
        1.999000072479248,
        2.002000093460083,
        2.002000093460083,
        2.002000093460083,
        2.004999876022339,
        2.004999876022339,
        2.004999876022339
    ],
    "Generations needed": 17,
    "Population 1": 205.9250030517578,
    "Population 10": 2626.5048828125,
    "Population 11": 2897.110107421875,
    "Population 12": 3317.050048828125,
    "Population 13": 3285.93505859375,
    "Population 14": 3715.31494140625,
    "Population 15": 3779.2099609375,
    "Population 16": 3938.260009765625,
    "Population 2": 867.7100219726563,
    "Population 3": 873.4600219726563,
    "Population 4": 865.6500244140625,
    "Population 5": 855.4450073242188,
    "Population 6": 1311.68994140625,
    "Population 7": 1780.030029296875,
    "Population 8": 2047.1800537109375,
    "Population 9": 2569.7451171875,
    "start": "today"
}
