{
    "Champ at 1": 887.0,
    "Champ at 10": 3901.0,
    "Champ at 11": 3959.0,
    "Champ at 12": 4912.0,
    "Champ at 13": 4983.0,
    "Champ at 14": 4983.0,
    "Champ at 15": 4983.0,
    "Champ at 16": 5137.0,
    "Champ at 2": 1270.0,
    "Champ at 3": 1911.0,
    "Champ at 4": 1911.0,
    "Champ at 5": 2287.0,
    "Champ at 6": 2562.0,
    "Champ at 7": 2647.0,
    "Champ at 8": 2935.0,
    "Champ at 9": 3297.0,
    "ChampFitness": 5137.0,
    "ChampInputs": [
        1.8700001239776611,
        1.8700001239776611,
        1.8700001239776611,
        1.8739999532699585,
        1.8739999532699585,
        1.8739999532699585,
        1.877000093460083,
        0.9979999661445618,
        1.877000093460083,
        1.8799998760223389,
        0.9929999709129333,
        1.8799998760223389,
        1.8799998760223389,
        1.8830000162124634,
        1.8830000162124634,
        1.8830000162124634,
        1.8870000839233398,
        0.8079999685287476,
        0.5460000038146973,
        1.8899999856948853,
        1.8899999856948853,
        1.8899999856948853,
        0.5180000066757202,
        1.8930000066757202,
        1.8930000066757202,
        1.8930000066757202,
        1.8960000276565552,
        1.8960000276565552,
        0.4870000183582306,
        1.899999976158142,
        3.0329999923706055,
        1.899999976158142,
        1.902999997138977,
        1.902999997138977,
        1.902999997138977,
        1.902999997138977,
        2.5970001220703125,
        1.9059998989105225,
        0.8309999704360962,
        1.909999966621399,
        1.909999966621399,
        1.909999966621399,
        2.2220001220703125,
        1.9130001068115234,
        1.9130001068115234,
        1.9130001068115234,
        0.8680000305175781,
        1.9159998893737793,
        1.9159998893737793,
        1.9190000295639038,
        3.059000015258789,
        1.9190000295639038,
        1.9230000972747803,
        1.9230000972747803,
        1.9230000972747803,
        1.9259999990463257,
        1.9259999990463257,
        1.9259999990463257,
        1.9259999990463257,
        1.9290000200271606,
        1.9290000200271606,
        1.9290000200271606,
        1.9320000410079956,
        1.9320000410079956,
        1.9320000410079956,
        1.9359999895095825,
        1.9359999895095825,
        1.9359999895095825,
        1.9359999895095825,
        1.9390000104904175,
        1.9390000104904175,
        1.9390000104904175,
        1.941999912261963,
        1.941999912261963,
        1.941999912261963,
        1.9449999332427979,
        1.9449999332427979,
        1.9449999332427979,
        1.9490001201629639,
        0.5360000133514404,
        1.9490001201629639,
        1.9490001201629639,
        1.9519999027252197,
        1.9519999027252197,
        1.9519999027252197,
        1.9550000429153442,
        1.9550000429153442,
        1.9550000429153442,
        1.9589998722076416,
        1.9589998722076416,
        1.9589998722076416,
        1.9620000123977661,
        1.9620000123977661,
        1.0800000429153442,
        1.9620000123977661,
        7.271999835968018,
        1.965000033378601,
        1.965000033378601,
        1.9679999351501465,
        1.9679999351501465
    ],
    "Generations needed": 17,
    "Population 1": 199.94000244140625,
    "Population 10": 2705.010009765625,
    "Population 11": 3205.85498046875,
    "Population 12": 3215.1298828125,
    "Population 13": 3957.929931640625,
    "Population 14": 4002.985107421875,
    "Population 15": 3642.469970703125,
    "Population 16": 3739.93505859375,
    "Population 2": 856.385009765625,
    "Population 3": 1218.7850341796875,
    "Population 4": 1792.0400390625,
    "Population 5": 1721.0999755859375,
    "Population 6": 2115.52001953125,
    "Population 7": 2214.824951171875,
    "Population 8": 2329.72509765625,
    "Population 9": 2564.840087890625,
    "start": "today"
}
