{
    "Champ at 1": 827.0,
    "Champ at 10": 2738.0,
    "Champ at 11": 2867.0,
    "Champ at 12": 2935.0,
    "Champ at 13": 2935.0,
    "Champ at 14": 2935.0,
    "Champ at 15": 2935.0,
    "Champ at 16": 2935.0,
    "Champ at 17": 3321.0,
    "Champ at 18": 3586.0,
    "Champ at 19": 3671.0,
    "Champ at 2": 887.0,
    "Champ at 20": 3762.0,
    "Champ at 21": 3762.0,
    "Champ at 22": 3853.0,
    "Champ at 23": 4695.0,
    "Champ at 24": 4695.0,
    "Champ at 25": 4695.0,
    "Champ at 26": 4695.0,
    "Champ at 27": 4695.0,
    "Champ at 28": 4695.0,
    "Champ at 29": 4695.0,
    "Champ at 3": 887.0,
    "Champ at 30": 4695.0,
    "Champ at 31": 4695.0,
    "Champ at 32": 4695.0,
    "Champ at 33": 4695.0,
    "Champ at 34": 4786.0,
    "Champ at 35": 4983.0,
    "Champ at 36": 5116.0,
    "Champ at 4": 887.0,
    "Champ at 5": 887.0,
    "Champ at 6": 1272.0,
    "Champ at 7": 1911.0,
    "Champ at 8": 2268.0,
    "Champ at 9": 2738.0,
    "ChampFitness": 5116.0,
    "ChampInputs": [
        1.8610000610351563,
        1.8610000610351563,
        1.8610000610351563,
        1.8639999628067017,
        1.8639999628067017,
        1.8639999628067017,
        3.000999927520752,
        1.8669999837875366,
        0.9369999766349792,
        1.8700001239776611,
        1.8700001239776611,
        1.8700001239776611,
        1.8739999532699585,
        1.8739999532699585,
        1.8739999532699585,
        2.453000068664551,
        1.877000093460083,
        3.0369999408721924,
        1.877000093460083,
        1.8799998760223389,
        2.184000015258789,
        1.8799998760223389,
        1.9040000438690186,
        3.129000186920166,
        1.8830000162124634,
        1.8870000839233398,
        1.8870000839233398,
        2.4619998931884766,
        1.8899999856948853,
        1.9290000200271606,
        1.8899999856948853,
        0.4699999690055847,
        1.8930000066757202,
        1.8930000066757202,
        1.8930000066757202,
        1.003000020980835,
        1.8960000276565552,
        1.3480000495910645,
        2.80400013923645,
        1.899999976158142,
        1.899999976158142,
        1.902999997138977,
        0.4650000035762787,
        1.902999997138977,
        3.5450000762939453,
        1.9059998989105225,
        1.9059998989105225,
        1.9059998989105225,
        8.244000434875488,
        1.909999966621399,
        1.909999966621399,
        1.9130001068115234,
        8.25,
        1.9130001068115234,
        8.01099967956543,
        1.9159998893737793,
        1.9159998893737793,
        1.9159998893737793,
        2.2230000495910645,
        1.9190000295639038,
        1.9190000295639038,
        1.9230000972747803,
        1.9230000972747803,
        1.9230000972747803,
        1.9259999990463257,
        1.9259999990463257,
        1.9259999990463257,
        1.9290000200271606,
        1.9290000200271606,
        1.9290000200271606,
        1.9290000200271606,
        1.9320000410079956,
        1.9320000410079956,
        1.9320000410079956,
        1.9359999895095825,
        3.180999994277954,
        1.9359999895095825,
        1.9390000104904175,
        1.9390000104904175,
        1.9390000104904175,
        1.9390000104904175,
        2.246000051498413,
        1.941999912261963,
        1.941999912261963,
        1.9449999332427979,
        1.9449999332427979,
        1.9449999332427979,
        3.107999801635742,
        1.9490001201629639,
        1.9490001201629639,
        1.9519999027252197,
        1.9519999027252197,
        1.9519999027252197,
        1.9519999027252197,
        3.201000213623047,
        1.9550000429153442,
        1.9550000429153442,
        1.9589998722076416,
        1.9589998722076416,
        1.9589998722076416
    ],
    "Generations needed": 37,
    "Population 1": 193.22000122070313,
    "Population 10": 2507.0849609375,
    "Population 11": 2461.344970703125,
    "Population 12": 2483.77001953125,
    "Population 13": 2454.034912109375,
    "Population 14": 2331.205078125,
    "Population 15": 2529.2451171875,
    "Population 16": 2604.4951171875,
    "Population 17": 2608.764892578125,
    "Population 18": 2812.14501953125,
    "Population 19": 3151.52490234375,
    "Population 2": 796.6199951171875,
    "Population 20": 2966.114990234375,
    "Population 21": 3047.669921875,
    "Population 22": 3019.864990234375,
    "Population 23": 3237.304931640625,
    "Population 24": 3785.81005859375,
    "Population 25": 3834.925048828125,
    "Population 26": 3894.139892578125,
    "Population 27": 3814.969970703125,
    "Population 28": 3700.31494140625,
    "Population 29": 3528.070068359375,
    "Population 3": 861.0050048828125,
    "Population 30": 3696.6298828125,
    "Population 31": 3747.094970703125,
    "Population 32": 3627.10009765625,
    "Population 33": 3874.590087890625,
    "Population 34": 3915.635009765625,
    "Population 35": 3868.425048828125,
    "Population 36": 4144.2998046875,
    "Population 4": 861.2449951171875,
    "Population 5": 862.0750122070313,
    "Population 6": 858.3300170898438,
    "Population 7": 1227.9000244140625,
    "Population 8": 1721.344970703125,
    "Population 9": 1998.14501953125,
    "start": "today"
}
