{
    "Champ at 1": 887.0,
    "Champ at 10": 1911.0,
    "Champ at 11": 2562.0,
    "Champ at 12": 2935.0,
    "Champ at 13": 2935.0,
    "Champ at 14": 3586.0,
    "Champ at 15": 3787.0,
    "Champ at 16": 3788.0,
    "Champ at 17": 3959.0,
    "Champ at 18": 3959.0,
    "Champ at 19": 3959.0,
    "Champ at 2": 887.0,
    "Champ at 20": 4350.0,
    "Champ at 21": 4983.0,
    "Champ at 22": 5135.0,
    "Champ at 3": 887.0,
    "Champ at 4": 887.0,
    "Champ at 5": 1538.0,
    "Champ at 6": 1714.0,
    "Champ at 7": 1714.0,
    "Champ at 8": 1714.0,
    "Champ at 9": 1911.0,
    "ChampFitness": 5135.0,
    "ChampInputs": [
        1.8889999389648438,
        1.8889999389648438,
        1.9019999504089355,
        1.8930000066757202,
        1.8960000276565552,
        1.8960000276565552,
        3.1110000610351563,
        1.9019999504089355,
        1.9019999504089355,
        1.9059998989105225,
        2.614000082015991,
        1.9089999198913574,
        1.9089999198913574,
        1.7239999771118164,
        3.0209999084472656,
        1.9149999618530273,
        2.425999879837036,
        1.9220000505447388,
        1.9220000505447388,
        1.9249999523162842,
        1.9249999523162842,
        1.9279999732971191,
        1.9279999732971191,
        1.0989999771118164,
        1.934999942779541,
        1.934999942779541,
        1.934999942779541,
        0.5789999961853027,
        2.1080000400543213,
        1.156000018119812,
        1.156000018119812,
        1.159999966621399,
        1.9410001039505005,
        0.5860000252723694,
        2.121000051498413,
        1.9480000734329224,
        1.9509999752044678,
        2.427000045776367,
        1.9550000429153442,
        1.9550000429153442,
        1.9550000429153442,
        1.9580000638961792,
        2.7720000743865967,
        1.9609999656677246,
        1.9609999656677246,
        1.9609999656677246,
        1.9639999866485596,
        1.9639999866485596,
        1.9639999866485596,
        1.9679999351501465,
        1.9679999351501465,
        2.7820000648498535,
        1.9709999561309814,
        1.9739999771118164,
        1.9769999980926514,
        1.9769999980926514,
        1.9809999465942383,
        1.9840000867843628,
        1.9869999885559082,
        1.9869999885559082,
        1.9900000095367432,
        1.9900000095367432,
        1.99399995803833,
        1.996999979019165,
        1.996999979019165,
        2.0,
        2.1670000553131104,
        2.003999948501587,
        2.006999969482422,
        2.169999837875366,
        2.009999990463257,
        2.013000011444092,
        2.013000011444092,
        2.0169999599456787,
        2.0199999809265137,
        2.0199999809265137,
        2.0230000019073486,
        2.0260000228881836,
        2.0260000228881836,
        2.0299999713897705,
        2.0329999923706055,
        2.0329999923706055,
        2.0360000133514404,
        1.2089999914169312,
        2.0429999828338623,
        2.0429999828338623,
        2.0429999828338623,
        2.0460000038146973,
        2.0460000038146973,
        2.0490000247955322,
        2.0490000247955322,
        2.052999973297119,
        2.052999973297119,
        2.052999973297119,
        2.055999994277954,
        2.055999994277954,
        2.059000015258789,
        2.059000015258789,
        2.7250001430511475,
        2.062000036239624
    ],
    "Generations needed": 23,
    "Population 1": 197.65499877929688,
    "Population 10": 1774.47998046875,
    "Population 11": 1739.8199462890625,
    "Population 12": 2369.550048828125,
    "Population 13": 2591.445068359375,
    "Population 14": 2530.85009765625,
    "Population 15": 3135.85498046875,
    "Population 16": 3328.6201171875,
    "Population 17": 3212.955078125,
    "Population 18": 3374.5048828125,
    "Population 19": 3243.574951171875,
    "Population 2": 858.0599975585938,
    "Population 20": 3216.425048828125,
    "Population 21": 3568.114990234375,
    "Population 22": 3957.080078125,
    "Population 3": 837.0700073242188,
    "Population 4": 854.35498046875,
    "Population 5": 915.885009765625,
    "Population 6": 1460.2850341796875,
    "Population 7": 1574.47998046875,
    "Population 8": 1614.135009765625,
    "Population 9": 1621.5550537109375,
    "start": "today"
}
