{
    "Champ at 1": 887.0,
    "Champ at 10": 2562.0,
    "Champ at 11": 2935.0,
    "Champ at 12": 2935.0,
    "Champ at 13": 2935.0,
    "Champ at 14": 3586.0,
    "Champ at 15": 3959.0,
    "Champ at 16": 3959.0,
    "Champ at 17": 3959.0,
    "Champ at 18": 4356.0,
    "Champ at 19": 4610.0,
    "Champ at 2": 1538.0,
    "Champ at 20": 4983.0,
    "Champ at 21": 4983.0,
    "Champ at 22": 5159.0,
    "Champ at 3": 1538.0,
    "Champ at 4": 1855.0,
    "Champ at 5": 1911.0,
    "Champ at 6": 1911.0,
    "Champ at 7": 1911.0,
    "Champ at 8": 1911.0,
    "Champ at 9": 1911.0,
    "ChampFitness": 5159.0,
    "ChampInputs": [
        1.8690000772476196,
        1.871999979019165,
        1.871999979019165,
        1.871999979019165,
        1.8760000467300415,
        1.8760000467300415,
        3.2669999599456787,
        1.8760000467300415,
        1.8790000677108765,
        1.8790000677108765,
        1.8790000677108765,
        1.8819999694824219,
        0.527999997138977,
        0.026000000536441803,
        1.8849999904632568,
        1.8849999904632568,
        3.2859997749328613,
        1.8849999904632568,
        1.8889999389648438,
        1.8889999389648438,
        1.8889999389648438,
        2.3429999351501465,
        1.8919999599456787,
        1.8919999599456787,
        3.2249999046325684,
        1.8949999809265137,
        1.8949999809265137,
        1.8980000019073486,
        1.8980000019073486,
        0.49300000071525574,
        1.9019999504089355,
        2.0239999294281006,
        1.9019999504089355,
        3.010999917984009,
        1.90500009059906,
        1.90500009059906,
        1.90500009059906,
        1.9079999923706055,
        2.3970000743865967,
        1.9079999923706055,
        1.9110000133514404,
        1.9110000133514404,
        1.277999997138977,
        1.9149999618530273,
        1.9149999618530273,
        1.9149999618530273,
        1.9149999618530273,
        1.9179999828338623,
        1.9179999828338623,
        1.9179999828338623,
        1.9210000038146973,
        1.9210000038146973,
        0.06499999761581421,
        1.9249999523162842,
        2.4130001068115234,
        1.9279999732971191,
        1.930999994277954,
        1.930999994277954,
        1.934000015258789,
        1.934000015258789,
        1.937999963760376,
        1.937999963760376,
        1.9410001039505005,
        0.07499999552965164,
        1.944000005722046,
        1.944000005722046,
        1.9470000267028809,
        0.07799999415874481,
        1.9509999752044678,
        1.9509999752044678,
        1.9539999961853027,
        1.9539999961853027,
        1.9570000171661377,
        0.08500000834465027,
        1.959999918937683,
        1.959999918937683,
        1.9639999866485596,
        1.9639999866485596,
        1.9670000076293945,
        1.9670000076293945,
        1.9670000076293945,
        1.9700000286102295,
        1.36899995803833,
        1.9739999771118164,
        1.9739999771118164,
        1.9769999980926514,
        1.9769999980926514,
        2.446000099182129,
        1.9800000190734863,
        1.9830000400543213,
        2.0789999961853027,
        1.9869999885559082,
        1.9869999885559082,
        1.9900000095367432,
        1.9900000095367432,
        1.9930000305175781,
        1.9930000305175781,
        1.9959999322891235,
        1.3849999904632568,
        2.0
    ],
    "Generations needed": 23,
    "Population 1": 202.44500732421875,
    "Population 10": 1762.2650146484375,
    "Population 11": 2314.60498046875,
    "Population 12": 2642.8798828125,
    "Population 13": 2562.81494140625,
    "Population 14": 2541.5048828125,
    "Population 15": 3058.445068359375,
    "Population 16": 3302.844970703125,
    "Population 17": 3393.909912109375,
    "Population 18": 3356.64990234375,
    "Population 19": 3782.195068359375,
    "Population 2": 871.6400146484375,
    "Population 20": 3643.4150390625,
    "Population 21": 3917.179931640625,
    "Population 22": 4113.02001953125,
    "Population 3": 1431.030029296875,
    "Population 4": 1452.739990234375,
    "Population 5": 1702.0899658203125,
    "Population 6": 1745.4849853515625,
    "Population 7": 1772.324951171875,
    "Population 8": 1763.8599853515625,
    "Population 9": 1730.114990234375,
    "start": "today"
}
