{
    "Champ at 1": 887.0,
    "Champ at 10": 1846.0,
    "Champ at 11": 2868.0,
    "Champ at 12": 2935.0,
    "Champ at 13": 2935.0,
    "Champ at 14": 2935.0,
    "Champ at 15": 2935.0,
    "Champ at 16": 3901.0,
    "Champ at 17": 4983.0,
    "Champ at 18": 5123.0,
    "Champ at 2": 1252.0,
    "Champ at 3": 1282.0,
    "Champ at 4": 1282.0,
    "Champ at 5": 1282.0,
    "Champ at 6": 1282.0,
    "Champ at 7": 1282.0,
    "Champ at 8": 1282.0,
    "Champ at 9": 1282.0,
    "ChampFitness": 5123.0,
    "ChampInputs": [
        1.8790000677108765,
        1.8830000162124634,
        1.8830000162124634,
        1.8860000371932983,
        1.8930000066757202,
        1.8960000276565552,
        1.8960000276565552,
        0.527999997138977,
        1.9019999504089355,
        0.28999999165534973,
        0.6159999966621399,
        1.9089999198913574,
        1.9089999198913574,
        1.912000060081482,
        1.912000060081482,
        1.9149999618530273,
        1.9190000295639038,
        3.4730000495910645,
        1.9220000505447388,
        1.9220000505447388,
        1.9249999523162842,
        1.9249999523162842,
        1.9279999732971191,
        1.9320000410079956,
        1.9320000410079956,
        3.552000045776367,
        1.934999942779541,
        1.937999963760376,
        1.937999963760376,
        1.9410001039505005,
        1.9410001039505005,
        1.9449999332427979,
        1.9480000734329224,
        3.3550000190734863,
        1.9509999752044678,
        1.9509999752044678,
        1.9550000429153442,
        1.9550000429153442,
        1.9580000638961792,
        1.9580000638961792,
        1.9609999656677246,
        0.6060000061988831,
        1.9639999866485596,
        1.9639999866485596,
        1.9679999351501465,
        1.9679999351501465,
        1.9709999561309814,
        1.9709999561309814,
        1.9739999771118164,
        1.9769999980926514,
        1.9769999980926514,
        1.9809999465942383,
        1.9840000867843628,
        1.9840000867843628,
        0.6580000519752502,
        1.9869999885559082,
        1.9900000095367432,
        1.9900000095367432,
        1.99399995803833,
        1.996999979019165,
        1.996999979019165,
        2.0,
        2.0,
        2.009999990463257,
        2.009999990463257,
        2.013000011444092,
        2.0169999599456787,
        2.0169999599456787,
        2.0199999809265137,
        2.0199999809265137,
        2.0230000019073486,
        2.0299999713897705,
        0.6779999732971191,
        2.0329999923706055,
        2.0360000133514404,
        2.0360000133514404,
        2.0390000343322754,
        2.0429999828338623,
        2.0429999828338623,
        0.5999999642372131,
        2.0490000247955322,
        2.055999994277954,
        2.059000015258789,
        2.059000015258789,
        2.062000036239624,
        2.062000036239624,
        2.065999984741211,
        2.065999984741211,
        2.069000005722046,
        2.069000005722046,
        2.072000026702881,
        2.072000026702881,
        2.075000047683716,
        2.075000047683716,
        2.0789999961853027,
        2.0789999961853027,
        2.0820000171661377,
        2.0850000381469727,
        2.124000072479248,
        2.128000020980835
    ],
    "Generations needed": 19,
    "Population 1": 201.06500244140625,
    "Population 10": 1137.18994140625,
    "Population 11": 1792.2950439453125,
    "Population 12": 2539.260009765625,
    "Population 13": 2563.56494140625,
    "Population 14": 2465.135009765625,
    "Population 15": 2511.93994140625,
    "Population 16": 2554.544921875,
    "Population 17": 3368.425048828125,
    "Population 18": 4005.659912109375,
    "Population 2": 853.7650146484375,
    "Population 3": 1186.56005859375,
    "Population 4": 1231.56494140625,
    "Population 5": 1209.3349609375,
    "Population 6": 1214.8349609375,
    "Population 7": 1124.125,
    "Population 8": 1182.1650390625,
    "Population 9": 1172.2149658203125,
    "start": "today"
}
