{
    "Champ at 1": 829.0,
    "Champ at 10": 3293.0,
    "Champ at 11": 3586.0,
    "Champ at 12": 3886.0,
    "Champ at 13": 3959.0,
    "Champ at 14": 4610.0,
    "Champ at 15": 4983.0,
    "Champ at 16": 4983.0,
    "Champ at 17": 4983.0,
    "Champ at 18": 4983.0,
    "Champ at 19": 4983.0,
    "Champ at 2": 1249.0,
    "Champ at 20": 5168.0,
    "Champ at 3": 1714.0,
    "Champ at 4": 1855.0,
    "Champ at 5": 1911.0,
    "Champ at 6": 2273.0,
    "Champ at 7": 2858.0,
    "Champ at 8": 2935.0,
    "Champ at 9": 2935.0,
    "ChampFitness": 5168.0,
    "ChampInputs": [
        1.8629999160766602,
        1.8659999370574951,
        1.8659999370574951,
        1.8659999370574951,
        1.8700001239776611,
        1.8700001239776611,
        2.5880000591278076,
        1.872999906539917,
        1.872999906539917,
        3.3590002059936523,
        1.8760000467300415,
        1.7120001316070557,
        2.009999990463257,
        1.8760000467300415,
        2.432000160217285,
        1.8790000677108765,
        1.8790000677108765,
        1.0520000457763672,
        1.8830000162124634,
        1.8830000162124634,
        1.8860000371932983,
        2.11299991607666,
        1.8860000371932983,
        2.6480002403259277,
        0.7919999957084656,
        1.8889999389648438,
        1.8889999389648438,
        1.8919999599456787,
        1.8919999599456787,
        1.8919999599456787,
        1.8960000276565552,
        1.8960000276565552,
        0.3970000147819519,
        3.0190000534057617,
        1.8989999294281006,
        0.6700000166893005,
        1.9019999504089355,
        1.9019999504089355,
        1.9019999504089355,
        1.90500009059906,
        1.90500009059906,
        1.90500009059906,
        0.16300000250339508,
        3.0279998779296875,
        1.9089999198913574,
        1.9089999198913574,
        1.912000060081482,
        1.912000060081482,
        3.3989999294281006,
        1.9149999618530273,
        1.9149999618530273,
        1.9149999618530273,
        1.9179999828338623,
        1.9179999828338623,
        2.4709999561309814,
        0.6899999976158142,
        1.9220000505447388,
        1.9220000505447388,
        1.7579998970031738,
        1.9249999523162842,
        1.093999981880188,
        1.9249999523162842,
        1.9279999732971191,
        1.9279999732971191,
        1.9279999732971191,
        1.9320000410079956,
        1.9320000410079956,
        1.9320000410079956,
        1.9320000410079956,
        1.934999942779541,
        1.934999942779541,
        1.934999942779541,
        1.937999963760376,
        1.937999963760376,
        1.937999963760376,
        2.490999937057495,
        1.9410001039505005,
        1.9410001039505005,
        1.9449999332427979,
        1.9449999332427979,
        1.9449999332427979,
        0.7120000123977661,
        1.9480000734329224,
        1.7839999198913574,
        1.9480000734329224,
        1.9509999752044678,
        1.9509999752044678,
        1.9509999752044678,
        1.7910001277923584,
        0.8539999723434448,
        2.504000186920166,
        1.9580000638961792,
        1.9580000638961792,
        1.9580000638961792,
        1.9580000638961792,
        1.9609999656677246,
        1.9609999656677246,
        1.9609999656677246,
        0.7319999933242798,
        1.9639999866485596
    ],
    "Generations needed": 21,
    "Population 1": 198.64500427246094,
    "Population 10": 2665.425048828125,
    "Population 11": 2893.2099609375,
    "Population 12": 3034.9951171875,
    "Population 13": 3393.135009765625,
    "Population 14": 3383.9599609375,
    "Population 15": 3676.39990234375,
    "Population 16": 3689.215087890625,
    "Population 17": 3952.169921875,
    "Population 18": 3910.68994140625,
    "Population 19": 4005.9951171875,
    "Population 2": 808.4299926757813,
    "Population 20": 4116.169921875,
    "Population 3": 1178.6949462890625,
    "Population 4": 1626.7750244140625,
    "Population 5": 1716.81005859375,
    "Population 6": 1747.3599853515625,
    "Population 7": 2051.89990234375,
    "Population 8": 2521.7451171875,
    "Population 9": 2692.14990234375,
    "start": "today"
}
