{
    "Champ at 1": 887.0,
    "Champ at 10": 2935.0,
    "Champ at 11": 3300.0,
    "Champ at 12": 3898.0,
    "Champ at 13": 3959.0,
    "Champ at 14": 3959.0,
    "Champ at 15": 3959.0,
    "Champ at 16": 3959.0,
    "Champ at 17": 4906.0,
    "Champ at 18": 4925.0,
    "Champ at 19": 5148.0,
    "Champ at 2": 887.0,
    "Champ at 3": 887.0,
    "Champ at 4": 1249.0,
    "Champ at 5": 1854.0,
    "Champ at 6": 1855.0,
    "Champ at 7": 1911.0,
    "Champ at 8": 2291.0,
    "Champ at 9": 2423.0,
    "ChampFitness": 5148.0,
    "ChampInputs": [
        1.8919999599456787,
        1.8919999599456787,
        1.8919999599456787,
        1.8949999809265137,
        1.8949999809265137,
        1.8949999809265137,
        1.8989999294281006,
        0.4520000219345093,
        1.8989999294281006,
        1.1010000705718994,
        1.9019999504089355,
        1.9019999504089355,
        0.003999999724328518,
        1.90500009059906,
        1.90500009059906,
        1.9639999866485596,
        1.9079999923706055,
        1.9079999923706055,
        0.8169999718666077,
        1.912000060081482,
        1.912000060081482,
        3.0349998474121094,
        0.8340000510215759,
        0.8340000510215759,
        1.9149999618530273,
        1.9149999618530273,
        1.9179999828338623,
        1.9179999828338623,
        0.4729999899864197,
        1.9220000505447388,
        2.863999843597412,
        0.21799999475479126,
        1.9220000505447388,
        1.9249999523162842,
        1.9249999523162842,
        1.9249999523162842,
        1.9279999732971191,
        3.1570000648498535,
        1.9279999732971191,
        1.930999994277954,
        1.930999994277954,
        1.930999994277954,
        1.930999994277954,
        0.3149999976158142,
        1.934999942779541,
        1.7540000677108765,
        3.077000141143799,
        1.937999963760376,
        1.937999963760376,
        1.9410001039505005,
        1.9410001039505005,
        1.9410001039505005,
        1.944000005722046,
        1.1430000066757202,
        1.944000005722046,
        1.944000005722046,
        1.9480000734329224,
        3.0959999561309814,
        1.9480000734329224,
        1.9509999752044678,
        2.9030001163482666,
        1.9509999752044678,
        1.9539999961853027,
        1.9539999961853027,
        1.9539999961853027,
        1.9570000171661377,
        1.9570000171661377,
        1.9570000171661377,
        1.9570000171661377,
        2.9130001068115234,
        1.9609999656677246,
        1.9609999656677246,
        1.9639999866485596,
        1.9639999866485596,
        1.9639999866485596,
        1.9670000076293945,
        0.5189999938011169,
        1.9670000076293945,
        1.9670000076293945,
        1.9700000286102295,
        1.9700000286102295,
        1.9700000286102295,
        1.9739999771118164,
        1.9739999771118164,
        0.3610000014305115,
        1.9769999980926514,
        1.9769999980926514,
        1.9769999980926514,
        1.9800000190734863,
        1.9800000190734863,
        1.9800000190734863,
        1.9800000190734863,
        1.9840000867843628,
        1.9840000867843628,
        1.9840000867843628,
        1.9869999885559082,
        1.9869999885559082,
        1.9869999885559082,
        1.1859999895095825,
        1.9900000095367432
    ],
    "Generations needed": 20,
    "Population 1": 195.66000366210938,
    "Population 10": 2226.89990234375,
    "Population 11": 2433.659912109375,
    "Population 12": 2818.155029296875,
    "Population 13": 3223.574951171875,
    "Population 14": 3290.7451171875,
    "Population 15": 3247.405029296875,
    "Population 16": 3052.344970703125,
    "Population 17": 3299.455078125,
    "Population 18": 3648.10009765625,
    "Population 19": 3698.235107421875,
    "Population 2": 849.4500122070313,
    "Population 3": 855.7349853515625,
    "Population 4": 860.6699829101563,
    "Population 5": 1191.4549560546875,
    "Population 6": 1675.9000244140625,
    "Population 7": 1673.0699462890625,
    "Population 8": 1742.8800048828125,
    "Population 9": 1982.280029296875,
    "start": "today"
}
