{
    "Champ at 1": 826.0,
    "Champ at 10": 2306.0,
    "Champ at 11": 2935.0,
    "Champ at 12": 2935.0,
    "Champ at 13": 2935.0,
    "Champ at 14": 2935.0,
    "Champ at 15": 2935.0,
    "Champ at 16": 3586.0,
    "Champ at 17": 3895.0,
    "Champ at 18": 3959.0,
    "Champ at 19": 3959.0,
    "Champ at 2": 829.0,
    "Champ at 20": 3959.0,
    "Champ at 21": 3959.0,
    "Champ at 22": 4786.0,
    "Champ at 23": 4983.0,
    "Champ at 24": 5115.0,
    "Champ at 3": 887.0,
    "Champ at 4": 887.0,
    "Champ at 5": 1283.0,
    "Champ at 6": 1283.0,
    "Champ at 7": 1911.0,
    "Champ at 8": 1911.0,
    "Champ at 9": 2293.0,
    "ChampFitness": 5115.0,
    "ChampInputs": [
        1.8559999465942383,
        1.8559999465942383,
        1.8589999675750732,
        1.8589999675750732,
        1.8619999885559082,
        1.8619999885559082,
        3.2290000915527344,
        1.8659999370574951,
        1.8659999370574951,
        0.8030000329017639,
        1.8690000772476196,
        1.8690000772476196,
        1.871999979019165,
        1.871999979019165,
        1.875,
        1.875,
        0.9440000057220459,
        1.8790000677108765,
        0.6729999780654907,
        1.8819999694824219,
        2.171999931335449,
        1.8849999904632568,
        1.8880000114440918,
        1.8880000114440918,
        1.8880000114440918,
        3.1589999198913574,
        1.8919999599456787,
        1.8949999809265137,
        1.8949999809265137,
        1.8980000019073486,
        1.8980000019073486,
        0.32499998807907104,
        0.23000000417232513,
        1.9010000228881836,
        1.90500009059906,
        3.13100004196167,
        1.9079999923706055,
        1.9079999923706055,
        1.9079999923706055,
        0.6959999799728394,
        1.9110000133514404,
        1.9140000343322754,
        0.10899999737739563,
        1.4859999418258667,
        1.9179999828338623,
        1.9210000038146973,
        0.5460000038146973,
        1.9239999055862427,
        1.9239999055862427,
        1.9239999055862427,
        1.9279999732971191,
        1.9279999732971191,
        2.4749999046325684,
        1.930999994277954,
        1.934000015258789,
        1.934000015258789,
        1.934000015258789,
        7.409999847412109,
        1.937000036239624,
        0.5590000152587891,
        0.3610000014305115,
        1.944000005722046,
        1.944000005722046,
        1.944000005722046,
        1.9470000267028809,
        1.9470000267028809,
        1.9499999284744263,
        1.9499999284744263,
        1.9499999284744263,
        1.9539999961853027,
        1.9539999961853027,
        1.9570000171661377,
        1.9570000171661377,
        1.959999918937683,
        1.959999918937683,
        1.9630000591278076,
        1.9630000591278076,
        1.9670000076293945,
        0.3840000033378601,
        1.9670000076293945,
        1.9700000286102295,
        1.9700000286102295,
        1.9730000495910645,
        1.9730000495910645,
        1.9769999980926514,
        2.2339999675750732,
        1.9769999980926514,
        1.9800000190734863,
        1.9800000190734863,
        1.9830000400543213,
        1.9830000400543213,
        1.9830000400543213,
        1.9859999418258667,
        1.9859999418258667,
        1.9900000095367432,
        1.9900000095367432,
        1.9900000095367432,
        1.9930000305175781,
        1.9930000305175781,
        1.9959999322891235
    ],
    "Generations needed": 25,
    "Population 1": 199.33999633789063,
    "Population 10": 2036.5999755859375,
    "Population 11": 2020.094970703125,
    "Population 12": 2553.409912109375,
    "Population 13": 2628.93994140625,
    "Population 14": 2568.135009765625,
    "Population 15": 2554.7099609375,
    "Population 16": 2673.93505859375,
    "Population 17": 3155.425048828125,
    "Population 18": 3165.3349609375,
    "Population 19": 3398.050048828125,
    "Population 2": 803.85498046875,
    "Population 20": 3192.93505859375,
    "Population 21": 3327.820068359375,
    "Population 22": 3344.014892578125,
    "Population 23": 3807.635009765625,
    "Population 24": 3832.39990234375,
    "Population 3": 796.280029296875,
    "Population 4": 856.625,
    "Population 5": 872.375,
    "Population 6": 1204.4300537109375,
    "Population 7": 1230.824951171875,
    "Population 8": 1748.43505859375,
    "Population 9": 1794.6800537109375,
    "start": "today"
}
