{
    "Champ at 1": 812.0,
    "Champ at 10": 1282.0,
    "Champ at 11": 1756.0,
    "Champ at 12": 1911.0,
    "Champ at 13": 1911.0,
    "Champ at 14": 1911.0,
    "Champ at 15": 2285.0,
    "Champ at 16": 2935.0,
    "Champ at 17": 2935.0,
    "Champ at 18": 3332.0,
    "Champ at 19": 3586.0,
    "Champ at 2": 887.0,
    "Champ at 20": 3959.0,
    "Champ at 21": 3959.0,
    "Champ at 22": 3959.0,
    "Champ at 23": 3959.0,
    "Champ at 24": 3959.0,
    "Champ at 25": 4916.0,
    "Champ at 26": 5154.0,
    "Champ at 3": 887.0,
    "Champ at 4": 1246.0,
    "Champ at 5": 1282.0,
    "Champ at 6": 1282.0,
    "Champ at 7": 1282.0,
    "Champ at 8": 1282.0,
    "Champ at 9": 1282.0,
    "ChampFitness": 5154.0,
    "ChampInputs": [
        1.8199999332427979,
        1.8199999332427979,
        1.8229999542236328,
        1.8229999542236328,
        1.8269999027252197,
        1.8269999027252197,
        2.9120001792907715,
        1.8299999237060547,
        0.49400001764297485,
        0.5680000185966492,
        1.8359999656677246,
        1.8359999656677246,
        1.840000033378601,
        1.840000033378601,
        1.843000054359436,
        2.375999927520752,
        2.682000160217285,
        1.850000023841858,
        1.8529999256134033,
        3.0970001220703125,
        1.8559999465942383,
        1.8589999675750732,
        1.8589999675750732,
        1.8629999160766602,
        1.8629999160766602,
        1.2289999723434448,
        1.8690000772476196,
        1.871999979019165,
        2.052999973297119,
        1.8760000467300415,
        0.5400000214576721,
        1.8790000677108765,
        1.8819999694824219,
        1.8849999904632568,
        3.0180001258850098,
        1.8889999389648438,
        1.8919999599456787,
        1.1180000305175781,
        1.8949999809265137,
        1.8980000019073486,
        1.2450000047683716,
        1.8980000019073486,
        1.9019999504089355,
        3.3289999961853027,
        1.90500009059906,
        1.90500009059906,
        1.9079999923706055,
        1.912000060081482,
        1.912000060081482,
        1.9149999618530273,
        1.9179999828338623,
        1.9179999828338623,
        1.568000078201294,
        1.9249999523162842,
        1.9279999732971191,
        1.9279999732971191,
        1.930999994277954,
        1.934000015258789,
        1.5750000476837158,
        1.937999963760376,
        1.9410001039505005,
        1.9410001039505005,
        1.944000005722046,
        1.9470000267028809,
        8.295999526977539,
        1.1540000438690186,
        1.9509999752044678,
        1.9539999961853027,
        1.9539999961853027,
        1.9570000171661377,
        1.9570000171661377,
        1.9570000171661377,
        1.9609999656677246,
        1.9609999656677246,
        1.9639999866485596,
        7.6660003662109375,
        1.9670000076293945,
        7.669000148773193,
        1.9700000286102295,
        1.9700000286102295,
        1.9700000286102295,
        1.9739999771118164,
        1.9739999771118164,
        1.9769999980926514,
        1.9769999980926514,
        1.9800000190734863,
        1.9800000190734863,
        1.9830000400543213,
        1.9830000400543213,
        1.9830000400543213,
        1.9869999885559082,
        1.9869999885559082,
        1.9900000095367432,
        1.9900000095367432,
        1.9930000305175781,
        1.9930000305175781,
        1.9930000305175781,
        1.9959999322891235,
        1.9959999322891235,
        2.0
    ],
    "Generations needed": 27,
    "Population 1": 200.90499877929688,
    "Population 10": 1144.7449951171875,
    "Population 11": 1149.219970703125,
    "Population 12": 1612.22998046875,
    "Population 13": 1796.6400146484375,
    "Population 14": 1676.175048828125,
    "Population 15": 1721.9599609375,
    "Population 16": 2137.655029296875,
    "Population 17": 2655.4150390625,
    "Population 18": 2534.614990234375,
    "Population 19": 2887.81005859375,
    "Population 2": 777.4849853515625,
    "Population 20": 3025.550048828125,
    "Population 21": 3328.175048828125,
    "Population 22": 3363.68505859375,
    "Population 23": 3192.85498046875,
    "Population 24": 3323.260009765625,
    "Population 25": 3244.014892578125,
    "Population 26": 3778.514892578125,
    "Population 3": 862.5599975585938,
    "Population 4": 866.530029296875,
    "Population 5": 1179.72998046875,
    "Population 6": 1245.4849853515625,
    "Population 7": 1203.1600341796875,
    "Population 8": 1210.625,
    "Population 9": 1142.9649658203125,
    "start": "today"
}
