{
    "Champ at 1": 887.0,
    "Champ at 10": 1911.0,
    "Champ at 11": 1911.0,
    "Champ at 12": 1911.0,
    "Champ at 13": 2308.0,
    "Champ at 14": 2562.0,
    "Champ at 15": 2935.0,
    "Champ at 16": 2935.0,
    "Champ at 17": 2935.0,
    "Champ at 18": 3054.0,
    "Champ at 19": 3054.0,
    "Champ at 2": 1538.0,
    "Champ at 20": 3307.0,
    "Champ at 21": 3330.0,
    "Champ at 22": 3330.0,
    "Champ at 23": 3330.0,
    "Champ at 24": 3330.0,
    "Champ at 25": 3447.0,
    "Champ at 26": 3762.0,
    "Champ at 27": 3959.0,
    "Champ at 28": 4078.0,
    "Champ at 29": 4078.0,
    "Champ at 3": 1855.0,
    "Champ at 30": 4078.0,
    "Champ at 31": 4078.0,
    "Champ at 32": 4078.0,
    "Champ at 33": 4078.0,
    "Champ at 34": 4078.0,
    "Champ at 35": 4078.0,
    "Champ at 36": 4078.0,
    "Champ at 37": 4340.0,
    "Champ at 38": 4610.0,
    "Champ at 39": 4695.0,
    "Champ at 4": 1911.0,
    "Champ at 40": 4786.0,
    "Champ at 41": 4919.0,
    "Champ at 42": 4983.0,
    "Champ at 43": 4983.0,
    "Champ at 44": 4983.0,
    "Champ at 45": 4983.0,
    "Champ at 46": 4983.0,
    "Champ at 47": 4983.0,
    "Champ at 48": 4983.0,
    "Champ at 49": 4983.0,
    "Champ at 5": 1911.0,
    "Champ at 50": 4983.0,
    "Champ at 51": 4983.0,
    "Champ at 52": 4983.0,
    "Champ at 53": 4983.0,
    "Champ at 54": 4983.0,
    "Champ at 55": 4983.0,
    "Champ at 56": 4983.0,
    "Champ at 57": 4983.0,
    "Champ at 58": 5142.0,
    "Champ at 6": 1911.0,
    "Champ at 7": 1911.0,
    "Champ at 8": 1911.0,
    "Champ at 9": 1911.0,
    "ChampFitness": 5142.0,
    "ChampInputs": [
        1.8659999370574951,
        1.8690000772476196,
        1.9130001068115234,
        1.871999979019165,
        1.871999979019165,
        1.871999979019165,
        1.875,
        1.3370000123977661,
        1.875,
        2.4760000705718994,
        1.8790000677108765,
        1.8819999694824219,
        1.8819999694824219,
        1.8819999694824219,
        1.8849999904632568,
        3.1040000915527344,
        1.8849999904632568,
        1.8880000114440918,
        1.8880000114440918,
        1.8880000114440918,
        0.7249999642372131,
        1.8919999599456787,
        1.7890000343322754,
        1.8949999809265137,
        3.0859999656677246,
        1.374000072479248,
        1.4920001029968262,
        3.5299997329711914,
        1.9019999504089355,
        1.9019999504089355,
        1.9019999504089355,
        1.90500009059906,
        1.90500009059906,
        1.2170000076293945,
        0.01900000125169754,
        1.9079999923706055,
        1.9110000133514404,
        1.9110000133514404,
        1.9110000133514404,
        2.633999824523926,
        1.9149999618530273,
        1.334999918937683,
        3.068000078201294,
        1.9210000038146973,
        1.9210000038146973,
        9.156000137329102,
        1.9239999055862427,
        0.028999999165534973,
        1.930999994277954,
        1.930999994277954,
        8.32800006866455,
        1.934000015258789,
        1.399999976158142,
        1.9410001039505005,
        3.078000068664551,
        1.4030001163482666,
        1.9470000267028809,
        1.9470000267028809,
        1.9509999752044678,
        1.9509999752044678,
        1.9539999961853027,
        1.9539999961853027,
        1.9570000171661377,
        1.9570000171661377,
        3.0869998931884766,
        1.959999918937683,
        1.9639999866485596,
        1.9639999866485596,
        1.9639999866485596,
        3.0939998626708984,
        3.0970001220703125,
        1.9700000286102295,
        1.9700000286102295,
        1.9730000495910645,
        1.9730000495910645,
        1.9769999980926514,
        1.9800000190734863,
        1.9800000190734863,
        1.9830000400543213,
        3.2940001487731934,
        1.9859999418258667,
        7.4079999923706055,
        1.409000039100647,
        1.9900000095367432,
        1.9930000305175781,
        1.9930000305175781,
        1.9959999322891235,
        1.9959999322891235,
        2.0,
        2.0,
        0.07100000232458115,
        2.003000020980835,
        2.554999828338623,
        2.009000062942505,
        2.009000062942505,
        0.8389999866485596,
        2.013000011444092,
        2.0160000324249268,
        2.0160000324249268,
        2.0190000534057617
    ],
    "Generations needed": 59,
    "Population 1": 199.9550018310547,
    "Population 10": 1752.8050537109375,
    "Population 11": 1810.6949462890625,
    "Population 12": 1799.0550537109375,
    "Population 13": 1733.5799560546875,
    "Population 14": 2136.304931640625,
    "Population 15": 2209.2548828125,
    "Population 16": 2508.135009765625,
    "Population 17": 2578.735107421875,
    "Population 18": 2560.905029296875,
    "Population 19": 2667.139892578125,
    "Population 2": 878.9949951171875,
    "Population 20": 2696.89990234375,
    "Population 21": 2834.030029296875,
    "Population 22": 2779.284912109375,
    "Population 23": 2769.969970703125,
    "Population 24": 2905.02001953125,
    "Population 25": 2900.18994140625,
    "Population 26": 2826.715087890625,
    "Population 27": 3225.590087890625,
    "Population 28": 3363.925048828125,
    "Population 29": 3448.949951171875,
    "Population 3": 1458.050048828125,
    "Population 30": 3400.510009765625,
    "Population 31": 3404.2099609375,
    "Population 32": 3498.860107421875,
    "Population 33": 3315.5400390625,
    "Population 34": 3299.705078125,
    "Population 35": 3378.929931640625,
    "Population 36": 3464.635009765625,
    "Population 37": 3319.195068359375,
    "Population 38": 3614.544921875,
    "Population 39": 3555.955078125,
    "Population 4": 1714.1600341796875,
    "Population 40": 3905.804931640625,
    "Population 41": 3774.56005859375,
    "Population 42": 4006.929931640625,
    "Population 43": 3897.06494140625,
    "Population 44": 4226.15478515625,
    "Population 45": 4121.53515625,
    "Population 46": 4007.985107421875,
    "Population 47": 3934.465087890625,
    "Population 48": 3922.070068359375,
    "Population 49": 4048.97509765625,
    "Population 5": 1757.510009765625,
    "Population 50": 3976.455078125,
    "Population 51": 3870.72998046875,
    "Population 52": 4079.610107421875,
    "Population 53": 4026.034912109375,
    "Population 54": 4031.89990234375,
    "Population 55": 4031.074951171875,
    "Population 56": 3921.264892578125,
    "Population 57": 3950.215087890625,
    "Population 58": 3920.949951171875,
    "Population 6": 1747.4449462890625,
    "Population 7": 1771.9849853515625,
    "Population 8": 1785.3349609375,
    "Population 9": 1726.6700439453125,
    "start": "today"
}
