{
    "Champ at 1": 887.0,
    "Champ at 10": 2279.0,
    "Champ at 11": 2877.0,
    "Champ at 12": 2935.0,
    "Champ at 13": 3586.0,
    "Champ at 14": 3959.0,
    "Champ at 15": 4610.0,
    "Champ at 16": 4915.0,
    "Champ at 17": 4983.0,
    "Champ at 18": 4983.0,
    "Champ at 19": 4983.0,
    "Champ at 2": 1274.0,
    "Champ at 20": 4983.0,
    "Champ at 21": 4983.0,
    "Champ at 22": 4983.0,
    "Champ at 23": 4983.0,
    "Champ at 24": 4983.0,
    "Champ at 25": 4983.0,
    "Champ at 26": 5137.0,
    "Champ at 3": 1538.0,
    "Champ at 4": 1855.0,
    "Champ at 5": 1911.0,
    "Champ at 6": 1911.0,
    "Champ at 7": 1911.0,
    "Champ at 8": 1911.0,
    "Champ at 9": 1911.0,
    "ChampFitness": 5137.0,
    "ChampInputs": [
        1.8650000095367432,
        1.8680000305175781,
        1.8680000305175781,
        1.8680000305175781,
        1.9499999284744263,
        1.8709999322891235,
        1.8709999322891235,
        1.0800000429153442,
        1.8739999532699585,
        0.18400000035762787,
        1.8739999532699585,
        2.3589999675750732,
        1.878000020980835,
        1.878000020980835,
        1.8809999227523804,
        0.19099998474121094,
        1.8809999227523804,
        2.5979998111724854,
        1.8840000629425049,
        1.8840000629425049,
        2.998000144958496,
        1.8880000114440918,
        1.8880000114440918,
        1.8880000114440918,
        1.8910000324249268,
        1.8910000324249268,
        1.3389999866485596,
        1.8940000534057617,
        1.8940000534057617,
        0.5090000033378601,
        1.8970000743865967,
        1.8970000743865967,
        1.8970000743865967,
        1.9010000228881836,
        1.9010000228881836,
        2.552000045776367,
        2.2220001220703125,
        1.9040000438690186,
        2.4049999713897705,
        1.9040000438690186,
        1.906999945640564,
        1.906999945640564,
        1.906999945640564,
        3.061000108718872,
        1.909999966621399,
        1.909999966621399,
        1.909999966621399,
        1.9140000343322754,
        1.9140000343322754,
        0.527999997138977,
        1.9169999361038208,
        1.9169999361038208,
        1.9169999361038208,
        1.9200000762939453,
        3.0739998817443848,
        3.0309998989105225,
        1.9230000972747803,
        5.390999794006348,
        1.9230000972747803,
        1.9230000972747803,
        1.9270000457763672,
        1.9270000457763672,
        1.9270000457763672,
        1.9300000667572021,
        1.9300000667572021,
        1.9300000667572021,
        1.9329999685287476,
        1.9329999685287476,
        1.9329999685287476,
        1.937000036239624,
        1.937000036239624,
        1.937000036239624,
        1.937000036239624,
        1.940000057220459,
        1.940000057220459,
        1.940000057220459,
        1.9429999589920044,
        1.9429999589920044,
        1.9429999589920044,
        1.9459999799728394,
        1.9459999799728394,
        1.9459999799728394,
        1.9459999799728394,
        1.9499999284744263,
        1.9499999284744263,
        1.9499999284744263,
        1.9529999494552612,
        1.9529999494552612,
        1.9529999494552612,
        2.4539999961853027,
        1.9560000896453857,
        1.9560000896453857,
        1.9589998722076416,
        1.9589998722076416,
        1.9589998722076416,
        1.9589998722076416,
        1.9630000591278076,
        1.4240000247955322,
        1.9630000591278076,
        1.9660000801086426
    ],
    "Generations needed": 27,
    "Population 1": 202.44000244140625,
    "Population 10": 1737.25,
    "Population 11": 2016.1949462890625,
    "Population 12": 2539.364990234375,
    "Population 13": 2606.14990234375,
    "Population 14": 3108.56005859375,
    "Population 15": 3337.5400390625,
    "Population 16": 3829.1298828125,
    "Population 17": 3894.699951171875,
    "Population 18": 3940.094970703125,
    "Population 19": 3832.52001953125,
    "Population 2": 880.9600219726563,
    "Population 20": 3804.344970703125,
    "Population 21": 3834.52490234375,
    "Population 22": 4017.510009765625,
    "Population 23": 3679.010009765625,
    "Population 24": 3815.919921875,
    "Population 25": 3627.35498046875,
    "Population 26": 3995.77490234375,
    "Population 3": 1218.60498046875,
    "Population 4": 1443.5450439453125,
    "Population 5": 1702.0550537109375,
    "Population 6": 1750.1199951171875,
    "Population 7": 1764.405029296875,
    "Population 8": 1758.0050048828125,
    "Population 9": 1670.1650390625,
    "start": "today"
}
