{
    "Champ at 1": 887.0,
    "Champ at 10": 2562.0,
    "Champ at 11": 2562.0,
    "Champ at 12": 2647.0,
    "Champ at 13": 2647.0,
    "Champ at 14": 2647.0,
    "Champ at 15": 2647.0,
    "Champ at 16": 2647.0,
    "Champ at 17": 2647.0,
    "Champ at 18": 2647.0,
    "Champ at 19": 2647.0,
    "Champ at 2": 1252.0,
    "Champ at 20": 2647.0,
    "Champ at 21": 2647.0,
    "Champ at 22": 2647.0,
    "Champ at 23": 2647.0,
    "Champ at 24": 2647.0,
    "Champ at 25": 2647.0,
    "Champ at 26": 2738.0,
    "Champ at 27": 2874.0,
    "Champ at 28": 2935.0,
    "Champ at 29": 2935.0,
    "Champ at 3": 1714.0,
    "Champ at 30": 2935.0,
    "Champ at 31": 2935.0,
    "Champ at 32": 2935.0,
    "Champ at 33": 2935.0,
    "Champ at 34": 2935.0,
    "Champ at 35": 3054.0,
    "Champ at 36": 3054.0,
    "Champ at 37": 3054.0,
    "Champ at 38": 3897.0,
    "Champ at 39": 3897.0,
    "Champ at 4": 1714.0,
    "Champ at 40": 3959.0,
    "Champ at 41": 4342.0,
    "Champ at 42": 4786.0,
    "Champ at 43": 4786.0,
    "Champ at 44": 4786.0,
    "Champ at 45": 4786.0,
    "Champ at 46": 4983.0,
    "Champ at 47": 4983.0,
    "Champ at 48": 4983.0,
    "Champ at 49": 5132.0,
    "Champ at 5": 1714.0,
    "Champ at 6": 1911.0,
    "Champ at 7": 2268.0,
    "Champ at 8": 2503.0,
    "Champ at 9": 2562.0,
    "ChampFitness": 5132.0,
    "ChampInputs": [
        1.878000020980835,
        1.878000020980835,
        1.8809999227523804,
        1.8809999227523804,
        1.8849999904632568,
        1.8849999904632568,
        2.492000102996826,
        1.8880000114440918,
        3.4749999046325684,
        1.5789999961853027,
        1.8910000324249268,
        1.8910000324249268,
        1.8940000534057617,
        1.8940000534057617,
        2.690000057220459,
        1.8980000019073486,
        1.5850000381469727,
        1.0829999446868896,
        1.5880000591278076,
        1.2899999618530273,
        3.496999979019165,
        1.2760000228881836,
        1.9079999923706055,
        3.0180001258850098,
        2.4230000972747803,
        1.9140000343322754,
        1.9140000343322754,
        1.9169999361038208,
        1.9169999361038208,
        1.9169999361038208,
        1.9210000038146973,
        2.9079999923706055,
        1.9239999055862427,
        1.9239999055862427,
        0.6459999680519104,
        1.9270000457763672,
        1.9270000457763672,
        1.9300000667572021,
        1.9300000667572021,
        2.1389999389648438,
        2.615000009536743,
        1.934000015258789,
        1.937000036239624,
        1.937000036239624,
        2.621000051498413,
        1.940000057220459,
        1.940000057220459,
        1.9429999589920044,
        1.9429999589920044,
        2.5209999084472656,
        1.9470000267028809,
        1.9470000267028809,
        1.9499999284744263,
        1.9499999284744263,
        1.9529999494552612,
        1.9529999494552612,
        1.9560000896453857,
        1.9560000896453857,
        1.959999918937683,
        1.959999918937683,
        1.959999918937683,
        2.7360000610351563,
        1.9630000591278076,
        1.4030001163482666,
        1.9660000801086426,
        1.9660000801086426,
        1.9700000286102295,
        1.9700000286102295,
        1.9730000495910645,
        1.9730000495910645,
        1.9760000705718994,
        1.9760000705718994,
        1.9789999723434448,
        1.1649999618530273,
        1.9830000400543213,
        1.9830000400543213,
        1.9859999418258667,
        1.9859999418258667,
        1.9859999418258667,
        1.9889999628067017,
        1.9889999628067017,
        1.9920001029968262,
        1.9920001029968262,
        3.615000009536743,
        1.9959999322891235,
        2.9699997901916504,
        1.999000072479248,
        1.999000072479248,
        2.002000093460083,
        2.002000093460083,
        2.002000093460083,
        2.004999876022339,
        2.7649998664855957,
        2.009000062942505,
        2.009000062942505,
        2.0119998455047607,
        1.6629999876022339,
        2.0119998455047607,
        2.0149998664855957,
        7.8480000495910645
    ],
    "Generations needed": 50,
    "Population 1": 207.8000030517578,
    "Population 10": 2234.64501953125,
    "Population 11": 2280.989990234375,
    "Population 12": 2322.534912109375,
    "Population 13": 2413.719970703125,
    "Population 14": 2424.97998046875,
    "Population 15": 2322.050048828125,
    "Population 16": 2322.034912109375,
    "Population 17": 2371.02490234375,
    "Population 18": 2422.739990234375,
    "Population 19": 2343.9599609375,
    "Population 2": 861.9199829101563,
    "Population 20": 2355.43994140625,
    "Population 21": 2367.219970703125,
    "Population 22": 2321.205078125,
    "Population 23": 2406.264892578125,
    "Population 24": 2377.364990234375,
    "Population 25": 2331.235107421875,
    "Population 26": 2315.85009765625,
    "Population 27": 2478.969970703125,
    "Population 28": 2529.804931640625,
    "Population 29": 2650.614990234375,
    "Population 3": 1190.4150390625,
    "Population 30": 2641.610107421875,
    "Population 31": 2571.52490234375,
    "Population 32": 2606.010009765625,
    "Population 33": 2586.610107421875,
    "Population 34": 2557.72998046875,
    "Population 35": 2536.530029296875,
    "Population 36": 2719.010009765625,
    "Population 37": 2722.925048828125,
    "Population 38": 2671.554931640625,
    "Population 39": 3287.22509765625,
    "Population 4": 1599.125,
    "Population 40": 3226.179931640625,
    "Population 41": 3470.5048828125,
    "Population 42": 3562.139892578125,
    "Population 43": 3926.4599609375,
    "Population 44": 3929.60009765625,
    "Population 45": 3800.56005859375,
    "Population 46": 3867.530029296875,
    "Population 47": 4085.47998046875,
    "Population 48": 4006.705078125,
    "Population 49": 4160.625,
    "Population 5": 1568.9150390625,
    "Population 6": 1568.3349609375,
    "Population 7": 1724.675048828125,
    "Population 8": 2062.5400390625,
    "Population 9": 2314.909912109375,
    "start": "today"
}
