{
    "Champ at 1": 819.0,
    "Champ at 10": 2423.0,
    "Champ at 11": 2738.0,
    "Champ at 12": 2874.0,
    "Champ at 13": 2935.0,
    "Champ at 14": 2935.0,
    "Champ at 15": 3299.0,
    "Champ at 16": 3893.0,
    "Champ at 17": 3894.0,
    "Champ at 18": 3894.0,
    "Champ at 19": 4321.0,
    "Champ at 2": 819.0,
    "Champ at 20": 4610.0,
    "Champ at 21": 4610.0,
    "Champ at 22": 4610.0,
    "Champ at 23": 4857.0,
    "Champ at 24": 4857.0,
    "Champ at 25": 4983.0,
    "Champ at 26": 5126.0,
    "Champ at 3": 887.0,
    "Champ at 4": 887.0,
    "Champ at 5": 1246.0,
    "Champ at 6": 1832.0,
    "Champ at 7": 2277.0,
    "Champ at 8": 2306.0,
    "Champ at 9": 2306.0,
    "ChampFitness": 5126.0,
    "ChampInputs": [
        1.837999939918518,
        1.8420000076293945,
        1.8420000076293945,
        1.8420000076293945,
        1.84499990940094,
        1.84499990940094,
        2.7779998779296875,
        1.84499990940094,
        2.9190001487731934,
        1.8480000495910645,
        1.8480000495910645,
        1.8510000705718994,
        1.8510000705718994,
        1.8510000705718994,
        3.0399999618530273,
        1.7290000915527344,
        1.7330000400543213,
        3.5910000801086426,
        1.6429998874664307,
        2.009999990463257,
        1.8580000400543213,
        1.8610000610351563,
        1.8610000610351563,
        0.7010000348091125,
        1.8650000095367432,
        1.8650000095367432,
        1.0899999141693115,
        1.8680000305175781,
        1.8680000305175781,
        1.8680000305175781,
        1.8680000305175781,
        1.8709999322891235,
        2.7090001106262207,
        0.7919999957084656,
        1.8739999532699585,
        1.8739999532699585,
        1.8739999532699585,
        2.7149999141693115,
        0.7980000376701355,
        0.6660000085830688,
        1.8809999227523804,
        1.8809999227523804,
        2.7730000019073486,
        1.8809999227523804,
        1.8840000629425049,
        1.8840000629425049,
        2.9649999141693115,
        1.8870000839233398,
        1.8870000839233398,
        1.8870000839233398,
        1.8910000324249268,
        1.8910000324249268,
        2.9750001430511475,
        1.8910000324249268,
        1.8940000534057617,
        1.8940000534057617,
        2.075000047683716,
        1.8970000743865967,
        2.0789999961853027,
        1.8970000743865967,
        1.899999976158142,
        2.8299999237060547,
        1.899999976158142,
        1.899999976158142,
        2.741000175476074,
        1.9040000438690186,
        1.9040000438690186,
        1.906999945640564,
        1.906999945640564,
        2.0980000495910645,
        1.909999966621399,
        1.909999966621399,
        1.909999966621399,
        0.746999979019165,
        1.9130001068115234,
        1.9130001068115234,
        3.1410000324249268,
        1.9169999361038208,
        1.9169999361038208,
        3.6529998779296875,
        1.9200000762939453,
        1.9200000762939453,
        1.9200000762939453,
        1.9230000972747803,
        1.9230000972747803,
        1.9230000972747803,
        1.7049999237060547,
        1.9270000457763672,
        1.9270000457763672,
        1.9270000457763672,
        1.9300000667572021,
        1.9300000667572021,
        1.9300000667572021,
        1.9329999685287476,
        1.9329999685287476,
        1.9329999685287476,
        1.9329999685287476,
        1.9359999895095825,
        6.665999889373779,
        1.9359999895095825
    ],
    "Generations needed": 27,
    "Population 1": 204.9199981689453,
    "Population 10": 2156.8701171875,
    "Population 11": 2194.9951171875,
    "Population 12": 2509.580078125,
    "Population 13": 2537.25,
    "Population 14": 2551.699951171875,
    "Population 15": 2570.419921875,
    "Population 16": 2877.75,
    "Population 17": 3155.125,
    "Population 18": 3184.10498046875,
    "Population 19": 3263.7548828125,
    "Population 2": 798.510009765625,
    "Population 20": 3579.715087890625,
    "Population 21": 3851.294921875,
    "Population 22": 3662.125,
    "Population 23": 3838.260009765625,
    "Population 24": 3848.715087890625,
    "Population 25": 3868.9599609375,
    "Population 26": 3999.239990234375,
    "Population 3": 801.02001953125,
    "Population 4": 865.375,
    "Population 5": 851.844970703125,
    "Population 6": 1216.0899658203125,
    "Population 7": 1723.9000244140625,
    "Population 8": 2039.4599609375,
    "Population 9": 2122.68994140625,
    "start": "today"
}
