{
    "Champ at 1": 887.0,
    "Champ at 10": 2738.0,
    "Champ at 11": 2738.0,
    "Champ at 12": 2738.0,
    "Champ at 13": 2738.0,
    "Champ at 14": 2738.0,
    "Champ at 15": 2738.0,
    "Champ at 16": 2738.0,
    "Champ at 17": 2738.0,
    "Champ at 18": 2935.0,
    "Champ at 19": 2935.0,
    "Champ at 2": 1251.0,
    "Champ at 20": 3447.0,
    "Champ at 21": 3522.0,
    "Champ at 22": 3586.0,
    "Champ at 23": 3586.0,
    "Champ at 24": 3671.0,
    "Champ at 25": 3671.0,
    "Champ at 26": 3671.0,
    "Champ at 27": 3671.0,
    "Champ at 28": 3671.0,
    "Champ at 29": 3762.0,
    "Champ at 3": 1282.0,
    "Champ at 30": 3959.0,
    "Champ at 31": 4786.0,
    "Champ at 32": 4786.0,
    "Champ at 33": 4983.0,
    "Champ at 34": 4983.0,
    "Champ at 35": 4983.0,
    "Champ at 36": 4983.0,
    "Champ at 37": 4983.0,
    "Champ at 38": 5157.0,
    "Champ at 4": 1282.0,
    "Champ at 5": 1714.0,
    "Champ at 6": 1755.0,
    "Champ at 7": 1911.0,
    "Champ at 8": 2647.0,
    "Champ at 9": 2738.0,
    "ChampFitness": 5157.0,
    "ChampInputs": [
        1.8709999322891235,
        1.8709999322891235,
        1.8739999532699585,
        1.8739999532699585,
        1.878000020980835,
        1.878000020980835,
        1.8809999227523804,
        0.6270000338554382,
        0.30400002002716064,
        1.8880000114440918,
        0.8889999985694885,
        1.8910000324249268,
        1.8940000534057617,
        2.128999948501587,
        2.131999969482422,
        1.3330000638961792,
        2.135999917984009,
        2.427000045776367,
        2.1389999389648438,
        2.1389999389648438,
        2.1389999389648438,
        2.1419999599456787,
        2.1419999599456787,
        2.1670000553131104,
        1.4550000429153442,
        2.1489999294281006,
        1.181999921798706,
        2.1519999504089355,
        2.1519999504089355,
        1.375,
        2.1549999713897705,
        2.2899999618530273,
        1.843000054359436,
        1.4030001163482666,
        3.440999984741211,
        2.1649999618530273,
        2.1649999618530273,
        2.1679999828338623,
        2.1679999828338623,
        2.171999931335449,
        1.3590000867843628,
        1.875,
        2.741999864578247,
        2.174999952316284,
        2.177999973297119,
        2.177999973297119,
        2.180999994277954,
        0.6629999876022339,
        2.184999942779541,
        2.184999942779541,
        1.2080000638961792,
        2.187999963760376,
        2.190999984741211,
        1.2109999656677246,
        2.194000005722046,
        2.194000005722046,
        2.197999954223633,
        2.197999954223633,
        2.2009999752044678,
        2.2039999961853027,
        2.319000005722046,
        1.378999948501587,
        2.2079999446868896,
        2.2079999446868896,
        2.2109999656677246,
        2.2109999656677246,
        2.2139999866485596,
        2.2139999866485596,
        2.2170000076293945,
        2.2170000076293945,
        2.2209999561309814,
        2.2209999561309814,
        2.2239999771118164,
        2.2239999771118164,
        2.2269999980926514,
        2.2269999980926514,
        2.2300000190734863,
        1.5410000085830688,
        2.2339999675750732,
        2.3350000381469727,
        2.236999988555908,
        2.236999988555908,
        2.240000009536743,
        2.240000009536743,
        2.243000030517578,
        2.243000030517578,
        1.9149999618530273,
        2.246999979019165,
        2.25,
        2.25,
        2.253000020980835,
        9.77199935913086,
        2.256999969482422,
        2.256999969482422,
        2.259999990463257,
        2.259999990463257,
        4.424000263214111,
        2.263000011444092,
        2.2660000324249268,
        9.777999877929688
    ],
    "Generations needed": 39,
    "Population 1": 210.27000427246094,
    "Population 10": 2422.969970703125,
    "Population 11": 2405.81005859375,
    "Population 12": 2423.239990234375,
    "Population 13": 2432.735107421875,
    "Population 14": 2353.93994140625,
    "Population 15": 2374.300048828125,
    "Population 16": 2499.52001953125,
    "Population 17": 2389.52490234375,
    "Population 18": 2474.25,
    "Population 19": 2503.9150390625,
    "Population 2": 864.0549926757813,
    "Population 20": 2453.8701171875,
    "Population 21": 2883.169921875,
    "Population 22": 3002.699951171875,
    "Population 23": 2995.3798828125,
    "Population 24": 2843.949951171875,
    "Population 25": 2874.294921875,
    "Population 26": 3035.889892578125,
    "Population 27": 3070.195068359375,
    "Population 28": 2983.070068359375,
    "Population 29": 3196.89501953125,
    "Population 3": 1188.64501953125,
    "Population 30": 3168.715087890625,
    "Population 31": 3331.77490234375,
    "Population 32": 3863.284912109375,
    "Population 33": 3938.2099609375,
    "Population 34": 4241.02001953125,
    "Population 35": 3731.375,
    "Population 36": 3826.014892578125,
    "Population 37": 3700.9951171875,
    "Population 38": 3896.43505859375,
    "Population 4": 1223.969970703125,
    "Population 5": 1216.06005859375,
    "Population 6": 1600.824951171875,
    "Population 7": 1616.3349609375,
    "Population 8": 1717.4649658203125,
    "Population 9": 2402.455078125,
    "start": "today"
}
