{
    "Champ at 1": 887.0,
    "Champ at 10": 2935.0,
    "Champ at 11": 2935.0,
    "Champ at 12": 2935.0,
    "Champ at 13": 3586.0,
    "Champ at 14": 3897.0,
    "Champ at 15": 4078.0,
    "Champ at 16": 4338.0,
    "Champ at 17": 4343.0,
    "Champ at 18": 4354.0,
    "Champ at 19": 4354.0,
    "Champ at 2": 1248.0,
    "Champ at 20": 4695.0,
    "Champ at 21": 4917.0,
    "Champ at 22": 5141.0,
    "Champ at 3": 1538.0,
    "Champ at 4": 1849.0,
    "Champ at 5": 1911.0,
    "Champ at 6": 2302.0,
    "Champ at 7": 2738.0,
    "Champ at 8": 2738.0,
    "Champ at 9": 2738.0,
    "ChampFitness": 5141.0,
    "ChampInputs": [
        1.877000093460083,
        1.8830000162124634,
        1.8830000162124634,
        1.8860000371932983,
        1.8860000371932983,
        1.8899999856948853,
        0.5160000324249268,
        2.0850000381469727,
        1.8960000276565552,
        1.8960000276565552,
        1.0080000162124634,
        1.902999997138977,
        1.902999997138977,
        1.9059998989105225,
        1.9059998989105225,
        1.9089999198913574,
        1.912000060081482,
        0.949999988079071,
        1.6140000820159912,
        1.9190000295639038,
        2.861999988555908,
        1.9190000295639038,
        1.9220000505447388,
        1.9220000505447388,
        1.9249999523162842,
        1.9249999523162842,
        1.28000009059906,
        1.9290000200271606,
        1.9320000410079956,
        1.9320000410079956,
        1.934999942779541,
        1.9390000104904175,
        0.16100001335144043,
        1.7710000276565552,
        1.941999912261963,
        3.3439998626708984,
        1.406999945640564,
        1.9449999332427979,
        2.6730000972747803,
        0.5449999570846558,
        1.9519999027252197,
        1.9550000429153442,
        1.9550000429153442,
        1.2070000171661377,
        3.0959999561309814,
        1.9609999656677246,
        1.965000033378601,
        1.965000033378601,
        1.9679999351501465,
        1.9679999351501465,
        1.9709999561309814,
        0.18700000643730164,
        1.8009998798370361,
        1.9739999771118164,
        1.9779999256134033,
        1.9779999256134033,
        1.9809999465942383,
        1.9809999465942383,
        1.9840000867843628,
        1.9840000867843628,
        1.9879999160766602,
        1.9879999160766602,
        1.9910000562667847,
        0.2070000022649765,
        1.99399995803833,
        1.99399995803833,
        1.996999979019165,
        2.702000141143799,
        2.000999927520752,
        0.21700000762939453,
        2.003999948501587,
        2.003999948501587,
        2.006999969482422,
        2.006999969482422,
        2.009999990463257,
        2.009999990463257,
        1.0700000524520874,
        1.840000033378601,
        2.0169999599456787,
        2.0199999809265137,
        2.0199999809265137,
        2.0230000019073486,
        2.0230000019073486,
        2.0269999504089355,
        2.0299999713897705,
        2.0299999713897705,
        2.0329999923706055,
        2.0370001792907715,
        2.0399999618530273,
        2.0399999618530273,
        2.0429999828338623,
        2.0429999828338623,
        2.947000026702881,
        2.049999952316284,
        2.049999952316284,
        2.049999952316284,
        0.6010000109672546,
        2.7320001125335693,
        2.055999994277954,
        2.059000015258789
    ],
    "Generations needed": 23,
    "Population 1": 201.31500244140625,
    "Population 10": 2421.050048828125,
    "Population 11": 2592.885009765625,
    "Population 12": 2562.594970703125,
    "Population 13": 2595.030029296875,
    "Population 14": 2990.2099609375,
    "Population 15": 3249.169921875,
    "Population 16": 3444.860107421875,
    "Population 17": 3501.469970703125,
    "Population 18": 3462.324951171875,
    "Population 19": 3386.764892578125,
    "Population 2": 864.9749755859375,
    "Population 20": 3448.7548828125,
    "Population 21": 3782.929931640625,
    "Population 22": 3832.675048828125,
    "Population 3": 1187.5350341796875,
    "Population 4": 1462.81005859375,
    "Population 5": 1683.9849853515625,
    "Population 6": 1773.125,
    "Population 7": 2076.175048828125,
    "Population 8": 2417.375,
    "Population 9": 2338.205078125,
    "start": "today"
}
