{
    "Champ at 1": 690.0,
    "Champ at 10": 3959.0,
    "Champ at 11": 3959.0,
    "Champ at 12": 4331.0,
    "Champ at 13": 5119.0,
    "Champ at 2": 690.0,
    "Champ at 3": 828.0,
    "Champ at 4": 887.0,
    "Champ at 5": 1538.0,
    "Champ at 6": 2282.0,
    "Champ at 7": 2935.0,
    "Champ at 8": 3328.0,
    "Champ at 9": 3959.0,
    "ChampFitness": 5119.0,
    "ChampInputs": [
        1.9259999990463257,
        1.4589999914169312,
        1.9290000200271606,
        1.9329999685287476,
        1.9329999685287476,
        1.9359999895095825,
        3.131999969482422,
        1.9390000104904175,
        1.9390000104904175,
        1.9390000104904175,
        0.44699999690055847,
        1.941999912261963,
        1.9459999799728394,
        1.9459999799728394,
        1.9459999799728394,
        1.9490001201629639,
        0.45399999618530273,
        2.7720000743865967,
        1.9519999027252197,
        1.9550000429153442,
        1.9550000429153442,
        1.9550000429153442,
        1.9589998722076416,
        1.9589998722076416,
        3.3000001907348633,
        1.9560000896453857,
        1.965000033378601,
        1.965000033378601,
        1.968999981880188,
        1.968999981880188,
        1.972000002861023,
        1.972000002861023,
        0.37400001287460327,
        1.975000023841858,
        1.9779999256134033,
        0.7170000076293945,
        1.9819999933242798,
        1.9850001335144043,
        1.9850001335144043,
        1.9879999160766602,
        1.9879999160766602,
        1.9910000562667847,
        0.3779999911785126,
        1.9910000562667847,
        1.994999885559082,
        1.994999885559082,
        1.9980000257492065,
        0.3929999768733978,
        2.000999927520752,
        2.000999927520752,
        2.003999948501587,
        2.003999948501587,
        2.007999897003174,
        2.007999897003174,
        2.011000156402588,
        2.011000156402588,
        2.0139999389648438,
        0.406000018119812,
        0.4960000216960907,
        2.0180001258850098,
        2.0209999084472656,
        2.0209999084472656,
        2.0239999294281006,
        2.0239999294281006,
        2.0269999504089355,
        2.0269999504089355,
        2.0309998989105225,
        2.0309998989105225,
        2.0339999198913574,
        2.0339999198913574,
        2.0370001792907715,
        2.0370001792907715,
        2.0399999618530273,
        2.0399999618530273,
        2.0399999618530273,
        2.0440001487731934,
        2.0440001487731934,
        3.384999990463257,
        2.046999931335449,
        0.43699997663497925,
        2.049999952316284,
        2.052999973297119,
        2.052999973297119,
        2.056999921798706,
        2.056999921798706,
        2.059999942779541,
        2.059999942779541,
        2.062999963760376,
        2.062999963760376,
        2.066999912261963,
        2.066999912261963,
        2.066999912261963,
        2.069999933242798,
        2.069999933242798,
        2.072999954223633,
        2.072999954223633,
        2.072999954223633,
        2.0759999752044678,
        2.0759999752044678,
        2.0799999237060547
    ],
    "Generations needed": 14,
    "Population 1": 199.5,
    "Population 10": 3207.22998046875,
    "Population 11": 3267.97998046875,
    "Population 12": 3341.1298828125,
    "Population 13": 3488.389892578125,
    "Population 2": 679.9450073242188,
    "Population 3": 684.5750122070313,
    "Population 4": 813.3300170898438,
    "Population 5": 850.1849975585938,
    "Population 6": 1450.1700439453125,
    "Population 7": 2103.199951171875,
    "Population 8": 2648.344970703125,
    "Population 9": 2794.110107421875,
    "start": "today"
}
