{
    "Champ at 1": 887.0,
    "Champ at 10": 2935.0,
    "Champ at 11": 3671.0,
    "Champ at 12": 3671.0,
    "Champ at 13": 3671.0,
    "Champ at 14": 3762.0,
    "Champ at 15": 3762.0,
    "Champ at 16": 3762.0,
    "Champ at 17": 3762.0,
    "Champ at 18": 3762.0,
    "Champ at 19": 3762.0,
    "Champ at 2": 887.0,
    "Champ at 20": 3891.0,
    "Champ at 21": 3959.0,
    "Champ at 22": 4925.0,
    "Champ at 23": 5150.0,
    "Champ at 3": 887.0,
    "Champ at 4": 1273.0,
    "Champ at 5": 1911.0,
    "Champ at 6": 1911.0,
    "Champ at 7": 2308.0,
    "Champ at 8": 2738.0,
    "Champ at 9": 2935.0,
    "ChampFitness": 5150.0,
    "ChampInputs": [
        1.8870000839233398,
        1.8870000839233398,
        1.8899999856948853,
        1.8899999856948853,
        1.8930000066757202,
        1.8930000066757202,
        2.757999897003174,
        1.8960000276565552,
        2.6710000038146973,
        1.899999976158142,
        1.899999976158142,
        1.902999997138977,
        1.902999997138977,
        1.9059998989105225,
        1.9059998989105225,
        0.7559999823570251,
        1.9089999198913574,
        1.9089999198913574,
        2.9539999961853027,
        1.9130001068115234,
        1.9159998893737793,
        1.9159998893737793,
        1.9190000295639038,
        3.192000150680542,
        1.9230000972747803,
        1.9230000972747803,
        1.9259999990463257,
        1.0509999990463257,
        0.7689999938011169,
        1.9290000200271606,
        0.7720000147819519,
        1.1999999284744263,
        1.9320000410079956,
        3.559999942779541,
        1.9359999895095825,
        1.9359999895095825,
        0.06499999761581421,
        1.9390000104904175,
        1.941999912261963,
        1.941999912261963,
        1.9449999332427979,
        1.9449999332427979,
        1.9490001201629639,
        1.0679999589920044,
        1.9519999027252197,
        1.9519999027252197,
        1.9550000429153442,
        1.9550000429153442,
        1.9580000638961792,
        1.0740000009536743,
        1.9620000123977661,
        1.9620000123977661,
        1.965000033378601,
        1.965000033378601,
        1.9679999351501465,
        1.9679999351501465,
        1.972000002861023,
        1.972000002861023,
        1.975000023841858,
        0.08699999749660492,
        1.9779999256134033,
        1.9779999256134033,
        1.9809999465942383,
        1.9809999465942383,
        2.743000030517578,
        1.9850001335144043,
        1.9879999160766602,
        1.9879999160766602,
        1.9910000562667847,
        1.9910000562667847,
        1.99399995803833,
        1.99399995803833,
        1.99399995803833,
        1.9980000257492065,
        2.000999927520752,
        2.000999927520752,
        2.003999948501587,
        2.003999948501587,
        2.003999948501587,
        0.8179999589920044,
        2.006999969482422,
        2.011000156402588,
        2.011000156402588,
        2.0139999389648438,
        2.0139999389648438,
        2.0169999599456787,
        2.0169999599456787,
        2.0169999599456787,
        2.0209999084472656,
        2.0209999084472656,
        2.0239999294281006,
        2.0239999294281006,
        2.0269999504089355,
        2.0269999504089355,
        2.0269999504089355,
        2.0299999713897705,
        2.0299999713897705,
        2.0339999198913574,
        2.0339999198913574,
        2.0370001792907715
    ],
    "Generations needed": 24,
    "Population 1": 197.85499572753906,
    "Population 10": 2553.4951171875,
    "Population 11": 2532.425048828125,
    "Population 12": 3175.764892578125,
    "Population 13": 3148.195068359375,
    "Population 14": 3073.81005859375,
    "Population 15": 3183.909912109375,
    "Population 16": 3179.10009765625,
    "Population 17": 3151.804931640625,
    "Population 18": 3181.7900390625,
    "Population 19": 3112.56494140625,
    "Population 2": 855.2899780273438,
    "Population 20": 3236.010009765625,
    "Population 21": 3259.9951171875,
    "Population 22": 3361.4150390625,
    "Population 23": 3816.14501953125,
    "Population 3": 864.1699829101563,
    "Population 4": 854.8400268554688,
    "Population 5": 1226.64501953125,
    "Population 6": 1740.89501953125,
    "Population 7": 1777.2049560546875,
    "Population 8": 2045.8399658203125,
    "Population 9": 2473.625,
    "start": "today"
}
