{
    "Champ at 1": 887.0,
    "Champ at 10": 1911.0,
    "Champ at 11": 1911.0,
    "Champ at 12": 1911.0,
    "Champ at 13": 1911.0,
    "Champ at 14": 2289.0,
    "Champ at 15": 2306.0,
    "Champ at 16": 2306.0,
    "Champ at 17": 2879.0,
    "Champ at 18": 2935.0,
    "Champ at 19": 2935.0,
    "Champ at 2": 887.0,
    "Champ at 20": 3054.0,
    "Champ at 21": 3315.0,
    "Champ at 22": 3330.0,
    "Champ at 23": 3330.0,
    "Champ at 24": 3330.0,
    "Champ at 25": 3330.0,
    "Champ at 26": 3959.0,
    "Champ at 27": 3959.0,
    "Champ at 28": 3959.0,
    "Champ at 29": 3959.0,
    "Champ at 3": 1278.0,
    "Champ at 30": 3959.0,
    "Champ at 31": 3959.0,
    "Champ at 32": 3959.0,
    "Champ at 33": 3959.0,
    "Champ at 34": 4471.0,
    "Champ at 35": 4471.0,
    "Champ at 36": 4471.0,
    "Champ at 37": 4559.0,
    "Champ at 38": 4917.0,
    "Champ at 39": 4983.0,
    "Champ at 4": 1282.0,
    "Champ at 40": 4983.0,
    "Champ at 41": 4983.0,
    "Champ at 42": 4983.0,
    "Champ at 43": 4983.0,
    "Champ at 44": 4983.0,
    "Champ at 45": 4983.0,
    "Champ at 46": 4983.0,
    "Champ at 47": 4983.0,
    "Champ at 48": 5115.0,
    "Champ at 5": 1282.0,
    "Champ at 6": 1282.0,
    "Champ at 7": 1282.0,
    "Champ at 8": 1714.0,
    "Champ at 9": 1911.0,
    "ChampFitness": 5115.0,
    "ChampInputs": [
        1.8709999322891235,
        1.8739999532699585,
        1.8739999532699585,
        1.877000093460083,
        1.877000093460083,
        1.9480000734329224,
        1.8809999227523804,
        1.0729999542236328,
        1.7120001316070557,
        1.8840000629425049,
        0.9399999380111694,
        1.8870000839233398,
        1.8899999856948853,
        1.8899999856948853,
        1.8940000534057617,
        1.8940000534057617,
        2.73799991607666,
        1.8970000743865967,
        1.899999976158142,
        0.8680000305175781,
        1.902999997138977,
        1.902999997138977,
        1.906999945640564,
        1.906999945640564,
        1.909999966621399,
        2.702000141143799,
        1.9329999685287476,
        1.9130001068115234,
        1.0210000276565552,
        1.9159998893737793,
        1.9200000762939453,
        1.9200000762939453,
        1.9230000972747803,
        1.74399995803833,
        0.5249999761581421,
        1.9259999990463257,
        1.9300000667572021,
        1.9300000667572021,
        2.7149999141693115,
        1.50600004196167,
        0.36899998784065247,
        1.9359999895095825,
        1.9390000104904175,
        1.9390000104904175,
        2.6539998054504395,
        1.9429999589920044,
        1.9459999799728394,
        1.9459999799728394,
        1.9459999799728394,
        1.9490001201629639,
        1.9519999027252197,
        1.125999927520752,
        1.9560000896453857,
        1.9560000896453857,
        1.9589998722076416,
        0.3920000195503235,
        1.9620000123977661,
        1.9620000123977661,
        1.965000033378601,
        1.965000033378601,
        1.968999981880188,
        5.131000518798828,
        1.968999981880188,
        1.972000002861023,
        1.972000002861023,
        1.975000023841858,
        0.9139999747276306,
        0.5699999928474426,
        1.9779999256134033,
        1.9819999933242798,
        2.009999990463257,
        1.9850001335144043,
        1.9879999160766602,
        1.9879999160766602,
        1.9920001029968262,
        1.9920001029968262,
        1.9920001029968262,
        1.994999885559082,
        3.802000045776367,
        1.9980000257492065,
        9.35099983215332,
        0.9300000071525574,
        2.000999927520752,
        2.000999927520752,
        0.052000001072883606,
        2.004999876022339,
        2.0269999504089355,
        2.007999897003174,
        1.0789999961853027,
        3.811999797821045,
        9.361000061035156,
        2.0139999389648438,
        2.0139999389648438,
        2.0180001258850098,
        2.0180001258850098,
        2.0209999084472656,
        2.0209999084472656,
        0.46000000834465027,
        2.0239999294281006,
        2.0269999504089355
    ],
    "Generations needed": 49,
    "Population 1": 212.0399932861328,
    "Population 10": 1725.8199462890625,
    "Population 11": 1724.3800048828125,
    "Population 12": 1765.35498046875,
    "Population 13": 1786.6600341796875,
    "Population 14": 1768.81005859375,
    "Population 15": 2063.52001953125,
    "Population 16": 2079.18505859375,
    "Population 17": 2087.64501953125,
    "Population 18": 2460.81494140625,
    "Population 19": 2635.93994140625,
    "Population 2": 864.22998046875,
    "Population 20": 2507.544921875,
    "Population 21": 2643.14501953125,
    "Population 22": 2822.610107421875,
    "Population 23": 2854.159912109375,
    "Population 24": 2857.85498046875,
    "Population 25": 2735.580078125,
    "Population 26": 2795.56494140625,
    "Population 27": 3270.389892578125,
    "Population 28": 3189.52001953125,
    "Population 29": 3334.97998046875,
    "Population 3": 864.4349975585938,
    "Population 30": 3354.554931640625,
    "Population 31": 3235.6298828125,
    "Population 32": 3263.080078125,
    "Population 33": 3354.1201171875,
    "Population 34": 3352.2900390625,
    "Population 35": 3671.580078125,
    "Population 36": 3690.8798828125,
    "Population 37": 3722.135009765625,
    "Population 38": 3795.39990234375,
    "Population 39": 3891.949951171875,
    "Population 4": 1216.9649658203125,
    "Population 40": 4031.739990234375,
    "Population 41": 3959.89990234375,
    "Population 42": 3839.77490234375,
    "Population 43": 3987.10009765625,
    "Population 44": 3823.544921875,
    "Population 45": 3904.429931640625,
    "Population 46": 4001.195068359375,
    "Population 47": 4101.134765625,
    "Population 48": 3943.06005859375,
    "Population 5": 1233.6099853515625,
    "Population 6": 1202.85498046875,
    "Population 7": 1223.2650146484375,
    "Population 8": 1249.949951171875,
    "Population 9": 1585.8399658203125,
    "start": "today"
}
