{
    "Champ at 1": 887.0,
    "Champ at 10": 3268.0,
    "Champ at 11": 3586.0,
    "Champ at 12": 3586.0,
    "Champ at 13": 3959.0,
    "Champ at 14": 4922.0,
    "Champ at 15": 4983.0,
    "Champ at 16": 4983.0,
    "Champ at 17": 5116.0,
    "Champ at 2": 1280.0,
    "Champ at 3": 1282.0,
    "Champ at 4": 1714.0,
    "Champ at 5": 1911.0,
    "Champ at 6": 2275.0,
    "Champ at 7": 2865.0,
    "Champ at 8": 2935.0,
    "Champ at 9": 3268.0,
    "ChampFitness": 5116.0,
    "ChampInputs": [
        1.8739999532699585,
        1.877000093460083,
        1.877000093460083,
        1.877000093460083,
        1.8799998760223389,
        1.8799998760223389,
        1.8799998760223389,
        1.1629999876022339,
        1.8830000162124634,
        1.8830000162124634,
        0.7450000047683716,
        1.8870000839233398,
        1.8870000839233398,
        1.8870000839233398,
        1.8899999856948853,
        1.8899999856948853,
        1.8899999856948853,
        0.6129999756813049,
        0.8840000033378601,
        1.8930000066757202,
        1.8960000276565552,
        1.8960000276565552,
        1.8960000276565552,
        1.899999976158142,
        1.899999976158142,
        2.069000005722046,
        2.9509999752044678,
        1.902999997138977,
        1.902999997138977,
        0.6119999885559082,
        1.9059998989105225,
        1.9059998989105225,
        1.9089999198913574,
        1.9089999198913574,
        1.9089999198913574,
        2.0789999961853027,
        1.3680000305175781,
        1.9130001068115234,
        1.9159998893737793,
        2.0820000171661377,
        2.0959999561309814,
        1.9190000295639038,
        1.9190000295639038,
        1.9190000295639038,
        2.4130001068115234,
        1.9230000972747803,
        1.9230000972747803,
        1.9230000972747803,
        1.9259999990463257,
        2.9739999771118164,
        1.9259999990463257,
        1.9290000200271606,
        1.9290000200271606,
        1.9290000200271606,
        1.9320000410079956,
        1.9320000410079956,
        1.9320000410079956,
        1.9359999895095825,
        1.9359999895095825,
        2.125,
        1.9390000104904175,
        1.9390000104904175,
        1.9390000104904175,
        1.3940000534057617,
        1.941999912261963,
        1.941999912261963,
        1.9449999332427979,
        1.9449999332427979,
        2.111999988555908,
        1.9449999332427979,
        1.9490001201629639,
        1.9490001201629639,
        1.9490001201629639,
        1.9519999027252197,
        1.9519999027252197,
        1.9519999027252197,
        1.9550000429153442,
        1.9550000429153442,
        1.9550000429153442,
        1.9580000638961792,
        1.9580000638961792,
        1.9580000638961792,
        1.9620000123977661,
        1.9620000123977661,
        1.9620000123977661,
        1.965000033378601,
        1.965000033378601,
        1.965000033378601,
        1.9679999351501465,
        1.9679999351501465,
        7.369999885559082,
        1.972000002861023,
        1.972000002861023,
        1.972000002861023,
        1.975000023841858,
        1.975000023841858,
        1.975000023841858,
        1.9779999256134033,
        1.9779999256134033,
        1.9779999256134033
    ],
    "Generations needed": 18,
    "Population 1": 206.2550048828125,
    "Population 10": 2779.7548828125,
    "Population 11": 2709.909912109375,
    "Population 12": 3138.014892578125,
    "Population 13": 2834.294921875,
    "Population 14": 3238.175048828125,
    "Population 15": 3988.5400390625,
    "Population 16": 3632.364990234375,
    "Population 17": 3942.6201171875,
    "Population 2": 874.8200073242188,
    "Population 3": 1216.43505859375,
    "Population 4": 1197.72998046875,
    "Population 5": 1602.655029296875,
    "Population 6": 1784.0250244140625,
    "Population 7": 2089.905029296875,
    "Population 8": 2633.0400390625,
    "Population 9": 2572.22998046875,
    "start": "today"
}
