{
    "Champ at 1": 812.0,
    "Champ at 10": 2306.0,
    "Champ at 11": 2306.0,
    "Champ at 12": 2306.0,
    "Champ at 13": 2306.0,
    "Champ at 14": 2306.0,
    "Champ at 15": 2738.0,
    "Champ at 16": 2935.0,
    "Champ at 17": 3331.0,
    "Champ at 18": 3586.0,
    "Champ at 19": 3893.0,
    "Champ at 2": 1258.0,
    "Champ at 20": 3959.0,
    "Champ at 21": 3959.0,
    "Champ at 22": 3959.0,
    "Champ at 23": 3959.0,
    "Champ at 24": 3959.0,
    "Champ at 25": 3959.0,
    "Champ at 26": 3959.0,
    "Champ at 27": 3959.0,
    "Champ at 28": 3959.0,
    "Champ at 29": 3959.0,
    "Champ at 3": 1258.0,
    "Champ at 30": 4078.0,
    "Champ at 31": 4078.0,
    "Champ at 32": 4078.0,
    "Champ at 33": 4078.0,
    "Champ at 34": 4078.0,
    "Champ at 35": 4078.0,
    "Champ at 36": 4330.0,
    "Champ at 37": 4610.0,
    "Champ at 38": 4983.0,
    "Champ at 39": 4983.0,
    "Champ at 4": 1623.0,
    "Champ at 40": 5112.0,
    "Champ at 41": 5135.0,
    "Champ at 5": 1754.0,
    "Champ at 6": 1911.0,
    "Champ at 7": 2276.0,
    "Champ at 8": 2306.0,
    "Champ at 9": 2306.0,
    "ChampFitness": 5135.0,
    "ChampInputs": [
        1.8240000009536743,
        1.8240000009536743,
        1.8240000009536743,
        1.8279999494552612,
        1.8279999494552612,
        1.8279999494552612,
        3.1110000610351563,
        1.8309999704360962,
        0.8789999485015869,
        1.8340001106262207,
        1.8340001106262207,
        1.8340001106262207,
        2.3910000324249268,
        1.8309999704360962,
        1.8309999704360962,
        1.8340001106262207,
        0.7480000257492065,
        1.7919999361038208,
        1.8410000801086426,
        3.4169998168945313,
        1.8440001010894775,
        1.8440001010894775,
        1.847000002861023,
        1.847000002861023,
        3.0450000762939453,
        1.9580000638961792,
        1.850000023841858,
        1.850000023841858,
        2.4690001010894775,
        1.8539999723434448,
        1.8539999723434448,
        1.8569999933242798,
        2.614000082015991,
        0.7150000333786011,
        1.8569999933242798,
        1.8600000143051147,
        2.739999771118164,
        1.8600000143051147,
        1.8629999160766602,
        1.8629999160766602,
        1.8629999160766602,
        1.8669999837875366,
        0.4479999840259552,
        0.3779999911785126,
        1.8700001239776611,
        1.8700001239776611,
        1.8700001239776611,
        1.872999906539917,
        2.626999855041504,
        0.7339999675750732,
        3.515000104904175,
        1.8799998760223389,
        1.8799998760223389,
        1.8830000162124634,
        1.8279999494552612,
        1.8899999856948853,
        1.8899999856948853,
        1.8930000066757202,
        1.8930000066757202,
        6.6519999504089355,
        1.8960000276565552,
        1.8960000276565552,
        1.8989999294281006,
        1.8989999294281006,
        1.902999997138977,
        1.902999997138977,
        1.9059998989105225,
        3.116999864578247,
        1.9089999198913574,
        1.9089999198913574,
        1.9089999198913574,
        1.912000060081482,
        1.912000060081482,
        1.9159998893737793,
        1.9159998893737793,
        1.9190000295639038,
        1.9190000295639038,
        1.9190000295639038,
        1.9220000505447388,
        1.9220000505447388,
        1.9259999990463257,
        1.9259999990463257,
        1.9290000200271606,
        1.9290000200271606,
        1.9290000200271606,
        1.9320000410079956,
        1.9320000410079956,
        1.934999942779541,
        1.934999942779541,
        1.934999942779541,
        1.9390000104904175,
        1.9390000104904175,
        1.941999912261963,
        1.941999912261963,
        1.941999912261963,
        1.9449999332427979,
        1.9449999332427979,
        1.9480000734329224,
        1.9480000734329224,
        0.8529999852180481
    ],
    "Generations needed": 42,
    "Population 1": 204.9250030517578,
    "Population 10": 2145.97998046875,
    "Population 11": 2076.449951171875,
    "Population 12": 2068.705078125,
    "Population 13": 2104.5849609375,
    "Population 14": 2091.47509765625,
    "Population 15": 1987.0,
    "Population 16": 2284.985107421875,
    "Population 17": 2533.2451171875,
    "Population 18": 2826.514892578125,
    "Population 19": 2922.794921875,
    "Population 2": 794.0449829101563,
    "Population 20": 3293.294921875,
    "Population 21": 3339.2548828125,
    "Population 22": 3427.25,
    "Population 23": 3211.784912109375,
    "Population 24": 3199.760009765625,
    "Population 25": 3242.25,
    "Population 26": 3284.02001953125,
    "Population 27": 3215.905029296875,
    "Population 28": 3323.570068359375,
    "Population 29": 3314.385009765625,
    "Population 3": 1204.68994140625,
    "Population 30": 3139.195068359375,
    "Population 31": 3406.385009765625,
    "Population 32": 3402.260009765625,
    "Population 33": 3399.02001953125,
    "Population 34": 3410.080078125,
    "Population 35": 3313.27490234375,
    "Population 36": 3056.264892578125,
    "Population 37": 3575.215087890625,
    "Population 38": 3663.655029296875,
    "Population 39": 3866.85498046875,
    "Population 4": 1208.5849609375,
    "Population 40": 4066.820068359375,
    "Population 41": 3837.81005859375,
    "Population 5": 1506.9949951171875,
    "Population 6": 1648.125,
    "Population 7": 1789.4150390625,
    "Population 8": 2093.695068359375,
    "Population 9": 2066.43994140625,
    "start": "today"
}
