{
    "Champ at 1": 819.0,
    "Champ at 10": 887.0,
    "Champ at 11": 887.0,
    "Champ at 12": 887.0,
    "Champ at 13": 887.0,
    "Champ at 14": 887.0,
    "Champ at 15": 887.0,
    "Champ at 16": 1247.0,
    "Champ at 17": 1835.0,
    "Champ at 18": 2423.0,
    "Champ at 19": 2479.0,
    "Champ at 2": 887.0,
    "Champ at 20": 2562.0,
    "Champ at 21": 2562.0,
    "Champ at 22": 2738.0,
    "Champ at 23": 2738.0,
    "Champ at 24": 2873.0,
    "Champ at 25": 3299.0,
    "Champ at 26": 3330.0,
    "Champ at 27": 3447.0,
    "Champ at 28": 3890.0,
    "Champ at 29": 3959.0,
    "Champ at 3": 887.0,
    "Champ at 30": 3959.0,
    "Champ at 31": 3959.0,
    "Champ at 32": 3959.0,
    "Champ at 33": 3959.0,
    "Champ at 34": 4349.0,
    "Champ at 35": 4610.0,
    "Champ at 36": 4610.0,
    "Champ at 37": 5138.0,
    "Champ at 4": 887.0,
    "Champ at 5": 887.0,
    "Champ at 6": 887.0,
    "Champ at 7": 887.0,
    "Champ at 8": 887.0,
    "Champ at 9": 887.0,
    "ChampFitness": 5138.0,
    "ChampInputs": [
        1.8389999866485596,
        1.8389999866485596,
        1.8420000076293945,
        1.8420000076293945,
        1.8420000076293945,
        1.8420000076293945,
        2.7900002002716064,
        1.84499990940094,
        1.84499990940094,
        2.9820001125335693,
        1.8489999771118164,
        1.8489999771118164,
        1.8519999980926514,
        1.8519999980926514,
        3.5969998836517334,
        1.8550000190734863,
        1.8550000190734863,
        1.8550000190734863,
        1.2510000467300415,
        2.752000093460083,
        1.9859999418258667,
        0.33100003004074097,
        1.8619999885559082,
        2.7300000190734863,
        1.8650000095367432,
        1.8650000095367432,
        2.937000036239624,
        1.850000023841858,
        1.8680000305175781,
        1.8680000305175781,
        1.999000072479248,
        1.871999979019165,
        1.090999960899353,
        1.871999979019165,
        1.875,
        0.34700000286102295,
        1.875,
        1.878000020980835,
        0.5740000009536743,
        1.878000020980835,
        1.8809999227523804,
        1.8809999227523804,
        3.0149998664855957,
        2.953000068664551,
        1.8849999904632568,
        1.8849999904632568,
        1.8849999904632568,
        1.8880000114440918,
        1.8880000114440918,
        1.8880000114440918,
        1.8910000324249268,
        3.0239999294281006,
        1.124000072479248,
        1.8940000534057617,
        0.020000001415610313,
        1.8940000534057617,
        1.8980000019073486,
        1.8980000019073486,
        1.8980000019073486,
        1.9010000228881836,
        8.017000198364258,
        1.9010000228881836,
        2.9730000495910645,
        1.9040000438690186,
        1.2999999523162842,
        1.9040000438690186,
        1.906999945640564,
        1.906999945640564,
        1.3029999732971191,
        0.032999999821186066,
        1.9110000133514404,
        3.6549999713897705,
        1.9140000343322754,
        1.9140000343322754,
        1.9140000343322754,
        1.9169999361038208,
        1.9169999361038208,
        1.9169999361038208,
        1.312999963760376,
        2.8610000610351563,
        1.9210000038146973,
        1.9210000038146973,
        3.05400013923645,
        1.9239999055862427,
        1.9239999055862427,
        1.9270000457763672,
        1.9270000457763672,
        1.9270000457763672,
        1.9300000667572021,
        1.9300000667572021,
        1.9300000667572021,
        3.6750001907348633,
        2.878000259399414,
        1.934000015258789,
        1.937000036239624,
        1.937000036239624,
        1.937000036239624,
        3.682000160217285,
        0.06200000271201134,
        1.940000057220459
    ],
    "Generations needed": 38,
    "Population 1": 199.6199951171875,
    "Population 10": 861.6500244140625,
    "Population 11": 843.875,
    "Population 12": 852.0150146484375,
    "Population 13": 858.14501953125,
    "Population 14": 859.5900268554688,
    "Population 15": 855.0750122070313,
    "Population 16": 857.6649780273438,
    "Population 17": 1194.010009765625,
    "Population 18": 1732.0799560546875,
    "Population 19": 2183.175048828125,
    "Population 2": 784.2949829101563,
    "Population 20": 2263.804931640625,
    "Population 21": 2294.52001953125,
    "Population 22": 2296.320068359375,
    "Population 23": 2374.385009765625,
    "Population 24": 2480.35009765625,
    "Population 25": 2491.905029296875,
    "Population 26": 2832.705078125,
    "Population 27": 2950.18505859375,
    "Population 28": 3042.75,
    "Population 29": 3302.610107421875,
    "Population 3": 859.1749877929688,
    "Population 30": 3368.425048828125,
    "Population 31": 3087.280029296875,
    "Population 32": 3282.625,
    "Population 33": 3377.385009765625,
    "Population 34": 3417.699951171875,
    "Population 35": 3745.800048828125,
    "Population 36": 3861.659912109375,
    "Population 37": 3814.4599609375,
    "Population 4": 846.5999755859375,
    "Population 5": 859.5250244140625,
    "Population 6": 860.7650146484375,
    "Population 7": 873.25,
    "Population 8": 852.7449951171875,
    "Population 9": 873.3049926757813,
    "start": "today"
}
