{
    "Champ at 1": 825.0,
    "Champ at 10": 1911.0,
    "Champ at 11": 1911.0,
    "Champ at 12": 1911.0,
    "Champ at 13": 1911.0,
    "Champ at 14": 1911.0,
    "Champ at 15": 1911.0,
    "Champ at 16": 1911.0,
    "Champ at 17": 2308.0,
    "Champ at 18": 2870.0,
    "Champ at 19": 3319.0,
    "Champ at 2": 825.0,
    "Champ at 20": 3586.0,
    "Champ at 21": 3882.0,
    "Champ at 22": 4357.0,
    "Champ at 23": 4695.0,
    "Champ at 24": 4695.0,
    "Champ at 25": 4695.0,
    "Champ at 26": 4786.0,
    "Champ at 27": 4786.0,
    "Champ at 28": 4786.0,
    "Champ at 29": 4786.0,
    "Champ at 3": 887.0,
    "Champ at 30": 4786.0,
    "Champ at 31": 4786.0,
    "Champ at 32": 4983.0,
    "Champ at 33": 4983.0,
    "Champ at 34": 5136.0,
    "Champ at 4": 887.0,
    "Champ at 5": 1276.0,
    "Champ at 6": 1714.0,
    "Champ at 7": 1834.0,
    "Champ at 8": 1843.0,
    "Champ at 9": 1911.0,
    "ChampFitness": 5136.0,
    "ChampInputs": [
        1.8480000495910645,
        1.8510000705718994,
        1.8510000705718994,
        2.055000066757202,
        1.8539999723434448,
        1.8539999723434448,
        1.8539999723434448,
        1.0720000267028809,
        0.2529999911785126,
        1.3629999160766602,
        2.9640002250671387,
        1.8610000610351563,
        2.009999990463257,
        1.8610000610351563,
        1.8639999628067017,
        1.8639999628067017,
        3.0500001907348633,
        1.8669999837875366,
        2.075000047683716,
        0.5690000057220459,
        1.8669999837875366,
        1.8709999322891235,
        1.8709999322891235,
        1.8709999322891235,
        1.8739999532699585,
        3.066999912261963,
        1.8739999532699585,
        2.2699999809265137,
        1.877000093460083,
        1.877000093460083,
        1.8799998760223389,
        2.3550000190734863,
        1.8799998760223389,
        1.8799998760223389,
        1.0980000495910645,
        1.8840000629425049,
        1.8840000629425049,
        2.4860000610351563,
        1.8870000839233398,
        1.8870000839233398,
        0.1770000010728836,
        1.8899999856948853,
        1.8899999856948853,
        2.694999933242798,
        1.8930000066757202,
        1.8930000066757202,
        1.8930000066757202,
        1.8970000743865967,
        1.8970000743865967,
        1.8970000743865967,
        1.899999976158142,
        3.0929999351501465,
        2.1080000400543213,
        1.902999997138977,
        1.902999997138977,
        1.902999997138977,
        1.902999997138977,
        1.906999945640564,
        1.906999945640564,
        1.906999945640564,
        1.909999966621399,
        1.909999966621399,
        1.909999966621399,
        1.9130001068115234,
        1.1269999742507935,
        1.9130001068115234,
        1.9130001068115234,
        1.9159998893737793,
        1.1339999437332153,
        1.9159998893737793,
        1.9200000762939453,
        1.9200000762939453,
        0.3149999976158142,
        2.7209999561309814,
        2.2980000972747803,
        1.9230000972747803,
        0.20999999344348907,
        1.9259999990463257,
        1.1430000066757202,
        1.9259999990463257,
        1.9290000200271606,
        3.1510000228881836,
        1.9290000200271606,
        1.9329999685287476,
        1.9329999685287476,
        1.9329999685287476,
        1.9359999895095825,
        1.9359999895095825,
        1.9359999895095825,
        1.9359999895095825,
        1.9390000104904175,
        1.9390000104904175,
        1.9390000104904175,
        2.0889999866485596,
        1.941999912261963,
        1.941999912261963,
        1.9459999799728394,
        1.9459999799728394,
        1.9459999799728394,
        0.23199999332427979
    ],
    "Generations needed": 35,
    "Population 1": 196.9149932861328,
    "Population 10": 1723.3050537109375,
    "Population 11": 1782.989990234375,
    "Population 12": 1723.550048828125,
    "Population 13": 1743.989990234375,
    "Population 14": 1737.2249755859375,
    "Population 15": 1747.8349609375,
    "Population 16": 1780.969970703125,
    "Population 17": 1753.905029296875,
    "Population 18": 2124.02490234375,
    "Population 19": 2521.3798828125,
    "Population 2": 793.8400268554688,
    "Population 20": 2742.2099609375,
    "Population 21": 3010.300048828125,
    "Population 22": 3212.205078125,
    "Population 23": 3542.610107421875,
    "Population 24": 3785.0849609375,
    "Population 25": 3704.3798828125,
    "Population 26": 3819.47998046875,
    "Population 27": 3883.5400390625,
    "Population 28": 3785.1201171875,
    "Population 29": 3819.925048828125,
    "Population 3": 804.9949951171875,
    "Population 30": 3994.739990234375,
    "Population 31": 3896.89501953125,
    "Population 32": 3797.159912109375,
    "Population 33": 3963.510009765625,
    "Population 34": 4098.09521484375,
    "Population 4": 865.02001953125,
    "Population 5": 856.2550048828125,
    "Population 6": 1209.68994140625,
    "Population 7": 1606.699951171875,
    "Population 8": 1684.655029296875,
    "Population 9": 1721.4849853515625,
    "start": "today"
}
