{
    "Champ at 1": 887.0,
    "Champ at 10": 2647.0,
    "Champ at 11": 2647.0,
    "Champ at 12": 2647.0,
    "Champ at 13": 2647.0,
    "Champ at 14": 2647.0,
    "Champ at 15": 2647.0,
    "Champ at 16": 2935.0,
    "Champ at 17": 3586.0,
    "Champ at 18": 4352.0,
    "Champ at 19": 4355.0,
    "Champ at 2": 1242.0,
    "Champ at 20": 4910.0,
    "Champ at 21": 5164.0,
    "Champ at 3": 1855.0,
    "Champ at 4": 2562.0,
    "Champ at 5": 2562.0,
    "Champ at 6": 2562.0,
    "Champ at 7": 2647.0,
    "Champ at 8": 2647.0,
    "Champ at 9": 2647.0,
    "ChampFitness": 5164.0,
    "ChampInputs": [
        1.8680000305175781,
        1.8709999322891235,
        1.8709999322891235,
        1.8709999322891235,
        1.875,
        1.875,
        1.875,
        0.5199999809265137,
        1.878000020980835,
        1.878000020980835,
        3.2649998664855957,
        1.8809999227523804,
        1.8809999227523804,
        1.8840000629425049,
        1.8840000629425049,
        3.303999900817871,
        1.8840000629425049,
        1.8880000114440918,
        1.8880000114440918,
        1.8880000114440918,
        2.4149999618530273,
        1.8809999227523804,
        1.8910000324249268,
        1.8940000534057617,
        0.7879999876022339,
        1.940000057220459,
        2.578000068664551,
        1.8970000743865967,
        1.8970000743865967,
        1.8970000743865967,
        1.9010000228881836,
        2.052000045776367,
        3.2879998683929443,
        1.9040000438690186,
        1.9040000438690186,
        1.9040000438690186,
        2.059000015258789,
        1.906999945640564,
        1.906999945640564,
        1.909999966621399,
        3.5879998207092285,
        1.909999966621399,
        1.909999966621399,
        3.3559999465942383,
        3.2980000972747803,
        1.9140000343322754,
        1.9169999361038208,
        1.9169999361038208,
        1.9169999361038208,
        0.8270000219345093,
        1.9200000762939453,
        1.9200000762939453,
        1.9230000972747803,
        1.9230000972747803,
        0.5920000076293945,
        1.9230000972747803,
        1.9270000457763672,
        1.9270000457763672,
        1.9270000457763672,
        1.9300000667572021,
        1.9300000667572021,
        1.9300000667572021,
        1.9329999685287476,
        1.9329999685287476,
        1.9329999685287476,
        1.937000036239624,
        1.937000036239624,
        1.937000036239624,
        1.937000036239624,
        1.940000057220459,
        1.9270000457763672,
        3.3919999599456787,
        1.9429999589920044,
        1.9429999589920044,
        1.9429999589920044,
        1.9459999799728394,
        1.9459999799728394,
        1.9459999799728394,
        1.9459999799728394,
        1.9499999284744263,
        1.9499999284744263,
        1.9499999284744263,
        1.9529999494552612,
        1.9529999494552612,
        1.9529999494552612,
        1.9560000896453857,
        2.4800000190734863,
        1.9560000896453857,
        1.9589998722076416,
        1.9589998722076416,
        1.9589998722076416,
        1.9589998722076416,
        1.9630000591278076,
        1.9630000591278076,
        1.9630000591278076,
        1.9660000801086426,
        1.9660000801086426,
        1.9660000801086426,
        1.968999981880188,
        1.968999981880188
    ],
    "Generations needed": 22,
    "Population 1": 209.98500061035156,
    "Population 10": 2319.22509765625,
    "Population 11": 2360.514892578125,
    "Population 12": 2355.639892578125,
    "Population 13": 2456.0,
    "Population 14": 2413.93994140625,
    "Population 15": 2359.784912109375,
    "Population 16": 2341.280029296875,
    "Population 17": 2651.905029296875,
    "Population 18": 3010.81494140625,
    "Population 19": 3611.574951171875,
    "Population 2": 874.1950073242188,
    "Population 20": 3673.534912109375,
    "Population 21": 4028.949951171875,
    "Population 3": 1193.2099609375,
    "Population 4": 1723.219970703125,
    "Population 5": 2336.570068359375,
    "Population 6": 2287.43505859375,
    "Population 7": 2288.054931640625,
    "Population 8": 2254.175048828125,
    "Population 9": 2348.81494140625,
    "start": "today"
}
