{
    "Champ at 1": 887.0,
    "Champ at 10": 3307.0,
    "Champ at 11": 3324.0,
    "Champ at 12": 3893.0,
    "Champ at 13": 3959.0,
    "Champ at 14": 3959.0,
    "Champ at 15": 3959.0,
    "Champ at 16": 3959.0,
    "Champ at 17": 3959.0,
    "Champ at 18": 3959.0,
    "Champ at 19": 3959.0,
    "Champ at 2": 1281.0,
    "Champ at 20": 4610.0,
    "Champ at 21": 4912.0,
    "Champ at 22": 5154.0,
    "Champ at 3": 1911.0,
    "Champ at 4": 1911.0,
    "Champ at 5": 1911.0,
    "Champ at 6": 2562.0,
    "Champ at 7": 2876.0,
    "Champ at 8": 2935.0,
    "Champ at 9": 2935.0,
    "ChampFitness": 5154.0,
    "ChampInputs": [
        1.8700001239776611,
        1.8700001239776611,
        1.8700001239776611,
        1.872999906539917,
        1.872999906539917,
        1.872999906539917,
        1.872999906539917,
        1.1729999780654907,
        1.8760000467300415,
        0.925000011920929,
        1.8790000677108765,
        1.8790000677108765,
        1.8790000677108765,
        1.8830000162124634,
        1.8830000162124634,
        1.8830000162124634,
        1.8860000371932983,
        1.1180000305175781,
        1.8860000371932983,
        1.8860000371932983,
        1.8889999389648438,
        1.8889999389648438,
        0.5110000371932983,
        1.8930000066757202,
        1.8930000066757202,
        1.8930000066757202,
        2.74399995803833,
        2.177999973297119,
        0.5389999747276306,
        1.8989999294281006,
        1.8989999294281006,
        1.8989999294281006,
        1.9019999504089355,
        1.9019999504089355,
        1.9019999504089355,
        3.4599997997283936,
        1.9059998989105225,
        2.2339999675750732,
        1.9059998989105225,
        1.9089999198913574,
        2.009999990463257,
        1.9089999198913574,
        1.912000060081482,
        1.912000060081482,
        1.1440000534057617,
        1.912000060081482,
        1.9149999618530273,
        1.9149999618530273,
        1.9149999618530273,
        1.9190000295639038,
        1.9190000295639038,
        1.9190000295639038,
        1.2280000448226929,
        1.9220000505447388,
        1.9220000505447388,
        2.065000057220459,
        1.9249999523162842,
        1.9249999523162842,
        1.9249999523162842,
        1.9279999732971191,
        1.9279999732971191,
        1.9279999732971191,
        1.9320000410079956,
        1.9320000410079956,
        1.9320000410079956,
        2.0390000343322754,
        1.934999942779541,
        1.934999942779541,
        0.015000000596046448,
        1.937999963760376,
        1.937999963760376,
        1.937999963760376,
        1.941999912261963,
        1.941999912261963,
        1.941999912261963,
        1.9449999332427979,
        1.9449999332427979,
        1.9449999332427979,
        1.9480000734329224,
        1.9480000734329224,
        1.9480000734329224,
        1.9480000734329224,
        1.9509999752044678,
        1.9509999752044678,
        1.9509999752044678,
        1.9550000429153442,
        1.0169999599456787,
        1.9550000429153442,
        1.2739999294281006,
        1.9580000638961792,
        1.9580000638961792,
        1.9580000638961792,
        1.9609999656677246,
        1.9609999656677246,
        3.5179998874664307,
        1.9639999866485596,
        1.9639999866485596,
        1.9639999866485596,
        1.9679999351501465,
        1.9679999351501465
    ],
    "Generations needed": 23,
    "Population 1": 213.61500549316406,
    "Population 10": 2566.094970703125,
    "Population 11": 2872.675048828125,
    "Population 12": 2880.10009765625,
    "Population 13": 3065.22509765625,
    "Population 14": 3187.574951171875,
    "Population 15": 3063.68994140625,
    "Population 16": 3155.820068359375,
    "Population 17": 3323.764892578125,
    "Population 18": 3399.375,
    "Population 19": 3220.389892578125,
    "Population 2": 869.9249877929688,
    "Population 20": 3250.75,
    "Population 21": 3723.199951171875,
    "Population 22": 3760.044921875,
    "Population 3": 1225.5550537109375,
    "Population 4": 1786.7449951171875,
    "Population 5": 1767.864990234375,
    "Population 6": 1748.385009765625,
    "Population 7": 2322.389892578125,
    "Population 8": 2440.830078125,
    "Population 9": 2602.7548828125,
    "start": "today"
}
