{
    "Champ at 1": 823.0,
    "Champ at 10": 887.0,
    "Champ at 11": 887.0,
    "Champ at 12": 887.0,
    "Champ at 13": 887.0,
    "Champ at 14": 887.0,
    "Champ at 15": 1243.0,
    "Champ at 16": 1849.0,
    "Champ at 17": 1911.0,
    "Champ at 18": 1911.0,
    "Champ at 19": 1911.0,
    "Champ at 2": 887.0,
    "Champ at 20": 1911.0,
    "Champ at 21": 1911.0,
    "Champ at 22": 2290.0,
    "Champ at 23": 2738.0,
    "Champ at 24": 2935.0,
    "Champ at 25": 2935.0,
    "Champ at 26": 2935.0,
    "Champ at 27": 2935.0,
    "Champ at 28": 2935.0,
    "Champ at 29": 3326.0,
    "Champ at 3": 887.0,
    "Champ at 30": 3586.0,
    "Champ at 31": 3586.0,
    "Champ at 32": 3586.0,
    "Champ at 33": 3586.0,
    "Champ at 34": 3762.0,
    "Champ at 35": 3897.0,
    "Champ at 36": 3959.0,
    "Champ at 37": 3959.0,
    "Champ at 38": 3959.0,
    "Champ at 39": 3959.0,
    "Champ at 4": 887.0,
    "Champ at 40": 3959.0,
    "Champ at 41": 3959.0,
    "Champ at 42": 4334.0,
    "Champ at 43": 4354.0,
    "Champ at 44": 4786.0,
    "Champ at 45": 4912.0,
    "Champ at 46": 4983.0,
    "Champ at 47": 4983.0,
    "Champ at 48": 4983.0,
    "Champ at 49": 4983.0,
    "Champ at 5": 887.0,
    "Champ at 50": 4983.0,
    "Champ at 51": 4983.0,
    "Champ at 52": 4983.0,
    "Champ at 53": 5123.0,
    "Champ at 6": 887.0,
    "Champ at 7": 887.0,
    "Champ at 8": 887.0,
    "Champ at 9": 887.0,
    "ChampFitness": 5123.0,
    "ChampInputs": [
        1.840000033378601,
        1.8459999561309814,
        1.8459999561309814,
        1.850000023841858,
        1.850000023841858,
        1.8529999256134033,
        2.621000051498413,
        1.8559999465942383,
        1.8589999675750732,
        3.2190001010894775,
        1.8629999160766602,
        1.8629999160766602,
        1.8659999370574951,
        1.8690000772476196,
        2.937999963760376,
        1.871999979019165,
        1.871999979019165,
        3.321000099182129,
        1.8790000677108765,
        1.5850000381469727,
        1.8819999694824219,
        1.8819999694824219,
        3.109999895095825,
        1.8889999389648438,
        1.8889999389648438,
        1.8919999599456787,
        1.8919999599456787,
        0.3499999940395355,
        1.8989999294281006,
        1.8989999294281006,
        1.9019999504089355,
        2.80400013923645,
        1.90500009059906,
        1.9079999923706055,
        3.3239998817443848,
        1.912000060081482,
        2.2880001068115234,
        1.1579999923706055,
        1.9149999618530273,
        1.9179999828338623,
        0.5649999976158142,
        1.9210000038146973,
        1.9249999523162842,
        1.9249999523162842,
        1.9509999752044678,
        1.9539999961853027,
        1.9570000171661377,
        1.9609999656677246,
        1.9609999656677246,
        1.9639999866485596,
        1.9639999866485596,
        1.9670000076293945,
        1.9670000076293945,
        1.9700000286102295,
        2.009999990463257,
        2.013000011444092,
        9.64900016784668,
        2.0160000324249268,
        2.0160000324249268,
        2.0190000534057617,
        2.0190000534057617,
        0.687000036239624,
        2.0230000019073486,
        2.0260000228881836,
        2.0290000438690186,
        2.0290000438690186,
        3.0,
        2.059000015258789,
        0.6930000185966492,
        2.065000057220459,
        2.068000078201294,
        3.3299999237060547,
        2.1080000400543213,
        2.1080000400543213,
        2.3239998817443848,
        2.1110000610351563,
        2.114000082015991,
        2.114000082015991,
        2.117000102996826,
        2.117000102996826,
        2.121000051498413,
        2.121000051498413,
        2.124000072479248,
        2.124000072479248,
        2.126999855041504,
        2.126999855041504,
        2.126999855041504,
        2.130000114440918,
        2.130000114440918,
        2.134000062942505,
        2.134000062942505,
        2.13700008392334,
        1.2100000381469727,
        2.1659998893737793,
        3.7249999046325684,
        2.169999837875366,
        2.169999837875366,
        2.172999858856201,
        2.172999858856201,
        2.1760001182556152
    ],
    "Generations needed": 54,
    "Population 1": 191.28500366210938,
    "Population 10": 855.7449951171875,
    "Population 11": 857.10498046875,
    "Population 12": 857.6400146484375,
    "Population 13": 864.2550048828125,
    "Population 14": 854.8300170898438,
    "Population 15": 866.0399780273438,
    "Population 16": 1185.9849853515625,
    "Population 17": 1677.5250244140625,
    "Population 18": 1813.4949951171875,
    "Population 19": 1763.3599853515625,
    "Population 2": 807.3300170898438,
    "Population 20": 1800.989990234375,
    "Population 21": 1760.8900146484375,
    "Population 22": 1778.2099609375,
    "Population 23": 2122.510009765625,
    "Population 24": 2463.43994140625,
    "Population 25": 2551.919921875,
    "Population 26": 2579.47998046875,
    "Population 27": 2529.93994140625,
    "Population 28": 2583.239990234375,
    "Population 29": 2543.594970703125,
    "Population 3": 862.6300048828125,
    "Population 30": 2879.60498046875,
    "Population 31": 3060.824951171875,
    "Population 32": 3178.9951171875,
    "Population 33": 3021.635009765625,
    "Population 34": 3070.60009765625,
    "Population 35": 3193.195068359375,
    "Population 36": 3314.35009765625,
    "Population 37": 3343.719970703125,
    "Population 38": 3334.719970703125,
    "Population 39": 3376.625,
    "Population 4": 852.72998046875,
    "Population 40": 3413.429931640625,
    "Population 41": 3447.925048828125,
    "Population 42": 3249.10009765625,
    "Population 43": 3672.195068359375,
    "Population 44": 3620.93994140625,
    "Population 45": 3903.594970703125,
    "Population 46": 3912.4951171875,
    "Population 47": 4083.735107421875,
    "Population 48": 3972.969970703125,
    "Population 49": 4025.925048828125,
    "Population 5": 857.364990234375,
    "Population 50": 3990.844970703125,
    "Population 51": 3925.044921875,
    "Population 52": 4061.114990234375,
    "Population 53": 4104.330078125,
    "Population 6": 858.89501953125,
    "Population 7": 858.5,
    "Population 8": 867.3350219726563,
    "Population 9": 867.89501953125,
    "start": "today"
}
