{
    "Champ at 1": 887.0,
    "Champ at 10": 1282.0,
    "Champ at 11": 1847.0,
    "Champ at 12": 1911.0,
    "Champ at 13": 2562.0,
    "Champ at 14": 2871.0,
    "Champ at 15": 2871.0,
    "Champ at 16": 3327.0,
    "Champ at 17": 3959.0,
    "Champ at 18": 4334.0,
    "Champ at 19": 4610.0,
    "Champ at 2": 887.0,
    "Champ at 20": 4918.0,
    "Champ at 21": 4983.0,
    "Champ at 22": 4983.0,
    "Champ at 23": 4983.0,
    "Champ at 24": 4983.0,
    "Champ at 25": 4983.0,
    "Champ at 26": 5165.0,
    "Champ at 3": 887.0,
    "Champ at 4": 887.0,
    "Champ at 5": 1261.0,
    "Champ at 6": 1282.0,
    "Champ at 7": 1282.0,
    "Champ at 8": 1282.0,
    "Champ at 9": 1282.0,
    "ChampFitness": 5165.0,
    "ChampInputs": [
        1.8930000066757202,
        1.8930000066757202,
        1.8930000066757202,
        1.8960000276565552,
        1.8960000276565552,
        1.8960000276565552,
        2.5749998092651367,
        1.8989999294281006,
        1.8989999294281006,
        2.7049999237060547,
        2.056999921798706,
        1.902999997138977,
        1.902999997138977,
        1.9059998989105225,
        0.5609999895095825,
        2.743000030517578,
        1.9089999198913574,
        1.9089999198913574,
        1.9089999198913574,
        2.246999979019165,
        1.912000060081482,
        1.912000060081482,
        1.912000060081482,
        3.111999988555908,
        1.9159998893737793,
        1.9159998893737793,
        1.9190000295639038,
        1.9190000295639038,
        1.9190000295639038,
        0.5770000219345093,
        1.9220000505447388,
        1.9220000505447388,
        2.502999782562256,
        0.2580000162124634,
        0.47600001096725464,
        1.9249999523162842,
        1.9290000200271606,
        1.9290000200271606,
        1.9290000200271606,
        0.19300000369548798,
        1.9320000410079956,
        1.9320000410079956,
        1.934999942779541,
        3.194999933242798,
        1.934999942779541,
        1.9390000104904175,
        1.9390000104904175,
        1.9390000104904175,
        1.9390000104904175,
        1.941999912261963,
        1.941999912261963,
        1.941999912261963,
        0.27799999713897705,
        1.9449999332427979,
        1.9449999332427979,
        2.2829999923706055,
        0.4950000047683716,
        1.9480000734329224,
        1.9519999027252197,
        1.9519999027252197,
        3.2109999656677246,
        1.9519999027252197,
        3.2139997482299805,
        0.2879999876022339,
        1.9550000429153442,
        1.9580000638961792,
        1.9580000638961792,
        1.9580000638961792,
        1.9609999656677246,
        1.9609999656677246,
        1.9609999656677246,
        1.965000033378601,
        0.5119999647140503,
        1.965000033378601,
        1.965000033378601,
        1.9679999351501465,
        1.9679999351501465,
        1.9679999351501465,
        1.9709999561309814,
        1.9709999561309814,
        1.9709999561309814,
        1.9739999771118164,
        1.9739999771118164,
        1.9739999771118164,
        1.9779999256134033,
        2.811999797821045,
        1.9779999256134033,
        1.9779999256134033,
        1.9809999465942383,
        1.9809999465942383,
        1.9809999465942383,
        1.9840000867843628,
        1.9840000867843628,
        1.9840000867843628,
        8.086999893188477,
        1.9879999160766602,
        1.9879999160766602,
        1.9910000562667847,
        1.9910000562667847,
        1.9910000562667847
    ],
    "Generations needed": 27,
    "Population 1": 208.80499267578125,
    "Population 10": 1203.5999755859375,
    "Population 11": 1218.010009765625,
    "Population 12": 1705.72998046875,
    "Population 13": 1734.614990234375,
    "Population 14": 2302.375,
    "Population 15": 2630.43994140625,
    "Population 16": 2560.405029296875,
    "Population 17": 2752.294921875,
    "Population 18": 3250.044921875,
    "Population 19": 3606.31494140625,
    "Population 2": 858.2349853515625,
    "Population 20": 3527.570068359375,
    "Population 21": 3851.68505859375,
    "Population 22": 3762.72509765625,
    "Population 23": 3850.679931640625,
    "Population 24": 4023.830078125,
    "Population 25": 4055.27001953125,
    "Population 26": 4130.56982421875,
    "Population 3": 844.7849731445313,
    "Population 4": 851.7550048828125,
    "Population 5": 871.1199951171875,
    "Population 6": 1201.75,
    "Population 7": 1233.0450439453125,
    "Population 8": 1214.97998046875,
    "Population 9": 1203.77001953125,
    "start": "today"
}
