{
    "Champ at 1": 887.0,
    "Champ at 10": 3900.0,
    "Champ at 11": 3900.0,
    "Champ at 12": 4920.0,
    "Champ at 13": 4983.0,
    "Champ at 14": 4983.0,
    "Champ at 15": 4983.0,
    "Champ at 16": 4983.0,
    "Champ at 17": 4983.0,
    "Champ at 18": 4983.0,
    "Champ at 19": 4983.0,
    "Champ at 2": 887.0,
    "Champ at 20": 4983.0,
    "Champ at 21": 4983.0,
    "Champ at 22": 4983.0,
    "Champ at 23": 4983.0,
    "Champ at 24": 4983.0,
    "Champ at 25": 4983.0,
    "Champ at 26": 4983.0,
    "Champ at 27": 4983.0,
    "Champ at 28": 4983.0,
    "Champ at 29": 4983.0,
    "Champ at 3": 887.0,
    "Champ at 30": 4983.0,
    "Champ at 31": 4983.0,
    "Champ at 32": 4983.0,
    "Champ at 33": 4983.0,
    "Champ at 34": 4983.0,
    "Champ at 35": 5138.0,
    "Champ at 4": 1538.0,
    "Champ at 5": 1911.0,
    "Champ at 6": 2865.0,
    "Champ at 7": 2877.0,
    "Champ at 8": 2935.0,
    "Champ at 9": 3586.0,
    "ChampFitness": 5138.0,
    "ChampInputs": [
        1.8870000839233398,
        1.8899999856948853,
        1.8930000066757202,
        1.8930000066757202,
        1.8970000743865967,
        1.8970000743865967,
        3.134000062942505,
        1.899999976158142,
        1.902999997138977,
        1.906999945640564,
        1.906999945640564,
        2.3540000915527344,
        1.909999966621399,
        1.9130001068115234,
        3.171999931335449,
        0.17599999904632568,
        1.9200000762939453,
        1.9200000762939453,
        1.9230000972747803,
        1.9259999990463257,
        1.9259999990463257,
        1.9290000200271606,
        2.134999990463257,
        0.16699999570846558,
        1.9329999685287476,
        1.0109999179840088,
        1.9359999895095825,
        1.941999912261963,
        1.941999912261963,
        1.9459999799728394,
        1.9490001201629639,
        1.9490001201629639,
        1.9519999027252197,
        3.2150001525878906,
        1.9560000896453857,
        1.9560000896453857,
        1.9589998722076416,
        1.9620000123977661,
        1.9620000123977661,
        1.965000033378601,
        1.965000033378601,
        2.939000129699707,
        4.650000095367432,
        4.654000282287598,
        1.972000002861023,
        1.975000023841858,
        1.975000023841858,
        1.9779999256134033,
        1.9819999933242798,
        1.9819999933242798,
        3.203000068664551,
        1.9850001335144043,
        1.9879999160766602,
        1.9879999160766602,
        1.9910000562667847,
        1.9910000562667847,
        1.994999885559082,
        1.994999885559082,
        1.9980000257492065,
        2.000999927520752,
        2.000999927520752,
        2.004999876022339,
        1.0469999313354492,
        2.007999897003174,
        2.011000156402588,
        2.011000156402588,
        2.0139999389648438,
        4.677000045776367,
        2.0180001258850098,
        2.0209999084472656,
        2.0209999084472656,
        2.4130001068115234,
        2.0239999294281006,
        2.0269999504089355,
        2.0309998989105225,
        2.0309998989105225,
        2.0339999198913574,
        2.0339999198913574,
        2.0370001792907715,
        2.0370001792907715,
        0.2199999988079071,
        2.0440001487731934,
        2.0440001487731934,
        2.046999931335449,
        2.046999931335449,
        3.264000177383423,
        0.22600001096725464,
        2.05400013923645,
        2.056999921798706,
        2.056999921798706,
        2.98799991607666,
        2.062999963760376,
        2.062999963760376,
        2.066999912261963,
        2.066999912261963,
        2.069999933242798,
        2.072999954223633,
        2.072999954223633,
        2.0759999752044678,
        2.0759999752044678
    ],
    "Generations needed": 36,
    "Population 1": 209.39999389648438,
    "Population 10": 3108.260009765625,
    "Population 11": 3369.635009765625,
    "Population 12": 3381.925048828125,
    "Population 13": 3840.800048828125,
    "Population 14": 4021.419921875,
    "Population 15": 3947.820068359375,
    "Population 16": 4094.25,
    "Population 17": 4074.844970703125,
    "Population 18": 3806.419921875,
    "Population 19": 4059.800048828125,
    "Population 2": 863.1500244140625,
    "Population 20": 4044.489990234375,
    "Population 21": 3960.449951171875,
    "Population 22": 3918.889892578125,
    "Population 23": 4030.455078125,
    "Population 24": 4104.18017578125,
    "Population 25": 3875.735107421875,
    "Population 26": 3685.31005859375,
    "Population 27": 3801.3798828125,
    "Population 28": 3892.469970703125,
    "Population 29": 3950.635009765625,
    "Population 3": 860.3300170898438,
    "Population 30": 3921.824951171875,
    "Population 31": 3827.280029296875,
    "Population 32": 3925.070068359375,
    "Population 33": 4159.884765625,
    "Population 34": 3777.97509765625,
    "Population 35": 3607.324951171875,
    "Population 4": 861.9099731445313,
    "Population 5": 1441.2900390625,
    "Population 6": 1711.9749755859375,
    "Population 7": 2592.860107421875,
    "Population 8": 2526.5400390625,
    "Population 9": 2671.39990234375,
    "start": "today"
}
