{
    "Champ at 1": 887.0,
    "Champ at 10": 5139.0,
    "Champ at 2": 1245.0,
    "Champ at 3": 1911.0,
    "Champ at 4": 2738.0,
    "Champ at 5": 2870.0,
    "Champ at 6": 3586.0,
    "Champ at 7": 3959.0,
    "Champ at 8": 4926.0,
    "Champ at 9": 4983.0,
    "ChampFitness": 5139.0,
    "ChampInputs": [
        1.8739999532699585,
        1.878000020980835,
        1.878000020980835,
        1.878000020980835,
        1.8809999227523804,
        1.8809999227523804,
        1.8840000629425049,
        0.5070000290870667,
        1.8840000629425049,
        3.3420000076293945,
        1.8870000839233398,
        1.8910000324249268,
        1.8910000324249268,
        1.8910000324249268,
        1.8940000534057617,
        2.4809999465942383,
        1.8970000743865967,
        3.357999801635742,
        1.8970000743865967,
        1.3489999771118164,
        1.899999976158142,
        1.9040000438690186,
        1.9040000438690186,
        3.2899999618530273,
        1.906999945640564,
        0.5460000038146973,
        1.906999945640564,
        1.909999966621399,
        1.909999966621399,
        1.9140000343322754,
        1.9140000343322754,
        1.9140000343322754,
        2.875,
        1.9169999361038208,
        1.9200000762939453,
        0.5950000286102295,
        1.9200000762939453,
        1.9230000972747803,
        1.9230000972747803,
        1.9270000457763672,
        1.9270000457763672,
        1.9270000457763672,
        0.9409999847412109,
        1.9300000667572021,
        3.4040000438690186,
        1.9329999685287476,
        0.5460000038146973,
        1.9359999895095825,
        1.9359999895095825,
        1.940000057220459,
        1.940000057220459,
        1.940000057220459,
        1.9429999589920044,
        1.9429999589920044,
        1.9429999589920044,
        1.9459999799728394,
        1.9459999799728394,
        1.9490001201629639,
        1.9490001201629639,
        1.9490001201629639,
        1.9529999494552612,
        1.9529999494552612,
        1.9560000896453857,
        1.9560000896453857,
        1.9560000896453857,
        0.625,
        1.9589998722076416,
        1.9620000123977661,
        1.9620000123977661,
        0.9670000076293945,
        1.9660000801086426,
        1.9660000801086426,
        1.9660000801086426,
        1.968999981880188,
        1.968999981880188,
        1.972000002861023,
        1.972000002861023,
        1.972000002861023,
        1.9760000705718994,
        0.9769999980926514,
        1.9789999723434448,
        1.9789999723434448,
        1.9789999723434448,
        1.9819999933242798,
        1.9819999933242798,
        1.9850001335144043,
        1.9850001335144043,
        1.9850001335144043,
        2.552999973297119,
        3.4019999504089355,
        1.9920001029968262,
        1.9920001029968262,
        1.9920001029968262,
        1.994999885559082,
        1.994999885559082,
        1.9980000257492065,
        1.9980000257492065,
        1.9980000257492065,
        2.002000093460083,
        2.002000093460083
    ],
    "Generations needed": 11,
    "Population 1": 198.84500122070313,
    "Population 10": 4089.31494140625,
    "Population 2": 877.3350219726563,
    "Population 3": 1185.739990234375,
    "Population 4": 1759.175048828125,
    "Population 5": 2413.02001953125,
    "Population 6": 2514.5048828125,
    "Population 7": 3026.405029296875,
    "Population 8": 3419.375,
    "Population 9": 3977.705078125,
    "start": "today"
}
