{
    "Champ at 1": 826.0,
    "Champ at 10": 2738.0,
    "Champ at 11": 2865.0,
    "Champ at 12": 2935.0,
    "Champ at 13": 2935.0,
    "Champ at 14": 2935.0,
    "Champ at 15": 2935.0,
    "Champ at 16": 2935.0,
    "Champ at 17": 2935.0,
    "Champ at 18": 2935.0,
    "Champ at 19": 2935.0,
    "Champ at 2": 887.0,
    "Champ at 20": 2935.0,
    "Champ at 21": 2935.0,
    "Champ at 22": 3892.0,
    "Champ at 23": 3959.0,
    "Champ at 24": 3959.0,
    "Champ at 25": 4343.0,
    "Champ at 26": 4610.0,
    "Champ at 27": 4926.0,
    "Champ at 28": 4983.0,
    "Champ at 29": 4983.0,
    "Champ at 3": 1284.0,
    "Champ at 30": 4983.0,
    "Champ at 31": 5114.0,
    "Champ at 32": 5138.0,
    "Champ at 4": 1538.0,
    "Champ at 5": 1843.0,
    "Champ at 6": 1911.0,
    "Champ at 7": 1911.0,
    "Champ at 8": 2285.0,
    "Champ at 9": 2562.0,
    "ChampFitness": 5138.0,
    "ChampInputs": [
        1.8539999723434448,
        1.8539999723434448,
        1.8539999723434448,
        1.8580000400543213,
        1.8580000400543213,
        1.8580000400543213,
        3.250999927520752,
        1.8610000610351563,
        1.8980000019073486,
        0.5270000100135803,
        1.8639999628067017,
        1.8639999628067017,
        1.8639999628067017,
        1.8669999837875366,
        2.2160000801086426,
        1.8669999837875366,
        0.7400000095367432,
        2.4519999027252197,
        2.7769999504089355,
        1.8709999322891235,
        1.8739999532699585,
        1.2699999809265137,
        1.8739999532699585,
        1.877000093460083,
        3.517000198364258,
        1.877000093460083,
        2.2290000915527344,
        1.8799998760223389,
        1.8799998760223389,
        1.8799998760223389,
        1.8840000629425049,
        2.178999900817871,
        3.077000141143799,
        1.8870000839233398,
        0.5519999861717224,
        1.8870000839233398,
        1.8899999856948853,
        2.0290000438690186,
        1.8899999856948853,
        1.8930000066757202,
        1.8930000066757202,
        0.46299999952316284,
        1.8930000066757202,
        5.480999946594238,
        1.8970000743865967,
        1.8970000743865967,
        1.899999976158142,
        1.899999976158142,
        1.899999976158142,
        1.902999997138977,
        1.902999997138977,
        1.902999997138977,
        1.9059998989105225,
        2.48799991607666,
        3.296999931335449,
        1.9059998989105225,
        1.909999966621399,
        1.9470000267028809,
        1.909999966621399,
        1.9130001068115234,
        1.9130001068115234,
        1.9130001068115234,
        0.4919999837875366,
        1.9159998893737793,
        1.9159998893737793,
        1.9159998893737793,
        1.9200000762939453,
        3.1089999675750732,
        1.9200000762939453,
        1.9230000972747803,
        7.056999683380127,
        1.9230000972747803,
        1.9259999990463257,
        1.9259999990463257,
        1.9259999990463257,
        1.9259999990463257,
        1.9290000200271606,
        5.513999938964844,
        1.9290000200271606,
        1.9329999685287476,
        1.9329999685287476,
        1.9329999685287476,
        1.9359999895095825,
        0.8420000076293945,
        1.9359999895095825,
        2.2840001583099365,
        2.2309999465942383,
        7.078999996185303,
        1.9390000104904175,
        2.8459999561309814,
        1.941999912261963,
        2.5240001678466797,
        1.9459999799728394,
        2.236999988555908,
        1.9459999799728394,
        1.9490001201629639,
        3.5850000381469727,
        1.9490001201629639,
        1.9519999027252197,
        1.9519999027252197
    ],
    "Generations needed": 33,
    "Population 1": 209.4199981689453,
    "Population 10": 2269.4150390625,
    "Population 11": 2461.4599609375,
    "Population 12": 2473.77001953125,
    "Population 13": 2544.60009765625,
    "Population 14": 2604.179931640625,
    "Population 15": 2578.875,
    "Population 16": 2663.294921875,
    "Population 17": 2524.360107421875,
    "Population 18": 2601.110107421875,
    "Population 19": 2570.659912109375,
    "Population 2": 812.5850219726563,
    "Population 20": 2613.8349609375,
    "Population 21": 2471.985107421875,
    "Population 22": 2507.794921875,
    "Population 23": 3198.31005859375,
    "Population 24": 3407.090087890625,
    "Population 25": 3297.25,
    "Population 26": 3663.864990234375,
    "Population 27": 3753.39990234375,
    "Population 28": 3921.905029296875,
    "Population 29": 4084.81494140625,
    "Population 3": 870.6199951171875,
    "Population 30": 3949.800048828125,
    "Population 31": 3847.72998046875,
    "Population 32": 4082.669921875,
    "Population 4": 1213.1500244140625,
    "Population 5": 1468.8900146484375,
    "Population 6": 1683.0150146484375,
    "Population 7": 1755.969970703125,
    "Population 8": 1792.7900390625,
    "Population 9": 2061.909912109375,
    "start": "today"
}
