{
    "Champ at 1": 728.0,
    "Champ at 10": 1911.0,
    "Champ at 11": 2306.0,
    "Champ at 12": 2306.0,
    "Champ at 13": 2779.0,
    "Champ at 14": 2868.0,
    "Champ at 15": 2879.0,
    "Champ at 16": 3304.0,
    "Champ at 17": 3306.0,
    "Champ at 18": 3330.0,
    "Champ at 19": 3330.0,
    "Champ at 2": 811.0,
    "Champ at 20": 3330.0,
    "Champ at 21": 3330.0,
    "Champ at 22": 3330.0,
    "Champ at 23": 3330.0,
    "Champ at 24": 3330.0,
    "Champ at 25": 3330.0,
    "Champ at 26": 3330.0,
    "Champ at 27": 3330.0,
    "Champ at 28": 3330.0,
    "Champ at 29": 3330.0,
    "Champ at 3": 887.0,
    "Champ at 30": 3447.0,
    "Champ at 31": 3671.0,
    "Champ at 32": 3671.0,
    "Champ at 33": 3671.0,
    "Champ at 34": 3959.0,
    "Champ at 35": 4339.0,
    "Champ at 36": 4610.0,
    "Champ at 37": 4610.0,
    "Champ at 38": 4610.0,
    "Champ at 39": 4918.0,
    "Champ at 4": 887.0,
    "Champ at 40": 4920.0,
    "Champ at 41": 4983.0,
    "Champ at 42": 4983.0,
    "Champ at 43": 4983.0,
    "Champ at 44": 4983.0,
    "Champ at 45": 4983.0,
    "Champ at 46": 4983.0,
    "Champ at 47": 4983.0,
    "Champ at 48": 4983.0,
    "Champ at 49": 4983.0,
    "Champ at 5": 1234.0,
    "Champ at 50": 4983.0,
    "Champ at 51": 4983.0,
    "Champ at 52": 4983.0,
    "Champ at 53": 4983.0,
    "Champ at 54": 4983.0,
    "Champ at 55": 4983.0,
    "Champ at 56": 4983.0,
    "Champ at 57": 5144.0,
    "Champ at 6": 1282.0,
    "Champ at 7": 1282.0,
    "Champ at 8": 1844.0,
    "Champ at 9": 1911.0,
    "ChampFitness": 5144.0,
    "ChampInputs": [
        0.18700000643730164,
        1.7919999361038208,
        1.7919999361038208,
        1.7949999570846558,
        1.7949999570846558,
        1.7980000972747803,
        1.7980000972747803,
        2.7799999713897705,
        1.8019999265670776,
        2.0160000324249268,
        3.5240001678466797,
        1.808000087738037,
        1.808000087738037,
        1.812000036239624,
        1.8340001106262207,
        1.815000057220459,
        1.3609999418258667,
        1.8179999589920044,
        0.2549999952316284,
        0.3449999988079071,
        2.0290000438690186,
        1.8250000476837158,
        2.011000156402588,
        1.8279999494552612,
        1.8309999704360962,
        1.8309999704360962,
        2.73799991607666,
        1.8340001106262207,
        1.837999939918518,
        2.385999917984009,
        0.40800002217292786,
        0.3579999804496765,
        1.8440001010894775,
        1.8440001010894775,
        0.02499999850988388,
        1.847000002861023,
        1.8510000705718994,
        2.6550002098083496,
        0.44699999690055847,
        2.0280001163482666,
        1.8569999933242798,
        0.17999999225139618,
        0.012000000104308128,
        2.3350000381469727,
        1.8639999628067017,
        1.8639999628067017,
        1.8669999837875366,
        1.8669999837875366,
        1.8700001239776611,
        1.003000020980835,
        1.8739999532699585,
        1.877000093460083,
        1.877000093460083,
        0.46299999952316284,
        1.8799998760223389,
        1.8830000162124634,
        1.8830000162124634,
        1.8870000839233398,
        1.8870000839233398,
        1.8899999856948853,
        1.8899999856948853,
        1.8930000066757202,
        1.8930000066757202,
        1.8960000276565552,
        1.8960000276565552,
        1.899999976158142,
        1.899999976158142,
        1.902999997138977,
        1.902999997138977,
        8.03600025177002,
        1.9089999198913574,
        1.9089999198913574,
        1.9089999198913574,
        0.44699999690055847,
        1.9130001068115234,
        1.9159998893737793,
        1.4229999780654907,
        1.9190000295639038,
        1.9190000295639038,
        1.9230000972747803,
        2.0950000286102295,
        1.9230000972747803,
        1.9259999990463257,
        1.9259999990463257,
        8.052999496459961,
        1.9290000200271606,
        1.9320000410079956,
        1.055999994277954,
        2.444999933242798,
        1.9359999895095825,
        1.9359999895095825,
        6.765999794006348,
        1.9390000104904175,
        1.941999912261963,
        1.941999912261963,
        1.9449999332427979,
        1.9449999332427979,
        1.9490001201629639,
        1.9490001201629639,
        1.9490001201629639
    ],
    "Generations needed": 58,
    "Population 1": 189.4949951171875,
    "Population 10": 1742.9949951171875,
    "Population 11": 1753.7049560546875,
    "Population 12": 2053.89990234375,
    "Population 13": 2040.8299560546875,
    "Population 14": 2418.18994140625,
    "Population 15": 2488.679931640625,
    "Population 16": 2493.14990234375,
    "Population 17": 2864.429931640625,
    "Population 18": 2864.93505859375,
    "Population 19": 2800.6201171875,
    "Population 2": 705.6950073242188,
    "Population 20": 2795.169921875,
    "Population 21": 2835.955078125,
    "Population 22": 2845.7900390625,
    "Population 23": 2851.425048828125,
    "Population 24": 2815.485107421875,
    "Population 25": 2776.320068359375,
    "Population 26": 2734.195068359375,
    "Population 27": 2802.7548828125,
    "Population 28": 2782.510009765625,
    "Population 29": 2774.969970703125,
    "Population 3": 792.655029296875,
    "Population 30": 2828.52001953125,
    "Population 31": 2911.260009765625,
    "Population 32": 3200.10009765625,
    "Population 33": 2844.445068359375,
    "Population 34": 3019.14990234375,
    "Population 35": 3330.429931640625,
    "Population 36": 3340.195068359375,
    "Population 37": 3655.030029296875,
    "Population 38": 3563.860107421875,
    "Population 39": 3701.97509765625,
    "Population 4": 851.7000122070313,
    "Population 40": 3759.764892578125,
    "Population 41": 3963.52490234375,
    "Population 42": 3936.10498046875,
    "Population 43": 4179.5498046875,
    "Population 44": 3689.735107421875,
    "Population 45": 3869.955078125,
    "Population 46": 3837.889892578125,
    "Population 47": 3912.1201171875,
    "Population 48": 3883.89501953125,
    "Population 49": 3797.02001953125,
    "Population 5": 857.4299926757813,
    "Population 50": 3948.7451171875,
    "Population 51": 3880.60498046875,
    "Population 52": 3984.0,
    "Population 53": 3699.784912109375,
    "Population 54": 3862.2548828125,
    "Population 55": 3769.905029296875,
    "Population 56": 3892.465087890625,
    "Population 57": 3908.195068359375,
    "Population 6": 1142.5,
    "Population 7": 1233.0849609375,
    "Population 8": 1226.875,
    "Population 9": 1653.1300048828125,
    "start": "today"
}
