{
    "Champ at 1": 728.0,
    "Champ at 10": 2856.0,
    "Champ at 11": 2935.0,
    "Champ at 12": 3447.0,
    "Champ at 13": 3671.0,
    "Champ at 14": 3671.0,
    "Champ at 15": 3671.0,
    "Champ at 16": 3671.0,
    "Champ at 17": 3671.0,
    "Champ at 18": 3762.0,
    "Champ at 19": 3762.0,
    "Champ at 2": 887.0,
    "Champ at 20": 3762.0,
    "Champ at 21": 3959.0,
    "Champ at 22": 3959.0,
    "Champ at 23": 4352.0,
    "Champ at 24": 4983.0,
    "Champ at 25": 4983.0,
    "Champ at 26": 4983.0,
    "Champ at 27": 5148.0,
    "Champ at 3": 1230.0,
    "Champ at 4": 1282.0,
    "Champ at 5": 1282.0,
    "Champ at 6": 1284.0,
    "Champ at 7": 1848.0,
    "Champ at 8": 1911.0,
    "Champ at 9": 2307.0,
    "ChampFitness": 5148.0,
    "ChampInputs": [
        1.790000081062317,
        1.7929999828338623,
        2.367000102996826,
        1.7929999828338623,
        1.7970000505447388,
        1.7970000505447388,
        2.316999912261963,
        2.753000020980835,
        1.8000000715255737,
        2.7070000171661377,
        1.8029999732971191,
        1.8029999732971191,
        1.8029999732971191,
        1.8029999732971191,
        2.2660000324249268,
        1.1029999256134033,
        1.805999994277954,
        1.809999942779541,
        0.6899999976158142,
        1.809999942779541,
        1.812999963760376,
        1.812999963760376,
        1.812999963760376,
        1.815999984741211,
        2.986999988555908,
        1.815999984741211,
        2.986999988555908,
        1.6769999265670776,
        1.431999921798706,
        2.7270002365112305,
        1.996999979019165,
        1.8229999542236328,
        2.5409998893737793,
        1.6799999475479126,
        0.9269999861717224,
        2.5440001487731934,
        1.8289999961853027,
        1.8289999961853027,
        1.8289999961853027,
        1.8289999961853027,
        1.8330000638961792,
        3.1640000343322754,
        1.8330000638961792,
        1.8359999656677246,
        4.9070000648498535,
        1.8359999656677246,
        1.8389999866485596,
        1.8389999866485596,
        1.8389999866485596,
        1.8389999866485596,
        1.8420000076293945,
        1.8420000076293945,
        1.8420000076293945,
        1.8459999561309814,
        1.8459999561309814,
        1.8459999561309814,
        1.8489999771118164,
        3.179999828338623,
        1.8489999771118164,
        1.8519999980926514,
        1.1490000486373901,
        1.8519999980926514,
        1.8519999980926514,
        1.8550000190734863,
        1.8550000190734863,
        2.574000120162964,
        1.8589999675750732,
        1.8589999675750732,
        1.8589999675750732,
        1.8619999885559082,
        1.8619999885559082,
        1.8619999885559082,
        1.8619999885559082,
        1.8650000095367432,
        1.8650000095367432,
        1.8650000095367432,
        1.8680000305175781,
        1.8680000305175781,
        1.8680000305175781,
        1.871999979019165,
        3.0390000343322754,
        1.871999979019165,
        2.3989999294281006,
        1.875,
        1.878000020980835,
        2.4019999504089355,
        1.878000020980835,
        1.8819999694824219,
        1.8819999694824219,
        1.8819999694824219,
        1.8819999694824219,
        0.7590000629425049,
        1.8849999904632568,
        0.06700000166893005,
        1.8880000114440918,
        1.8880000114440918,
        1.8880000114440918,
        1.8910000324249268,
        1.8910000324249268,
        1.8910000324249268
    ],
    "Generations needed": 28,
    "Population 1": 192.53500366210938,
    "Population 10": 2084.14501953125,
    "Population 11": 2482.9150390625,
    "Population 12": 2613.1201171875,
    "Population 13": 2956.31494140625,
    "Population 14": 3070.68994140625,
    "Population 15": 3096.0,
    "Population 16": 3046.0,
    "Population 17": 3295.389892578125,
    "Population 18": 3162.554931640625,
    "Population 19": 3121.3798828125,
    "Population 2": 720.72998046875,
    "Population 20": 3122.794921875,
    "Population 21": 3376.22509765625,
    "Population 22": 3242.64501953125,
    "Population 23": 3276.044921875,
    "Population 24": 3525.155029296875,
    "Population 25": 3988.125,
    "Population 26": 3940.93994140625,
    "Population 27": 3937.195068359375,
    "Population 3": 876.5999755859375,
    "Population 4": 1181.35498046875,
    "Population 5": 1224.0699462890625,
    "Population 6": 1212.4300537109375,
    "Population 7": 1227.3399658203125,
    "Population 8": 1741.47998046875,
    "Population 9": 1730.4150390625,
    "start": "today"
}
