{
    "Champ at 1": 690.0,
    "Champ at 10": 2935.0,
    "Champ at 11": 2935.0,
    "Champ at 12": 3519.0,
    "Champ at 13": 3800.0,
    "Champ at 14": 3959.0,
    "Champ at 15": 3959.0,
    "Champ at 16": 3959.0,
    "Champ at 17": 3959.0,
    "Champ at 18": 4983.0,
    "Champ at 19": 5155.0,
    "Champ at 2": 828.0,
    "Champ at 3": 887.0,
    "Champ at 4": 1281.0,
    "Champ at 5": 1911.0,
    "Champ at 6": 1911.0,
    "Champ at 7": 2282.0,
    "Champ at 8": 2308.0,
    "Champ at 9": 2874.0,
    "ChampFitness": 5155.0,
    "ChampInputs": [
        2.1410000324249268,
        1.9459999799728394,
        1.9459999799728394,
        1.3389999866485596,
        1.9499999284744263,
        1.9499999284744263,
        2.7779998779296875,
        1.9529999494552612,
        0.4870000183582306,
        1.9560000896453857,
        1.9560000896453857,
        1.9560000896453857,
        1.9560000896453857,
        1.959999918937683,
        1.959999918937683,
        2.3989999294281006,
        0.43699997663497925,
        1.9630000591278076,
        1.9630000591278076,
        0.15599998831748962,
        1.9660000801086426,
        1.9660000801086426,
        1.968999981880188,
        1.968999981880188,
        1.968999981880188,
        3.1349997520446777,
        1.9730000495910645,
        1.9730000495910645,
        0.925000011920929,
        1.9760000705718994,
        1.9809999465942383,
        1.9760000705718994,
        1.3840000629425049,
        1.9789999723434448,
        1.9789999723434448,
        0.949999988079071,
        1.9819999933242798,
        1.9819999933242798,
        1.9859999418258667,
        1.9859999418258667,
        1.9859999418258667,
        1.9889999628067017,
        1.9889999628067017,
        1.9889999628067017,
        1.055999994277954,
        1.9920001029968262,
        3.1549999713897705,
        0.4659999907016754,
        0.5260000228881836,
        1.994999885559082,
        1.994999885559082,
        1.999000072479248,
        1.999000072479248,
        1.999000072479248,
        2.002000093460083,
        0.4729999899864197,
        0.19600000977516174,
        2.002000093460083,
        2.004999876022339,
        1.0230000019073486,
        2.004999876022339,
        2.007999897003174,
        2.007999897003174,
        2.007999897003174,
        2.0119998455047607,
        2.0119998455047607,
        2.0119998455047607,
        0.5460000038146973,
        2.0149998664855957,
        2.0149998664855957,
        2.0149998664855957,
        3.180999994277954,
        2.0180001258850098,
        1.084999918937683,
        2.0219998359680176,
        2.0219998359680176,
        2.0219998359680176,
        2.0250000953674316,
        2.0250000953674316,
        2.0250000953674316,
        2.0280001163482666,
        3.761000156402588,
        2.0280001163482666,
        2.0280001163482666,
        2.0309998989105225,
        2.0309998989105225,
        2.0309998989105225,
        1.1010000705718994,
        2.0350000858306885,
        2.0350000858306885,
        2.0379998683929443,
        2.4709999561309814,
        2.0379998683929443,
        2.0409998893737793,
        2.0409998893737793,
        2.0409998893737793,
        2.0409998893737793,
        2.0440001487731934,
        2.0440001487731934,
        2.0440001487731934
    ],
    "Generations needed": 20,
    "Population 1": 192.6199951171875,
    "Population 10": 2541.840087890625,
    "Population 11": 2539.719970703125,
    "Population 12": 2572.760009765625,
    "Population 13": 2982.68994140625,
    "Population 14": 3343.054931640625,
    "Population 15": 3321.389892578125,
    "Population 16": 3154.3349609375,
    "Population 17": 3233.715087890625,
    "Population 18": 3214.81494140625,
    "Population 19": 3847.93505859375,
    "Population 2": 674.1699829101563,
    "Population 3": 813.6099853515625,
    "Population 4": 866.1099853515625,
    "Population 5": 1248.344970703125,
    "Population 6": 1782.4150390625,
    "Population 7": 1754.3299560546875,
    "Population 8": 2123.429931640625,
    "Population 9": 2083.675048828125,
    "start": "today"
}
