{
    "Champ at 1": 887.0,
    "Champ at 10": 2935.0,
    "Champ at 11": 3762.0,
    "Champ at 12": 3959.0,
    "Champ at 13": 3959.0,
    "Champ at 14": 3959.0,
    "Champ at 15": 3959.0,
    "Champ at 16": 3959.0,
    "Champ at 17": 3959.0,
    "Champ at 18": 3959.0,
    "Champ at 19": 3959.0,
    "Champ at 2": 887.0,
    "Champ at 20": 3959.0,
    "Champ at 21": 3959.0,
    "Champ at 22": 3959.0,
    "Champ at 23": 3959.0,
    "Champ at 24": 3959.0,
    "Champ at 25": 3959.0,
    "Champ at 26": 3959.0,
    "Champ at 27": 4329.0,
    "Champ at 28": 4695.0,
    "Champ at 29": 4695.0,
    "Champ at 3": 1538.0,
    "Champ at 30": 4695.0,
    "Champ at 31": 4695.0,
    "Champ at 32": 4786.0,
    "Champ at 33": 4786.0,
    "Champ at 34": 4786.0,
    "Champ at 35": 4983.0,
    "Champ at 36": 4983.0,
    "Champ at 37": 4983.0,
    "Champ at 38": 5132.0,
    "Champ at 4": 1911.0,
    "Champ at 5": 1911.0,
    "Champ at 6": 2562.0,
    "Champ at 7": 2935.0,
    "Champ at 8": 2935.0,
    "Champ at 9": 2935.0,
    "ChampFitness": 5132.0,
    "ChampInputs": [
        1.8830000162124634,
        1.8860000371932983,
        1.8860000371932983,
        1.8860000371932983,
        1.8899999856948853,
        1.8899999856948853,
        3.120000123977661,
        1.8930000066757202,
        1.8930000066757202,
        1.8960000276565552,
        2.502000093460083,
        1.8960000276565552,
        1.8989999294281006,
        1.8989999294281006,
        1.8989999294281006,
        1.0740000009536743,
        1.902999997138977,
        1.902999997138977,
        1.902999997138977,
        0.7039999961853027,
        1.9059998989105225,
        1.9059998989105225,
        1.9089999198913574,
        1.9089999198913574,
        1.9089999198913574,
        1.1269999742507935,
        1.912000060081482,
        1.912000060081482,
        1.8600000143051147,
        2.5209999084472656,
        1.9159998893737793,
        1.9190000295639038,
        1.9190000295639038,
        0.453000009059906,
        1.9220000505447388,
        1.9220000505447388,
        1.9220000505447388,
        3.5269999504089355,
        0.41999998688697815,
        0.41999998688697815,
        0.4230000078678131,
        1.9290000200271606,
        1.9290000200271606,
        1.9290000200271606,
        2.739999771118164,
        1.9320000410079956,
        1.9320000410079956,
        1.1610000133514404,
        2.5409998893737793,
        1.934999942779541,
        1.9390000104904175,
        1.9390000104904175,
        1.9390000104904175,
        1.941999912261963,
        1.941999912261963,
        1.941999912261963,
        1.941999912261963,
        1.9449999332427979,
        1.9449999332427979,
        1.8889999389648438,
        3.178999900817871,
        1.9480000734329224,
        1.9480000734329224,
        1.9519999027252197,
        0.44599997997283936,
        1.9519999027252197,
        1.9550000429153442,
        1.9550000429153442,
        1.9550000429153442,
        1.9580000638961792,
        1.9580000638961792,
        1.9609999656677246,
        3.559000015258789,
        2.7699999809265137,
        1.965000033378601,
        1.965000033378601,
        1.9679999351501465,
        1.9679999351501465,
        1.9709999561309814,
        1.9709999561309814,
        1.9709999561309814,
        1.9739999771118164,
        0.8340000510215759,
        1.1389999389648438,
        1.9779999256134033,
        1.9809999465942383,
        1.9809999465942383,
        1.9840000867843628,
        0.843999981880188,
        1.9879999160766602,
        1.9879999160766602,
        1.9910000562667847,
        1.9910000562667847,
        1.99399995803833,
        1.99399995803833,
        1.996999979019165,
        1.996999979019165,
        2.000999927520752,
        2.000999927520752,
        2.003999948501587
    ],
    "Generations needed": 39,
    "Population 1": 206.96499633789063,
    "Population 10": 2578.89501953125,
    "Population 11": 2604.2451171875,
    "Population 12": 3228.75,
    "Population 13": 3316.31494140625,
    "Population 14": 3241.280029296875,
    "Population 15": 3285.25,
    "Population 16": 3200.215087890625,
    "Population 17": 3122.909912109375,
    "Population 18": 3194.425048828125,
    "Population 19": 3272.27001953125,
    "Population 2": 859.5,
    "Population 20": 3301.090087890625,
    "Population 21": 3367.625,
    "Population 22": 3357.89990234375,
    "Population 23": 3246.02490234375,
    "Population 24": 3349.93505859375,
    "Population 25": 3298.1650390625,
    "Population 26": 3376.159912109375,
    "Population 27": 3362.300048828125,
    "Population 28": 3580.8798828125,
    "Population 29": 3744.449951171875,
    "Population 3": 871.4249877929688,
    "Population 30": 3857.864990234375,
    "Population 31": 3723.389892578125,
    "Population 32": 3722.85009765625,
    "Population 33": 3732.6201171875,
    "Population 34": 3719.965087890625,
    "Population 35": 3877.375,
    "Population 36": 4069.445068359375,
    "Population 37": 3994.215087890625,
    "Population 38": 3881.719970703125,
    "Population 4": 1456.4200439453125,
    "Population 5": 1768.02001953125,
    "Population 6": 1817.89501953125,
    "Population 7": 2271.9599609375,
    "Population 8": 2621.75,
    "Population 9": 2585.18994140625,
    "start": "today"
}
