{
    "Champ at 1": 826.0,
    "Champ at 10": 2876.0,
    "Champ at 11": 2935.0,
    "Champ at 12": 2935.0,
    "Champ at 13": 3447.0,
    "Champ at 14": 3762.0,
    "Champ at 15": 3892.0,
    "Champ at 16": 3892.0,
    "Champ at 17": 3959.0,
    "Champ at 18": 3959.0,
    "Champ at 19": 4610.0,
    "Champ at 2": 887.0,
    "Champ at 20": 4983.0,
    "Champ at 21": 4983.0,
    "Champ at 22": 4983.0,
    "Champ at 23": 5124.0,
    "Champ at 3": 887.0,
    "Champ at 4": 1272.0,
    "Champ at 5": 1538.0,
    "Champ at 6": 1848.0,
    "Champ at 7": 1911.0,
    "Champ at 8": 2562.0,
    "Champ at 9": 2562.0,
    "ChampFitness": 5124.0,
    "ChampInputs": [
        1.8529999256134033,
        1.8529999256134033,
        1.8529999256134033,
        1.8559999465942383,
        1.8559999465942383,
        1.8559999465942383,
        3.055000066757202,
        1.8589999675750732,
        0.453000009059906,
        2.2929999828338623,
        1.8629999160766602,
        1.8629999160766602,
        1.8629999160766602,
        1.8659999370574951,
        1.8659999370574951,
        0.15399999916553497,
        3.2039999961853027,
        1.8690000772476196,
        1.8690000772476196,
        1.8690000772476196,
        1.872999906539917,
        0.5479999780654907,
        1.872999906539917,
        1.8760000467300415,
        1.8760000467300415,
        3.384000062942505,
        1.8790000677108765,
        1.8790000677108765,
        1.8790000677108765,
        0.7190000414848328,
        1.8819999694824219,
        1.4569998979568481,
        1.8819999694824219,
        1.8860000371932983,
        3.5190000534057617,
        1.8860000371932983,
        2.4730000495910645,
        1.8889999389648438,
        1.8889999389648438,
        1.8919999599456787,
        1.8919999599456787,
        1.8919999599456787,
        1.8949999809265137,
        0.5669999718666077,
        1.8949999809265137,
        1.8949999809265137,
        3.5319998264312744,
        1.8989999294281006,
        1.8989999294281006,
        1.9019999504089355,
        8.176000595092773,
        0.5770000219345093,
        1.90500009059906,
        1.90500009059906,
        8.178999900817871,
        1.9079999923706055,
        1.4839999675750732,
        1.9079999923706055,
        1.9079999923706055,
        1.912000060081482,
        1.912000060081482,
        1.4900000095367432,
        1.9149999618530273,
        1.9149999618530273,
        1.9149999618530273,
        3.4790000915527344,
        1.9179999828338623,
        1.9179999828338623,
        1.9220000505447388,
        0.7620000243186951,
        1.5,
        1.9220000505447388,
        1.9249999523162842,
        1.9249999523162842,
        1.9249999523162842,
        1.9279999732971191,
        1.9279999732971191,
        1.50600004196167,
        3.124000072479248,
        1.930999994277954,
        1.930999994277954,
        0.5239999890327454,
        3.2690000534057617,
        1.934999942779541,
        4.154999732971191,
        1.937999963760376,
        1.937999963760376,
        1.937999963760376,
        1.9410001039505005,
        1.9410001039505005,
        1.9410001039505005,
        1.944000005722046,
        1.944000005722046,
        1.944000005722046,
        1.9480000734329224,
        2.5290000438690186,
        1.9480000734329224,
        0.6230000257492065,
        1.9509999752044678,
        1.9509999752044678
    ],
    "Generations needed": 24,
    "Population 1": 200.33999633789063,
    "Population 10": 2310.300048828125,
    "Population 11": 2598.830078125,
    "Population 12": 2630.0,
    "Population 13": 2541.705078125,
    "Population 14": 2849.1201171875,
    "Population 15": 3049.300048828125,
    "Population 16": 3211.0,
    "Population 17": 3500.010009765625,
    "Population 18": 3316.52001953125,
    "Population 19": 3272.235107421875,
    "Population 2": 797.9149780273438,
    "Population 20": 3656.485107421875,
    "Population 21": 4008.2548828125,
    "Population 22": 3768.4951171875,
    "Population 23": 3999.4599609375,
    "Population 3": 865.2449951171875,
    "Population 4": 870.0150146484375,
    "Population 5": 1199.3349609375,
    "Population 6": 1434.969970703125,
    "Population 7": 1710.239990234375,
    "Population 8": 1693.199951171875,
    "Population 9": 2292.794921875,
    "start": "today"
}
