{
    "Champ at 1": 887.0,
    "Champ at 10": 1854.0,
    "Champ at 11": 2271.0,
    "Champ at 12": 2309.0,
    "Champ at 13": 2562.0,
    "Champ at 14": 2562.0,
    "Champ at 15": 2738.0,
    "Champ at 16": 2744.0,
    "Champ at 17": 2870.0,
    "Champ at 18": 2935.0,
    "Champ at 19": 3762.0,
    "Champ at 2": 887.0,
    "Champ at 20": 3762.0,
    "Champ at 21": 3762.0,
    "Champ at 22": 3762.0,
    "Champ at 23": 3959.0,
    "Champ at 24": 3959.0,
    "Champ at 25": 3959.0,
    "Champ at 26": 3959.0,
    "Champ at 27": 4332.0,
    "Champ at 28": 4550.0,
    "Champ at 29": 4786.0,
    "Champ at 3": 887.0,
    "Champ at 30": 4816.0,
    "Champ at 31": 4983.0,
    "Champ at 32": 4983.0,
    "Champ at 33": 4983.0,
    "Champ at 34": 4983.0,
    "Champ at 35": 4983.0,
    "Champ at 36": 4983.0,
    "Champ at 37": 4983.0,
    "Champ at 38": 5140.0,
    "Champ at 4": 887.0,
    "Champ at 5": 1267.0,
    "Champ at 6": 1282.0,
    "Champ at 7": 1282.0,
    "Champ at 8": 1282.0,
    "Champ at 9": 1714.0,
    "ChampFitness": 5140.0,
    "ChampInputs": [
        1.878000020980835,
        1.878000020980835,
        1.8809999227523804,
        1.8809999227523804,
        1.6169999837875366,
        1.8840000629425049,
        2.752000093460083,
        1.8840000629425049,
        2.0160000324249268,
        3.057000160217285,
        1.8880000114440918,
        1.8910000324249268,
        1.8910000324249268,
        1.8910000324249268,
        0.6100000143051147,
        1.8940000534057617,
        1.8940000534057617,
        0.8169999718666077,
        1.8980000019073486,
        0.7960000038146973,
        1.8980000019073486,
        1.9010000228881836,
        1.9010000228881836,
        1.190999984741211,
        1.9040000438690186,
        0.44699999690055847,
        2.0360000133514404,
        0.8059999942779541,
        1.906999945640564,
        1.712999939918518,
        0.8090000152587891,
        1.9110000133514404,
        1.9110000133514404,
        1.9110000133514404,
        1.9140000343322754,
        1.9140000343322754,
        1.9140000343322754,
        0.5740000009536743,
        1.9169999361038208,
        1.9169999361038208,
        2.7690000534057617,
        1.7319999933242798,
        1.9200000762939453,
        1.9239999055862427,
        2.259999990463257,
        1.9239999055862427,
        0.875,
        1.9270000457763672,
        1.6079999208450317,
        1.9300000667572021,
        1.9300000667572021,
        1.9300000667572021,
        3.1029999256134033,
        1.9329999685287476,
        1.9329999685287476,
        1.9329999685287476,
        1.937000036239624,
        1.937000036239624,
        1.937000036239624,
        1.940000057220459,
        1.940000057220459,
        1.940000057220459,
        1.9429999589920044,
        1.9429999589920044,
        1.9429999589920044,
        1.9470000267028809,
        1.9470000267028809,
        1.9470000267028809,
        1.9499999284744263,
        1.9499999284744263,
        1.9499999284744263,
        1.9529999494552612,
        1.9529999494552612,
        1.9529999494552612,
        3.125999927520752,
        1.9560000896453857,
        1.9560000896453857,
        0.8550000190734863,
        1.959999918937683,
        1.959999918937683,
        1.959999918937683,
        1.9630000591278076,
        1.9630000591278076,
        1.9630000591278076,
        1.9660000801086426,
        1.9660000801086426,
        1.6949999332427979,
        1.7680000066757202,
        2.5960001945495605,
        1.968999981880188,
        1.9730000495910645,
        1.9730000495910645,
        1.9730000495910645,
        1.9730000495910645,
        1.9760000705718994,
        1.9760000705718994,
        1.9760000705718994,
        1.9789999723434448,
        1.9789999723434448,
        1.9789999723434448
    ],
    "Generations needed": 39,
    "Population 1": 214.8000030517578,
    "Population 10": 1600.9599609375,
    "Population 11": 1747.1700439453125,
    "Population 12": 2096.949951171875,
    "Population 13": 2061.514892578125,
    "Population 14": 2230.580078125,
    "Population 15": 2224.864990234375,
    "Population 16": 2459.4951171875,
    "Population 17": 2468.449951171875,
    "Population 18": 2452.590087890625,
    "Population 19": 2638.1201171875,
    "Population 2": 852.7100219726563,
    "Population 20": 3052.715087890625,
    "Population 21": 3188.3701171875,
    "Population 22": 3175.1650390625,
    "Population 23": 3182.6298828125,
    "Population 24": 3490.485107421875,
    "Population 25": 3332.199951171875,
    "Population 26": 3350.294921875,
    "Population 27": 3254.5,
    "Population 28": 3560.449951171875,
    "Population 29": 3918.35498046875,
    "Population 3": 863.2150268554688,
    "Population 30": 3777.18994140625,
    "Population 31": 3784.56494140625,
    "Population 32": 3964.125,
    "Population 33": 3973.06005859375,
    "Population 34": 3854.985107421875,
    "Population 35": 3850.215087890625,
    "Population 36": 3770.114990234375,
    "Population 37": 3949.47509765625,
    "Population 38": 3928.179931640625,
    "Population 4": 856.4749755859375,
    "Population 5": 840.89501953125,
    "Population 6": 1215.06494140625,
    "Population 7": 1210.6500244140625,
    "Population 8": 1233.2750244140625,
    "Population 9": 1221.489990234375,
    "start": "today"
}
