{
    "Champ at 1": 826.0,
    "Champ at 10": 2879.0,
    "Champ at 11": 2935.0,
    "Champ at 12": 3307.0,
    "Champ at 13": 3330.0,
    "Champ at 14": 3586.0,
    "Champ at 15": 4786.0,
    "Champ at 16": 4786.0,
    "Champ at 17": 4786.0,
    "Champ at 18": 5118.0,
    "Champ at 2": 887.0,
    "Champ at 3": 1263.0,
    "Champ at 4": 1273.0,
    "Champ at 5": 1851.0,
    "Champ at 6": 1851.0,
    "Champ at 7": 1911.0,
    "Champ at 8": 1911.0,
    "Champ at 9": 2562.0,
    "ChampFitness": 5118.0,
    "ChampInputs": [
        1.8519999980926514,
        1.8550000190734863,
        1.8550000190734863,
        1.8580000400543213,
        1.8580000400543213,
        1.8580000400543213,
        2.384000062942505,
        0.5720000267028809,
        1.8619999885559082,
        1.8619999885559082,
        2.9069998264312744,
        1.8650000095367432,
        1.5509999990463257,
        1.8680000305175781,
        1.8680000305175781,
        3.5899999141693115,
        1.8709999322891235,
        0.5820000171661377,
        1.8709999322891235,
        1.8709999322891235,
        1.875,
        1.875,
        1.875,
        1.9519999027252197,
        2.7300000190734863,
        1.878000020980835,
        2.5989999771118164,
        1.8809999227523804,
        1.8809999227523804,
        1.8840000629425049,
        1.8840000629425049,
        1.8840000629425049,
        3.5510001182556152,
        1.8880000114440918,
        1.8880000114440918,
        1.8880000114440918,
        1.6349999904632568,
        2.743000030517578,
        1.8910000324249268,
        1.8940000534057617,
        2.433000087738037,
        1.8940000534057617,
        1.8970000743865967,
        1.8970000743865967,
        1.8970000743865967,
        1.8970000743865967,
        1.9010000228881836,
        1.9010000228881836,
        1.9010000228881836,
        1.6480000019073486,
        2.942999839782715,
        1.9040000438690186,
        1.906999945640564,
        1.906999945640564,
        1.906999945640564,
        1.906999945640564,
        1.9110000133514404,
        1.9110000133514404,
        1.9110000133514404,
        1.9140000343322754,
        1.9140000343322754,
        1.9140000343322754,
        1.9169999361038208,
        3.635999917984009,
        1.9169999361038208,
        1.9200000762939453,
        1.9200000762939453,
        1.6649999618530273,
        1.9200000762939453,
        1.9239999055862427,
        1.9239999055862427,
        1.9239999055862427,
        2.003999948501587,
        1.9270000457763672,
        1.9270000457763672,
        1.9300000667572021,
        2.4850001335144043,
        1.9300000667572021,
        1.9329999685287476,
        1.9329999685287476,
        1.9329999685287476,
        1.9329999685287476,
        2.495000123977661,
        1.937000036239624,
        1.937000036239624,
        1.940000057220459,
        1.940000057220459,
        1.940000057220459,
        1.9429999589920044,
        1.9429999589920044,
        1.9429999589920044,
        1.9429999589920044,
        1.9459999799728394,
        2.1019999980926514,
        1.694000005722046,
        1.9499999284744263,
        1.9499999284744263,
        4.404000282287598,
        1.9529999494552612,
        1.9529999494552612
    ],
    "Generations needed": 19,
    "Population 1": 203.33999633789063,
    "Population 10": 2349.85009765625,
    "Population 11": 2528.77001953125,
    "Population 12": 2545.56005859375,
    "Population 13": 2837.1201171875,
    "Population 14": 2813.364990234375,
    "Population 15": 3093.1201171875,
    "Population 16": 4064.389892578125,
    "Population 17": 3842.889892578125,
    "Population 18": 4015.239990234375,
    "Population 2": 799.510009765625,
    "Population 3": 860.6749877929688,
    "Population 4": 1210.4599609375,
    "Population 5": 1213.9000244140625,
    "Population 6": 1704.4150390625,
    "Population 7": 1667.5450439453125,
    "Population 8": 1751.2249755859375,
    "Population 9": 1748.25,
    "start": "today"
}
