{
    "Champ at 1": 887.0,
    "Champ at 10": 3447.0,
    "Champ at 11": 3959.0,
    "Champ at 12": 3959.0,
    "Champ at 13": 4350.0,
    "Champ at 14": 4610.0,
    "Champ at 15": 4786.0,
    "Champ at 16": 4920.0,
    "Champ at 17": 5133.0,
    "Champ at 2": 1247.0,
    "Champ at 3": 1911.0,
    "Champ at 4": 1911.0,
    "Champ at 5": 2562.0,
    "Champ at 6": 2868.0,
    "Champ at 7": 3306.0,
    "Champ at 8": 3447.0,
    "Champ at 9": 3447.0,
    "ChampFitness": 5133.0,
    "ChampInputs": [
        1.8960000276565552,
        1.8960000276565552,
        1.8960000276565552,
        1.8989999294281006,
        1.8989999294281006,
        1.9019999504089355,
        1.9019999504089355,
        0.35600000619888306,
        1.1689999103546143,
        1.9059998989105225,
        1.9089999198913574,
        1.9089999198913574,
        1.912000060081482,
        1.912000060081482,
        1.912000060081482,
        1.9149999618530273,
        0.3659999966621399,
        1.9190000295639038,
        0.902999997138977,
        2.0360000133514404,
        1.9220000505447388,
        1.9220000505447388,
        1.9249999523162842,
        1.9249999523162842,
        1.9249999523162842,
        1.9279999732971191,
        2.7849998474121094,
        1.9279999732971191,
        3.562000036239624,
        1.9320000410079956,
        1.281999945640564,
        1.934999942779541,
        1.941999912261963,
        1.6299999952316284,
        2.752000093460083,
        1.9480000734329224,
        2.808000087738037,
        1.9509999752044678,
        1.9509999752044678,
        2.0239999294281006,
        1.9639999866485596,
        1.6429998874664307,
        2.8929998874664307,
        1.9679999351501465,
        1.9679999351501465,
        2.8999998569488525,
        1.9709999561309814,
        1.9739999771118164,
        1.9739999771118164,
        1.9769999980926514,
        1.9769999980926514,
        1.9809999465942383,
        1.9809999465942383,
        1.9840000867843628,
        2.0399999618530273,
        1.9869999885559082,
        1.9900000095367432,
        0.010000000707805157,
        1.99399995803833,
        1.99399995803833,
        2.0329999923706055,
        2.0360000133514404,
        2.0390000343322754,
        2.0390000343322754,
        2.0429999828338623,
        2.0429999828338623,
        2.0460000038146973,
        2.0460000038146973,
        2.0490000247955322,
        2.0490000247955322,
        2.052999973297119,
        2.052999973297119,
        2.055999994277954,
        2.055999994277954,
        2.059000015258789,
        2.059000015258789,
        2.062000036239624,
        0.968999981880188,
        2.065999984741211,
        2.8380000591278076,
        1.3370000123977661,
        2.069000005722046,
        2.072000026702881,
        2.072000026702881,
        2.075000047683716,
        2.075000047683716,
        2.1009998321533203,
        2.0789999961853027,
        2.0789999961853027,
        2.0820000171661377,
        2.0820000171661377,
        2.0820000171661377,
        2.0850000381469727,
        2.0850000381469727,
        2.0880000591278076,
        2.991000175476074,
        2.0880000591278076,
        2.0920000076293945,
        2.0920000076293945,
        3.000999927520752
    ],
    "Generations needed": 18,
    "Population 1": 208.1199951171875,
    "Population 10": 2971.85498046875,
    "Population 11": 2901.360107421875,
    "Population 12": 3237.919921875,
    "Population 13": 3202.175048828125,
    "Population 14": 3471.264892578125,
    "Population 15": 3703.175048828125,
    "Population 16": 3688.77001953125,
    "Population 17": 3714.89501953125,
    "Population 2": 865.7249755859375,
    "Population 3": 1188.635009765625,
    "Population 4": 1735.43505859375,
    "Population 5": 1748.925048828125,
    "Population 6": 2248.52490234375,
    "Population 7": 2461.52490234375,
    "Population 8": 2766.3798828125,
    "Population 9": 2866.764892578125,
    "start": "today"
}
