{
    "Champ at 1": 831.0,
    "Champ at 10": 2306.0,
    "Champ at 11": 2306.0,
    "Champ at 12": 2306.0,
    "Champ at 13": 2562.0,
    "Champ at 14": 2935.0,
    "Champ at 15": 2935.0,
    "Champ at 16": 3586.0,
    "Champ at 17": 3586.0,
    "Champ at 18": 3762.0,
    "Champ at 19": 3784.0,
    "Champ at 2": 887.0,
    "Champ at 20": 3887.0,
    "Champ at 21": 3959.0,
    "Champ at 22": 3959.0,
    "Champ at 23": 4337.0,
    "Champ at 24": 4354.0,
    "Champ at 25": 4354.0,
    "Champ at 26": 4354.0,
    "Champ at 27": 4610.0,
    "Champ at 28": 4610.0,
    "Champ at 29": 4610.0,
    "Champ at 3": 887.0,
    "Champ at 30": 4695.0,
    "Champ at 31": 4695.0,
    "Champ at 32": 4695.0,
    "Champ at 33": 4923.0,
    "Champ at 34": 4923.0,
    "Champ at 35": 4983.0,
    "Champ at 36": 4983.0,
    "Champ at 37": 4983.0,
    "Champ at 38": 5136.0,
    "Champ at 4": 887.0,
    "Champ at 5": 887.0,
    "Champ at 6": 1258.0,
    "Champ at 7": 1835.0,
    "Champ at 8": 1911.0,
    "Champ at 9": 2277.0,
    "ChampFitness": 5136.0,
    "ChampInputs": [
        1.8619999885559082,
        1.8650000095367432,
        1.8680000305175781,
        1.8680000305175781,
        1.8680000305175781,
        1.8709999322891235,
        2.7079999446868896,
        1.8709999322891235,
        0.8250000476837158,
        1.875,
        1.875,
        1.875,
        1.878000020980835,
        1.878000020980835,
        1.878000020980835,
        2.944999933242798,
        1.8809999227523804,
        1.8809999227523804,
        2.4789998531341553,
        1.8840000629425049,
        1.8840000629425049,
        0.6179999709129333,
        1.8880000114440918,
        1.8880000114440918,
        3.2179999351501465,
        1.8910000324249268,
        1.9670000076293945,
        1.8910000324249268,
        1.8940000534057617,
        0.4399999976158142,
        1.8940000534057617,
        0.5789999961853027,
        0.6279999613761902,
        0.414000004529953,
        1.9010000228881836,
        0.5149999856948853,
        2.502000093460083,
        1.9040000438690186,
        1.9040000438690186,
        2.4189999103546143,
        1.9040000438690186,
        2.1500000953674316,
        1.965000033378601,
        1.906999945640564,
        2.816999912261963,
        1.9110000133514404,
        1.9110000133514404,
        1.9140000343322754,
        1.9140000343322754,
        1.9140000343322754,
        1.9140000343322754,
        1.9169999361038208,
        0.5320000052452087,
        1.9169999361038208,
        0.6510000228881836,
        2.986999988555908,
        1.9200000762939453,
        1.9239999055862427,
        1.9239999055862427,
        1.9239999055862427,
        5.264000415802002,
        2.8340001106262207,
        1.9869999885559082,
        1.9270000457763672,
        2.5380001068115234,
        1.9300000667572021,
        1.9300000667572021,
        1.9329999685287476,
        1.9329999685287476,
        1.9329999685287476,
        1.937000036239624,
        1.937000036239624,
        1.937000036239624,
        0.5550000071525574,
        0.5550000071525574,
        2.8470001220703125,
        1.940000057220459,
        1.9429999589920044,
        3.2769999504089355,
        1.9429999589920044,
        1.9470000267028809,
        1.9470000267028809,
        1.9470000267028809,
        0.9490000009536743,
        1.9499999284744263,
        1.9499999284744263,
        0.5680000185966492,
        1.9529999494552612,
        1.9529999494552612,
        1.9529999494552612,
        1.9560000896453857,
        2.7900002002716064,
        1.9560000896453857,
        1.959999918937683,
        1.959999918937683,
        2.205000162124634,
        1.9630000591278076,
        1.9630000591278076,
        1.9630000591278076,
        1.9630000591278076
    ],
    "Generations needed": 39,
    "Population 1": 200.80499267578125,
    "Population 10": 1946.739990234375,
    "Population 11": 2100.5048828125,
    "Population 12": 2065.155029296875,
    "Population 13": 2093.199951171875,
    "Population 14": 2269.1201171875,
    "Population 15": 2490.4951171875,
    "Population 16": 2608.945068359375,
    "Population 17": 3041.860107421875,
    "Population 18": 3059.875,
    "Population 19": 3164.85009765625,
    "Population 2": 798.7849731445313,
    "Population 20": 3223.195068359375,
    "Population 21": 3214.985107421875,
    "Population 22": 3286.89501953125,
    "Population 23": 3416.60498046875,
    "Population 24": 3555.06494140625,
    "Population 25": 3508.594970703125,
    "Population 26": 3622.550048828125,
    "Population 27": 3572.909912109375,
    "Population 28": 3691.715087890625,
    "Population 29": 3593.300048828125,
    "Population 3": 846.1599731445313,
    "Population 30": 3778.64501953125,
    "Population 31": 3724.389892578125,
    "Population 32": 3845.739990234375,
    "Population 33": 3709.81005859375,
    "Population 34": 3930.27001953125,
    "Population 35": 3947.330078125,
    "Population 36": 4037.340087890625,
    "Population 37": 3882.280029296875,
    "Population 38": 3970.3701171875,
    "Population 4": 847.6500244140625,
    "Population 5": 854.125,
    "Population 6": 863.0250244140625,
    "Population 7": 1217.114990234375,
    "Population 8": 1680.1600341796875,
    "Population 9": 1717.0550537109375,
    "start": "today"
}
