{
    "Champ at 1": 828.0,
    "Champ at 10": 2277.0,
    "Champ at 11": 2562.0,
    "Champ at 12": 2562.0,
    "Champ at 13": 2935.0,
    "Champ at 14": 3301.0,
    "Champ at 15": 3586.0,
    "Champ at 16": 3902.0,
    "Champ at 17": 3959.0,
    "Champ at 18": 3959.0,
    "Champ at 19": 3959.0,
    "Champ at 2": 887.0,
    "Champ at 20": 4328.0,
    "Champ at 21": 4354.0,
    "Champ at 22": 4354.0,
    "Champ at 23": 4354.0,
    "Champ at 24": 4354.0,
    "Champ at 25": 4354.0,
    "Champ at 26": 4354.0,
    "Champ at 27": 4354.0,
    "Champ at 28": 4354.0,
    "Champ at 29": 4354.0,
    "Champ at 3": 887.0,
    "Champ at 30": 4922.0,
    "Champ at 31": 4922.0,
    "Champ at 32": 4983.0,
    "Champ at 33": 4983.0,
    "Champ at 34": 4983.0,
    "Champ at 35": 4983.0,
    "Champ at 36": 4983.0,
    "Champ at 37": 4983.0,
    "Champ at 38": 4983.0,
    "Champ at 39": 4983.0,
    "Champ at 4": 887.0,
    "Champ at 40": 4983.0,
    "Champ at 41": 4983.0,
    "Champ at 42": 4983.0,
    "Champ at 43": 4983.0,
    "Champ at 44": 4983.0,
    "Champ at 45": 4983.0,
    "Champ at 46": 5146.0,
    "Champ at 5": 887.0,
    "Champ at 6": 1538.0,
    "Champ at 7": 1843.0,
    "Champ at 8": 1911.0,
    "Champ at 9": 1911.0,
    "ChampFitness": 5146.0,
    "ChampInputs": [
        1.8619999885559082,
        1.8619999885559082,
        1.8659999370574951,
        1.8659999370574951,
        1.8659999370574951,
        1.8690000772476196,
        3.25,
        1.8690000772476196,
        1.871999979019165,
        0.453000009059906,
        1.871999979019165,
        1.875,
        0.2540000081062317,
        1.875,
        1.8790000677108765,
        1.8790000677108765,
        2.687999963760376,
        0.6660000085830688,
        1.8819999694824219,
        1.8819999694824219,
        0.5099999904632568,
        1.8849999904632568,
        1.8849999904632568,
        1.8889999389648438,
        1.8889999389648438,
        1.8889999389648438,
        0.5230000019073486,
        1.8919999599456787,
        2.6510000228881836,
        1.8949999809265137,
        0.5540000200271606,
        1.8949999809265137,
        1.8980000019073486,
        1.8980000019073486,
        1.8980000019073486,
        1.8980000019073486,
        2.618000030517578,
        1.9019999504089355,
        1.9019999504089355,
        2.869000196456909,
        1.90500009059906,
        1.90500009059906,
        1.9079999923706055,
        1.9079999923706055,
        2.876000165939331,
        1.9110000133514404,
        1.9110000133514404,
        1.9110000133514404,
        1.9149999618530273,
        1.9149999618530273,
        1.9149999618530273,
        1.9179999828338623,
        1.9179999828338623,
        1.9179999828338623,
        1.9210000038146973,
        1.9210000038146973,
        1.9210000038146973,
        1.9239999055862427,
        0.5460000038146973,
        1.9239999055862427,
        1.9279999732971191,
        4.343999862670898,
        1.9279999732971191,
        1.930999994277954,
        5.2179999351501465,
        1.930999994277954,
        1.930999994277954,
        1.934000015258789,
        1.934000015258789,
        1.934000015258789,
        1.937999963760376,
        1.937999963760376,
        1.937999963760376,
        1.9410001039505005,
        1.9410001039505005,
        1.9410001039505005,
        1.944000005722046,
        1.944000005722046,
        1.944000005722046,
        1.9470000267028809,
        1.9470000267028809,
        1.9470000267028809,
        1.9509999752044678,
        1.9509999752044678,
        2.756999969482422,
        1.9539999961853027,
        1.9539999961853027,
        1.9539999961853027,
        1.9570000171661377,
        1.9570000171661377,
        2.676999807357788,
        1.9570000171661377,
        5.248000144958496,
        2.924999952316284,
        1.959999918937683,
        1.9639999866485596,
        2.7360000610351563,
        1.9639999866485596,
        1.9670000076293945,
        4.380000114440918
    ],
    "Generations needed": 47,
    "Population 1": 207.33999633789063,
    "Population 10": 1747.1300048828125,
    "Population 11": 2064.905029296875,
    "Population 12": 2330.824951171875,
    "Population 13": 2219.60498046875,
    "Population 14": 2479.264892578125,
    "Population 15": 2729.175048828125,
    "Population 16": 3072.52001953125,
    "Population 17": 3282.85009765625,
    "Population 18": 3260.68505859375,
    "Population 19": 3355.985107421875,
    "Population 2": 807.7949829101563,
    "Population 20": 3319.72998046875,
    "Population 21": 3508.0048828125,
    "Population 22": 3464.77001953125,
    "Population 23": 3516.9599609375,
    "Population 24": 3647.719970703125,
    "Population 25": 3431.52001953125,
    "Population 26": 3539.2900390625,
    "Population 27": 3590.93994140625,
    "Population 28": 3618.014892578125,
    "Population 29": 3514.06494140625,
    "Population 3": 872.8400268554688,
    "Population 30": 3554.22998046875,
    "Population 31": 3684.125,
    "Population 32": 3984.800048828125,
    "Population 33": 3793.4951171875,
    "Population 34": 3951.639892578125,
    "Population 35": 4036.429931640625,
    "Population 36": 3745.445068359375,
    "Population 37": 3834.445068359375,
    "Population 38": 3999.614990234375,
    "Population 39": 3665.324951171875,
    "Population 4": 862.9249877929688,
    "Population 40": 3879.284912109375,
    "Population 41": 3878.514892578125,
    "Population 42": 3820.719970703125,
    "Population 43": 3785.2451171875,
    "Population 44": 3776.780029296875,
    "Population 45": 4011.669921875,
    "Population 46": 3964.155029296875,
    "Population 5": 869.3250122070313,
    "Population 6": 858.3699951171875,
    "Population 7": 1453.6400146484375,
    "Population 8": 1725.77001953125,
    "Population 9": 1741.300048828125,
    "start": "today"
}
