{
    "Champ at 1": 887.0,
    "Champ at 10": 2935.0,
    "Champ at 11": 2935.0,
    "Champ at 12": 2935.0,
    "Champ at 13": 3586.0,
    "Champ at 14": 3959.0,
    "Champ at 15": 4610.0,
    "Champ at 16": 4695.0,
    "Champ at 17": 4786.0,
    "Champ at 18": 4983.0,
    "Champ at 19": 4983.0,
    "Champ at 2": 887.0,
    "Champ at 20": 4983.0,
    "Champ at 21": 4983.0,
    "Champ at 22": 5150.0,
    "Champ at 3": 887.0,
    "Champ at 4": 1263.0,
    "Champ at 5": 1282.0,
    "Champ at 6": 1282.0,
    "Champ at 7": 1851.0,
    "Champ at 8": 2215.0,
    "Champ at 9": 2872.0,
    "ChampFitness": 5150.0,
    "ChampInputs": [
        1.8849999904632568,
        1.8849999904632568,
        1.8880000114440918,
        1.8880000114440918,
        1.8880000114440918,
        1.8919999599456787,
        1.8919999599456787,
        0.7789999842643738,
        1.8949999809265137,
        1.8949999809265137,
        0.8550000190734863,
        1.8980000019073486,
        1.8980000019073486,
        1.9079999923706055,
        1.9110000133514404,
        1.9110000133514404,
        2.8299999237060547,
        1.9140000343322754,
        0.6349999904632568,
        1.9179999828338623,
        1.9179999828338623,
        1.9179999828338623,
        1.9210000038146973,
        1.9210000038146973,
        1.9239999055862427,
        3.11899995803833,
        1.9239999055862427,
        1.9270000457763672,
        1.9270000457763672,
        1.9270000457763672,
        2.375999927520752,
        1.930999994277954,
        1.930999994277954,
        1.934000015258789,
        1.031000018119812,
        1.937000036239624,
        2.750999927520752,
        1.937000036239624,
        1.9410001039505005,
        1.9410001039505005,
        1.6959999799728394,
        1.944000005722046,
        1.944000005722046,
        0.9790000319480896,
        1.9470000267028809,
        1.9470000267028809,
        0.8910000324249268,
        1.9499999284744263,
        1.9539999961853027,
        0.7580000162124634,
        1.9539999961853027,
        1.9570000171661377,
        1.959999918937683,
        1.959999918937683,
        1.9630000591278076,
        0.7720000147819519,
        1.9670000076293945,
        1.9700000286102295,
        1.9700000286102295,
        1.9700000286102295,
        1.9730000495910645,
        1.9730000495910645,
        0.9070000052452087,
        1.9760000705718994,
        1.7190001010894775,
        2.0970001220703125,
        2.1009998321533203,
        2.1009998321533203,
        2.1040000915527344,
        2.1070001125335693,
        2.1070001125335693,
        2.109999895095825,
        2.109999895095825,
        2.109999895095825,
        2.114000082015991,
        2.114000082015991,
        2.117000102996826,
        2.117000102996826,
        3.1710000038146973,
        1.2309999465942383,
        2.888000011444092,
        2.123000144958496,
        2.123000144958496,
        2.123000144958496,
        2.126999855041504,
        2.126999855041504,
        2.130000114440918,
        2.130000114440918,
        2.130000114440918,
        2.133000135421753,
        2.133000135421753,
        2.135999917984009,
        2.135999917984009,
        1.0800000429153442,
        0.9369999766349792,
        2.140000104904175,
        2.140000104904175,
        2.1430001258850098,
        2.1430001258850098,
        6.1529998779296875
    ],
    "Generations needed": 23,
    "Population 1": 205.17999267578125,
    "Population 10": 2476.264892578125,
    "Population 11": 2572.784912109375,
    "Population 12": 2578.10009765625,
    "Population 13": 2556.85498046875,
    "Population 14": 3081.8349609375,
    "Population 15": 3254.3798828125,
    "Population 16": 3731.14990234375,
    "Population 17": 3574.340087890625,
    "Population 18": 3968.909912109375,
    "Population 19": 3919.14501953125,
    "Population 2": 864.4000244140625,
    "Population 20": 4046.93505859375,
    "Population 21": 3827.06494140625,
    "Population 22": 3823.4951171875,
    "Population 3": 855.760009765625,
    "Population 4": 868.4000244140625,
    "Population 5": 1236.81005859375,
    "Population 6": 1219.5400390625,
    "Population 7": 1223.0350341796875,
    "Population 8": 1712.5250244140625,
    "Population 9": 2046.3499755859375,
    "start": "today"
}
