{
    "Champ at 1": 887.0,
    "Champ at 10": 1714.0,
    "Champ at 11": 1911.0,
    "Champ at 12": 1911.0,
    "Champ at 13": 1911.0,
    "Champ at 14": 1911.0,
    "Champ at 15": 1911.0,
    "Champ at 16": 1911.0,
    "Champ at 17": 2562.0,
    "Champ at 18": 2874.0,
    "Champ at 19": 2935.0,
    "Champ at 2": 887.0,
    "Champ at 20": 3309.0,
    "Champ at 21": 3901.0,
    "Champ at 22": 4547.0,
    "Champ at 23": 4920.0,
    "Champ at 24": 4983.0,
    "Champ at 25": 4983.0,
    "Champ at 26": 5164.0,
    "Champ at 3": 887.0,
    "Champ at 4": 887.0,
    "Champ at 5": 887.0,
    "Champ at 6": 887.0,
    "Champ at 7": 887.0,
    "Champ at 8": 887.0,
    "Champ at 9": 1264.0,
    "ChampFitness": 5164.0,
    "ChampInputs": [
        1.8940000534057617,
        1.8940000534057617,
        1.8980000019073486,
        1.8980000019073486,
        1.6050000190734863,
        1.9010000228881836,
        2.549999952316284,
        1.9010000228881836,
        1.9040000438690186,
        3.1529998779296875,
        1.9040000438690186,
        1.906999945640564,
        1.906999945640564,
        1.906999945640564,
        1.906999945640564,
        1.2549998760223389,
        1.9110000133514404,
        1.9110000133514404,
        1.9140000343322754,
        2.179999828338623,
        0.24399998784065247,
        1.9169999361038208,
        1.9169999361038208,
        1.9169999361038208,
        1.9169999361038208,
        0.5389999747276306,
        1.9200000762939453,
        1.9200000762939453,
        2.492000102996826,
        0.22100000083446503,
        0.2529999911785126,
        1.9270000457763672,
        1.9270000457763672,
        1.9270000457763672,
        1.9300000667572021,
        3.178999900817871,
        1.9300000667572021,
        1.9300000667572021,
        1.9329999685287476,
        1.9059998989105225,
        1.9329999685287476,
        1.937000036239624,
        1.937000036239624,
        3.424999952316284,
        1.940000057220459,
        1.940000057220459,
        1.940000057220459,
        1.9429999589920044,
        1.9429999589920044,
        1.9429999589920044,
        1.9429999589920044,
        1.9470000267028809,
        0.5839999914169312,
        1.9470000267028809,
        1.9499999284744263,
        1.9499999284744263,
        1.9499999284744263,
        1.9529999494552612,
        1.9529999494552612,
        1.9529999494552612,
        1.9529999494552612,
        1.9560000896453857,
        1.9560000896453857,
        1.9560000896453857,
        1.959999918937683,
        1.959999918937683,
        1.959999918937683,
        1.9630000591278076,
        1.9630000591278076,
        1.9630000591278076,
        1.9660000801086426,
        1.9660000801086426,
        1.9660000801086426,
        1.9660000801086426,
        1.968999981880188,
        1.968999981880188,
        1.968999981880188,
        1.9730000495910645,
        8.329999923706055,
        1.9730000495910645,
        0.3089999854564667,
        1.9760000705718994,
        1.9760000705718994,
        1.9760000705718994,
        1.9789999723434448,
        1.9789999723434448,
        1.9789999723434448,
        2.554999828338623,
        1.9819999933242798,
        1.9819999933242798,
        1.9859999418258667,
        1.9859999418258667,
        1.9859999418258667,
        1.9889999628067017,
        8.345999717712402,
        1.9889999628067017,
        1.9889999628067017,
        1.9920001029968262,
        1.9920001029968262,
        1.9920001029968262
    ],
    "Generations needed": 27,
    "Population 1": 203.3350067138672,
    "Population 10": 1213.77001953125,
    "Population 11": 1594.625,
    "Population 12": 1759.93505859375,
    "Population 13": 1793.93994140625,
    "Population 14": 1730.8050537109375,
    "Population 15": 1778.114990234375,
    "Population 16": 1795.3349609375,
    "Population 17": 1746.2900390625,
    "Population 18": 2329.034912109375,
    "Population 19": 2520.179931640625,
    "Population 2": 863.219970703125,
    "Population 20": 2594.925048828125,
    "Population 21": 2915.840087890625,
    "Population 22": 3447.050048828125,
    "Population 23": 3728.719970703125,
    "Population 24": 3851.4150390625,
    "Population 25": 3763.159912109375,
    "Population 26": 3841.094970703125,
    "Population 3": 867.22998046875,
    "Population 4": 858.9099731445313,
    "Population 5": 866.8250122070313,
    "Population 6": 860.7999877929688,
    "Population 7": 863.89501953125,
    "Population 8": 855.4099731445313,
    "Population 9": 853.0549926757813,
    "start": "today"
}
