{
    "Champ at 1": 831.0,
    "Champ at 10": 887.0,
    "Champ at 11": 887.0,
    "Champ at 12": 1250.0,
    "Champ at 13": 1538.0,
    "Champ at 14": 1538.0,
    "Champ at 15": 1538.0,
    "Champ at 16": 1714.0,
    "Champ at 17": 1837.0,
    "Champ at 18": 1911.0,
    "Champ at 19": 1911.0,
    "Champ at 2": 887.0,
    "Champ at 20": 1911.0,
    "Champ at 21": 1911.0,
    "Champ at 22": 1911.0,
    "Champ at 23": 1911.0,
    "Champ at 24": 2562.0,
    "Champ at 25": 2935.0,
    "Champ at 26": 2935.0,
    "Champ at 27": 3328.0,
    "Champ at 28": 3896.0,
    "Champ at 29": 4347.0,
    "Champ at 3": 887.0,
    "Champ at 30": 4354.0,
    "Champ at 31": 4786.0,
    "Champ at 32": 4917.0,
    "Champ at 33": 5151.0,
    "Champ at 4": 887.0,
    "Champ at 5": 887.0,
    "Champ at 6": 887.0,
    "Champ at 7": 887.0,
    "Champ at 8": 887.0,
    "Champ at 9": 887.0,
    "ChampFitness": 5151.0,
    "ChampInputs": [
        1.8659999370574951,
        1.8659999370574951,
        1.8690000772476196,
        1.8690000772476196,
        1.8690000772476196,
        1.871999979019165,
        2.574000120162964,
        1.875,
        1.875,
        0.7919999957084656,
        1.8790000677108765,
        1.8790000677108765,
        2.7680001258850098,
        1.1640000343322754,
        1.8819999694824219,
        2.746000051498413,
        1.8849999904632568,
        1.8880000114440918,
        3.314000129699707,
        1.8880000114440918,
        1.8919999599456787,
        1.8919999599456787,
        1.8949999809265137,
        1.8949999809265137,
        1.0290000438690186,
        1.8980000019073486,
        0.12700000405311584,
        2.4169998168945313,
        0.13099999725818634,
        1.9019999504089355,
        1.90500009059906,
        1.90500009059906,
        1.90500009059906,
        1.9079999923706055,
        1.9079999923706055,
        0.8340000510215759,
        1.9110000133514404,
        1.3989999294281006,
        2.930999994277954,
        1.9149999618530273,
        1.9149999618530273,
        1.9179999828338623,
        1.9179999828338623,
        3.258999824523926,
        1.9210000038146973,
        1.9210000038146973,
        1.9239999055862427,
        1.9239999055862427,
        1.9279999732971191,
        1.9279999732971191,
        1.9279999732971191,
        1.930999994277954,
        1.930999994277954,
        1.930999994277954,
        1.934000015258789,
        1.934000015258789,
        1.937000036239624,
        1.937000036239624,
        2.447000026702881,
        1.9410001039505005,
        1.9410001039505005,
        0.8770000338554382,
        1.944000005722046,
        1.944000005722046,
        1.9470000267028809,
        1.9470000267028809,
        1.9470000267028809,
        1.9509999752044678,
        1.9509999752044678,
        1.9509999752044678,
        1.9539999961853027,
        1.9539999961853027,
        1.9570000171661377,
        1.0779999494552612,
        1.9570000171661377,
        1.959999918937683,
        1.959999918937683,
        1.439000129699707,
        2.9699997901916504,
        1.9639999866485596,
        1.9670000076293945,
        1.9670000076293945,
        1.9670000076293945,
        1.9700000286102295,
        1.9700000286102295,
        0.9160000085830688,
        1.9730000495910645,
        2.8429999351501465,
        1.9769999980926514,
        4.427000045776367,
        1.9769999980926514,
        1.9800000190734863,
        1.9800000190734863,
        1.9830000400543213,
        1.9830000400543213,
        1.4579999446868896,
        3.3919999599456787,
        1.9859999418258667,
        1.9900000095367432,
        1.9900000095367432
    ],
    "Generations needed": 34,
    "Population 1": 197.9250030517578,
    "Population 10": 860.719970703125,
    "Population 11": 870.7050170898438,
    "Population 12": 864.9299926757813,
    "Population 13": 1196.2550048828125,
    "Population 14": 1430.77001953125,
    "Population 15": 1428.3299560546875,
    "Population 16": 1444.2950439453125,
    "Population 17": 1623.9649658203125,
    "Population 18": 1681.2900390625,
    "Population 19": 1759.0849609375,
    "Population 2": 809.780029296875,
    "Population 20": 1784.0,
    "Population 21": 1803.9000244140625,
    "Population 22": 1729.52001953125,
    "Population 23": 1779.1700439453125,
    "Population 24": 1820.02001953125,
    "Population 25": 2288.4150390625,
    "Population 26": 2668.864990234375,
    "Population 27": 2549.715087890625,
    "Population 28": 2758.2900390625,
    "Population 29": 3194.14501953125,
    "Population 3": 851.9650268554688,
    "Population 30": 3656.344970703125,
    "Population 31": 3477.449951171875,
    "Population 32": 3782.590087890625,
    "Population 33": 3952.514892578125,
    "Population 4": 861.9550170898438,
    "Population 5": 869.0399780273438,
    "Population 6": 868.7150268554688,
    "Population 7": 862.6649780273438,
    "Population 8": 868.4749755859375,
    "Population 9": 856.2150268554688,
    "start": "today"
}
