{
    "Champ at 1": 887.0,
    "Champ at 10": 3762.0,
    "Champ at 11": 3803.0,
    "Champ at 12": 3887.0,
    "Champ at 13": 3959.0,
    "Champ at 14": 3959.0,
    "Champ at 15": 3959.0,
    "Champ at 16": 3959.0,
    "Champ at 17": 4610.0,
    "Champ at 18": 4786.0,
    "Champ at 19": 4786.0,
    "Champ at 2": 1538.0,
    "Champ at 20": 4786.0,
    "Champ at 21": 4918.0,
    "Champ at 22": 5161.0,
    "Champ at 3": 1911.0,
    "Champ at 4": 1911.0,
    "Champ at 5": 2297.0,
    "Champ at 6": 2297.0,
    "Champ at 7": 2562.0,
    "Champ at 8": 2935.0,
    "Champ at 9": 3304.0,
    "ChampFitness": 5161.0,
    "ChampInputs": [
        1.8830000162124634,
        1.8830000162124634,
        1.8830000162124634,
        1.8870000839233398,
        1.8870000839233398,
        1.8870000839233398,
        1.8899999856948853,
        1.2790000438690186,
        1.8899999856948853,
        1.8930000066757202,
        2.4189999103546143,
        1.8930000066757202,
        1.8970000743865967,
        1.8970000743865967,
        1.8970000743865967,
        1.899999976158142,
        0.9089999794960022,
        2.123000144958496,
        1.899999976158142,
        1.902999997138977,
        2.502999782562256,
        1.902999997138977,
        1.9059998989105225,
        2.0219998359680176,
        1.9059998989105225,
        0.6179999709129333,
        1.909999966621399,
        2.676999807357788,
        1.909999966621399,
        1.9300000667572021,
        2.447999954223633,
        1.9130001068115234,
        1.2549998760223389,
        3.5490000247955322,
        1.9159998893737793,
        2.0850000381469727,
        1.9190000295639038,
        1.9190000295639038,
        1.9230000972747803,
        1.9230000972747803,
        0.06700000166893005,
        1.9259999990463257,
        1.9259999990463257,
        1.315000057220459,
        1.9259999990463257,
        1.9290000200271606,
        1.9290000200271606,
        1.9290000200271606,
        1.9320000410079956,
        1.3209999799728394,
        1.9320000410079956,
        1.9359999895095825,
        1.9359999895095825,
        1.9529999494552612,
        3.630000114440918,
        1.9390000104904175,
        1.9390000104904175,
        1.9390000104904175,
        1.941999912261963,
        1.941999912261963,
        1.941999912261963,
        1.9459999799728394,
        3.6399998664855957,
        1.9459999799728394,
        1.9490001201629639,
        1.9490001201629639,
        2.5490000247955322,
        1.9519999027252197,
        1.9519999027252197,
        1.9519999027252197,
        1.9519999027252197,
        1.9550000429153442,
        1.9550000429153442,
        1.9550000429153442,
        1.9589998722076416,
        1.9589998722076416,
        1.9589998722076416,
        1.9620000123977661,
        1.9620000123977661,
        1.9620000123977661,
        1.9620000123977661,
        1.965000033378601,
        1.965000033378601,
        1.965000033378601,
        1.9679999351501465,
        1.9679999351501465,
        1.3569999933242798,
        1.972000002861023,
        1.972000002861023,
        1.972000002861023,
        1.975000023841858,
        1.975000023841858,
        1.975000023841858,
        1.975000023841858,
        1.0360000133514404,
        1.3140000104904175,
        1.9779999256134033,
        1.9809999465942383,
        1.9809999465942383,
        1.9809999465942383
    ],
    "Generations needed": 23,
    "Population 1": 209.05499267578125,
    "Population 10": 2831.3349609375,
    "Population 11": 3090.85498046875,
    "Population 12": 3145.64990234375,
    "Population 13": 3316.675048828125,
    "Population 14": 3225.929931640625,
    "Population 15": 3284.9150390625,
    "Population 16": 3373.60498046875,
    "Population 17": 3350.06494140625,
    "Population 18": 3825.294921875,
    "Population 19": 3861.739990234375,
    "Population 2": 859.8699951171875,
    "Population 20": 3741.0400390625,
    "Population 21": 3956.64990234375,
    "Population 22": 3938.5048828125,
    "Population 3": 1445.3599853515625,
    "Population 4": 1764.4649658203125,
    "Population 5": 1771.6500244140625,
    "Population 6": 2028.510009765625,
    "Population 7": 2063.14990234375,
    "Population 8": 2265.81005859375,
    "Population 9": 2615.969970703125,
    "start": "today"
}
