{
    "Champ at 1": 887.0,
    "Champ at 10": 2935.0,
    "Champ at 11": 2935.0,
    "Champ at 12": 2935.0,
    "Champ at 13": 3332.0,
    "Champ at 14": 3762.0,
    "Champ at 15": 3899.0,
    "Champ at 16": 3959.0,
    "Champ at 17": 3959.0,
    "Champ at 18": 3959.0,
    "Champ at 19": 3959.0,
    "Champ at 2": 887.0,
    "Champ at 20": 3959.0,
    "Champ at 21": 4078.0,
    "Champ at 22": 4339.0,
    "Champ at 23": 4786.0,
    "Champ at 24": 4922.0,
    "Champ at 25": 4983.0,
    "Champ at 26": 4983.0,
    "Champ at 27": 4983.0,
    "Champ at 28": 4983.0,
    "Champ at 29": 4983.0,
    "Champ at 3": 1269.0,
    "Champ at 30": 4983.0,
    "Champ at 31": 4983.0,
    "Champ at 32": 4983.0,
    "Champ at 33": 4983.0,
    "Champ at 34": 4983.0,
    "Champ at 35": 4983.0,
    "Champ at 36": 4983.0,
    "Champ at 37": 4983.0,
    "Champ at 38": 5167.0,
    "Champ at 4": 1911.0,
    "Champ at 5": 2283.0,
    "Champ at 6": 2738.0,
    "Champ at 7": 2935.0,
    "Champ at 8": 2935.0,
    "Champ at 9": 2935.0,
    "ChampFitness": 5167.0,
    "ChampInputs": [
        1.8709999322891235,
        1.8709999322891235,
        1.8739999532699585,
        1.8739999532699585,
        1.878000020980835,
        1.878000020980835,
        2.8310000896453857,
        1.8809999227523804,
        0.9950000047683716,
        1.8840000629425049,
        1.8870000839233398,
        1.8870000839233398,
        1.8910000324249268,
        1.8910000324249268,
        1.8910000324249268,
        1.8940000534057617,
        0.6599999666213989,
        1.6719999313354492,
        3.116999864578247,
        1.9010000228881836,
        1.9040000438690186,
        1.906999945640564,
        1.906999945640564,
        1.906999945640564,
        3.050999879837036,
        1.909999966621399,
        0.9170000553131104,
        1.9140000343322754,
        1.9140000343322754,
        0.18299999833106995,
        1.9169999361038208,
        1.9200000762939453,
        0.1889999955892563,
        1.0220000743865967,
        2.0169999599456787,
        1.9230000972747803,
        0.7410000562667847,
        0.04699999839067459,
        0.05900000035762787,
        1.9300000667572021,
        1.9329999685287476,
        3.071000099182129,
        1.9359999895095825,
        1.3259999752044678,
        1.9359999895095825,
        1.940000057220459,
        3.44599986076355,
        1.9429999589920044,
        3.077000141143799,
        1.9459999799728394,
        1.9459999799728394,
        1.9459999799728394,
        1.9499999284744263,
        1.9499999284744263,
        1.9589998722076416,
        1.9589998722076416,
        0.22500000894069672,
        1.9630000591278076,
        1.9660000801086426,
        1.9660000801086426,
        1.9660000801086426,
        1.968999981880188,
        1.968999981880188,
        1.972000002861023,
        1.972000002861023,
        1.972000002861023,
        1.9760000705718994,
        1.9760000705718994,
        1.9789999723434448,
        1.9789999723434448,
        1.9819999933242798,
        1.9819999933242798,
        1.9819999933242798,
        1.9850001335144043,
        1.9850001335144043,
        1.9889999628067017,
        1.9889999628067017,
        1.9889999628067017,
        1.9920001029968262,
        1.9920001029968262,
        1.994999885559082,
        1.994999885559082,
        0.9759999513626099,
        1.999000072479248,
        1.999000072479248,
        2.002000093460083,
        2.002000093460083,
        2.004999876022339,
        0.27399998903274536,
        2.004999876022339,
        3.488999843597412,
        2.007999897003174,
        2.0119998455047607,
        2.0119998455047607,
        2.0149998664855957,
        0.7549999952316284,
        2.0149998664855957,
        2.0180001258850098,
        2.0180001258850098,
        1.3849999904632568
    ],
    "Generations needed": 39,
    "Population 1": 212.625,
    "Population 10": 2631.64990234375,
    "Population 11": 2622.760009765625,
    "Population 12": 2589.590087890625,
    "Population 13": 2570.3701171875,
    "Population 14": 2813.47509765625,
    "Population 15": 3264.554931640625,
    "Population 16": 3285.3701171875,
    "Population 17": 3154.639892578125,
    "Population 18": 3159.7099609375,
    "Population 19": 3306.68505859375,
    "Population 2": 876.3900146484375,
    "Population 20": 3147.760009765625,
    "Population 21": 3203.925048828125,
    "Population 22": 3323.695068359375,
    "Population 23": 3350.43994140625,
    "Population 24": 3790.2900390625,
    "Population 25": 3868.875,
    "Population 26": 4039.7548828125,
    "Population 27": 4074.735107421875,
    "Population 28": 4012.695068359375,
    "Population 29": 4081.77001953125,
    "Population 3": 867.844970703125,
    "Population 30": 3852.93505859375,
    "Population 31": 4088.550048828125,
    "Population 32": 3784.965087890625,
    "Population 33": 3702.669921875,
    "Population 34": 3782.0849609375,
    "Population 35": 3994.659912109375,
    "Population 36": 3844.385009765625,
    "Population 37": 3942.02490234375,
    "Population 38": 3849.375,
    "Population 4": 1191.4649658203125,
    "Population 5": 1745.844970703125,
    "Population 6": 2067.5,
    "Population 7": 2392.655029296875,
    "Population 8": 2511.739990234375,
    "Population 9": 2590.27001953125,
    "start": "today"
}
