{
    "Champ at 1": 887.0,
    "Champ at 10": 2935.0,
    "Champ at 11": 2935.0,
    "Champ at 12": 2935.0,
    "Champ at 13": 2935.0,
    "Champ at 14": 2935.0,
    "Champ at 15": 2935.0,
    "Champ at 16": 3300.0,
    "Champ at 17": 3959.0,
    "Champ at 18": 3959.0,
    "Champ at 19": 3959.0,
    "Champ at 2": 887.0,
    "Champ at 20": 3959.0,
    "Champ at 21": 3959.0,
    "Champ at 22": 3959.0,
    "Champ at 23": 4335.0,
    "Champ at 24": 4354.0,
    "Champ at 25": 4354.0,
    "Champ at 26": 4354.0,
    "Champ at 27": 4354.0,
    "Champ at 28": 4354.0,
    "Champ at 29": 4354.0,
    "Champ at 3": 887.0,
    "Champ at 30": 4354.0,
    "Champ at 31": 4354.0,
    "Champ at 32": 4529.0,
    "Champ at 33": 4916.0,
    "Champ at 34": 5116.0,
    "Champ at 4": 1280.0,
    "Champ at 5": 1538.0,
    "Champ at 6": 1911.0,
    "Champ at 7": 2562.0,
    "Champ at 8": 2879.0,
    "Champ at 9": 2935.0,
    "ChampFitness": 5116.0,
    "ChampInputs": [
        1.8899999856948853,
        1.8930000066757202,
        1.8930000066757202,
        1.8960000276565552,
        1.8960000276565552,
        1.8960000276565552,
        2.179999828338623,
        0.9660000205039978,
        1.8989999294281006,
        1.902999997138977,
        1.902999997138977,
        1.9059998989105225,
        0.23399999737739563,
        1.9059998989105225,
        2.186000108718872,
        1.9089999198913574,
        3.1600000858306885,
        1.9130001068115234,
        1.9130001068115234,
        1.9159998893737793,
        2.1510000228881836,
        1.9159998893737793,
        1.9190000295639038,
        1.9190000295639038,
        2.511000156402588,
        1.9220000505447388,
        1.1490000486373901,
        1.9259999990463257,
        1.9259999990463257,
        1.9259999990463257,
        1.9290000200271606,
        1.9290000200271606,
        1.9320000410079956,
        1.9320000410079956,
        0.574999988079071,
        1.934999942779541,
        1.934999942779541,
        2.4149999618530273,
        0.08699999749660492,
        1.9390000104904175,
        1.941999912261963,
        1.941999912261963,
        1.9449999332427979,
        2.691999912261963,
        1.9449999332427979,
        6.435999870300293,
        1.9480000734329224,
        1.9480000734329224,
        3.188999891281128,
        1.9519999027252197,
        1.9519999027252197,
        1.9550000429153442,
        9.399999618530273,
        1.9550000429153442,
        1.9580000638961792,
        2.200000047683716,
        1.9609999656677246,
        1.9609999656677246,
        1.9609999656677246,
        1.965000033378601,
        1.965000033378601,
        1.965000033378601,
        9.413000106811523,
        2.2070000171661377,
        2.2100000381469727,
        1.9709999561309814,
        1.9709999561309814,
        1.9709999561309814,
        1.975000023841858,
        1.975000023841858,
        1.9779999256134033,
        1.9779999256134033,
        1.9779999256134033,
        1.9809999465942383,
        1.9809999465942383,
        6.4679999351501465,
        1.9840000867843628,
        1.9840000867843628,
        1.9840000867843628,
        0.6209999918937683,
        1.9879999160766602,
        1.9910000562667847,
        1.9910000562667847,
        1.9910000562667847,
        1.99399995803833,
        2.513000011444092,
        1.996999979019165,
        1.996999979019165,
        1.996999979019165,
        2.000999927520752,
        2.003999948501587,
        2.003999948501587,
        2.006999969482422,
        2.006999969482422,
        2.006999969482422,
        2.009999990463257,
        2.009999990463257,
        2.0139999389648438,
        2.754000186920166,
        2.0169999599456787
    ],
    "Generations needed": 35,
    "Population 1": 210.02000427246094,
    "Population 10": 2535.360107421875,
    "Population 11": 2528.43505859375,
    "Population 12": 2547.89501953125,
    "Population 13": 2479.719970703125,
    "Population 14": 2561.054931640625,
    "Population 15": 2573.044921875,
    "Population 16": 2639.18505859375,
    "Population 17": 2903.705078125,
    "Population 18": 3140.304931640625,
    "Population 19": 3203.860107421875,
    "Population 2": 858.9000244140625,
    "Population 20": 3330.284912109375,
    "Population 21": 3264.905029296875,
    "Population 22": 3264.60009765625,
    "Population 23": 3333.330078125,
    "Population 24": 3463.179931640625,
    "Population 25": 3658.409912109375,
    "Population 26": 3659.235107421875,
    "Population 27": 3479.97509765625,
    "Population 28": 3600.784912109375,
    "Population 29": 3476.625,
    "Population 3": 858.9550170898438,
    "Population 30": 3671.9951171875,
    "Population 31": 3680.719970703125,
    "Population 32": 3643.114990234375,
    "Population 33": 3693.5849609375,
    "Population 34": 3854.070068359375,
    "Population 4": 864.6599731445313,
    "Population 5": 1215.719970703125,
    "Population 6": 1457.31494140625,
    "Population 7": 1721.969970703125,
    "Population 8": 2235.02001953125,
    "Population 9": 2459.929931640625,
    "start": "today"
}
