{
    "Champ at 1": 887.0,
    "Champ at 10": 2935.0,
    "Champ at 11": 2935.0,
    "Champ at 12": 3896.0,
    "Champ at 13": 3896.0,
    "Champ at 14": 4341.0,
    "Champ at 15": 4786.0,
    "Champ at 16": 4786.0,
    "Champ at 17": 4983.0,
    "Champ at 18": 4983.0,
    "Champ at 19": 4983.0,
    "Champ at 2": 1272.0,
    "Champ at 20": 4983.0,
    "Champ at 21": 4983.0,
    "Champ at 22": 4983.0,
    "Champ at 23": 5137.0,
    "Champ at 3": 1714.0,
    "Champ at 4": 1845.0,
    "Champ at 5": 1911.0,
    "Champ at 6": 1911.0,
    "Champ at 7": 2281.0,
    "Champ at 8": 2875.0,
    "Champ at 9": 2875.0,
    "ChampFitness": 5137.0,
    "ChampInputs": [
        1.8860000371932983,
        1.8889999389648438,
        1.8889999389648438,
        1.8889999389648438,
        1.8919999599456787,
        1.8919999599456787,
        1.8919999599456787,
        0.8500000238418579,
        1.8949999809265137,
        1.8949999809265137,
        3.0939998626708984,
        1.8989999294281006,
        1.8989999294281006,
        1.9019999504089355,
        1.3359999656677246,
        2.7869999408721924,
        1.90500009059906,
        1.90500009059906,
        3.4189999103546143,
        1.3429999351501465,
        1.9089999198913574,
        0.20999999344348907,
        1.912000060081482,
        1.912000060081482,
        0.0689999982714653,
        0.45499998331069946,
        1.9149999618530273,
        2.799999952316284,
        1.9179999828338623,
        1.9179999828338623,
        1.9179999828338623,
        1.9220000505447388,
        1.9220000505447388,
        1.9220000505447388,
        2.806000232696533,
        1.9249999523162842,
        1.9249999523162842,
        2.7760000228881836,
        1.9279999732971191,
        1.9279999732971191,
        1.9279999732971191,
        1.930999994277954,
        2.743000030517578,
        1.930999994277954,
        1.934999942779541,
        1.36899995803833,
        1.934999942779541,
        1.937999963760376,
        1.937999963760376,
        1.937999963760376,
        2.752000093460083,
        1.9410001039505005,
        1.9410001039505005,
        1.944000005722046,
        1.944000005722046,
        1.944000005722046,
        1.9480000734329224,
        2.8320000171661377,
        1.9480000734329224,
        2.8359999656677246,
        0.5009999871253967,
        1.9509999752044678,
        1.9509999752044678,
        1.9539999961853027,
        0.9650000333786011,
        0.9679999947547913,
        1.9580000638961792,
        1.9580000638961792,
        1.9580000638961792,
        1.9609999656677246,
        1.9609999656677246,
        1.9609999656677246,
        1.9639999866485596,
        1.9639999866485596,
        1.9639999866485596,
        1.9670000076293945,
        1.9670000076293945,
        0.3009999990463257,
        1.9709999561309814,
        1.9709999561309814,
        1.9709999561309814,
        1.0460000038146973,
        1.9739999771118164,
        1.9739999771118164,
        1.9769999980926514,
        1.9769999980926514,
        1.9769999980926514,
        1.9769999980926514,
        1.9800000190734863,
        1.9800000190734863,
        1.9800000190734863,
        0.3269999921321869,
        1.9840000867843628,
        1.9840000867843628,
        1.9869999885559082,
        1.9869999885559082,
        1.9869999885559082,
        1.9900000095367432,
        1.9900000095367432,
        1.9930000305175781
    ],
    "Generations needed": 24,
    "Population 1": 203.40499877929688,
    "Population 10": 2553.280029296875,
    "Population 11": 2585.85009765625,
    "Population 12": 2639.39501953125,
    "Population 13": 3230.2451171875,
    "Population 14": 3224.864990234375,
    "Population 15": 3386.550048828125,
    "Population 16": 3838.9599609375,
    "Population 17": 3903.340087890625,
    "Population 18": 3989.93505859375,
    "Population 19": 3877.010009765625,
    "Population 2": 869.6699829101563,
    "Population 20": 3877.1650390625,
    "Population 21": 3833.985107421875,
    "Population 22": 3918.06494140625,
    "Population 23": 3967.919921875,
    "Population 3": 1195.1600341796875,
    "Population 4": 1598.1199951171875,
    "Population 5": 1718.510009765625,
    "Population 6": 1753.5899658203125,
    "Population 7": 1797.7249755859375,
    "Population 8": 2094.2451171875,
    "Population 9": 2594.215087890625,
    "start": "today"
}
