{
    "Champ at 1": 821.0,
    "Champ at 10": 1911.0,
    "Champ at 11": 1911.0,
    "Champ at 12": 1911.0,
    "Champ at 13": 1911.0,
    "Champ at 14": 1911.0,
    "Champ at 15": 1911.0,
    "Champ at 16": 2562.0,
    "Champ at 17": 2859.0,
    "Champ at 18": 2935.0,
    "Champ at 19": 2935.0,
    "Champ at 2": 887.0,
    "Champ at 20": 3317.0,
    "Champ at 21": 3903.0,
    "Champ at 22": 4350.0,
    "Champ at 23": 4354.0,
    "Champ at 24": 4695.0,
    "Champ at 25": 4695.0,
    "Champ at 26": 4695.0,
    "Champ at 27": 4695.0,
    "Champ at 28": 4695.0,
    "Champ at 29": 4695.0,
    "Champ at 3": 887.0,
    "Champ at 30": 4695.0,
    "Champ at 31": 4786.0,
    "Champ at 32": 4917.0,
    "Champ at 33": 4983.0,
    "Champ at 34": 4983.0,
    "Champ at 35": 4983.0,
    "Champ at 36": 4983.0,
    "Champ at 37": 4983.0,
    "Champ at 38": 4983.0,
    "Champ at 39": 4983.0,
    "Champ at 4": 1265.0,
    "Champ at 40": 4983.0,
    "Champ at 41": 5147.0,
    "Champ at 5": 1911.0,
    "Champ at 6": 1911.0,
    "Champ at 7": 1911.0,
    "Champ at 8": 1911.0,
    "Champ at 9": 1911.0,
    "ChampFitness": 5147.0,
    "ChampInputs": [
        1.8459999561309814,
        1.8459999561309814,
        2.0759999752044678,
        1.8489999771118164,
        1.8489999771118164,
        1.8529999256134033,
        2.7890000343322754,
        1.8529999256134033,
        1.8559999465942383,
        1.0119999647140503,
        2.0889999866485596,
        1.8559999465942383,
        1.8589999675750732,
        1.8589999675750732,
        1.8589999675750732,
        3.1470000743865967,
        1.8619999885559082,
        1.8619999885559082,
        1.8659999370574951,
        1.8659999370574951,
        1.8659999370574951,
        0.34700000286102295,
        1.8690000772476196,
        0.42899999022483826,
        1.871999979019165,
        2.7909998893737793,
        1.871999979019165,
        0.9759999513626099,
        1.875,
        1.875,
        1.875,
        1.8790000677108765,
        1.8790000677108765,
        1.8790000677108765,
        3.0250000953674316,
        2.0829999446868896,
        1.8819999694824219,
        2.9660000801086426,
        1.7319999933242798,
        1.7319999933242798,
        1.7360000610351563,
        1.8880000114440918,
        2.9840002059936523,
        1.8919999599456787,
        1.8919999599456787,
        1.8919999599456787,
        2.1449999809265137,
        1.8949999809265137,
        1.8980000019073486,
        1.8980000019073486,
        1.8980000019073486,
        1.8980000019073486,
        1.9019999504089355,
        1.9019999504089355,
        2.8380000591278076,
        1.90500009059906,
        1.90500009059906,
        1.90500009059906,
        1.9079999923706055,
        1.9079999923706055,
        1.9079999923706055,
        1.9110000133514404,
        1.9110000133514404,
        1.9110000133514404,
        1.9149999618530273,
        1.9149999618530273,
        1.9149999618530273,
        1.9149999618530273,
        1.9179999828338623,
        1.0180000066757202,
        1.9210000038146973,
        3.0250000953674316,
        1.9210000038146973,
        1.9239999055862427,
        1.9239999055862427,
        1.9239999055862427,
        2.8429999351501465,
        1.9279999732971191,
        2.8459999561309814,
        1.9279999732971191,
        1.930999994277954,
        1.930999994277954,
        1.930999994277954,
        1.934000015258789,
        1.934000015258789,
        1.934000015258789,
        0.48799997568130493,
        1.937000036239624,
        1.7990000247955322,
        0.4909999966621399,
        1.9410001039505005,
        1.9410001039505005,
        1.944000005722046,
        1.944000005722046,
        1.944000005722046,
        1.9470000267028809,
        1.9470000267028809,
        1.9470000267028809,
        1.9509999752044678,
        1.9509999752044678
    ],
    "Generations needed": 42,
    "Population 1": 204.7449951171875,
    "Population 10": 1748.8199462890625,
    "Population 11": 1770.3299560546875,
    "Population 12": 1735.5550537109375,
    "Population 13": 1776.7550048828125,
    "Population 14": 1794.114990234375,
    "Population 15": 1735.2099609375,
    "Population 16": 1781.43994140625,
    "Population 17": 2316.3798828125,
    "Population 18": 2501.9150390625,
    "Population 19": 2581.81494140625,
    "Population 2": 799.5349731445313,
    "Population 20": 2573.425048828125,
    "Population 21": 2938.695068359375,
    "Population 22": 3277.929931640625,
    "Population 23": 3658.5048828125,
    "Population 24": 3631.6650390625,
    "Population 25": 3822.56005859375,
    "Population 26": 3612.8798828125,
    "Population 27": 3728.514892578125,
    "Population 28": 3535.06494140625,
    "Population 29": 3707.06494140625,
    "Population 3": 864.9600219726563,
    "Population 30": 3777.89990234375,
    "Population 31": 4001.925048828125,
    "Population 32": 3741.469970703125,
    "Population 33": 3936.594970703125,
    "Population 34": 4093.31494140625,
    "Population 35": 3974.9599609375,
    "Population 36": 4125.7001953125,
    "Population 37": 3894.699951171875,
    "Population 38": 4127.125,
    "Population 39": 4053.280029296875,
    "Population 4": 873.0549926757813,
    "Population 40": 4056.219970703125,
    "Population 41": 4031.0048828125,
    "Population 5": 1210.8349609375,
    "Population 6": 1719.0999755859375,
    "Population 7": 1749.1949462890625,
    "Population 8": 1765.18994140625,
    "Population 9": 1766.14501953125,
    "start": "today"
}
