{
    "Champ at 1": 887.0,
    "Champ at 10": 1911.0,
    "Champ at 11": 2562.0,
    "Champ at 12": 2562.0,
    "Champ at 13": 2562.0,
    "Champ at 14": 2562.0,
    "Champ at 15": 2935.0,
    "Champ at 16": 2935.0,
    "Champ at 17": 2935.0,
    "Champ at 18": 3586.0,
    "Champ at 19": 3586.0,
    "Champ at 2": 1278.0,
    "Champ at 20": 3586.0,
    "Champ at 21": 3586.0,
    "Champ at 22": 3959.0,
    "Champ at 23": 3959.0,
    "Champ at 24": 3959.0,
    "Champ at 25": 3959.0,
    "Champ at 26": 3959.0,
    "Champ at 27": 4610.0,
    "Champ at 28": 4610.0,
    "Champ at 29": 4610.0,
    "Champ at 3": 1538.0,
    "Champ at 30": 4610.0,
    "Champ at 31": 4983.0,
    "Champ at 32": 4983.0,
    "Champ at 33": 4983.0,
    "Champ at 34": 4983.0,
    "Champ at 35": 5167.0,
    "Champ at 4": 1538.0,
    "Champ at 5": 1538.0,
    "Champ at 6": 1538.0,
    "Champ at 7": 1911.0,
    "Champ at 8": 1911.0,
    "Champ at 9": 1911.0,
    "ChampFitness": 5167.0,
    "ChampInputs": [
        1.8629999160766602,
        1.8669999837875366,
        1.8669999837875366,
        1.8669999837875366,
        1.8700001239776611,
        1.8700001239776611,
        3.2984418869018555,
        1.872999906539917,
        1.872999906539917,
        1.872999906539917,
        1.8760000467300415,
        0.593999981880188,
        1.8760000467300415,
        1.8760000467300415,
        1.8799998760223389,
        3.257999897003174,
        1.8799998760223389,
        1.8830000162124634,
        1.8830000162124634,
        1.8830000162124634,
        0.6050000190734863,
        1.8860000371932983,
        1.8860000371932983,
        1.8889999389648438,
        3.059999942779541,
        1.8889999389648438,
        1.8889999389648438,
        1.8930000066757202,
        1.8930000066757202,
        2.6530001163482666,
        1.8960000276565552,
        1.8960000276565552,
        3.138000011444092,
        1.8989999294281006,
        1.8989999294281006,
        1.8989999294281006,
        1.902999997138977,
        0.5379999876022339,
        1.902999997138977,
        1.902999997138977,
        1.9059998989105225,
        3.1679999828338623,
        1.9059998989105225,
        1.9089999198913574,
        1.9089999198913574,
        1.9089999198913574,
        1.912000060081482,
        1.912000060081482,
        1.912000060081482,
        1.9159998893737793,
        1.9159998893737793,
        1.9159998893737793,
        1.9190000295639038,
        1.9190000295639038,
        1.9190000295639038,
        1.9190000295639038,
        1.9220000505447388,
        1.9220000505447388,
        1.9220000505447388,
        1.9249999523162842,
        1.9249999523162842,
        1.9249999523162842,
        1.9290000200271606,
        1.9290000200271606,
        1.9290000200271606,
        1.9320000410079956,
        1.9320000410079956,
        1.9320000410079956,
        1.9320000410079956,
        1.934999942779541,
        1.934999942779541,
        1.934999942779541,
        1.937999963760376,
        1.937999963760376,
        1.937999963760376,
        1.941999912261963,
        1.941999912261963,
        1.941999912261963,
        1.9449999332427979,
        1.9449999332427979,
        1.9449999332427979,
        1.9480000734329224,
        1.9480000734329224,
        1.9480000734329224,
        1.9480000734329224,
        1.9509999752044678,
        1.9509999752044678,
        1.9509999752044678,
        1.9550000429153442,
        1.9550000429153442,
        1.9550000429153442,
        1.9580000638961792,
        1.9580000638961792,
        1.9580000638961792,
        1.9609999656677246,
        1.9609999656677246,
        1.9609999656677246,
        1.965000033378601,
        1.965000033378601,
        1.965000033378601
    ],
    "Generations needed": 35,
    "Population 1": 196.10499572753906,
    "Population 10": 1911.0,
    "Population 11": 1941.60498046875,
    "Population 12": 2540.5048828125,
    "Population 13": 2562.0,
    "Population 14": 2562.0,
    "Population 15": 2616.56494140625,
    "Population 16": 2934.014892578125,
    "Population 17": 2934.014892578125,
    "Population 18": 2961.320068359375,
    "Population 19": 3572.639892578125,
    "Population 2": 792.8300170898438,
    "Population 20": 3586.0,
    "Population 21": 3586.0,
    "Population 22": 3637.014892578125,
    "Population 23": 3951.22509765625,
    "Population 24": 3958.695068359375,
    "Population 25": 3959.0,
    "Population 26": 3959.0,
    "Population 27": 3987.179931640625,
    "Population 28": 4600.23486328125,
    "Population 29": 4610.0,
    "Population 3": 1262.5550537109375,
    "Population 30": 4610.0,
    "Population 31": 4663.7998046875,
    "Population 32": 4977.40478515625,
    "Population 33": 4983.0,
    "Population 34": 4983.0,
    "Population 35": 4992.115234375,
    "Population 4": 1530.1949462890625,
    "Population 5": 1538.0,
    "Population 6": 1538.0,
    "Population 7": 1588.8199462890625,
    "Population 8": 1896.4849853515625,
    "Population 9": 1911.0,
    "start": "today"
}
