{
    "Champ at 1": 887.0,
    "Champ at 10": 1911.0,
    "Champ at 11": 1911.0,
    "Champ at 12": 1911.0,
    "Champ at 13": 1911.0,
    "Champ at 14": 2862.0,
    "Champ at 15": 2862.0,
    "Champ at 16": 2862.0,
    "Champ at 17": 2862.0,
    "Champ at 18": 3586.0,
    "Champ at 19": 3586.0,
    "Champ at 2": 887.0,
    "Champ at 20": 3586.0,
    "Champ at 21": 3586.0,
    "Champ at 22": 3586.0,
    "Champ at 23": 3959.0,
    "Champ at 24": 3959.0,
    "Champ at 25": 3959.0,
    "Champ at 26": 3959.0,
    "Champ at 27": 4917.0,
    "Champ at 28": 4917.0,
    "Champ at 29": 4917.0,
    "Champ at 3": 887.0,
    "Champ at 30": 4917.0,
    "Champ at 31": 5167.0,
    "Champ at 4": 887.0,
    "Champ at 5": 887.0,
    "Champ at 6": 1538.0,
    "Champ at 7": 1538.0,
    "Champ at 8": 1538.0,
    "Champ at 9": 1538.0,
    "ChampFitness": 5167.0,
    "ChampInputs": [
        1.877000093460083,
        1.8809999227523804,
        1.8840000629425049,
        1.8840000629425049,
        1.8840000629425049,
        1.8870000839233398,
        3.068000078201294,
        1.8899999856948853,
        1.8899999856948853,
        1.8940000534057617,
        1.8940000534057617,
        0.6340000033378601,
        1.8970000743865967,
        1.8970000743865967,
        1.899999976158142,
        3.249000072479248,
        1.899999976158142,
        1.902999997138977,
        1.902999997138977,
        1.906999945640564,
        1.906999945640564,
        1.906999945640564,
        1.909999966621399,
        3.5789999961853027,
        1.909999966621399,
        1.9130001068115234,
        1.9130001068115234,
        1.9130001068115234,
        0.4870000183582306,
        1.9159998893737793,
        1.9159998893737793,
        1.9200000762939453,
        3.181999921798706,
        1.9230000972747803,
        1.9230000972747803,
        1.9230000972747803,
        1.9259999990463257,
        1.9259999990463257,
        1.9259999990463257,
        1.9300000667572021,
        3.5220000743865967,
        1.9329999685287476,
        1.9329999685287476,
        1.9329999685287476,
        1.9359999895095825,
        1.9359999895095825,
        1.9359999895095825,
        1.9390000104904175,
        1.9390000104904175,
        1.9390000104904175,
        1.9429999589920044,
        1.9429999589920044,
        1.9429999589920044,
        1.9459999799728394,
        1.9459999799728394,
        1.9490001201629639,
        1.9490001201629639,
        1.9490001201629639,
        1.9519999027252197,
        1.9519999027252197,
        1.9519999027252197,
        1.9560000896453857,
        1.9560000896453857,
        1.9589998722076416,
        1.9589998722076416,
        1.9620000123977661,
        1.965000033378601,
        1.965000033378601,
        1.965000033378601,
        1.968999981880188,
        1.968999981880188,
        1.968999981880188,
        1.972000002861023,
        1.972000002861023,
        1.972000002861023,
        1.975000023841858,
        1.975000023841858,
        1.975000023841858,
        1.9779999256134033,
        1.9779999256134033,
        1.9779999256134033,
        1.9819999933242798,
        1.9819999933242798,
        1.9819999933242798,
        1.9850001335144043,
        1.9850001335144043,
        1.9850001335144043,
        1.9879999160766602,
        1.9879999160766602,
        1.9920001029968262,
        1.9920001029968262,
        1.9920001029968262,
        1.994999885559082,
        1.994999885559082,
        1.9980000257492065,
        1.9980000257492065,
        1.9980000257492065,
        2.000999927520752,
        2.000999927520752,
        2.000999927520752
    ],
    "Generations needed": 31,
    "Population 1": 210.4550018310547,
    "Population 10": 1581.8800048828125,
    "Population 11": 1905.405029296875,
    "Population 12": 1911.0,
    "Population 13": 1911.0,
    "Population 14": 1936.8199462890625,
    "Population 15": 2841.985107421875,
    "Population 16": 2862.0,
    "Population 17": 2862.0,
    "Population 18": 2954.735107421875,
    "Population 19": 3567.465087890625,
    "Population 2": 792.3400268554688,
    "Population 20": 3581.320068359375,
    "Population 21": 3586.0,
    "Population 22": 3586.0,
    "Population 23": 3638.530029296875,
    "Population 24": 3952.419921875,
    "Population 25": 3959.0,
    "Population 26": 3959.0,
    "Population 27": 4024.64501953125,
    "Population 28": 4907.419921875,
    "Population 29": 4917.0,
    "Population 3": 881.1950073242188,
    "Population 30": 4917.0,
    "Population 31": 4980.27978515625,
    "Population 4": 887.0,
    "Population 5": 887.0,
    "Population 6": 925.3599853515625,
    "Population 7": 1524.6099853515625,
    "Population 8": 1538.0,
    "Population 9": 1538.0,
    "start": "today"
}
