{
    "Champ at 1": 829.0,
    "Champ at 10": 1911.0,
    "Champ at 11": 1911.0,
    "Champ at 12": 2647.0,
    "Champ at 13": 2647.0,
    "Champ at 14": 2647.0,
    "Champ at 15": 2647.0,
    "Champ at 16": 2738.0,
    "Champ at 17": 3330.0,
    "Champ at 18": 3330.0,
    "Champ at 19": 3330.0,
    "Champ at 2": 1265.0,
    "Champ at 20": 3330.0,
    "Champ at 21": 3586.0,
    "Champ at 22": 3762.0,
    "Champ at 23": 3762.0,
    "Champ at 24": 3762.0,
    "Champ at 25": 3762.0,
    "Champ at 26": 4354.0,
    "Champ at 27": 4610.0,
    "Champ at 28": 4610.0,
    "Champ at 29": 4610.0,
    "Champ at 3": 1285.0,
    "Champ at 30": 4610.0,
    "Champ at 31": 4786.0,
    "Champ at 32": 4786.0,
    "Champ at 33": 4786.0,
    "Champ at 34": 4786.0,
    "Champ at 35": 5171.0,
    "Champ at 4": 1538.0,
    "Champ at 5": 1538.0,
    "Champ at 6": 1538.0,
    "Champ at 7": 1538.0,
    "Champ at 8": 1911.0,
    "Champ at 9": 1911.0,
    "ChampFitness": 5171.0,
    "ChampInputs": [
        1.8619999885559082,
        1.8650000095367432,
        1.8650000095367432,
        1.8650000095367432,
        1.8680000305175781,
        1.8680000305175781,
        3.337252378463745,
        1.8709999322891235,
        1.875,
        1.875,
        1.878000020980835,
        2.450000047683716,
        1.8809999227523804,
        1.8809999227523804,
        2.5870001316070557,
        1.8849999904632568,
        1.8849999904632568,
        2.5339999198913574,
        2.569999933242798,
        1.4399999380111694,
        1.621999979019165,
        2.5769999027252197,
        2.5799999237060547,
        2.5799999237060547,
        1.1729999780654907,
        2.5870001316070557,
        2.5870001316070557,
        1.2070000171661377,
        1.6439999341964722,
        2.5929999351501465,
        2.5960001945495605,
        2.5960001945495605,
        1.1540000438690186,
        2.6030001640319824,
        2.6030001640319824,
        1.2989999055862427,
        1.5320000648498535,
        2.6059999465942383,
        2.6100001335144043,
        2.6100001335144043,
        2.6100001335144043,
        2.61299991607666,
        2.61299991607666,
        2.615999937057495,
        2.615999937057495,
        2.635999917984009,
        2.639000177383423,
        2.639000177383423,
        2.6419999599456787,
        2.6419999599456787,
        2.6449999809265137,
        2.6449999809265137,
        2.6449999809265137,
        2.6489999294281006,
        2.6489999294281006,
        2.6489999294281006,
        2.6519999504089355,
        2.6519999504089355,
        2.6550002098083496,
        2.6550002098083496,
        2.6550002098083496,
        2.6579999923706055,
        2.6579999923706055,
        2.6620001792907715,
        2.6620001792907715,
        2.6620001792907715,
        2.6649999618530273,
        2.6649999618530273,
        2.6649999618530273,
        2.667999744415283,
        2.667999744415283,
        2.671999931335449,
        2.671999931335449,
        2.671999931335449,
        2.6750001907348633,
        2.6750001907348633,
        2.677999973297119,
        2.677999973297119,
        2.677999973297119,
        2.680999994277954,
        2.680999994277954,
        2.684999942779541,
        2.684999942779541,
        2.684999942779541,
        2.687999963760376,
        2.687999963760376,
        2.690999984741211,
        2.690999984741211,
        2.690999984741211,
        2.694000005722046,
        2.694000005722046,
        2.697999954223633,
        2.697999954223633,
        2.697999954223633,
        2.7009999752044678,
        2.7009999752044678,
        2.7039999961853027,
        2.7039999961853027,
        2.7070000171661377,
        2.7070000171661377
    ],
    "Generations needed": 35,
    "Population 1": 208.77499389648438,
    "Population 10": 1911.0,
    "Population 11": 1911.0,
    "Population 12": 1951.89501953125,
    "Population 13": 2632.280029296875,
    "Population 14": 2647.0,
    "Population 15": 2647.0,
    "Population 16": 2576.0400390625,
    "Population 17": 2687.72509765625,
    "Population 18": 3323.625,
    "Population 19": 3330.0,
    "Population 2": 754.9099731445313,
    "Population 20": 3330.0,
    "Population 21": 3280.455078125,
    "Population 22": 3598.6201171875,
    "Population 23": 3760.239990234375,
    "Population 24": 3762.0,
    "Population 25": 3762.0,
    "Population 26": 3710.385009765625,
    "Population 27": 4293.31494140625,
    "Population 28": 4608.72021484375,
    "Population 29": 4610.0,
    "Population 3": 1241.4949951171875,
    "Population 30": 4610.0,
    "Population 31": 4622.52001953125,
    "Population 32": 4784.40478515625,
    "Population 33": 4786.0,
    "Population 34": 4786.0,
    "Population 35": 4729.5498046875,
    "Population 4": 1287.2449951171875,
    "Population 5": 1530.2249755859375,
    "Population 6": 1538.0,
    "Population 7": 1538.0,
    "Population 8": 1578.5150146484375,
    "Population 9": 1896.5150146484375,
    "start": "today"
}
