{
    "Champ at 1": 813.0,
    "Champ at 10": 1911.0,
    "Champ at 11": 1911.0,
    "Champ at 12": 2305.0,
    "Champ at 13": 2305.0,
    "Champ at 14": 2305.0,
    "Champ at 15": 2305.0,
    "Champ at 16": 2306.0,
    "Champ at 17": 2935.0,
    "Champ at 18": 2935.0,
    "Champ at 19": 2935.0,
    "Champ at 2": 1282.0,
    "Champ at 20": 2935.0,
    "Champ at 21": 3586.0,
    "Champ at 22": 3586.0,
    "Champ at 23": 3586.0,
    "Champ at 24": 3586.0,
    "Champ at 25": 3959.0,
    "Champ at 26": 3959.0,
    "Champ at 27": 3959.0,
    "Champ at 28": 3959.0,
    "Champ at 29": 4610.0,
    "Champ at 3": 1538.0,
    "Champ at 30": 4610.0,
    "Champ at 31": 4610.0,
    "Champ at 32": 4610.0,
    "Champ at 33": 4983.0,
    "Champ at 34": 4983.0,
    "Champ at 35": 4983.0,
    "Champ at 36": 4983.0,
    "Champ at 37": 5165.0,
    "Champ at 4": 1538.0,
    "Champ at 5": 1538.0,
    "Champ at 6": 1538.0,
    "Champ at 7": 1538.0,
    "Champ at 8": 1911.0,
    "Champ at 9": 1911.0,
    "ChampFitness": 5165.0,
    "ChampInputs": [
        1.8299999237060547,
        1.8299999237060547,
        1.8299999237060547,
        1.9521608352661133,
        1.8330000638961792,
        1.8330000638961792,
        3.473106861114502,
        1.8359999656677246,
        1.8359999656677246,
        1.840000033378601,
        1.840000033378601,
        2.750999927520752,
        1.840000033378601,
        1.843000054359436,
        3.0605428218841553,
        1.843000054359436,
        1.8459999561309814,
        1.0059999227523804,
        1.8459999561309814,
        1.8489999771118164,
        1.8489999771118164,
        1.8489999771118164,
        1.8529999256134033,
        3.1560001373291016,
        1.8529999256134033,
        1.8529999256134033,
        1.8559999465942383,
        1.8559999465942383,
        2.6670000553131104,
        1.8589999675750732,
        1.8589999675750732,
        3.2039999961853027,
        1.8629999160766602,
        1.8629999160766602,
        1.8629999160766602,
        1.8629999160766602,
        2.562999963760376,
        1.8659999370574951,
        1.8659999370574951,
        3.2870001792907715,
        1.8690000772476196,
        1.8690000772476196,
        1.871999979019165,
        1.871999979019165,
        1.871999979019165,
        1.8760000467300415,
        1.8760000467300415,
        1.8760000467300415,
        1.8760000467300415,
        1.8790000677108765,
        1.8790000677108765,
        1.8790000677108765,
        1.8819999694824219,
        1.8819999694824219,
        1.8819999694824219,
        1.8849999904632568,
        1.8849999904632568,
        1.8849999904632568,
        1.8849999904632568,
        1.8889999389648438,
        1.8889999389648438,
        1.8889999389648438,
        1.8919999599456787,
        1.8919999599456787,
        1.8919999599456787,
        1.8949999809265137,
        1.8949999809265137,
        1.8949999809265137,
        1.8980000019073486,
        1.8980000019073486,
        1.8980000019073486,
        1.8980000019073486,
        1.9019999504089355,
        1.9019999504089355,
        1.9019999504089355,
        1.90500009059906,
        1.90500009059906,
        1.90500009059906,
        1.9079999923706055,
        1.9079999923706055,
        1.9079999923706055,
        1.9079999923706055,
        1.9110000133514404,
        1.9110000133514404,
        1.9110000133514404,
        1.9149999618530273,
        1.9149999618530273,
        1.9149999618530273,
        1.9179999828338623,
        1.9179999828338623,
        1.9179999828338623,
        1.9179999828338623,
        1.9210000038146973,
        1.9210000038146973,
        1.9210000038146973,
        1.9249999523162842,
        1.9249999523162842,
        1.9249999523162842,
        1.9279999732971191,
        1.9279999732971191
    ],
    "Generations needed": 37,
    "Population 1": 200.2449951171875,
    "Population 10": 1911.0,
    "Population 11": 1911.0,
    "Population 12": 1937.8800048828125,
    "Population 13": 2292.655029296875,
    "Population 14": 2303.030029296875,
    "Population 15": 2304.9951171875,
    "Population 16": 2305.0048828125,
    "Population 17": 2440.080078125,
    "Population 18": 2934.6298828125,
    "Population 19": 2935.0,
    "Population 2": 748.2249755859375,
    "Population 20": 2935.0,
    "Population 21": 2980.215087890625,
    "Population 22": 3574.195068359375,
    "Population 23": 3586.0,
    "Population 24": 3586.0,
    "Population 25": 3639.27490234375,
    "Population 26": 3952.389892578125,
    "Population 27": 3959.0,
    "Population 28": 3959.0,
    "Population 29": 3988.8798828125,
    "Population 3": 1247.9849853515625,
    "Population 30": 4600.23486328125,
    "Population 31": 4610.0,
    "Population 32": 4610.0,
    "Population 33": 4644.21484375,
    "Population 34": 4982.6748046875,
    "Population 35": 4983.0,
    "Population 36": 4983.0,
    "Population 37": 4988.9599609375,
    "Population 4": 1519.81005859375,
    "Population 5": 1534.7449951171875,
    "Population 6": 1538.0,
    "Population 7": 1538.0,
    "Population 8": 1578.9549560546875,
    "Population 9": 1897.5,
    "start": "today"
}
