{
    "Champ at 1": 819.0,
    "Champ at 10": 1911.0,
    "Champ at 11": 1911.0,
    "Champ at 12": 1911.0,
    "Champ at 13": 1911.0,
    "Champ at 14": 2562.0,
    "Champ at 15": 2562.0,
    "Champ at 16": 2562.0,
    "Champ at 17": 2562.0,
    "Champ at 18": 2935.0,
    "Champ at 19": 2935.0,
    "Champ at 2": 887.0,
    "Champ at 20": 2935.0,
    "Champ at 21": 2935.0,
    "Champ at 22": 2935.0,
    "Champ at 23": 3586.0,
    "Champ at 24": 3586.0,
    "Champ at 25": 3586.0,
    "Champ at 26": 3586.0,
    "Champ at 27": 3959.0,
    "Champ at 28": 3959.0,
    "Champ at 29": 3959.0,
    "Champ at 3": 887.0,
    "Champ at 30": 3959.0,
    "Champ at 31": 4356.0,
    "Champ at 32": 4356.0,
    "Champ at 33": 4356.0,
    "Champ at 34": 4356.0,
    "Champ at 35": 4983.0,
    "Champ at 36": 4983.0,
    "Champ at 37": 4983.0,
    "Champ at 38": 4983.0,
    "Champ at 39": 5165.0,
    "Champ at 4": 887.0,
    "Champ at 5": 887.0,
    "Champ at 6": 1275.0,
    "Champ at 7": 1275.0,
    "Champ at 8": 1275.0,
    "Champ at 9": 1275.0,
    "ChampFitness": 5165.0,
    "ChampInputs": [
        1.8389999866485596,
        1.8389999866485596,
        1.8389999866485596,
        1.843000054359436,
        2.0946919918060303,
        1.843000054359436,
        3.003999948501587,
        1.8459999561309814,
        1.8459999561309814,
        1.0679999589920044,
        1.8489999771118164,
        1.8489999771118164,
        1.8489999771118164,
        1.8529999256134033,
        1.8529999256134033,
        3.199000120162964,
        1.8559999465942383,
        1.8559999465942383,
        1.8559999465942383,
        1.8589999675750732,
        0.7440000176429749,
        1.8589999675750732,
        1.8619999885559082,
        1.8619999885559082,
        3.2659997940063477,
        1.8659999370574951,
        1.8659999370574951,
        1.8659999370574951,
        1.8690000772476196,
        0.7230000495910645,
        1.8690000772476196,
        1.8690000772476196,
        1.871999979019165,
        3.0270001888275146,
        1.871999979019165,
        1.875,
        0.7480000257492065,
        1.875,
        1.8790000677108765,
        1.8790000677108765,
        1.8790000677108765,
        1.8819999694824219,
        3.312999963760376,
        1.8819999694824219,
        1.8849999904632568,
        1.8849999904632568,
        1.8849999904632568,
        1.8880000114440918,
        1.8880000114440918,
        1.8880000114440918,
        1.8919999599456787,
        1.8919999599456787,
        1.8919999599456787,
        1.8919999599456787,
        1.8949999809265137,
        1.8949999809265137,
        1.8949999809265137,
        1.8980000019073486,
        1.8980000019073486,
        1.8980000019073486,
        1.9019999504089355,
        1.9019999504089355,
        1.9019999504089355,
        1.90500009059906,
        1.90500009059906,
        1.90500009059906,
        1.9079999923706055,
        1.9079999923706055,
        1.9079999923706055,
        1.9079999923706055,
        1.9110000133514404,
        1.9110000133514404,
        1.9110000133514404,
        1.9149999618530273,
        1.9149999618530273,
        1.9149999618530273,
        1.9179999828338623,
        1.9179999828338623,
        1.9179999828338623,
        1.9210000038146973,
        1.9210000038146973,
        1.9210000038146973,
        1.9239999055862427,
        1.9239999055862427,
        1.9239999055862427,
        1.9279999732971191,
        1.9279999732971191,
        1.9279999732971191,
        1.9279999732971191,
        1.930999994277954,
        1.930999994277954,
        1.930999994277954,
        1.934000015258789,
        1.934000015258789,
        1.934000015258789,
        1.937000036239624,
        1.937000036239624,
        1.937000036239624,
        1.9410001039505005,
        1.9410001039505005
    ],
    "Generations needed": 39,
    "Population 1": 205.15499877929688,
    "Population 10": 1405.6300048828125,
    "Population 11": 1896.7149658203125,
    "Population 12": 1911.0,
    "Population 13": 1911.0,
    "Population 14": 1948.655029296875,
    "Population 15": 2547.635009765625,
    "Population 16": 2562.0,
    "Population 17": 2562.0,
    "Population 18": 2598.4599609375,
    "Population 19": 2930.97509765625,
    "Population 2": 756.9849853515625,
    "Population 20": 2932.590087890625,
    "Population 21": 2935.0,
    "Population 22": 2935.0,
    "Population 23": 2957.969970703125,
    "Population 24": 3582.7451171875,
    "Population 25": 3586.0,
    "Population 26": 3586.0,
    "Population 27": 3631.60498046875,
    "Population 28": 3953.510009765625,
    "Population 29": 3959.0,
    "Population 3": 877.3800048828125,
    "Population 30": 3959.0,
    "Population 31": 3987.389892578125,
    "Population 32": 4353.48486328125,
    "Population 33": 4356.0,
    "Population 34": 4356.0,
    "Population 35": 4464.8701171875,
    "Population 36": 4981.71484375,
    "Population 37": 4983.0,
    "Population 38": 4983.0,
    "Population 39": 4985.08984375,
    "Population 4": 887.0,
    "Population 5": 887.0,
    "Population 6": 909.344970703125,
    "Population 7": 1265.0999755859375,
    "Population 8": 1275.0,
    "Population 9": 1275.0,
    "start": "today"
}
