{
    "Champ at 1": 730.0,
    "Champ at 10": 1284.0,
    "Champ at 11": 1911.0,
    "Champ at 12": 1911.0,
    "Champ at 13": 1911.0,
    "Champ at 14": 1911.0,
    "Champ at 15": 2306.0,
    "Champ at 16": 2306.0,
    "Champ at 17": 2306.0,
    "Champ at 18": 2306.0,
    "Champ at 19": 2935.0,
    "Champ at 2": 887.0,
    "Champ at 20": 2935.0,
    "Champ at 21": 2935.0,
    "Champ at 22": 2935.0,
    "Champ at 23": 2935.0,
    "Champ at 24": 3586.0,
    "Champ at 25": 3586.0,
    "Champ at 26": 3586.0,
    "Champ at 27": 3586.0,
    "Champ at 28": 3959.0,
    "Champ at 29": 3959.0,
    "Champ at 3": 887.0,
    "Champ at 30": 3959.0,
    "Champ at 31": 3959.0,
    "Champ at 32": 4558.0,
    "Champ at 33": 4558.0,
    "Champ at 34": 4558.0,
    "Champ at 35": 4558.0,
    "Champ at 36": 4983.0,
    "Champ at 37": 4983.0,
    "Champ at 38": 4983.0,
    "Champ at 39": 4983.0,
    "Champ at 4": 887.0,
    "Champ at 40": 5164.0,
    "Champ at 5": 887.0,
    "Champ at 6": 887.0,
    "Champ at 7": 1284.0,
    "Champ at 8": 1284.0,
    "Champ at 9": 1284.0,
    "ChampFitness": 5164.0,
    "ChampInputs": [
        1.7939999103546143,
        1.7939999103546143,
        0.5600121021270752,
        1.7980000972747803,
        1.8009998798370361,
        1.8009998798370361,
        1.8040000200271606,
        3.19599986076355,
        1.8070000410079956,
        1.8070000410079956,
        1.128000020980835,
        1.8109999895095825,
        1.8109999895095825,
        1.8140000104904175,
        1.8140000104904175,
        1.8140000104904175,
        3.118000030517578,
        1.8170000314712524,
        1.8199999332427979,
        1.1110000610351563,
        1.8240000009536743,
        1.8240000009536743,
        1.8240000009536743,
        1.8269999027252197,
        1.8269999027252197,
        3.180999994277954,
        1.8299999237060547,
        1.8340001106262207,
        1.8340001106262207,
        1.8340001106262207,
        2.748000144958496,
        1.8369998931884766,
        1.840000033378601,
        3.177000045776367,
        1.840000033378601,
        1.843000054359436,
        1.843000054359436,
        1.847000002861023,
        2.691999912261963,
        1.850000023841858,
        1.850000023841858,
        3.2739999294281006,
        1.8529999256134033,
        1.8529999256134033,
        1.8529999256134033,
        1.8559999465942383,
        1.8559999465942383,
        1.8600000143051147,
        1.8600000143051147,
        1.8629999160766602,
        1.8629999160766602,
        1.8629999160766602,
        1.8659999370574951,
        1.8659999370574951,
        1.8690000772476196,
        1.8690000772476196,
        1.8690000772476196,
        1.872999906539917,
        1.872999906539917,
        1.8760000467300415,
        1.8760000467300415,
        1.8790000677108765,
        1.8790000677108765,
        1.8790000677108765,
        1.8830000162124634,
        1.8830000162124634,
        1.8860000371932983,
        1.8860000371932983,
        1.8889999389648438,
        1.8889999389648438,
        1.8889999389648438,
        1.8919999599456787,
        1.8919999599456787,
        1.8960000276565552,
        1.8960000276565552,
        1.8989999294281006,
        1.8989999294281006,
        1.8989999294281006,
        1.9019999504089355,
        1.9019999504089355,
        1.90500009059906,
        1.90500009059906,
        1.9089999198913574,
        1.9089999198913574,
        1.9089999198913574,
        1.912000060081482,
        1.912000060081482,
        1.912000060081482,
        1.9149999618530273,
        1.9149999618530273,
        1.9179999828338623,
        1.9179999828338623,
        1.9179999828338623,
        1.9220000505447388,
        1.9220000505447388,
        1.9249999523162842,
        1.9249999523162842,
        1.9279999732971191,
        1.9279999732971191,
        1.9279999732971191
    ],
    "Generations needed": 40,
    "Population 1": 203.25999450683594,
    "Population 10": 1284.0,
    "Population 11": 1386.8900146484375,
    "Population 12": 1899.5250244140625,
    "Population 13": 1911.0,
    "Population 14": 1911.0,
    "Population 15": 1938.385009765625,
    "Population 16": 2301.719970703125,
    "Population 17": 2306.0,
    "Population 18": 2306.0,
    "Population 19": 2432.304931640625,
    "Population 2": 673.9450073242188,
    "Population 20": 2923.31005859375,
    "Population 21": 2931.860107421875,
    "Population 22": 2935.0,
    "Population 23": 2935.0,
    "Population 24": 2976.215087890625,
    "Population 25": 3572.97998046875,
    "Population 26": 3586.0,
    "Population 27": 3586.0,
    "Population 28": 3630.85498046875,
    "Population 29": 3951.4599609375,
    "Population 3": 864.510009765625,
    "Population 30": 3959.0,
    "Population 31": 3959.0,
    "Population 32": 3999.419921875,
    "Population 33": 4549.01513671875,
    "Population 34": 4558.0,
    "Population 35": 4558.0,
    "Population 36": 4652.9599609375,
    "Population 37": 4976.06005859375,
    "Population 38": 4983.0,
    "Population 39": 4983.0,
    "Population 4": 881.10498046875,
    "Population 40": 4986.47021484375,
    "Population 5": 887.0,
    "Population 6": 887.0,
    "Population 7": 948.5850219726563,
    "Population 8": 1265.39501953125,
    "Population 9": 1284.0,
    "start": "today"
}
