{
    "Champ at 1": 829.0,
    "Champ at 10": 1911.0,
    "Champ at 11": 1911.0,
    "Champ at 12": 1911.0,
    "Champ at 13": 1911.0,
    "Champ at 14": 2562.0,
    "Champ at 15": 2562.0,
    "Champ at 16": 2562.0,
    "Champ at 17": 2562.0,
    "Champ at 18": 2935.0,
    "Champ at 19": 2935.0,
    "Champ at 2": 887.0,
    "Champ at 20": 2935.0,
    "Champ at 21": 2935.0,
    "Champ at 22": 3586.0,
    "Champ at 23": 3586.0,
    "Champ at 24": 3586.0,
    "Champ at 25": 3586.0,
    "Champ at 26": 3959.0,
    "Champ at 27": 3959.0,
    "Champ at 28": 3959.0,
    "Champ at 29": 3959.0,
    "Champ at 3": 1538.0,
    "Champ at 30": 4915.0,
    "Champ at 31": 4916.0,
    "Champ at 32": 4918.0,
    "Champ at 33": 4918.0,
    "Champ at 34": 4918.0,
    "Champ at 35": 5170.0,
    "Champ at 4": 1538.0,
    "Champ at 5": 1538.0,
    "Champ at 6": 1538.0,
    "Champ at 7": 1538.0,
    "Champ at 8": 1538.0,
    "Champ at 9": 1911.0,
    "ChampFitness": 5170.0,
    "ChampInputs": [
        1.8580000400543213,
        1.8610000610351563,
        1.8639999628067017,
        1.8639999628067017,
        1.8680000305175781,
        1.8680000305175781,
        3.3103151321411133,
        1.8739999532699585,
        1.8739999532699585,
        1.877000093460083,
        1.877000093460083,
        2.5429999828338623,
        1.8840000629425049,
        1.8840000629425049,
        3.1649999618530273,
        1.8870000839233398,
        1.8899999856948853,
        1.8899999856948853,
        1.8940000534057617,
        0.4710000157356262,
        1.8970000743865967,
        1.899999976158142,
        1.899999976158142,
        3.140000104904175,
        1.902999997138977,
        1.906999945640564,
        1.909999966621399,
        1.909999966621399,
        2.449000120162964,
        1.9130001068115234,
        1.9169999361038208,
        3.252939224243164,
        1.9200000762939453,
        1.9230000972747803,
        1.9230000972747803,
        1.9259999990463257,
        1.9259999990463257,
        1.9300000667572021,
        1.9329999685287476,
        3.5409998893737793,
        1.9359999895095825,
        1.9390000104904175,
        1.9390000104904175,
        1.9429999589920044,
        1.9429999589920044,
        1.9459999799728394,
        1.9490001201629639,
        1.9490001201629639,
        1.9519999027252197,
        1.9560000896453857,
        1.9560000896453857,
        1.9560000896453857,
        1.9589998722076416,
        1.9589998722076416,
        1.9620000123977661,
        1.9620000123977661,
        1.9660000801086426,
        1.9660000801086426,
        1.968999981880188,
        1.968999981880188,
        1.972000002861023,
        1.972000002861023,
        1.975000023841858,
        1.975000023841858,
        1.9789999723434448,
        1.9789999723434448,
        1.9819999933242798,
        1.9819999933242798,
        1.9819999933242798,
        1.9850001335144043,
        1.9850001335144043,
        1.9879999160766602,
        1.9879999160766602,
        1.9920001029968262,
        1.9920001029968262,
        1.994999885559082,
        1.994999885559082,
        1.9980000257492065,
        1.9980000257492065,
        2.000999927520752,
        2.000999927520752,
        2.004999876022339,
        2.004999876022339,
        2.007999897003174,
        2.007999897003174,
        2.011000156402588,
        2.011000156402588,
        2.0149998664855957,
        2.0149998664855957,
        2.0180001258850098,
        2.0180001258850098,
        2.0209999084472656,
        2.0209999084472656,
        2.0239999294281006,
        2.0239999294281006,
        2.0280001163482666,
        2.0280001163482666,
        2.0309998989105225,
        2.0309998989105225,
        2.0339999198913574
    ],
    "Generations needed": 35,
    "Population 1": 189.71499633789063,
    "Population 10": 1901.114990234375,
    "Population 11": 1910.675048828125,
    "Population 12": 1911.0,
    "Population 13": 1911.0,
    "Population 14": 1960.6700439453125,
    "Population 15": 2541.614990234375,
    "Population 16": 2562.0,
    "Population 17": 2562.0,
    "Population 18": 2593.93994140625,
    "Population 19": 2931.27001953125,
    "Population 2": 753.9450073242188,
    "Population 20": 2935.0,
    "Population 21": 2935.0,
    "Population 22": 2947.5400390625,
    "Population 23": 3574.22998046875,
    "Population 24": 3586.0,
    "Population 25": 3586.0,
    "Population 26": 3625.9951171875,
    "Population 27": 3947.949951171875,
    "Population 28": 3959.0,
    "Population 29": 3959.0,
    "Population 3": 885.4749755859375,
    "Population 30": 4000.5048828125,
    "Population 31": 4915.0048828125,
    "Population 32": 4916.02001953125,
    "Population 33": 4917.990234375,
    "Population 34": 4918.0,
    "Population 35": 4977.830078125,
    "Population 4": 1514.1700439453125,
    "Population 5": 1531.0999755859375,
    "Population 6": 1534.3900146484375,
    "Population 7": 1538.0,
    "Population 8": 1538.0,
    "Population 9": 1581.0050048828125,
    "start": "today"
}
