{
    "Champ at 1": 887.0,
    "Champ at 10": 2562.0,
    "Champ at 11": 2562.0,
    "Champ at 12": 2562.0,
    "Champ at 13": 2562.0,
    "Champ at 14": 2935.0,
    "Champ at 15": 2935.0,
    "Champ at 16": 2935.0,
    "Champ at 17": 2935.0,
    "Champ at 18": 3891.0,
    "Champ at 19": 3891.0,
    "Champ at 2": 1538.0,
    "Champ at 20": 3891.0,
    "Champ at 21": 3891.0,
    "Champ at 22": 4919.0,
    "Champ at 23": 4919.0,
    "Champ at 24": 4919.0,
    "Champ at 25": 4919.0,
    "Champ at 26": 5159.0,
    "Champ at 3": 1538.0,
    "Champ at 4": 1538.0,
    "Champ at 5": 1538.0,
    "Champ at 6": 1911.0,
    "Champ at 7": 1911.0,
    "Champ at 8": 1911.0,
    "Champ at 9": 1911.0,
    "ChampFitness": 5159.0,
    "ChampInputs": [
        1.8880000114440918,
        1.8880000114440918,
        1.8880000114440918,
        1.8910000324249268,
        1.8910000324249268,
        1.8910000324249268,
        1.8940000534057617,
        1.1544826030731201,
        1.8940000534057617,
        1.8980000019073486,
        1.8980000019073486,
        1.8980000019073486,
        0.5590000152587891,
        1.9010000228881836,
        1.9010000228881836,
        1.9010000228881836,
        3.1459999084472656,
        1.9040000438690186,
        1.9040000438690186,
        1.9079999923706055,
        1.9079999923706055,
        2.3899998664855957,
        1.9110000133514404,
        1.9110000133514404,
        3.307000160217285,
        1.9140000343322754,
        1.9140000343322754,
        1.9140000343322754,
        1.9140000343322754,
        1.9169999361038208,
        1.9169999361038208,
        1.9169999361038208,
        3.5960001945495605,
        1.9210000038146973,
        1.9210000038146973,
        1.9239999055862427,
        1.9239999055862427,
        1.9239999055862427,
        1.9239999055862427,
        1.9270000457763672,
        3.364000082015991,
        1.9270000457763672,
        1.9300000667572021,
        1.9300000667572021,
        1.9300000667572021,
        1.934000015258789,
        1.934000015258789,
        1.934000015258789,
        1.937000036239624,
        1.937000036239624,
        1.937000036239624,
        1.937000036239624,
        1.940000057220459,
        1.940000057220459,
        1.940000057220459,
        1.9429999589920044,
        1.9429999589920044,
        1.9429999589920044,
        1.9470000267028809,
        1.9470000267028809,
        1.9470000267028809,
        1.9470000267028809,
        1.9499999284744263,
        1.9499999284744263,
        1.9499999284744263,
        1.9529999494552612,
        1.9529999494552612,
        1.9529999494552612,
        1.9570000171661377,
        1.9570000171661377,
        1.9570000171661377,
        1.9570000171661377,
        1.959999918937683,
        1.959999918937683,
        1.959999918937683,
        1.9630000591278076,
        1.9630000591278076,
        1.9630000591278076,
        1.9660000801086426,
        1.9660000801086426,
        1.9660000801086426,
        1.9660000801086426,
        1.9700000286102295,
        1.9700000286102295,
        1.9700000286102295,
        1.9730000495910645,
        1.9730000495910645,
        1.9730000495910645,
        1.9760000705718994,
        1.9760000705718994,
        1.9760000705718994,
        1.9789999723434448,
        1.9789999723434448,
        1.9789999723434448,
        1.9830000400543213,
        1.9830000400543213,
        1.9830000400543213,
        1.9859999418258667,
        1.9859999418258667,
        1.9859999418258667
    ],
    "Generations needed": 26,
    "Population 1": 209.3249969482422,
    "Population 10": 1941.4549560546875,
    "Population 11": 2552.235107421875,
    "Population 12": 2562.0,
    "Population 13": 2562.0,
    "Population 14": 2604.889892578125,
    "Population 15": 2926.4150390625,
    "Population 16": 2935.0,
    "Population 17": 2935.0,
    "Population 18": 2991.889892578125,
    "Population 19": 3880.824951171875,
    "Population 2": 794.7949829101563,
    "Population 20": 3891.0,
    "Population 21": 3891.0,
    "Population 22": 3988.02001953125,
    "Population 23": 4900.10498046875,
    "Population 24": 4919.0,
    "Population 25": 4919.0,
    "Population 26": 4969.97509765625,
    "Population 3": 1480.5550537109375,
    "Population 4": 1538.0,
    "Population 5": 1538.0,
    "Population 6": 1577.5799560546875,
    "Population 7": 1903.5400390625,
    "Population 8": 1911.0,
    "Population 9": 1911.0,
    "start": "today"
}
