{
    "Champ at 1": 812.0,
    "Champ at 10": 1538.0,
    "Champ at 11": 1538.0,
    "Champ at 12": 1911.0,
    "Champ at 13": 1911.0,
    "Champ at 14": 1911.0,
    "Champ at 15": 1911.0,
    "Champ at 16": 2308.0,
    "Champ at 17": 2562.0,
    "Champ at 18": 2562.0,
    "Champ at 19": 2562.0,
    "Champ at 2": 887.0,
    "Champ at 20": 2562.0,
    "Champ at 21": 2935.0,
    "Champ at 22": 2935.0,
    "Champ at 23": 2935.0,
    "Champ at 24": 2935.0,
    "Champ at 25": 3586.0,
    "Champ at 26": 3586.0,
    "Champ at 27": 3586.0,
    "Champ at 28": 3586.0,
    "Champ at 29": 3959.0,
    "Champ at 3": 1261.0,
    "Champ at 30": 3959.0,
    "Champ at 31": 3959.0,
    "Champ at 32": 3959.0,
    "Champ at 33": 4610.0,
    "Champ at 34": 4610.0,
    "Champ at 35": 4610.0,
    "Champ at 36": 4610.0,
    "Champ at 37": 4983.0,
    "Champ at 38": 4983.0,
    "Champ at 39": 4983.0,
    "Champ at 4": 1267.0,
    "Champ at 40": 4983.0,
    "Champ at 41": 5167.0,
    "Champ at 5": 1272.0,
    "Champ at 6": 1276.0,
    "Champ at 7": 1284.0,
    "Champ at 8": 1538.0,
    "Champ at 9": 1538.0,
    "ChampFitness": 5167.0,
    "ChampInputs": [
        1.8229999542236328,
        1.8260000944137573,
        1.8260000944137573,
        1.8289999961853027,
        2.2278707027435303,
        1.8320000171661377,
        3.196366786956787,
        1.8320000171661377,
        1.8359999656677246,
        1.8359999656677246,
        1.8389999866485596,
        2.7170000076293945,
        1.8420000076293945,
        1.8420000076293945,
        3.216775417327881,
        1.84499990940094,
        1.8489999771118164,
        1.8489999771118164,
        1.8519999980926514,
        2.684000015258789,
        1.8550000190734863,
        1.8550000190734863,
        3.242000102996826,
        1.8580000400543213,
        1.8619999885559082,
        1.8619999885559082,
        1.8650000095367432,
        2.5339999198913574,
        1.8680000305175781,
        1.8680000305175781,
        3.2829999923706055,
        1.871999979019165,
        1.875,
        1.875,
        1.878000020980835,
        2.4779999256134033,
        1.8809999227523804,
        1.8809999227523804,
        3.2820000648498535,
        1.8849999904632568,
        1.8880000114440918,
        1.8880000114440918,
        1.8910000324249268,
        1.8910000324249268,
        1.8940000534057617,
        1.8940000534057617,
        1.8980000019073486,
        1.8980000019073486,
        1.9010000228881836,
        1.9010000228881836,
        1.9040000438690186,
        1.9040000438690186,
        1.906999945640564,
        1.906999945640564,
        1.9110000133514404,
        1.9110000133514404,
        1.9140000343322754,
        1.9140000343322754,
        1.9169999361038208,
        1.9169999361038208,
        1.9210000038146973,
        1.9210000038146973,
        1.9239999055862427,
        1.9239999055862427,
        1.9270000457763672,
        1.9270000457763672,
        1.9300000667572021,
        1.9300000667572021,
        1.934000015258789,
        1.934000015258789,
        1.937000036239624,
        1.937000036239624,
        1.940000057220459,
        1.940000057220459,
        1.9429999589920044,
        1.9429999589920044,
        1.9470000267028809,
        1.9470000267028809,
        1.9499999284744263,
        1.9499999284744263,
        1.9529999494552612,
        1.9529999494552612,
        1.9560000896453857,
        1.959999918937683,
        1.959999918937683,
        1.9630000591278076,
        1.9630000591278076,
        1.9660000801086426,
        1.9660000801086426,
        1.9700000286102295,
        1.9700000286102295,
        1.9730000495910645,
        1.9730000495910645,
        1.9760000705718994,
        1.9760000705718994,
        1.9789999723434448,
        1.9789999723434448,
        1.9830000400543213,
        1.9830000400543213,
        1.9859999418258667
    ],
    "Generations needed": 41,
    "Population 1": 211.89999389648438,
    "Population 10": 1538.0,
    "Population 11": 1538.0,
    "Population 12": 1564.5350341796875,
    "Population 13": 1904.56005859375,
    "Population 14": 1911.0,
    "Population 15": 1911.0,
    "Population 16": 1958.449951171875,
    "Population 17": 2299.014892578125,
    "Population 18": 2560.735107421875,
    "Population 19": 2562.0,
    "Population 2": 752.3250122070313,
    "Population 20": 2562.0,
    "Population 21": 2604.800048828125,
    "Population 22": 2925.675048828125,
    "Population 23": 2935.0,
    "Population 24": 2935.0,
    "Population 25": 2962.47509765625,
    "Population 26": 3578.18994140625,
    "Population 27": 3586.0,
    "Population 28": 3586.0,
    "Population 29": 3634.360107421875,
    "Population 3": 873.6599731445313,
    "Population 30": 3957.135009765625,
    "Population 31": 3959.0,
    "Population 32": 3959.0,
    "Population 33": 4001.5048828125,
    "Population 34": 4601.80517578125,
    "Population 35": 4610.0,
    "Population 36": 4610.0,
    "Population 37": 4660.64501953125,
    "Population 38": 4978.69482421875,
    "Population 39": 4983.0,
    "Population 4": 1256.31494140625,
    "Population 40": 4983.0,
    "Population 41": 4994.89990234375,
    "Population 5": 1266.9549560546875,
    "Population 6": 1271.9849853515625,
    "Population 7": 1276.0250244140625,
    "Population 8": 1284.7349853515625,
    "Population 9": 1528.18994140625,
    "start": "today"
}
