{
    "Champ at 1": 805.0,
    "Champ at 10": 1911.0,
    "Champ at 11": 1911.0,
    "Champ at 12": 2509.0,
    "Champ at 13": 2509.0,
    "Champ at 14": 2509.0,
    "Champ at 15": 2509.0,
    "Champ at 16": 2935.0,
    "Champ at 17": 2935.0,
    "Champ at 18": 2935.0,
    "Champ at 19": 2935.0,
    "Champ at 2": 887.0,
    "Champ at 20": 3533.0,
    "Champ at 21": 3533.0,
    "Champ at 22": 3533.0,
    "Champ at 23": 3533.0,
    "Champ at 24": 3959.0,
    "Champ at 25": 3959.0,
    "Champ at 26": 3959.0,
    "Champ at 27": 3959.0,
    "Champ at 28": 4610.0,
    "Champ at 29": 4610.0,
    "Champ at 3": 1283.0,
    "Champ at 30": 4610.0,
    "Champ at 31": 4610.0,
    "Champ at 32": 4983.0,
    "Champ at 33": 4983.0,
    "Champ at 34": 4983.0,
    "Champ at 35": 4983.0,
    "Champ at 36": 5163.0,
    "Champ at 4": 1283.0,
    "Champ at 5": 1283.0,
    "Champ at 6": 1283.0,
    "Champ at 7": 1283.0,
    "Champ at 8": 1911.0,
    "Champ at 9": 1911.0,
    "ChampFitness": 5163.0,
    "ChampInputs": [
        1.8029999732971191,
        1.8029999732971191,
        1.8070000410079956,
        1.8070000410079956,
        1.8070000410079956,
        1.8070000410079956,
        3.688737154006958,
        1.809999942779541,
        1.809999942779541,
        2.9640002250671387,
        1.812999963760376,
        1.812999963760376,
        1.815999984741211,
        1.815999984741211,
        3.2060000896453857,
        1.8199999332427979,
        1.8199999332427979,
        1.8199999332427979,
        1.8229999542236328,
        2.80400013923645,
        1.8229999542236328,
        1.8229999542236328,
        3.242000102996826,
        1.8260000944137573,
        1.8260000944137573,
        1.8289999961853027,
        1.8289999961853027,
        2.820000171661377,
        1.8330000638961792,
        1.8330000638961792,
        3.2260000705718994,
        1.8359999656677246,
        1.8359999656677246,
        1.8359999656677246,
        1.8389999866485596,
        2.7079999446868896,
        1.8389999866485596,
        1.8389999866485596,
        3.2200000286102295,
        1.8420000076293945,
        1.8420000076293945,
        1.8459999561309814,
        1.8459999561309814,
        1.8459999561309814,
        1.8489999771118164,
        1.8489999771118164,
        1.8489999771118164,
        1.8519999980926514,
        1.8519999980926514,
        1.8519999980926514,
        1.8519999980926514,
        1.8559999465942383,
        1.8559999465942383,
        1.8589999675750732,
        1.8589999675750732,
        1.8690000772476196,
        1.8690000772476196,
        1.8690000772476196,
        1.871999979019165,
        1.871999979019165,
        1.871999979019165,
        1.875,
        1.875,
        1.875,
        1.878000020980835,
        1.878000020980835,
        1.878000020980835,
        1.8819999694824219,
        1.8819999694824219,
        1.8819999694824219,
        1.8849999904632568,
        1.8849999904632568,
        1.8849999904632568,
        1.8880000114440918,
        1.8880000114440918,
        1.8880000114440918,
        1.8910000324249268,
        1.8910000324249268,
        1.8910000324249268,
        1.8949999809265137,
        1.8949999809265137,
        1.8949999809265137,
        1.8980000019073486,
        1.8980000019073486,
        1.8980000019073486,
        1.9010000228881836,
        1.9010000228881836,
        1.9010000228881836,
        1.9010000228881836,
        1.90500009059906,
        1.90500009059906,
        1.9079999923706055,
        1.9079999923706055,
        1.9079999923706055,
        1.9110000133514404,
        1.9110000133514404,
        1.9110000133514404,
        1.9140000343322754,
        1.9140000343322754,
        1.9140000343322754
    ],
    "Generations needed": 36,
    "Population 1": 200.57000732421875,
    "Population 10": 1911.0,
    "Population 11": 1911.0,
    "Population 12": 1939.6800537109375,
    "Population 13": 2497.669921875,
    "Population 14": 2509.0,
    "Population 15": 2509.0,
    "Population 16": 2584.06494140625,
    "Population 17": 2926.97998046875,
    "Population 18": 2935.0,
    "Population 19": 2935.0,
    "Population 2": 741.8250122070313,
    "Population 20": 2965.804931640625,
    "Population 21": 3526.570068359375,
    "Population 22": 3533.0,
    "Population 23": 3533.0,
    "Population 24": 3613.85498046875,
    "Population 25": 3956.14990234375,
    "Population 26": 3959.0,
    "Population 27": 3959.0,
    "Population 28": 3986.389892578125,
    "Population 29": 4605.384765625,
    "Population 3": 879.3300170898438,
    "Population 30": 4610.0,
    "Population 31": 4610.0,
    "Population 32": 4650.0400390625,
    "Population 33": 4978.89990234375,
    "Population 34": 4983.0,
    "Population 35": 4983.0,
    "Population 36": 4984.60009765625,
    "Population 4": 1272.8399658203125,
    "Population 5": 1281.02001953125,
    "Population 6": 1283.0,
    "Population 7": 1283.0,
    "Population 8": 1389.97998046875,
    "Population 9": 1897.675048828125,
    "start": "today"
}
