{
    "Champ at 1": 887.0,
    "Champ at 10": 1911.0,
    "Champ at 11": 2562.0,
    "Champ at 12": 2562.0,
    "Champ at 13": 2562.0,
    "Champ at 14": 2562.0,
    "Champ at 15": 2935.0,
    "Champ at 16": 2935.0,
    "Champ at 17": 2935.0,
    "Champ at 18": 2935.0,
    "Champ at 19": 3895.0,
    "Champ at 2": 1538.0,
    "Champ at 20": 3895.0,
    "Champ at 21": 3895.0,
    "Champ at 22": 3895.0,
    "Champ at 23": 4925.0,
    "Champ at 24": 4925.0,
    "Champ at 25": 4925.0,
    "Champ at 26": 4925.0,
    "Champ at 27": 5157.0,
    "Champ at 3": 1538.0,
    "Champ at 4": 1538.0,
    "Champ at 5": 1538.0,
    "Champ at 6": 1538.0,
    "Champ at 7": 1911.0,
    "Champ at 8": 1911.0,
    "Champ at 9": 1911.0,
    "ChampFitness": 5157.0,
    "ChampInputs": [
        1.8790000677108765,
        1.8819999694824219,
        1.8819999694824219,
        1.8860000371932983,
        1.8860000371932983,
        1.8889999389648438,
        3.0921988487243652,
        1.8919999599456787,
        1.8949999809265137,
        1.8949999809265137,
        1.8989999294281006,
        0.6570000052452087,
        1.9019999504089355,
        1.90500009059906,
        1.9089999198913574,
        2.937000036239624,
        1.912000060081482,
        1.912000060081482,
        1.9149999618530273,
        1.9149999618530273,
        0.6029999852180481,
        1.9179999828338623,
        1.9179999828338623,
        1.9220000505447388,
        3.2360000610351563,
        1.9220000505447388,
        1.9249999523162842,
        1.9249999523162842,
        1.9279999732971191,
        1.9279999732971191,
        1.930999994277954,
        1.930999994277954,
        3.4860000610351563,
        1.934999942779541,
        1.937999963760376,
        1.937999963760376,
        1.9410001039505005,
        1.944000005722046,
        1.944000005722046,
        1.9480000734329224,
        3.2039999961853027,
        1.9509999752044678,
        1.9539999961853027,
        1.9539999961853027,
        1.9580000638961792,
        1.9609999656677246,
        1.9609999656677246,
        1.9639999866485596,
        1.9670000076293945,
        1.9670000076293945,
        1.9709999561309814,
        1.9709999561309814,
        1.9739999771118164,
        1.9739999771118164,
        1.9739999771118164,
        1.9769999980926514,
        1.9769999980926514,
        1.9800000190734863,
        1.9800000190734863,
        1.9800000190734863,
        1.9840000867843628,
        1.9840000867843628,
        1.9869999885559082,
        1.9869999885559082,
        1.9869999885559082,
        1.9900000095367432,
        1.9900000095367432,
        1.9930000305175781,
        1.9930000305175781,
        1.996999979019165,
        1.996999979019165,
        1.996999979019165,
        2.0,
        2.0,
        2.003000020980835,
        2.003000020980835,
        2.00600004196167,
        2.00600004196167,
        2.00600004196167,
        2.009999990463257,
        2.009999990463257,
        2.013000011444092,
        2.013000011444092,
        2.0160000324249268,
        2.0160000324249268,
        2.0160000324249268,
        2.0199999809265137,
        2.0199999809265137,
        2.0230000019073486,
        2.0230000019073486,
        2.0260000228881836,
        2.0260000228881836,
        2.0260000228881836,
        2.0290000438690186,
        2.0290000438690186,
        2.0329999923706055,
        2.0329999923706055,
        2.0360000133514404,
        2.0360000133514404,
        2.0360000133514404
    ],
    "Generations needed": 27,
    "Population 1": 203.22000122070313,
    "Population 10": 1911.0,
    "Population 11": 1962.8199462890625,
    "Population 12": 2554.14501953125,
    "Population 13": 2562.0,
    "Population 14": 2562.0,
    "Population 15": 2606.68994140625,
    "Population 16": 2928.945068359375,
    "Population 17": 2935.0,
    "Population 18": 2935.0,
    "Population 19": 2976.280029296875,
    "Population 2": 791.9299926757813,
    "Population 20": 3880.590087890625,
    "Population 21": 3895.0,
    "Population 22": 3895.0,
    "Population 23": 4003.35498046875,
    "Population 24": 4913.76513671875,
    "Population 25": 4925.0,
    "Population 26": 4925.0,
    "Population 27": 4982.43017578125,
    "Population 3": 1454.0849609375,
    "Population 4": 1536.72998046875,
    "Population 5": 1538.0,
    "Population 6": 1538.0,
    "Population 7": 1580.675048828125,
    "Population 8": 1906.675048828125,
    "Population 9": 1911.0,
    "start": "today"
}
