{
    "Champ at 1": 887.0,
    "Champ at 10": 1911.0,
    "Champ at 11": 2562.0,
    "Champ at 12": 2562.0,
    "Champ at 13": 2562.0,
    "Champ at 14": 2562.0,
    "Champ at 15": 2935.0,
    "Champ at 16": 2935.0,
    "Champ at 17": 2935.0,
    "Champ at 18": 2935.0,
    "Champ at 19": 3330.0,
    "Champ at 2": 1538.0,
    "Champ at 20": 3330.0,
    "Champ at 21": 3330.0,
    "Champ at 22": 3330.0,
    "Champ at 23": 3959.0,
    "Champ at 24": 3959.0,
    "Champ at 25": 3959.0,
    "Champ at 26": 3959.0,
    "Champ at 27": 4610.0,
    "Champ at 28": 4610.0,
    "Champ at 29": 4610.0,
    "Champ at 3": 1538.0,
    "Champ at 30": 4983.0,
    "Champ at 31": 4983.0,
    "Champ at 32": 4983.0,
    "Champ at 33": 4983.0,
    "Champ at 34": 5167.0,
    "Champ at 4": 1538.0,
    "Champ at 5": 1538.0,
    "Champ at 6": 1538.0,
    "Champ at 7": 1911.0,
    "Champ at 8": 1911.0,
    "Champ at 9": 1911.0,
    "ChampFitness": 5167.0,
    "ChampInputs": [
        1.8880000114440918,
        1.8880000114440918,
        1.8919999599456787,
        1.8919999599456787,
        1.8919999599456787,
        1.8919999599456787,
        1.8949999809265137,
        1.1283615827560425,
        1.8949999809265137,
        1.8980000019073486,
        1.8980000019073486,
        1.8980000019073486,
        2.4730000495910645,
        1.9010000228881836,
        1.9010000228881836,
        3.1130001544952393,
        1.90500009059906,
        1.90500009059906,
        1.90500009059906,
        1.9079999923706055,
        2.430000066757202,
        1.9079999923706055,
        1.9110000133514404,
        3.009999990463257,
        1.9110000133514404,
        1.9149999618530273,
        0.6279999613761902,
        1.9149999618530273,
        1.9179999828338623,
        1.9179999828338623,
        1.9179999828338623,
        1.9179999828338623,
        2.9539999961853027,
        1.9210000038146973,
        1.9210000038146973,
        1.9239999055862427,
        1.9239999055862427,
        2.561999797821045,
        1.9279999732971191,
        1.9279999732971191,
        3.178999900817871,
        1.9279999732971191,
        1.930999994277954,
        1.930999994277954,
        1.930999994277954,
        1.934000015258789,
        1.934000015258789,
        1.934000015258789,
        1.937000036239624,
        1.937000036239624,
        1.937000036239624,
        1.9410001039505005,
        1.9410001039505005,
        1.9410001039505005,
        1.9410001039505005,
        1.944000005722046,
        1.944000005722046,
        1.944000005722046,
        1.9470000267028809,
        1.9470000267028809,
        1.9470000267028809,
        1.9499999284744263,
        1.9499999284744263,
        1.9499999284744263,
        1.9499999284744263,
        1.9539999961853027,
        1.9539999961853027,
        1.9539999961853027,
        1.9570000171661377,
        1.9570000171661377,
        1.9570000171661377,
        1.959999918937683,
        1.959999918937683,
        1.959999918937683,
        1.959999918937683,
        1.9639999866485596,
        1.9639999866485596,
        1.9639999866485596,
        1.9670000076293945,
        1.9670000076293945,
        1.9670000076293945,
        1.9700000286102295,
        1.9700000286102295,
        1.9700000286102295,
        1.9730000495910645,
        1.9730000495910645,
        1.9730000495910645,
        1.9730000495910645,
        1.9769999980926514,
        1.9769999980926514,
        1.9769999980926514,
        1.9800000190734863,
        1.9800000190734863,
        1.9800000190734863,
        1.9830000400543213,
        1.9830000400543213,
        1.9830000400543213,
        1.9859999418258667,
        1.9859999418258667,
        1.9859999418258667
    ],
    "Generations needed": 34,
    "Population 1": 207.5800018310547,
    "Population 10": 1911.0,
    "Population 11": 1949.574951171875,
    "Population 12": 2544.419921875,
    "Population 13": 2562.0,
    "Population 14": 2562.0,
    "Population 15": 2593.0,
    "Population 16": 2924.719970703125,
    "Population 17": 2935.0,
    "Population 18": 2935.0,
    "Population 19": 2940.554931640625,
    "Population 2": 794.6649780273438,
    "Population 20": 3326.050048828125,
    "Population 21": 3330.0,
    "Population 22": 3330.0,
    "Population 23": 3435.340087890625,
    "Population 24": 3945.3701171875,
    "Population 25": 3959.0,
    "Population 26": 3959.0,
    "Population 27": 4006.47509765625,
    "Population 28": 4610.0,
    "Population 29": 4610.0,
    "Population 3": 1495.2249755859375,
    "Population 30": 4644.64013671875,
    "Population 31": 4981.134765625,
    "Population 32": 4983.0,
    "Population 33": 4983.0,
    "Population 34": 4988.40478515625,
    "Population 4": 1536.7049560546875,
    "Population 5": 1538.0,
    "Population 6": 1538.0,
    "Population 7": 1573.6199951171875,
    "Population 8": 1897.3599853515625,
    "Population 9": 1911.0,
    "start": "today"
}
