{
    "Champ at 1": 829.0,
    "Champ at 10": 1911.0,
    "Champ at 11": 2562.0,
    "Champ at 12": 2562.0,
    "Champ at 13": 2562.0,
    "Champ at 14": 2562.0,
    "Champ at 15": 2935.0,
    "Champ at 16": 2935.0,
    "Champ at 17": 2935.0,
    "Champ at 18": 2935.0,
    "Champ at 19": 2935.0,
    "Champ at 2": 1271.0,
    "Champ at 20": 3586.0,
    "Champ at 21": 3586.0,
    "Champ at 22": 3586.0,
    "Champ at 23": 3586.0,
    "Champ at 24": 3959.0,
    "Champ at 25": 3959.0,
    "Champ at 26": 3959.0,
    "Champ at 27": 3959.0,
    "Champ at 28": 4610.0,
    "Champ at 29": 4610.0,
    "Champ at 3": 1538.0,
    "Champ at 30": 4610.0,
    "Champ at 31": 4610.0,
    "Champ at 32": 4983.0,
    "Champ at 33": 4983.0,
    "Champ at 34": 4983.0,
    "Champ at 35": 5167.0,
    "Champ at 4": 1538.0,
    "Champ at 5": 1538.0,
    "Champ at 6": 1538.0,
    "Champ at 7": 1911.0,
    "Champ at 8": 1911.0,
    "Champ at 9": 1911.0,
    "ChampFitness": 5167.0,
    "ChampInputs": [
        1.8639999628067017,
        1.8639999628067017,
        1.8639999628067017,
        1.8639999628067017,
        1.8669999837875366,
        1.8669999837875366,
        2.955709457397461,
        2.2640864849090576,
        1.8709999322891235,
        1.8709999322891235,
        1.8739999532699585,
        2.561999797821045,
        1.8739999532699585,
        1.877000093460083,
        3.1439998149871826,
        1.877000093460083,
        1.877000093460083,
        1.8809999227523804,
        1.8809999227523804,
        2.4819998741149902,
        1.8840000629425049,
        1.8840000629425049,
        3.120000123977661,
        1.8870000839233398,
        1.8870000839233398,
        1.8870000839233398,
        1.8870000839233398,
        0.7020000219345093,
        1.8899999856948853,
        1.8899999856948853,
        1.8940000534057617,
        3.059000015258789,
        1.8940000534057617,
        1.8970000743865967,
        1.8970000743865967,
        1.8970000743865967,
        2.5369999408721924,
        1.899999976158142,
        1.899999976158142,
        3.240999937057495,
        1.902999997138977,
        1.902999997138977,
        1.902999997138977,
        1.906999945640564,
        1.906999945640564,
        1.906999945640564,
        1.909999966621399,
        1.909999966621399,
        1.909999966621399,
        1.909999966621399,
        1.9130001068115234,
        1.9130001068115234,
        1.9130001068115234,
        1.9159998893737793,
        1.9159998893737793,
        1.9159998893737793,
        1.9200000762939453,
        1.9200000762939453,
        1.9200000762939453,
        1.9230000972747803,
        1.9230000972747803,
        1.9230000972747803,
        1.9230000972747803,
        1.9259999990463257,
        1.9259999990463257,
        1.9259999990463257,
        1.9300000667572021,
        1.9300000667572021,
        1.9300000667572021,
        1.9329999685287476,
        1.9329999685287476,
        1.9329999685287476,
        1.9329999685287476,
        1.9359999895095825,
        1.9359999895095825,
        1.9359999895095825,
        1.9390000104904175,
        1.9390000104904175,
        1.9390000104904175,
        1.9429999589920044,
        1.9429999589920044,
        1.9429999589920044,
        1.9429999589920044,
        1.9459999799728394,
        1.9459999799728394,
        1.9459999799728394,
        1.9490001201629639,
        1.9490001201629639,
        1.9490001201629639,
        1.9519999027252197,
        1.9519999027252197,
        1.9519999027252197,
        1.9560000896453857,
        1.9560000896453857,
        1.9560000896453857,
        1.9560000896453857,
        1.9589998722076416,
        1.9589998722076416,
        1.9589998722076416,
        1.9620000123977661
    ],
    "Generations needed": 35,
    "Population 1": 211.90499877929688,
    "Population 10": 1911.0,
    "Population 11": 1956.72998046875,
    "Population 12": 2555.489990234375,
    "Population 13": 2562.0,
    "Population 14": 2562.0,
    "Population 15": 2608.56005859375,
    "Population 16": 2921.705078125,
    "Population 17": 2933.135009765625,
    "Population 18": 2935.0,
    "Population 19": 2935.0,
    "Population 2": 772.9650268554688,
    "Population 20": 2957.7548828125,
    "Population 21": 3582.7451171875,
    "Population 22": 3586.0,
    "Population 23": 3586.0,
    "Population 24": 3634.465087890625,
    "Population 25": 3951.965087890625,
    "Population 26": 3959.0,
    "Population 27": 3959.0,
    "Population 28": 3989.905029296875,
    "Population 29": 4602.1201171875,
    "Population 3": 1251.2550048828125,
    "Population 30": 4610.0,
    "Population 31": 4610.0,
    "Population 32": 4642.4150390625,
    "Population 33": 4983.0,
    "Population 34": 4983.0,
    "Population 35": 4987.2099609375,
    "Population 4": 1515.6400146484375,
    "Population 5": 1538.0,
    "Population 6": 1538.0,
    "Population 7": 1577.010009765625,
    "Population 8": 1902.1650390625,
    "Population 9": 1911.0,
    "start": "today"
}
