{
    "Champ at 1": 826.0,
    "Champ at 10": 1538.0,
    "Champ at 11": 1911.0,
    "Champ at 12": 1911.0,
    "Champ at 13": 1911.0,
    "Champ at 14": 1911.0,
    "Champ at 15": 2562.0,
    "Champ at 16": 2562.0,
    "Champ at 17": 2562.0,
    "Champ at 18": 2562.0,
    "Champ at 19": 2935.0,
    "Champ at 2": 1253.0,
    "Champ at 20": 2935.0,
    "Champ at 21": 2935.0,
    "Champ at 22": 3586.0,
    "Champ at 23": 3586.0,
    "Champ at 24": 3586.0,
    "Champ at 25": 3586.0,
    "Champ at 26": 3959.0,
    "Champ at 27": 3959.0,
    "Champ at 28": 3959.0,
    "Champ at 29": 4610.0,
    "Champ at 3": 1262.0,
    "Champ at 30": 4610.0,
    "Champ at 31": 4610.0,
    "Champ at 32": 4610.0,
    "Champ at 33": 4983.0,
    "Champ at 34": 4983.0,
    "Champ at 35": 4983.0,
    "Champ at 36": 4983.0,
    "Champ at 37": 5168.0,
    "Champ at 4": 1271.0,
    "Champ at 5": 1276.0,
    "Champ at 6": 1282.0,
    "Champ at 7": 1538.0,
    "Champ at 8": 1538.0,
    "Champ at 9": 1538.0,
    "ChampFitness": 5168.0,
    "ChampInputs": [
        1.8550000190734863,
        1.8550000190734863,
        1.8580000400543213,
        1.8580000400543213,
        1.8580000400543213,
        1.8610000610351563,
        3.302523374557495,
        1.8650000095367432,
        1.8650000095367432,
        1.8650000095367432,
        1.8680000305175781,
        2.5940001010894775,
        1.8709999322891235,
        1.8709999322891235,
        3.292999744415283,
        1.8739999532699585,
        1.8739999532699585,
        1.878000020980835,
        1.878000020980835,
        0.6769999861717224,
        1.8809999227523804,
        1.8809999227523804,
        1.8809999227523804,
        3.010999917984009,
        1.8840000629425049,
        1.8870000839233398,
        1.8870000839233398,
        1.8870000839233398,
        2.562999963760376,
        1.8910000324249268,
        1.8940000534057617,
        3.2699999809265137,
        1.8940000534057617,
        1.8970000743865967,
        1.8970000743865967,
        1.899999976158142,
        0.39000001549720764,
        1.899999976158142,
        1.9040000438690186,
        1.9040000438690186,
        3.3000001907348633,
        1.906999945640564,
        1.906999945640564,
        1.909999966621399,
        1.909999966621399,
        1.909999966621399,
        1.9130001068115234,
        1.9130001068115234,
        1.9169999361038208,
        1.9169999361038208,
        1.9169999361038208,
        1.9200000762939453,
        1.9200000762939453,
        1.9230000972747803,
        1.9230000972747803,
        1.9230000972747803,
        1.9270000457763672,
        1.9270000457763672,
        1.9300000667572021,
        1.9300000667572021,
        1.9300000667572021,
        1.9329999685287476,
        1.9329999685287476,
        1.9359999895095825,
        1.9359999895095825,
        1.9359999895095825,
        1.940000057220459,
        1.940000057220459,
        1.940000057220459,
        1.9429999589920044,
        1.9429999589920044,
        1.9459999799728394,
        1.9459999799728394,
        1.9459999799728394,
        1.9490001201629639,
        1.9490001201629639,
        1.9529999494552612,
        1.9529999494552612,
        1.9529999494552612,
        1.9560000896453857,
        1.9560000896453857,
        1.9589998722076416,
        1.9589998722076416,
        1.9589998722076416,
        1.9620000123977661,
        1.9620000123977661,
        1.9660000801086426,
        1.9660000801086426,
        1.9660000801086426,
        1.968999981880188,
        1.968999981880188,
        1.968999981880188,
        1.972000002861023,
        1.972000002861023,
        1.9760000705718994,
        1.9760000705718994,
        1.9760000705718994,
        1.9789999723434448,
        1.9789999723434448,
        1.9819999933242798
    ],
    "Generations needed": 37,
    "Population 1": 207.10000610351563,
    "Population 10": 1538.0,
    "Population 11": 1564.2099609375,
    "Population 12": 1896.300048828125,
    "Population 13": 1911.0,
    "Population 14": 1911.0,
    "Population 15": 1939.3349609375,
    "Population 16": 2531.6201171875,
    "Population 17": 2562.0,
    "Population 18": 2562.0,
    "Population 19": 2611.4150390625,
    "Population 2": 751.030029296875,
    "Population 20": 2933.135009765625,
    "Population 21": 2933.135009765625,
    "Population 22": 2982.445068359375,
    "Population 23": 3575.93505859375,
    "Population 24": 3586.0,
    "Population 25": 3586.0,
    "Population 26": 3613.4951171875,
    "Population 27": 3959.0,
    "Population 28": 3959.0,
    "Population 29": 3982.2548828125,
    "Population 3": 1224.5899658203125,
    "Population 30": 4606.7451171875,
    "Population 31": 4610.0,
    "Population 32": 4610.0,
    "Population 33": 4649.3701171875,
    "Population 34": 4979.69482421875,
    "Population 35": 4983.0,
    "Population 36": 4983.0,
    "Population 37": 4987.41015625,
    "Population 4": 1262.0450439453125,
    "Population 5": 1270.949951171875,
    "Population 6": 1276.06005859375,
    "Population 7": 1284.5,
    "Population 8": 1535.4599609375,
    "Population 9": 1538.0,
    "start": "today"
}
