{
    "Champ at 1": 826.0,
    "Champ at 10": 1911.0,
    "Champ at 11": 2308.0,
    "Champ at 12": 2308.0,
    "Champ at 13": 2308.0,
    "Champ at 14": 2308.0,
    "Champ at 15": 2935.0,
    "Champ at 16": 2935.0,
    "Champ at 17": 2935.0,
    "Champ at 18": 2935.0,
    "Champ at 19": 2935.0,
    "Champ at 2": 1538.0,
    "Champ at 20": 3586.0,
    "Champ at 21": 3586.0,
    "Champ at 22": 3586.0,
    "Champ at 23": 3586.0,
    "Champ at 24": 3959.0,
    "Champ at 25": 3959.0,
    "Champ at 26": 3959.0,
    "Champ at 27": 3959.0,
    "Champ at 28": 4610.0,
    "Champ at 29": 4610.0,
    "Champ at 3": 1538.0,
    "Champ at 30": 4610.0,
    "Champ at 31": 4610.0,
    "Champ at 32": 4983.0,
    "Champ at 33": 4983.0,
    "Champ at 34": 4983.0,
    "Champ at 35": 4983.0,
    "Champ at 36": 5163.0,
    "Champ at 4": 1538.0,
    "Champ at 5": 1538.0,
    "Champ at 6": 1911.0,
    "Champ at 7": 1911.0,
    "Champ at 8": 1911.0,
    "Champ at 9": 1911.0,
    "ChampFitness": 5163.0,
    "ChampInputs": [
        1.8559999465942383,
        1.8559999465942383,
        1.8600000143051147,
        1.8600000143051147,
        1.8600000143051147,
        1.8629999160766602,
        3.390604019165039,
        1.8629999160766602,
        1.8629999160766602,
        1.8659999370574951,
        1.8659999370574951,
        2.630000114440918,
        1.8690000772476196,
        1.8690000772476196,
        3.010999917984009,
        1.872999906539917,
        1.872999906539917,
        0.8330000042915344,
        1.8760000467300415,
        1.8760000467300415,
        1.8760000467300415,
        1.8760000467300415,
        1.8790000677108765,
        3.1069998741149902,
        1.8790000677108765,
        1.8819999694824219,
        1.8819999694824219,
        1.8819999694824219,
        2.5940001010894775,
        1.8860000371932983,
        1.8860000371932983,
        3.1029999256134033,
        1.8889999389648438,
        1.8889999389648438,
        1.8889999389648438,
        1.8919999599456787,
        0.6019999980926514,
        1.8919999599456787,
        1.8960000276565552,
        1.8960000276565552,
        3.2309999465942383,
        1.8989999294281006,
        1.8989999294281006,
        1.8989999294281006,
        1.8989999294281006,
        1.9019999504089355,
        1.9019999504089355,
        1.9019999504089355,
        1.90500009059906,
        1.90500009059906,
        1.90500009059906,
        1.9089999198913574,
        1.9089999198913574,
        1.9089999198913574,
        1.912000060081482,
        1.912000060081482,
        1.912000060081482,
        1.9149999618530273,
        1.9149999618530273,
        1.9149999618530273,
        1.9149999618530273,
        1.9179999828338623,
        1.9179999828338623,
        1.9179999828338623,
        1.9220000505447388,
        1.9220000505447388,
        1.9220000505447388,
        1.9249999523162842,
        1.9249999523162842,
        1.9249999523162842,
        1.9249999523162842,
        1.9279999732971191,
        1.9279999732971191,
        1.9279999732971191,
        1.930999994277954,
        1.930999994277954,
        1.930999994277954,
        1.934999942779541,
        1.934999942779541,
        1.934999942779541,
        1.937999963760376,
        1.937999963760376,
        1.937999963760376,
        1.937999963760376,
        1.9410001039505005,
        1.9410001039505005,
        1.9410001039505005,
        1.944000005722046,
        1.944000005722046,
        1.944000005722046,
        1.9480000734329224,
        1.9480000734329224,
        1.9480000734329224,
        1.9509999752044678,
        1.9509999752044678,
        1.9509999752044678,
        1.9539999961853027,
        1.9539999961853027,
        1.9539999961853027,
        1.9539999961853027
    ],
    "Generations needed": 36,
    "Population 1": 204.4499969482422,
    "Population 10": 1911.0,
    "Population 11": 1958.175048828125,
    "Population 12": 2292.885009765625,
    "Population 13": 2308.0,
    "Population 14": 2308.0,
    "Population 15": 2413.570068359375,
    "Population 16": 2928.72509765625,
    "Population 17": 2931.784912109375,
    "Population 18": 2935.0,
    "Population 19": 2935.0,
    "Population 2": 758.010009765625,
    "Population 20": 2979.195068359375,
    "Population 21": 3574.155029296875,
    "Population 22": 3586.0,
    "Population 23": 3586.0,
    "Population 24": 3616.614990234375,
    "Population 25": 3953.31005859375,
    "Population 26": 3959.0,
    "Population 27": 3959.0,
    "Population 28": 3983.9599609375,
    "Population 29": 4587.85986328125,
    "Population 3": 1506.324951171875,
    "Population 30": 4610.0,
    "Population 31": 4610.0,
    "Population 32": 4645.3349609375,
    "Population 33": 4975.89501953125,
    "Population 34": 4983.0,
    "Population 35": 4983.0,
    "Population 36": 4988.8349609375,
    "Population 4": 1538.0,
    "Population 5": 1538.0,
    "Population 6": 1583.7550048828125,
    "Population 7": 1899.3050537109375,
    "Population 8": 1909.56005859375,
    "Population 9": 1911.0,
    "start": "today"
}
