{
    "Champ at 1": 887.0,
    "Champ at 10": 2866.0,
    "Champ at 11": 2866.0,
    "Champ at 12": 2866.0,
    "Champ at 13": 2866.0,
    "Champ at 14": 3894.0,
    "Champ at 15": 3894.0,
    "Champ at 16": 3894.0,
    "Champ at 17": 3894.0,
    "Champ at 18": 4610.0,
    "Champ at 19": 4610.0,
    "Champ at 2": 1538.0,
    "Champ at 20": 4610.0,
    "Champ at 21": 4610.0,
    "Champ at 22": 4983.0,
    "Champ at 23": 4983.0,
    "Champ at 24": 4983.0,
    "Champ at 25": 4983.0,
    "Champ at 26": 5170.0,
    "Champ at 3": 1538.0,
    "Champ at 4": 1538.0,
    "Champ at 5": 1538.0,
    "Champ at 6": 1911.0,
    "Champ at 7": 1911.0,
    "Champ at 8": 1911.0,
    "Champ at 9": 1911.0,
    "ChampFitness": 5170.0,
    "ChampInputs": [
        1.8949999809265137,
        1.8949999809265137,
        1.8989999294281006,
        1.8989999294281006,
        1.8989999294281006,
        1.9019999504089355,
        3.041836738586426,
        1.9019999504089355,
        1.90500009059906,
        1.90500009059906,
        1.90500009059906,
        0.5099999904632568,
        1.9079999923706055,
        1.9079999923706055,
        1.912000060081482,
        3.2820000648498535,
        1.912000060081482,
        1.912000060081482,
        1.9149999618530273,
        1.9149999618530273,
        1.9149999618530273,
        1.9179999828338623,
        1.9179999828338623,
        3.5870001316070557,
        1.9210000038146973,
        1.9210000038146973,
        1.9210000038146973,
        1.9249999523162842,
        1.9249999523162842,
        1.9249999523162842,
        1.9279999732971191,
        3.3360002040863037,
        1.9279999732971191,
        1.930999994277954,
        1.930999994277954,
        1.930999994277954,
        0.37400001287460327,
        1.934000015258789,
        1.934000015258789,
        1.934000015258789,
        3.2990000247955322,
        1.937999963760376,
        1.937999963760376,
        1.9410001039505005,
        1.9410001039505005,
        1.9410001039505005,
        1.944000005722046,
        1.944000005722046,
        1.944000005722046,
        1.9480000734329224,
        1.9480000734329224,
        1.9480000734329224,
        1.9480000734329224,
        1.9509999752044678,
        1.9509999752044678,
        1.9509999752044678,
        1.9539999961853027,
        1.9539999961853027,
        1.9539999961853027,
        1.9570000171661377,
        1.9570000171661377,
        1.9570000171661377,
        1.9609999656677246,
        1.9609999656677246,
        1.9609999656677246,
        1.9639999866485596,
        1.9639999866485596,
        1.9639999866485596,
        1.9639999866485596,
        1.9670000076293945,
        1.9670000076293945,
        1.9670000076293945,
        1.9700000286102295,
        1.9700000286102295,
        1.9700000286102295,
        1.9739999771118164,
        1.9739999771118164,
        1.9739999771118164,
        1.9769999980926514,
        1.9769999980926514,
        1.9769999980926514,
        1.9769999980926514,
        1.9800000190734863,
        1.9800000190734863,
        1.9800000190734863,
        1.9830000400543213,
        1.9830000400543213,
        1.9830000400543213,
        1.9869999885559082,
        1.9869999885559082,
        1.9869999885559082,
        1.9900000095367432,
        1.9900000095367432,
        1.9900000095367432,
        1.9930000305175781,
        1.9930000305175781,
        1.9930000305175781,
        1.996999979019165,
        1.996999979019165,
        1.996999979019165
    ],
    "Generations needed": 26,
    "Population 1": 207.14999389648438,
    "Population 10": 1967.3800048828125,
    "Population 11": 2851.25,
    "Population 12": 2866.0,
    "Population 13": 2866.0,
    "Population 14": 2959.800048828125,
    "Population 15": 3884.409912109375,
    "Population 16": 3894.0,
    "Population 17": 3894.0,
    "Population 18": 3964.68994140625,
    "Population 19": 4603.490234375,
    "Population 2": 770.9199829101563,
    "Population 20": 4610.0,
    "Population 21": 4610.0,
    "Population 22": 4648.40478515625,
    "Population 23": 4979.8349609375,
    "Population 24": 4983.0,
    "Population 25": 4983.0,
    "Population 26": 4994.98486328125,
    "Population 3": 1495.114990234375,
    "Population 4": 1538.0,
    "Population 5": 1538.0,
    "Population 6": 1603.135009765625,
    "Population 7": 1908.1500244140625,
    "Population 8": 1911.0,
    "Population 9": 1911.0,
    "start": "today"
}
