{
    "Champ at 1": 887.0,
    "Champ at 10": 2562.0,
    "Champ at 11": 2862.0,
    "Champ at 12": 2862.0,
    "Champ at 13": 2862.0,
    "Champ at 14": 2862.0,
    "Champ at 15": 3891.0,
    "Champ at 16": 3891.0,
    "Champ at 17": 3891.0,
    "Champ at 18": 3891.0,
    "Champ at 19": 4610.0,
    "Champ at 2": 1538.0,
    "Champ at 20": 4610.0,
    "Champ at 21": 4610.0,
    "Champ at 22": 4610.0,
    "Champ at 23": 4983.0,
    "Champ at 24": 4983.0,
    "Champ at 25": 4983.0,
    "Champ at 26": 4983.0,
    "Champ at 27": 5161.0,
    "Champ at 3": 1538.0,
    "Champ at 4": 1538.0,
    "Champ at 5": 1538.0,
    "Champ at 6": 1911.0,
    "Champ at 7": 1911.0,
    "Champ at 8": 1911.0,
    "Champ at 9": 1911.0,
    "ChampFitness": 5161.0,
    "ChampInputs": [
        1.8690000772476196,
        1.871999979019165,
        1.8760000467300415,
        1.8790000677108765,
        1.8790000677108765,
        1.8819999694824219,
        3.083683967590332,
        1.8860000371932983,
        1.8889999389648438,
        1.8889999389648438,
        1.8919999599456787,
        0.6920000314712524,
        1.8949999809265137,
        1.8949999809265137,
        1.8989999294281006,
        3.2591567039489746,
        1.9019999504089355,
        1.9019999504089355,
        1.90500009059906,
        1.90500009059906,
        1.90500009059906,
        1.9079999923706055,
        1.9079999923706055,
        3.6549999713897705,
        1.912000060081482,
        1.9149999618530273,
        1.9149999618530273,
        1.9149999618530273,
        1.9179999828338623,
        1.9179999828338623,
        1.9210000038146973,
        3.319999933242798,
        1.9249999523162842,
        1.9249999523162842,
        1.9279999732971191,
        1.9279999732971191,
        0.4269999861717224,
        1.934000015258789,
        1.934000015258789,
        1.937999963760376,
        3.1649999618530273,
        1.9410001039505005,
        1.944000005722046,
        1.9480000734329224,
        1.9480000734329224,
        1.9509999752044678,
        1.9509999752044678,
        1.9509999752044678,
        1.9539999961853027,
        1.9570000171661377,
        1.9570000171661377,
        1.9570000171661377,
        1.9609999656677246,
        1.9609999656677246,
        1.9639999866485596,
        1.9639999866485596,
        1.9639999866485596,
        1.9670000076293945,
        1.9670000076293945,
        1.9700000286102295,
        1.9700000286102295,
        1.9700000286102295,
        1.9739999771118164,
        1.9739999771118164,
        1.9769999980926514,
        1.9769999980926514,
        1.9769999980926514,
        1.9800000190734863,
        1.9800000190734863,
        1.9830000400543213,
        1.9830000400543213,
        1.9869999885559082,
        1.9869999885559082,
        1.9900000095367432,
        1.9900000095367432,
        1.9900000095367432,
        1.9930000305175781,
        1.9930000305175781,
        1.996999979019165,
        1.996999979019165,
        2.0,
        2.0,
        2.003000020980835,
        2.003000020980835,
        2.00600004196167,
        2.00600004196167,
        2.009999990463257,
        2.009999990463257,
        2.013000011444092,
        2.013000011444092,
        2.0160000324249268,
        2.0160000324249268,
        2.0190000534057617,
        2.0190000534057617,
        2.0190000534057617,
        2.0230000019073486,
        2.0230000019073486,
        2.0260000228881836,
        2.0260000228881836,
        2.0290000438690186
    ],
    "Generations needed": 27,
    "Population 1": 206.92999267578125,
    "Population 10": 1945.5,
    "Population 11": 2545.89990234375,
    "Population 12": 2854.2451171875,
    "Population 13": 2862.0,
    "Population 14": 2862.0,
    "Population 15": 2956.5048828125,
    "Population 16": 3876.14501953125,
    "Population 17": 3891.0,
    "Population 18": 3891.0,
    "Population 19": 3962.4599609375,
    "Population 2": 801.239990234375,
    "Population 20": 4594.2900390625,
    "Population 21": 4610.0,
    "Population 22": 4610.0,
    "Population 23": 4647.72021484375,
    "Population 24": 4981.56005859375,
    "Population 25": 4983.0,
    "Population 26": 4983.0,
    "Population 27": 4984.18017578125,
    "Population 3": 1492.0899658203125,
    "Population 4": 1538.0,
    "Population 5": 1538.0,
    "Population 6": 1571.574951171875,
    "Population 7": 1905.469970703125,
    "Population 8": 1911.0,
    "Population 9": 1911.0,
    "start": "today"
}
