{
    "Champ at 1": 887.0,
    "Champ at 10": 2562.0,
    "Champ at 11": 2562.0,
    "Champ at 12": 2562.0,
    "Champ at 13": 2562.0,
    "Champ at 14": 2562.0,
    "Champ at 15": 2935.0,
    "Champ at 16": 2935.0,
    "Champ at 17": 2935.0,
    "Champ at 18": 2935.0,
    "Champ at 19": 2935.0,
    "Champ at 2": 1538.0,
    "Champ at 20": 3895.0,
    "Champ at 21": 3895.0,
    "Champ at 22": 3895.0,
    "Champ at 23": 3895.0,
    "Champ at 24": 4922.0,
    "Champ at 25": 4922.0,
    "Champ at 26": 4922.0,
    "Champ at 27": 4922.0,
    "Champ at 28": 5168.0,
    "Champ at 3": 1538.0,
    "Champ at 4": 1538.0,
    "Champ at 5": 1538.0,
    "Champ at 6": 1911.0,
    "Champ at 7": 1911.0,
    "Champ at 8": 1911.0,
    "Champ at 9": 1911.0,
    "ChampFitness": 5168.0,
    "ChampInputs": [
        1.8860000371932983,
        1.8889999389648438,
        1.8889999389648438,
        1.8930000066757202,
        1.8930000066757202,
        1.8930000066757202,
        1.8960000276565552,
        1.1148713827133179,
        1.8989999294281006,
        1.8989999294281006,
        1.8989999294281006,
        1.9019999504089355,
        2.4600000381469727,
        1.9059998989105225,
        1.9059998989105225,
        3.2039999961853027,
        1.9089999198913574,
        1.9089999198913574,
        1.912000060081482,
        1.912000060081482,
        0.4010000228881836,
        1.9149999618530273,
        1.9149999618530273,
        1.9190000295639038,
        3.3489999771118164,
        1.9220000505447388,
        1.9220000505447388,
        1.9249999523162842,
        1.9249999523162842,
        1.9249999523162842,
        1.9279999732971191,
        1.9279999732971191,
        3.4660000801086426,
        1.9320000410079956,
        1.934999942779541,
        1.934999942779541,
        1.934999942779541,
        1.937999963760376,
        1.937999963760376,
        1.941999912261963,
        3.4539999961853027,
        1.9449999332427979,
        1.9449999332427979,
        1.9480000734329224,
        1.9480000734329224,
        1.9509999752044678,
        1.9550000429153442,
        1.9550000429153442,
        1.9580000638961792,
        1.9580000638961792,
        1.9609999656677246,
        1.9609999656677246,
        1.9639999866485596,
        1.9639999866485596,
        1.9679999351501465,
        1.9679999351501465,
        1.9709999561309814,
        1.9709999561309814,
        1.9739999771118164,
        1.9739999771118164,
        1.9769999980926514,
        1.9769999980926514,
        1.9809999465942383,
        1.9809999465942383,
        1.9840000867843628,
        1.9840000867843628,
        1.9869999885559082,
        1.9869999885559082,
        1.9910000562667847,
        1.9910000562667847,
        1.99399995803833,
        1.99399995803833,
        1.996999979019165,
        1.996999979019165,
        2.0,
        2.0,
        2.003999948501587,
        2.003999948501587,
        2.006999969482422,
        2.006999969482422,
        2.009999990463257,
        2.009999990463257,
        2.013000011444092,
        2.013000011444092,
        2.013000011444092,
        2.0169999599456787,
        2.0169999599456787,
        2.0199999809265137,
        2.0199999809265137,
        2.0230000019073486,
        2.0230000019073486,
        2.0260000228881836,
        2.0260000228881836,
        2.0299999713897705,
        2.0299999713897705,
        2.0299999713897705,
        2.0329999923706055,
        2.0329999923706055,
        2.0360000133514404,
        2.0360000133514404
    ],
    "Generations needed": 28,
    "Population 1": 212.3300018310547,
    "Population 10": 1949.094970703125,
    "Population 11": 2547.6298828125,
    "Population 12": 2558.7451171875,
    "Population 13": 2562.0,
    "Population 14": 2562.0,
    "Population 15": 2601.89501953125,
    "Population 16": 2925.675048828125,
    "Population 17": 2933.135009765625,
    "Population 18": 2935.0,
    "Population 19": 2935.0,
    "Population 2": 804.5599975585938,
    "Population 20": 2975.340087890625,
    "Population 21": 3885.375,
    "Population 22": 3895.0,
    "Population 23": 3895.0,
    "Population 24": 4005.985107421875,
    "Population 25": 4907.240234375,
    "Population 26": 4922.0,
    "Population 27": 4922.0,
    "Population 28": 4976.60498046875,
    "Population 3": 1508.9100341796875,
    "Population 4": 1538.0,
    "Population 5": 1538.0,
    "Population 6": 1586.35498046875,
    "Population 7": 1902.8349609375,
    "Population 8": 1911.0,
    "Population 9": 1911.0,
    "start": "today"
}
