{
    "Champ at 1": 733.0,
    "Champ at 10": 1278.0,
    "Champ at 11": 1911.0,
    "Champ at 12": 1911.0,
    "Champ at 13": 1911.0,
    "Champ at 14": 1911.0,
    "Champ at 15": 1911.0,
    "Champ at 16": 2308.0,
    "Champ at 17": 2308.0,
    "Champ at 18": 2308.0,
    "Champ at 19": 2308.0,
    "Champ at 2": 831.0,
    "Champ at 20": 2935.0,
    "Champ at 21": 2935.0,
    "Champ at 22": 2935.0,
    "Champ at 23": 2935.0,
    "Champ at 24": 3333.0,
    "Champ at 25": 3333.0,
    "Champ at 26": 3333.0,
    "Champ at 27": 3333.0,
    "Champ at 28": 3959.0,
    "Champ at 29": 3959.0,
    "Champ at 3": 887.0,
    "Champ at 30": 3959.0,
    "Champ at 31": 3959.0,
    "Champ at 32": 4356.0,
    "Champ at 33": 4356.0,
    "Champ at 34": 4356.0,
    "Champ at 35": 4356.0,
    "Champ at 36": 4983.0,
    "Champ at 37": 4983.0,
    "Champ at 38": 4983.0,
    "Champ at 39": 4983.0,
    "Champ at 4": 887.0,
    "Champ at 40": 5164.0,
    "Champ at 5": 887.0,
    "Champ at 6": 887.0,
    "Champ at 7": 1278.0,
    "Champ at 8": 1278.0,
    "Champ at 9": 1278.0,
    "ChampFitness": 5164.0,
    "ChampInputs": [
        -0.2193692922592163,
        0.44818246364593506,
        1.8000000715255737,
        1.812999963760376,
        1.812999963760376,
        1.815999984741211,
        1.815999984741211,
        1.815999984741211,
        3.0920000076293945,
        1.8199999332427979,
        1.8229999542236328,
        1.125999927520752,
        1.8229999542236328,
        1.8260000944137573,
        1.8260000944137573,
        1.8260000944137573,
        1.8289999961853027,
        3.18500018119812,
        1.8289999961853027,
        1.8330000638961792,
        2.754000186920166,
        1.8330000638961792,
        1.8359999656677246,
        1.8359999656677246,
        1.8359999656677246,
        3.2159998416900635,
        1.8389999866485596,
        1.8420000076293945,
        0.925000011920929,
        1.8420000076293945,
        1.8459999561309814,
        1.8459999561309814,
        1.8459999561309814,
        1.8489999771118164,
        3.11899995803833,
        1.8489999771118164,
        1.8519999980926514,
        0.8410000205039978,
        1.8519999980926514,
        1.8559999465942383,
        1.8559999465942383,
        1.8559999465942383,
        1.8589999675750732,
        3.2820000648498535,
        1.8619999885559082,
        1.8619999885559082,
        1.8619999885559082,
        1.8650000095367432,
        1.8650000095367432,
        1.8650000095367432,
        1.8690000772476196,
        1.8690000772476196,
        1.8690000772476196,
        1.871999979019165,
        1.871999979019165,
        1.871999979019165,
        1.875,
        1.875,
        1.875,
        1.878000020980835,
        1.878000020980835,
        1.878000020980835,
        1.8819999694824219,
        1.8819999694824219,
        1.8819999694824219,
        1.8849999904632568,
        1.8849999904632568,
        1.8880000114440918,
        1.8880000114440918,
        1.8880000114440918,
        1.8910000324249268,
        1.8910000324249268,
        1.8910000324249268,
        1.8949999809265137,
        1.8949999809265137,
        1.8949999809265137,
        1.8980000019073486,
        1.8980000019073486,
        1.8980000019073486,
        1.9010000228881836,
        1.9010000228881836,
        1.9010000228881836,
        1.9040000438690186,
        1.9040000438690186,
        1.9040000438690186,
        1.9079999923706055,
        1.9079999923706055,
        1.9079999923706055,
        1.9110000133514404,
        1.9110000133514404,
        1.9140000343322754,
        1.9140000343322754,
        1.9140000343322754,
        1.9179999828338623,
        1.9179999828338623,
        1.9179999828338623,
        1.9210000038146973,
        1.9210000038146973,
        1.9210000038146973,
        1.9239999055862427
    ],
    "Generations needed": 40,
    "Population 1": 199.69000244140625,
    "Population 10": 1278.0,
    "Population 11": 1380.43505859375,
    "Population 12": 1907.199951171875,
    "Population 13": 1907.8399658203125,
    "Population 14": 1911.0,
    "Population 15": 1911.0,
    "Population 16": 1944.385009765625,
    "Population 17": 2295.5400390625,
    "Population 18": 2307.9951171875,
    "Population 19": 2308.0,
    "Population 2": 677.77001953125,
    "Population 20": 2454.030029296875,
    "Population 21": 2933.68505859375,
    "Population 22": 2935.0,
    "Population 23": 2935.0,
    "Population 24": 2958.219970703125,
    "Population 25": 3330.590087890625,
    "Population 26": 3333.0,
    "Population 27": 3333.0,
    "Population 28": 3455.179931640625,
    "Population 29": 3955.4599609375,
    "Population 3": 812.469970703125,
    "Population 30": 3959.0,
    "Population 31": 3959.0,
    "Population 32": 3987.705078125,
    "Population 33": 4350.044921875,
    "Population 34": 4356.0,
    "Population 35": 4356.0,
    "Population 36": 4460.4248046875,
    "Population 37": 4980.77001953125,
    "Population 38": 4983.0,
    "Population 39": 4983.0,
    "Population 4": 870.6400146484375,
    "Population 40": 4986.5400390625,
    "Population 5": 887.0,
    "Population 6": 887.0,
    "Population 7": 912.9749755859375,
    "Population 8": 1263.0400390625,
    "Population 9": 1278.0,
    "start": "today"
}
